dataset	locus	gene	cell_type	n_snps	qtl_N	gwas_min_p	qtl_min_p	PP_H0	PP_H1	PP_H2	PP_H3	PP_H4	H4_over_H3H4	H4_p12_1e-6	H4ratio_p12_1e-6	H4_p12_1e-4	H4ratio_p12_1e-4	classification	shared_top_variant	shared_top_SNP_PP_H4_conditional
combined	LIF/OSM	MTFP1	CD4_NC	2451	980	7.762e-15	8.614633569025205e-06	2.7649705902535584e-10	0.1315131857252544	1.6835642627629996e-09	0.8007034811068983	0.06778333120778622	0.07804762288460156	0.007218710543686906	0.008394409634180816	0.42100140997583024	0.4584487279601693	UNINFORMATIVE_OR_WEAK_QTL	22:30512478	0.22824960799504354
european	LIF/OSM	MTFP1	CD4_NC	2443	980	1.453e-06	8.614633569025205e-06	0.02761858857971082	0.10423418608933882	0.16815722946094322	0.6345699052197755	0.06542009065023138	0.09345860803185016	0.006951287539920841	0.010204160801349588	0.41176284354331044	0.5076161723651653	UNINFORMATIVE_OR_WEAK_QTL	22:30522459	0.253088295755475
asian	LIF/OSM	MTFP1	CD4_NC	2013	980	1.54e-20	8.614633569025205e-06	8.456717943435756e-16	0.13252083743556575	5.100161299697354e-15	0.7991514772237024	0.0683276853407237	0.07876579437220675	0.007280481114522349	0.008477546019089139	0.42309495984030693	0.4609172931256837	UNINFORMATIVE_OR_WEAK_QTL	22:30512478	0.21976287701281083
combined	LIF/OSM	MTFP1	CD8_ET	2451	980	7.762e-15	2.619876826987906e-10	9.668010379855152e-14	4.598496812810509e-05	2.1023285213585872e-09	0.9999524835332999	1.5293961463744516e-06	1.5294664820574715e-06	1.529398251524669e-07	1.529468587401321e-07	1.529375095191065e-05	1.5294454289378013e-05	FAIL_SUFFICIENT_COVERAGE	22:30512478	0.22563451799208345
european	LIF/OSM	MTFP1	CD8_ET	2443	980	1.453e-06	2.619876826987906e-10	9.414135321201662e-06	3.552950325858491e-05	0.2047108922090152	0.7725683337153688	0.022675830437036	0.02851429970719066	0.0023148245559128306	0.002926533211300121	0.18832456187956864	0.22691109766145084	UNINFORMATIVE_OR_WEAK_QTL	22:30758236	0.06208979221243662
asian	LIF/OSM	MTFP1	CD8_ET	2013	980	1.54e-20	2.619876826987906e-10	2.935890030543293e-19	4.6006808796115266e-05	6.381121732295789e-15	0.9999524639523798	1.5292388177013448e-06	1.5293091763362204e-06	1.5292409224184754e-07	1.5293112812470222e-07	1.5292177708487718e-05	1.5292881275469272e-05	FAIL_SUFFICIENT_COVERAGE	22:30512478	0.21746707174783
combined	LIF/OSM	MTFP1	CD8_S100B	2453	959	7.762e-15	1.4495471823391244e-06	1.0472530747898232e-10	0.0498115924312873	1.989317601022616e-09	0.9461959275214415	0.0039924779532290785	0.004201775069265994	0.00040068755793999574	0.00042177248071152094	0.038539950411270986	0.040486706390717254	UNINFORMATIVE_OR_WEAK_QTL	22:30512478	0.2260448999106077
european	LIF/OSM	MTFP1	CD8_S100B	2445	959	1.453e-06	1.4495471823391244e-06	0.010374377351811232	0.03915483537431475	0.19705900288523462	0.7437277524756299	0.009684031913009867	0.012853571066542354	0.0009769176427670315	0.0013004004169105854	0.08907672270193213	0.11520818170633781	UNINFORMATIVE_OR_WEAK_QTL	22:30522459	0.06621474199778007
asian	LIF/OSM	MTFP1	CD8_S100B	2015	959	1.54e-20	1.4495471823391244e-06	3.191696935465053e-16	0.05001542602667399	6.036686201183882e-15	0.9459737503686957	0.004010823604620784	0.004221988140128938	0.0004025354091306542	0.0004238091996861722	0.03871087367325056	0.04067434209200947	UNINFORMATIVE_OR_WEAK_QTL	22:30512478	0.21762521597408693
combined	LIF/OSM	NIPSNAP1	CD4_NC	2054	980	7.762e-15	9.237001775000472e-06	5.858141877032412e-10	0.2786369241478888	1.4782314650418632e-09	0.7030884053058605	0.018274668482204895	0.025333523639129253	0.0018580261794348839	0.0025924609168412162	0.1569352309525282	0.20629876470084524	UNINFORMATIVE_OR_WEAK_QTL	22:30512478	0.22607368692783397
european	LIF/OSM	NIPSNAP1	CD4_NC	2044	980	1.453e-06	9.237001775000472e-06	0.05564968404253835	0.20897395604146216	0.14038556393014903	0.5271035994046699	0.06788719658118039	0.11409789368035006	0.007230491687637559	0.01271552224245365	0.4214018523192004	0.5629234831884393	UNINFORMATIVE_OR_WEAK_QTL	22:30522459	0.24579064448500643
asian	LIF/OSM	NIPSNAP1	CD4_NC	1703	980	1.54e-20	9.237001775000472e-06	1.7965525819281357e-15	0.28152843011507384	4.4672906357100955e-15	0.7000274839823141	0.01844408590260749	0.02567128147542665	0.001875541981946823	0.0026278422170468076	0.15818299267844163	0.20853302493419623	UNINFORMATIVE_OR_WEAK_QTL	22:30512478	0.21798784807038607
combined	LIF/OSM	OSM	CD4_NC	2612	980	7.762e-15	1.2215440970499534e-09	3.1086509269729227e-13	0.00014786001274594995	2.1021030004317367e-09	0.9998452112683868	6.926616451758108e-06	6.927640787378009e-06	6.926659632241224e-07	6.927683980633497e-07	6.926184676535536e-05	6.927208884444697e-05	FAIL_SUFFICIENT_COVERAGE	22:30512478	0.22494404414260216
european	LIF/OSM	OSM	CD4_NC	2604	980	1.453e-06	1.2215440970499534e-09	3.0129267425271563e-05	0.00011387295582446809	0.2037406563163013	0.7700075750603628	0.02610776640008643	0.032793949620657396	0.002673598148322336	0.0033791284328968775	0.21140407106931908	0.2532066740074449	UNINFORMATIVE_OR_WEAK_QTL	22:30827805	0.062084014987266053
asian	LIF/OSM	OSM	CD4_NC	2152	980	1.54e-20	1.2215440970499534e-09	9.441463400343156e-19	0.00014795227235903192	6.380436755655893e-15	0.9998451194194427	6.928308189403862e-06	6.929333400026391e-06	6.9283513909822e-07	6.929376614391143e-07	6.927876203251014e-05	6.928901286022462e-05	FAIL_SUFFICIENT_COVERAGE	22:30512478	0.21674651823088004
combined	LIF/OSM	OSM	CD8_ET	2612	980	7.762e-15	3.6109603696787126e-06	3.1310400666565957e-10	0.1489249307945719	1.773599992211561e-09	0.8435884127088588	0.0074866544098646185	0.008796702781119358	0.0007537441608274745	0.0008866902335107386	0.07014048589623999	0.08151357183467951	UNINFORMATIVE_OR_WEAK_QTL	22:30512478	0.22612482690730176
european	LIF/OSM	OSM	CD8_ET	2604	980	1.453e-06	3.6109603696787126e-06	0.030532362113995588	0.11539644403393076	0.1729361911540309	0.6535812771090104	0.02755372558903241	0.040452664273439756	0.002825438787418672	0.004198108638756311	0.2207859712890629	0.29655770077134136	UNINFORMATIVE_OR_WEAK_QTL	22:30522459	0.07702565316799981
asian	LIF/OSM	OSM	CD8_ET	2152	980	1.54e-20	3.6109603696787126e-06	1.0435129560467456e-15	0.16352349899232274	5.2854948510018105e-15	0.8282542415014142	0.008222259506254503	0.009829635974650197	0.0008283558114260074	0.0009917371713038233	0.07655732716317785	0.09030717944768865	UNINFORMATIVE_OR_WEAK_QTL	22:30512478	0.217762349651354
combined	LIF/OSM	OSM	CD8_NC	2612	980	7.762e-15	2.52228739984428e-07	2.270771614635259e-11	0.01080070833845782	2.0780694342494934e-09	0.9884130957543364	0.0007861938064296638	0.0007947779731814782	7.867504909565373e-05	7.953468849481532e-05	0.007806699852641383	0.00789133301289556	FAIL_SUFFICIENT_COVERAGE	22:30512478	0.22615454332856885
european	LIF/OSM	OSM	CD8_NC	2604	980	1.453e-06	2.52228739984428e-07	0.0021930911818871016	0.008288743690614626	0.20069820882710215	0.7585044987227757	0.030315457577620258	0.03843140292722972	0.0031165782026220607	0.003980830296522497	0.2381719507530928	0.2855479532535137	UNINFORMATIVE_OR_WEAK_QTL	22:30825696	0.08060207094882929
asian	LIF/OSM	OSM	CD8_NC	2152	980	1.54e-20	2.52228739984428e-07	6.915766931166644e-17	0.010837339395229396	6.307239807555897e-15	0.9883740239027553	0.000788636702007747	0.0007972770641439126	7.891968526505456e-05	7.978495605836761e-05	0.00783078621137076	0.007915969652042866	FAIL_SUFFICIENT_COVERAGE	22:30512478	0.21789669868166808
combined	LIF/OSM	SEC14L2	CD4_NC	2481	980	7.762e-15	1.3414975904441487e-05	1.0344836263599704e-09	0.49204225810977537	9.885556241880922e-10	0.470159243968813	0.03779849589837397	0.07441267832291903	0.0039129633045118725	0.007975391017980345	0.2820390814227048	0.44566119495706336	UNINFORMATIVE_OR_WEAK_QTL	22:30512478	0.22663635608500815
european	LIF/OSM	SEC14L2	CD4_NC	2473	980	1.453e-06	1.3414975904441487e-05	0.10466190054617037	0.39519920683450344	0.09991471996128418	0.3772510671492085	0.022973105508833414	0.0574005946623869	0.0023458120804690035	0.006052747649203794	0.19037045098263908	0.37848076025940847	UNINFORMATIVE_OR_WEAK_QTL	22:30522459	0.2781855701555637
asian	LIF/OSM	SEC14L2	CD4_NC	2033	980	1.54e-20	1.3414975904441487e-05	3.2493925692775833e-15	0.5091954435725484	2.8824594037583546e-15	0.4516561033160253	0.03914845311141884	0.07976383389017329	0.004057816838142364	0.008593272514279104	0.2894876040668552	0.464317001372791	UNINFORMATIVE_OR_WEAK_QTL	22:30512478	0.21811518024783436
combined	LIF/OSM	SEC14L2	CD8_ET	2481	980	7.762e-15	1.2005455486734789e-05	9.270583158533339e-10	0.4409464350218648	1.1309035504269069e-09	0.537882302973281	0.02117125994689249	0.03786982384354378	0.002158249571119648	0.003920607839781294	0.1778288518346793	0.28243601814681185	UNINFORMATIVE_OR_WEAK_QTL	22:30512478	0.22681620056703578
european	LIF/OSM	SEC14L2	CD8_ET	2473	980	1.453e-06	1.2005455486734789e-05	0.09271292127951981	0.35008033259259075	0.11304171527471882	0.4268237152929346	0.017341315560236104	0.039042505275406716	0.001761625570448121	0.00404643519836143	0.1500020583461685	0.2889078695610672	UNINFORMATIVE_OR_WEAK_QTL	22:30522459	0.23115699221350572
asian	LIF/OSM	SEC14L2	CD8_ET	2033	980	1.54e-20	1.2005455486734789e-05	2.9198487833192673e-15	0.45755434737070416	3.3216875572182853e-15	0.5205024727059685	0.021943179923320833	0.04045231041480378	0.0022385263399486133	0.0041980705284235115	0.18324332748954902	0.2965557990146001	UNINFORMATIVE_OR_WEAK_QTL	22:30512478	0.2187261859631899
combined	LIF/OSM	SF3A1	CD4_NC	2554	980	7.762e-15	1.760433798946727e-05	1.3573372250511104e-09	0.6456044892486804	7.006625834072451e-10	0.3332423136484751	0.021153195044843837	0.05968810136120841	0.002156372251017956	0.006307652772345199	0.1777013824282509	0.38829284786259316	UNINFORMATIVE_OR_WEAK_QTL	22:30512478	0.2262169163372783
european	LIF/OSM	SF3A1	CD4_NC	2546	980	1.453e-06	1.760433798946727e-05	0.13362425888086024	0.5048138801587334	0.06888349118258291	0.26019977829057783	0.032478591487245786	0.1109702487132915	0.0033456550973728957	0.012328291042172953	0.25132250587397287	0.555203176194499	UNINFORMATIVE_OR_WEAK_QTL	22:30522459	0.3359178005847374
asian	LIF/OSM	SF3A1	CD4_NC	2104	980	1.54e-20	1.760433798946727e-05	4.35745919244157e-15	0.6828348126732668	1.8812839295449663e-15	0.2947838584735375	0.022381328853190087	0.070566789003025	0.0022841428217970712	0.007535243013756997	0.18628877543074027	0.43157446936273713	UNINFORMATIVE_OR_WEAK_QTL	22:30512478	0.21781378822994243
combined	LIF/OSM	SLC35E4	CD4_NC	2087	980	7.762e-15	1.3959513661050412e-05	1.1208828729408768e-09	0.5331365490658454	9.489833038715202e-10	0.45135876104587913	0.015504687818408271	0.03321032703700763	0.0015724105429728793	0.003423354349458944	0.1360606737468215	0.25568178815250986	UNINFORMATIVE_OR_WEAK_QTL	22:30512478	0.22598783570577255
european	LIF/OSM	SLC35E4	CD4_NC	2080	980	1.453e-06	1.3959513661050412e-05	0.1120547458845521	0.4132981815710547	0.09483349151850716	0.3497499415466861	0.03006363947920005	0.0791536716459622	0.0030899701208636377	0.008522495278163005	0.23661486013682664	0.46224279016133146	UNINFORMATIVE_OR_WEAK_QTL	22:30522459	0.3158499381271457
asian	LIF/OSM	SLC35E4	CD4_NC	1668	980	1.54e-20	1.3959513661050412e-05	3.496688993163005e-15	0.5479479825680462	2.7831485666295505e-15	0.43611683076811125	0.015935186663834592	0.03525078099277271	0.0016167049114736683	0.00364057799511076	0.13936465107531867	0.2676074617060441	UNINFORMATIVE_OR_WEAK_QTL	22:30512478	0.2176890071713196
combined	OVOL1/RELA	ARL2	CD4_NC	1237	980	4.774e-13	1.6511905886579914e-06	1.2168471051636992e-07	0.28062661367065017	3.0715409199908633e-07	0.7083410062548393	0.011031951235708763	0.015335510072817428	0.001114258322702914	0.0015550132363157398	0.10035546317339486	0.13475611666743023	UNINFORMATIVE_OR_WEAK_QTL	11:65555524	0.8189500645674308
european	OVOL1/RELA	ARL2	CD4_NC	1232	980	0.0003568	1.6511905886579914e-06	0.21347967446632893	0.06458664740843699	0.5387882439535555	0.16298611482375733	0.020159319347920934	0.11007273776218651	0.0020531836410214452	0.012217617747142527	0.17063434348151021	0.5529474352715728	UNINFORMATIVE_OR_WEAK_QTL	11:64771947	0.39770555708765004
asian	OVOL1/RELA	ARL2	CD4_NC	1143	980	1.16e-11	1.6511905886579914e-06	2.2611518675431163e-06	0.2812842696748474	5.686273910063061e-06	0.7073535188885126	0.01135426401086162	0.015798164818887628	0.0011471489297131294	0.0016026028474192366	0.10301563922367671	0.13831547250425547	UNINFORMATIVE_OR_WEAK_QTL	11:65555524	0.7672864250535719
combined	OVOL1/RELA	BANF1	CD4_ET	1785	980	4.774e-13	5.075276092802826e-07	6.078599494123168e-09	0.014018333555645286	4.1657086269476e-07	0.9606613166021346	0.025319927192756657	0.025679927840517657	0.0025910371029971226	0.0026287482427172475	0.2062085928990459	0.20859007559859644	UNINFORMATIVE_OR_WEAK_QTL	11:65559266	0.9635406533463915
european	OVOL1/RELA	BANF1	CD4_ET	1784	980	0.0003568	5.075276092802826e-07	0.010249546052453708	0.0037636756246279667	0.7024010395089224	0.25789887463190514	0.025686864182091138	0.09057882913829858	0.0026294750907835483	0.009861828505066311	0.20863583792926033	0.49899932223958826	UNINFORMATIVE_OR_WEAK_QTL	11:65732651	0.054663863839054284
asian	OVOL1/RELA	BANF1	CD4_ET	1638	980	1.16e-11	5.075276092802826e-07	1.1306516423592965e-07	0.014065156406604438	7.745151078082901e-06	0.9634640542661974	0.02246293111095602	0.022783564548000602	0.002292642637358118	0.002326052648391061	0.18685376238006324	0.1890670528561676	FAIL_SUFFICIENT_COVERAGE	11:65559266	0.9294811551431881
combined	OVOL1/RELA	BANF1	CD4_NC	1785	980	4.774e-13	1.264453538616246e-33	8.623401152994018e-35	1.9887099629393122e-28	4.336176443624735e-07	0.9999995525415108	1.3840841657121768e-08	1.384084765875757e-08	1.3840841829533932e-09	1.3840847831169762e-09	1.384083993300202e-07	1.3840845934636273e-07	FAIL_SUFFICIENT_COVERAGE	11:65742933	0.2863557775964477
european	OVOL1/RELA	BANF1	CD4_NC	1784	980	0.0003568	1.264453538616246e-33	1.4180217235519102e-28	5.20703431040989e-29	0.7129061881692362	0.26175675840011703	0.02533705343064858	0.08825356864739432	0.0025928305608766632	0.00958682090598219	0.20632217138394499	0.49186004681525725	UNINFORMATIVE_OR_WEAK_QTL	11:65742933	0.28819339293986934
asian	OVOL1/RELA	BANF1	CD4_NC	1638	980	1.16e-11	1.264453538616246e-33	1.6003350515086375e-33	1.9907955694887263e-28	8.038605508551014e-06	0.999991858865044	1.0252944854108171e-07	1.0253027274149685e-07	1.025294580021419e-08	1.0253028220270913e-08	1.0252935393057892e-06	1.0253017812947318e-06	FAIL_SUFFICIENT_COVERAGE	11:65742933	0.24607816879182032
combined	OVOL1/RELA	BANF1	CD8_ET	1785	980	4.774e-13	4.827499715622522e-06	3.8389609372873214e-08	0.08853327971026197	3.9212479227682314e-07	0.9043024783831844	0.007163811392153155	0.007859655889104714	0.0007210299293953715	0.0007915648736793922	0.06729905433255348	0.07340417489178912	UNINFORMATIVE_OR_WEAK_QTL	11:65559266	0.5567313973831973
european	OVOL1/RELA	BANF1	CD8_ET	1784	980	0.0003568	4.827499715622522e-06	0.06361382182362832	0.023359257996572416	0.6497661081259117	0.2385721086911349	0.02468870336275245	0.0937803965965845	0.002524974855970974	0.01024253363986916	0.20200243079536861	0.5085639801700673	UNINFORMATIVE_OR_WEAK_QTL	11:65742933	0.04501066554631192
asian	OVOL1/RELA	BANF1	CD8_ET	1638	980	1.16e-11	4.827499715622522e-06	7.127993541785873e-07	0.08867129385783472	7.269131175163419e-06	0.9042632153884388	0.00705750882319663	0.007744264599383421	0.0007102622965015729	0.0007798619716518646	0.06636005797967207	0.07239671232640424	UNINFORMATIVE_OR_WEAK_QTL	11:65559266	0.48279267111519786
combined	OVOL1/RELA	BANF1	CD8_NC	1785	980	4.774e-13	4.659885764688063e-13	2.163209677584858e-13	4.98874697049912e-07	4.3361740410824885e-07	0.9999989984172017	6.909048224209213e-08	6.909054666849602e-08	6.909048653823753e-09	6.909055096464948e-09	6.909043928066605e-07	6.909050370698993e-07	FAIL_SUFFICIENT_COVERAGE	11:65559266	0.5846100132617202
european	OVOL1/RELA	BANF1	CD8_NC	1784	980	0.0003568	4.659885764688063e-13	3.559479509411991e-07	1.307055570790815e-07	0.7134703561880275	0.26196469581781756	0.024564461340646847	0.08573110528874212	0.0025119810493012874	0.009289900633254567	0.2011699338416789	0.4839245635227921	UNINFORMATIVE_OR_WEAK_QTL	11:65781195	0.760671745543941
asian	OVOL1/RELA	BANF1	CD8_NC	1638	980	1.16e-11	4.659885764688063e-13	4.011024966953644e-12	4.989661837246128e-07	8.038599821613592e-06	0.9999911512088885	3.112210956894605e-07	3.112237527840405e-07	3.112211828621978e-08	3.11223839958267e-08	3.1122022396476873e-06	3.1122288104446395e-06	FAIL_SUFFICIENT_COVERAGE	11:65781195	0.5120835557115732
combined	OVOL1/RELA	BANF1	CD8_S100B	1779	959	4.774e-13	7.32868662428516e-07	3.3350913428010983e-08	0.07691314896055636	3.989770477177127e-07	0.9201091860876881	0.0029772326237939594	0.003225302163961874	0.0002985231579757916	0.00032346917363933013	0.02899539199505338	0.03134320002191327	FAIL_SUFFICIENT_COVERAGE	11:65555524	0.8152331893861541
european	OVOL1/RELA	BANF1	CD8_S100B	1778	959	0.0003568	7.32868662428516e-07	0.05543291247585319	0.020323627664464473	0.6631349349161132	0.2431102608618434	0.017998264081725883	0.0689302047323643	0.0018294608151632195	0.007348927225640414	0.15489247912515	0.42539744841611177	UNINFORMATIVE_OR_WEAK_QTL	11:65640906	0.13585063626028948
asian	OVOL1/RELA	BANF1	CD8_S100B	1634	959	1.16e-11	7.32868662428516e-07	6.189210519941478e-07	0.0769929562585998	7.392587937314774e-06	0.919624739602762	0.003374292629649566	0.0036557921642543147	0.0003384571109664446	0.00036678602053929273	0.032748402070831975	0.03539340330434629	FAIL_SUFFICIENT_COVERAGE	11:65555524	0.6927322626949373
combined	OVOL1/RELA	BANF1	NK	1785	980	4.774e-13	1.230047169865371e-06	1.6382863389641033e-08	0.03778180217574704	4.166288348318896e-07	0.9608189317743442	0.0013988330382102604	0.0014537593145380777	0.00014005963185735184	0.00014556638809712973	0.013814413855560629	0.014349842194607729	UNINFORMATIVE_OR_WEAK_QTL	11:65555524	0.7241511283099511
european	OVOL1/RELA	BANF1	NK	1784	980	0.0003568	1.230047169865371e-06	0.02709669151871139	0.009950016991496221	0.6890814054071831	0.253012677656802	0.02085920842580744	0.07616410988426742	0.0021258296540287783	0.008176920041314113	0.17562205147509294	0.45188460230083277	UNINFORMATIVE_OR_WEAK_QTL	11:65764383	0.03503445282455263
asian	OVOL1/RELA	BANF1	NK	1638	980	1.16e-11	1.230047169865371e-06	3.041377585948591e-07	0.037834333613707534	7.721287640555076e-06	0.9605162958877836	0.0016413450731097168	0.0017059003672937924	0.00016437732723554175	0.0001708523481044253	0.0161745190270623	0.01680105533473984	UNINFORMATIVE_OR_WEAK_QTL	11:65555524	0.5945789450353547
combined	OVOL1/RELA	CAPN1	CD8_ET	1427	980	4.774e-13	3.706887540176116e-05	1.943462362235412e-07	0.44819704682482714	2.3313339361083699e-07	0.5376329727999996	0.014169552895543627	0.02567866625416947	0.001435258564487826	0.0026286160441133777	0.12566941424319766	0.20858175181710248	UNINFORMATIVE_OR_WEAK_QTL	11:65555524	0.7648624938407831
european	OVOL1/RELA	CAPN1	CD8_ET	1422	980	0.0003568	3.706887540176116e-05	0.33150913005764415	0.11079585240557929	0.3975578374675452	0.1328431324020542	0.02729404766717707	0.17044166542321512	0.0027981400785323184	0.020132431122978238	0.21911552934798678	0.672625681689657	UNINFORMATIVE_OR_WEAK_QTL	11:65663239	0.18420957750799613
asian	OVOL1/RELA	CAPN1	CD8_ET	1324	980	1.16e-11	3.706887540176116e-05	3.620120799291988e-06	0.45033822107049026	4.300226345428842e-06	0.5349277219108145	0.014726136671550483	0.02679165522376441	0.0014923931338866167	0.0027453630609091863	0.1300280669501025	0.2158659075184503	UNINFORMATIVE_OR_WEAK_QTL	11:65555524	0.7113929366011672
combined	OVOL1/RELA	CCDC85B	CD4_NC	1881	980	4.774e-13	1.4196967023880716e-06	1.8145270847212176e-08	0.041846227908147605	4.1445073026579694e-07	0.9557948771609327	0.0023584623349187706	0.0024614664873575617	0.00023634790936984427	0.0002466931529715864	0.023094417524286506	0.024081189505093196	UNINFORMATIVE_OR_WEAK_QTL	11:65555524	0.5107290716869833
european	OVOL1/RELA	CCDC85B	CD4_NC	1880	980	0.0003568	1.4196967023880716e-06	0.02989079835069708	0.011100973516233768	0.6827196677586996	0.25352861268148563	0.02275994769288403	0.08237745226238977	0.0023235910999943746	0.008897395523754932	0.18890439050681856	0.4730538121629465	UNINFORMATIVE_OR_WEAK_QTL	11:65711517	0.06019361304331919
asian	OVOL1/RELA	CCDC85B	CD4_NC	1716	980	1.16e-11	1.4196967023880716e-06	3.3664438665644694e-07	0.04187811647291098	7.682308488082136e-06	0.9556665684271375	0.0024472961470760465	0.0025542852865025876	0.0002452698378438394	0.0002560170752337857	0.023945544912523983	0.02496885466226412	UNINFORMATIVE_OR_WEAK_QTL	11:65555524	0.47388803169897675
combined	OVOL1/RELA	CCS	CD4_NC	1266	980	4.774e-13	1.8700382667873674e-16	1.2319887727920604e-17	2.8411855942020113e-11	4.3361765357805435e-07	0.999999560010413	6.343521809436701e-09	6.343524560281165e-09	6.34352184565295e-10	6.343524596497454e-10	6.343521447274318e-08	6.343524198118481e-08	FAIL_SUFFICIENT_COVERAGE	11:66451184	0.0890244902724057
european	OVOL1/RELA	CCS	CD4_NC	1266	980	0.0003568	1.8700382667873674e-16	2.095680299007545e-11	7.03795395254096e-12	0.7376073499809277	0.2476970649673824	0.014695585023696141	0.05600608486630932	0.0014892554342399009	0.005897894677486839	0.12978981489673838	0.3723673247437457	UNINFORMATIVE_OR_WEAK_QTL	11:66458696	0.10007086197028213
asian	OVOL1/RELA	CCS	CD4_NC	1168	980	1.16e-11	1.8700382667873674e-16	2.2843961435901644e-16	2.8417576671576873e-11	8.038607606163217e-06	0.9999918297523702	1.3161160316816719e-07	1.316126611544467e-07	1.3161161875762222e-08	1.316126767441522e-08	1.3161144727382612e-06	1.316125052575988e-06	FAIL_SUFFICIENT_COVERAGE	11:66400480	0.10283331905431717
combined	OVOL1/RELA	CCS	CD8_NC	1266	980	4.774e-13	1.0754183992302529e-07	2.0078471711492226e-09	0.0046304532833525225	4.3151497155346415e-07	0.9951501817346726	0.00021893145915513704	0.00021995002281380275	2.1897460554205555e-05	2.1999357164579505e-05	0.002185009286109898	0.0021951548089851848	FAIL_SUFFICIENT_COVERAGE	11:65555524	0.8214562959385172
european	OVOL1/RELA	CCS	CD8_NC	1266	980	0.0003568	1.0754183992302529e-07	0.0034167721019645538	0.0011474595973126787	0.73431301822639	0.24659088841528695	0.014531861659045452	0.05565145761872049	0.0014724437802888382	0.005858580449293818	0.12851107068305684	0.3707963566444394	UNINFORMATIVE_OR_WEAK_QTL	11:66458696	0.07789395807516063
asian	OVOL1/RELA	CCS	CD8_NC	1168	980	1.16e-11	1.0754183992302529e-07	3.72267274951e-08	0.004630954161747587	7.999601721311247e-06	0.9951393292922482	0.0002216797175547893	0.00022271288060129955	2.2172395408795554e-05	2.2275753047545873e-05	0.0022123832111794993	0.002222673643564844	FAIL_SUFFICIENT_COVERAGE	11:65555524	0.7805625498910473
combined	OVOL1/RELA	CCS	NK	1266	980	4.774e-13	3.5499923471762407e-15	2.3683518852635073e-16	5.461841379578533e-10	4.336176533599538e-07	0.9999995595074556	6.328704158560975e-09	6.32870690625667e-09	6.328704194608245e-10	6.328706942303941e-10	6.328703798088519e-08	6.328706545783895e-08	FAIL_SUFFICIENT_COVERAGE	11:66449905	0.10127530598715596
european	OVOL1/RELA	CCS	NK	1266	980	0.0003568	3.5499923471762407e-15	4.02764837538715e-10	1.3526110741426172e-10	0.7374155200337098	0.24763238592575873	0.014952093502505271	0.056942030751631165	0.0015156046666705283	0.0060017813305426005	0.1317865690938603	0.3764816435805936	UNINFORMATIVE_OR_WEAK_QTL	11:66449905	0.10856451713399395
asian	OVOL1/RELA	CCS	NK	1168	980	1.16e-11	3.5499923471762407e-15	4.3915105410700844e-15	5.462979258438391e-10	8.038607606723256e-06	0.9999918298226281	1.3102346059331476e-07	1.3102451391954832e-07	1.3102347604374992e-08	1.3102452937023138e-08	1.3102330608917252e-06	1.3102435941292188e-06	FAIL_SUFFICIENT_COVERAGE	11:66400480	0.11752170566627275
combined	OVOL1/RELA	CFL1	CD4_NC	1927	980	4.774e-13	1.9614575139230834e-09	2.250565998035212e-10	0.0005190206237357862	4.33367500163346e-07	0.9994226225845635	5.792319914513623e-05	5.7953303232848545e-05	5.792621888985752e-06	5.795632611733615e-06	0.0005789301900531561	0.0005792309172235967	FAIL_SUFFICIENT_COVERAGE	11:65555524	0.9102509741635483
european	OVOL1/RELA	CFL1	CD4_NC	1925	980	0.0003568	1.9614575139230834e-09	0.0003651370151373743	0.00013700975520379235	0.7030765637900337	0.26378161059143657	0.03263967884818855	0.11011246496462118	0.0033627510888465722	0.012222512364529096	0.25228598633502286	0.5530476699831487	UNINFORMATIVE_OR_WEAK_QTL	11:65624562	0.23502166514178915
asian	OVOL1/RELA	CFL1	CD4_NC	1760	980	1.16e-11	1.9614575139230834e-09	4.172372719076778e-09	0.0005190376605854444	8.033047352803708e-06	0.9993003180485	0.00017260707118814392	0.00017269809601643186	1.7263388923515206e-05	1.7272494235824386e-05	0.0017233934827673536	0.0017243009088091239	FAIL_SUFFICIENT_COVERAGE	11:65555524	0.29388281611580763
combined	OVOL1/RELA	CTSF	CD4_NC	1304	980	4.774e-13	1.8620120870286015e-34	4.5984895941101744e-35	1.0604936250197473e-28	4.336176526404943e-07	0.9999995583475092	8.034843897858665e-09	8.03484738191028e-09	8.034843955961451e-10	8.034847440013195e-10	8.03484331683026e-08	8.034846800881406e-08	FAIL_SUFFICIENT_COVERAGE	11:66335832	0.2840709605386803
european	OVOL1/RELA	CTSF	CD4_NC	1304	980	0.0003568	1.8620120870286015e-34	7.757036658267112e-29	2.617154668535352e-29	0.7314549611055315	0.2467645698623754	0.021780469032089154	0.08110546045368819	0.002221595557119226	0.008749192611162552	0.18210725706390074	0.4688314724804882	UNINFORMATIVE_OR_WEAK_QTL	11:66335832	0.29912463053624544
asian	OVOL1/RELA	CTSF	CD4_NC	1205	980	1.16e-11	1.8620120870286015e-34	8.539110076176166e-34	1.0622536652606587e-28	8.038607450110236e-06	0.9999918200009472	1.413915973841065e-07	1.4139273398479207e-07	1.4139161537653498e-08	1.413927519775094e-08	1.413914174600825e-06	1.4139255405787465e-06	FAIL_SUFFICIENT_COVERAGE	11:66340116	0.2507580190669374
combined	OVOL1/RELA	CTSF	CD8_ET	1304	980	4.774e-13	7.383690688114948e-11	6.8801149524502236e-12	1.5866770810619516e-05	4.3361003791766454e-07	0.9999819957442215	1.7038680490750166e-06	1.7038958232375859e-06	1.7038706619287237e-07	1.7038984361764726e-07	1.7038419209787294e-05	1.703869694289489e-05	FAIL_SUFFICIENT_COVERAGE	11:65555524	0.919036342426542
european	OVOL1/RELA	CTSF	CD8_ET	1304	980	0.0003568	7.383690688114948e-11	1.1638505193936356e-05	3.9267273760554775e-06	0.7335012152159518	0.24745771262771674	0.019025506923761804	0.07139476532812794	0.0019356955220780126	0.007629726833958144	0.1624404603156996	0.4346573303773235	UNINFORMATIVE_OR_WEAK_QTL	11:66335832	0.19542367298416602
asian	OVOL1/RELA	CTSF	CD8_ET	1205	980	1.16e-11	7.383690688114948e-11	1.2757020947015771e-10	1.5869560338122127e-05	8.038466128070307e-06	0.999974238019189	1.853826773615625e-06	1.8538710962513595e-06	1.8538298666271235e-07	1.8538741894107592e-07	1.8537958440683144e-05	1.8538401652250675e-05	FAIL_SUFFICIENT_COVERAGE	11:65555524	0.8127946309751969
combined	OVOL1/RELA	CTSF	CD8_NC	1304	980	4.774e-13	1.843589654298584e-08	1.0781803625841303e-09	0.002486475999872738	4.325051436828681e-07	0.9974338352444937	7.92551723100157e-05	7.945276415059325e-05	7.92608259573925e-06	7.945844602444789e-06	0.0007919868016462732	0.0007939599007272958	FAIL_SUFFICIENT_COVERAGE	11:65555524	0.7798154813328702
european	OVOL1/RELA	CTSF	CD8_NC	1304	980	0.0003568	1.843589654298584e-08	0.0018027774954574695	0.0006082409747978401	0.7231726404590616	0.24396151472524352	0.030454826345439813	0.11098036737395077	0.0031313097805853365	0.012329539920312335	0.2390313414889319	0.5552285037927913	UNINFORMATIVE_OR_WEAK_QTL	11:66335832	0.12396145340024756
asian	OVOL1/RELA	CTSF	CD8_NC	1205	980	1.16e-11	1.843589654298584e-08	1.9990969155719093e-08	0.002486849340076029	8.017969431593792e-06	0.9974243980282446	8.071467127758122e-05	8.091654894794996e-05	8.072053507588991e-06	8.092244211622365e-06	0.00080656080116643	0.0008085766443948813	FAIL_SUFFICIENT_COVERAGE	11:65555524	0.7367757474600647
combined	OVOL1/RELA	CTSF	NK	1304	980	4.774e-13	3.553889365120497e-19	1.6281697757594484e-19	3.7548495702899216e-13	4.336176526405559e-07	0.9999995583476442	8.034329388525756e-09	8.03433287235732e-09	8.034329446621169e-10	8.034332930452793e-10	8.034328807571779e-08	8.034332291402857e-08	FAIL_SUFFICIENT_COVERAGE	11:66335832	0.2839032765940821
european	OVOL1/RELA	CTSF	NK	1304	980	0.0003568	3.553889365120497e-19	2.746511384947951e-13	9.266483336315414e-14	0.731456778907586	0.24676518560604796	0.0217780354859978	0.08109694743898663	0.0022213423743494055	0.008748201971845431	0.18209024458578926	0.46880302551501013	UNINFORMATIVE_OR_WEAK_QTL	11:66335832	0.2989630637416129
asian	OVOL1/RELA	CTSF	NK	1205	980	1.16e-11	3.553889365120497e-19	3.01947898501383e-18	3.756190739310339e-13	8.038607450092072e-06	0.9999918199986806	1.4139349653351318e-07	1.4139463314951732e-07	1.4139351452642444e-08	1.4139465114271802e-08	1.4139331660465423e-06	1.413944532177664e-06	FAIL_SUFFICIENT_COVERAGE	11:66340116	0.2505905714329516
combined	OVOL1/RELA	CTSW	CD4_ET	1887	980	4.774e-13	9.080600284771328e-38	4.2915233711918896e-38	9.89701761183677e-32	4.3361764273224353e-07	0.9999995515972	1.4785161080824913e-08	1.478516749193433e-08	1.4785161277565757e-09	1.4785167688675325e-09	1.4785159113416e-07	1.4785165524523855e-07	FAIL_SUFFICIENT_COVERAGE	11:65645354	0.23029748451249255
european	OVOL1/RELA	CTSW	CD4_ET	1886	980	0.0003568	9.080600284771328e-38	7.069691929406449e-32	2.628234204240193e-32	0.7141828826936476	0.26548485510965303	0.02033226219669321	0.07113731461681688	0.002071125825666126	0.007600331946035276	0.17187174881663594	0.43370174732455447	UNINFORMATIVE_OR_WEAK_QTL	11:65645354	0.2182702483005093
asian	OVOL1/RELA	CTSW	CD4_ET	1722	980	1.16e-11	9.080600284771328e-38	7.973710087024426e-37	9.919189932280269e-32	8.038563412392922e-06	0.9999866558593198	5.305577269158429e-06	5.30561991872058e-06	5.30560260351453e-07	5.30564525348398e-07	5.305323938903474e-05	5.305366584392893e-05	FAIL_SUFFICIENT_COVERAGE	11:65646557	0.23907750088321517
combined	OVOL1/RELA	CTSW	CD4_NC	1887	980	4.774e-13	2.103167832394484e-152	4.573196653471043e-208	1.0546606392877418e-201	4.3361764302202753e-07	0.9999995522662041	1.4116159948451137e-08	1.4116166069469697e-08	1.4116160127790888e-09	1.4116166248809365e-09	1.4116158155057376e-07	1.4116164276074488e-07	FAIL_SUFFICIENT_COVERAGE	11:65645354	0.26114036408760566
european	OVOL1/RELA	CTSW	CD4_NC	1886	980	0.0003568	2.103167832394484e-152	7.556916809119384e-202	2.809365306812197e-202	0.7152522432662604	0.26588386980826456	0.01886388692550144	0.0662477104012406	0.001918967967833094	0.007044802896003562	0.16126081691314098	0.41502625290822015	UNINFORMATIVE_OR_WEAK_QTL	11:65645354	0.2550788191935075
asian	OVOL1/RELA	CTSW	CD4_NC	1722	980	1.16e-11	2.103167832394484e-152	8.678795933983855e-207	1.0796307404350383e-201	8.038562653562447e-06	0.9999865613673683	5.400069950472876e-06	5.400113359622604e-06	5.400096195280566e-07	5.400139604852076e-07	5.399807516428088e-05	5.399850921358648e-05	FAIL_SUFFICIENT_COVERAGE	11:65646557	0.2543020123472329
combined	OVOL1/RELA	CTSW	CD8_ET	1887	980	4.774e-13	7.627390529421472e-167	1.0654013713263569e-237	2.4570054089590033e-231	4.3361764302207687e-07	0.9999995522662041	1.4116143270736216e-08	1.411614939174778e-08	1.4116143450074952e-09	1.4116149571087023e-09	1.4116141477346983e-07	1.411614759835681e-07	FAIL_SUFFICIENT_COVERAGE	11:65645354	0.2611409766323795
european	OVOL1/RELA	CTSW	CD8_ET	1886	980	0.0003568	7.627390529421472e-167	1.7608078250241945e-231	6.545992949951321e-232	0.7152522647738536	0.26588387783345335	0.01886385739270086	0.06624761168940882	0.001918964911661671	0.00704479173340987	0.16126060108897453	0.4150258654910671	UNINFORMATIVE_OR_WEAK_QTL	11:65645354	0.2550795231741981
asian	OVOL1/RELA	CTSW	CD8_ET	1722	980	1.16e-11	7.627390529421472e-167	2.026399870469096e-236	2.520814648960048e-231	8.038562653555136e-06	0.9999865613663451	5.400071029766172e-06	5.400114438924272e-06	5.400097274584019e-07	5.400140684164236e-07	5.399808595616445e-05	5.399852000555414e-05	FAIL_SUFFICIENT_COVERAGE	11:65646557	0.25430225764226355
combined	OVOL1/RELA	CTSW	CD8_NC	1887	980	4.774e-13	2.921894389983823e-153	6.825460935632586e-210	1.574072916445458e-203	4.3361764302202753e-07	0.9999995522662041	1.4116144246371936e-08	1.4116150367383908e-08	1.4116144425711486e-09	1.4116150546723177e-09	1.4116142452982578e-07	1.4116148573992692e-07	FAIL_SUFFICIENT_COVERAGE	11:65645354	0.26114094066072646
european	OVOL1/RELA	CTSW	CD8_NC	1886	980	0.0003568	2.921894389983823e-153	1.1277310842622812e-203	4.192461904194695e-204	0.7152522635143691	0.26588387736352154	0.01886385912209047	0.06624761746980082	0.0019189650906259537	0.00704479238707175	0.16126061372726513	0.4150258881775491	UNINFORMATIVE_OR_WEAK_QTL	11:65645354	0.2550794818327177
asian	OVOL1/RELA	CTSW	CD8_NC	1722	980	1.16e-11	2.921894389983823e-153	1.293445369945236e-208	1.6090289402912986e-203	8.038562653554678e-06	0.999986561366402	5.400070966044965e-06	5.4001143752025895e-06	5.400097210862195e-07	5.400140620441935e-07	5.3998085319014034e-05	5.3998519368399254e-05	FAIL_SUFFICIENT_COVERAGE	11:65646557	0.2543022431842667
combined	OVOL1/RELA	CTSW	CD8_S100B	1881	959	4.774e-13	2.1920643832149124e-93	5.5081659051104076e-108	1.2702812079398507e-101	4.33617643390224e-07	0.9999995521391875	1.4243164801360368e-08	1.4243170977450665e-08	1.4243164983941422e-09	1.4243171160031928e-09	1.424316297555118e-07	1.424316915163989e-07	FAIL_SUFFICIENT_COVERAGE	11:65645354	0.255698622394923
european	OVOL1/RELA	CTSW	CD8_S100B	1880	959	0.0003568	2.1920643832149124e-93	9.094190510876988e-102	3.3756846331351887e-102	0.7153645986441843	0.26551801644176437	0.019117384914058032	0.06716446662289703	0.0019452070358841101	0.007148563150288039	0.16310976047279627	0.41860576801999655	UNINFORMATIVE_OR_WEAK_QTL	11:65645354	0.24870790175550117
asian	OVOL1/RELA	CTSW	CD8_S100B	1718	959	1.16e-11	2.1920643832149124e-93	1.0313156441327057e-106	1.2829430039714912e-101	8.038562923517899e-06	0.999986577131343	5.384305727630739e-06	5.384349010059091e-06	5.384331819430633e-07	5.384375102278418e-07	5.384044823540398e-05	5.3840881017742246e-05	FAIL_SUFFICIENT_COVERAGE	11:65646557	0.2519783718043314
combined	OVOL1/RELA	CTSW	DC	1884	726	4.774e-13	2.5667764090750963e-09	2.361967972289706e-10	0.0005447119027191756	4.3332175553909415e-07	0.999317044804301	0.00013780973502669543	0.00013788490235530968	1.3782682951766535e-05	1.379020155006575e-05	0.001376390230510319	0.0013771400421708994	FAIL_SUFFICIENT_COVERAGE	11:65555524	0.6813074283551643
european	OVOL1/RELA	CTSW	DC	1883	726	0.0003568	2.5667764090750963e-09	0.0003851232668749306	0.0001430475443646044	0.7065020068066852	0.2623876767729874	0.030582145609088007	0.1043866749156315	0.003144771021671604	0.011521046890350883	0.23981495361473718	0.5382198884229294	UNINFORMATIVE_OR_WEAK_QTL	11:65653242	0.2894759220569407
asian	OVOL1/RELA	CTSW	DC	1720	726	1.16e-11	2.5667764090750963e-09	4.379741408967518e-09	0.0005448340386323773	8.033151274795287e-06	0.9993132600754524	0.00013386835489987271	0.00013394240784914265	1.338844855061121e-05	1.3395855630756822e-05	0.001337072623586215	0.0013378113714044234	FAIL_SUFFICIENT_COVERAGE	11:65555524	0.6748981118203439
combined	OVOL1/RELA	CTSW	NK	1887	980	4.774e-13	3.0595922024968814e-110	1.5428153171188004e-133	3.5580070396063874e-127	4.336176381084857e-07	0.9999995409233323	2.5459041375126404e-08	2.545905241462028e-08	2.5459041958472913e-09	2.5459052997967552e-09	2.54590355416628e-07	2.5459046581151225e-07	FAIL_SUFFICIENT_COVERAGE	11:65653242	0.5279899596069114
european	OVOL1/RELA	CTSW	NK	1886	980	0.0003568	3.0595922024968814e-110	2.4959847147873642e-127	9.279092308645235e-128	0.7007948268256946	0.26048931738944786	0.03871585578488589	0.12939567646555314	0.004011358435717283	0.014645076238668312	0.2871153199585281	0.5977917517391678	UNINFORMATIVE_OR_WEAK_QTL	11:65653242	0.5970742091317595
asian	OVOL1/RELA	CTSW	NK	1722	980	1.16e-11	3.0595922024968814e-110	2.892545859164654e-132	3.5982888080636472e-127	8.03856882993725e-06	0.9999873304693059	4.630961875858619e-06	4.630999102463601e-06	4.6309811771661106e-07	4.631018404081511e-07	4.6307688716315656e-05	4.6308060951337244e-05	FAIL_SUFFICIENT_COVERAGE	11:65644027	0.16215930463056483
combined	OVOL1/RELA	CTSW	NK_R	1861	750	4.774e-13	8.099691483441883e-07	1.9884812389747413e-08	0.045857920684680115	4.125070666598731e-07	0.9513119714896975	0.0028296754337433184	0.002965676472531513	0.0002836900189840978	0.0002973613370220938	0.02759401537071754	0.02888577203468753	FAIL_SUFFICIENT_COVERAGE	11:65555524	0.856400609866346
european	OVOL1/RELA	CTSW	NK_R	1860	750	0.0003568	8.099691483441883e-07	0.03232539354898576	0.01198826630715318	0.6705750838765386	0.24865448870449144	0.03645676756283109	0.12786856625768903	0.003769353351377113	0.014449759672670174	0.27450092715475	0.5945115764446769	UNINFORMATIVE_OR_WEAK_QTL	11:65653242	0.2944940069020768
asian	OVOL1/RELA	CTSW	NK_R	1698	750	1.16e-11	8.099691483441883e-07	3.6899519548553424e-07	0.04590251396975374	7.646389542809902e-06	0.9511978478479977	0.0028916227975108334	0.003030766910732646	0.00028991677671592295	0.0003039056515466879	0.028182782195660068	0.029502920821562872	FAIL_SUFFICIENT_COVERAGE	11:65555524	0.8070591961875642
combined	OVOL1/RELA	DRAP1	CD4_NC	1863	980	4.774e-13	2.3263045429144511e-10	7.430488794570747e-12	1.7136031203445833e-05	4.3360968465375495e-07	0.9999811967425178	1.2336091625223791e-06	1.2336308369823411e-06	1.233610532136311e-07	1.2336322066444004e-07	1.2335954665503501e-05	1.2336171405290321e-05	FAIL_SUFFICIENT_COVERAGE	11:65559266	0.5692847043804252
european	OVOL1/RELA	DRAP1	CD4_NC	1862	980	0.0003568	2.3263045429144511e-10	1.2195798702121853e-05	4.5227023803371535e-06	0.7116719646662424	0.2638927357792626	0.024418581053412696	0.08469518755513955	0.002496728004983484	0.009168385036752935	0.20019049916440465	0.4806064186451795	UNINFORMATIVE_OR_WEAK_QTL	11:65733289	0.0845397168558552
asian	OVOL1/RELA	DRAP1	CD4_NC	1706	980	1.16e-11	2.3263045429144511e-10	1.3776862897949428e-10	1.7138235069736545e-05	8.038291798469847e-06	0.9999528368157319	2.1986519630854458e-05	2.198707319202257e-05	2.1986954705804625e-06	2.1987508288881237e-06	0.000219821698281784	0.00021982723170332837	FAIL_SUFFICIENT_COVERAGE	11:65558997	0.39088997614089405
combined	OVOL1/RELA	EHD1	CD8_ET	1083	980	4.774e-13	1.826439398037336e-05	2.81904681777321e-07	0.650122399781331	1.381746646135956e-07	0.3186241306824415	0.03125304945688188	0.08932577267381858	0.0032157569351707704	0.00971347452276604	0.2439210147350367	0.4951726281723781	UNINFORMATIVE_OR_WEAK_QTL	11:65555524	0.5877426540122632
european	OVOL1/RELA	EHD1	CD8_ET	1078	980	0.0003568	1.826439398037336e-05	0.5103024473517734	0.1515004418630108	0.24934652180296543	0.07401206145344133	0.014838527528808954	0.1670053929723893	0.0015039373470339058	0.019654742491437165	0.13090353404604418	0.6672079686841855	UNINFORMATIVE_OR_WEAK_QTL	11:64591679	0.07151459444367879
asian	OVOL1/RELA	EHD1	CD8_ET	997	980	1.16e-11	1.826439398037336e-05	5.348420438817055e-06	0.6653362875254185	2.433457347879635e-06	0.30268684223376774	0.03196908836302653	0.09552822896643676	0.0032916157969453685	0.010451384962813283	0.2482608314973194	0.5136605478392495	UNINFORMATIVE_OR_WEAK_QTL	11:65555524	0.5657221899282131
combined	OVOL1/RELA	EHD1	NK	1083	980	4.774e-13	6.31197161546129e-06	1.7232938983657939e-07	0.39742226261395364	2.5006891488681903e-07	0.5766775520277168	0.02589976296002556	0.04298164287939119	0.0026517889302445762	0.004471122873911842	0.21003817832070015	0.30992619536182053	UNINFORMATIVE_OR_WEAK_QTL	11:65555524	0.8747503389042295
european	OVOL1/RELA	EHD1	NK	1078	980	0.0003568	6.31197161546129e-06	0.3069123240596686	0.09111724419418808	0.44402905949068566	0.1317988154891109	0.02614255676634657	0.16552063840538933	0.0026772467441218083	0.01944941555134176	0.2116321242640638	0.6648254250348178	UNINFORMATIVE_OR_WEAK_QTL	11:64645119	0.12582080873177137
asian	OVOL1/RELA	EHD1	NK	997	980	1.16e-11	6.31197161546129e-06	3.3373086732729587e-06	0.415156696898144	4.484074662147831e-06	0.557785789224876	0.02704969249364422	0.046251797880250994	0.002772464121097232	0.004826072880715912	0.21753792029038613	0.32657560071181185	UNINFORMATIVE_OR_WEAK_QTL	11:65555524	0.841743022280262
combined	OVOL1/RELA	EIF1AD	CD4_NC	1792	980	4.774e-13	5.916784914188979e-06	1.9220977280162303e-07	0.44326998524856936	2.354278949329689e-07	0.5429248710491117	0.01380471606465144	0.024796088413800363	0.0013978386961390886	0.0025362080771245965	0.12279127274709684	0.20272074948919114	UNINFORMATIVE_OR_WEAK_QTL	11:65555524	0.770255254341889
european	OVOL1/RELA	EIF1AD	CD4_NC	1791	980	0.0003568	5.916784914188979e-06	0.3230517115043758	0.11877278821002574	0.395671889281124	0.14545518351767978	0.017048427486794703	0.10491106863050127	0.0017314087657937433	0.011584958170595254	0.14780559773222546	0.5396105815306512	UNINFORMATIVE_OR_WEAK_QTL	11:65718633	0.2895549602564546
asian	OVOL1/RELA	EIF1AD	CD4_NC	1645	980	1.16e-11	5.916784914188979e-06	3.587835529601718e-06	0.4463219813781182	4.336147809404265e-06	0.5393967631762606	0.01427333146228257	0.025779487822257658	0.0014459072685654181	0.002639181863259937	0.1264850475451193	0.20924647551587117	UNINFORMATIVE_OR_WEAK_QTL	11:65555524	0.7216492743373177
combined	OVOL1/RELA	FAM89B	CD4_NC	1868	980	4.774e-13	1.815109113592966e-05	2.163317788726375e-07	0.4988996323512699	2.0737683733376942e-07	0.4782250665167893	0.022874877423323624	0.04564933143568148	0.0023355710537434253	0.004760516082372347	0.1896954356822731	0.323560450257336	UNINFORMATIVE_OR_WEAK_QTL	11:65555524	0.5361020895491594
european	OVOL1/RELA	FAM89B	CD4_NC	1863	980	0.0003568	1.815109113592966e-05	0.3639675340561629	0.1372968675935437	0.3487968789155694	0.13155576699391874	0.018382952440805192	0.1226031041888966	0.0018692208624751367	0.013780937571274101	0.15773312035896428	0.5828728524113518	UNINFORMATIVE_OR_WEAK_QTL	11:65319751	0.04466046894255609
asian	OVOL1/RELA	FAM89B	CD4_NC	1714	980	1.16e-11	1.815109113592966e-05	4.0808677929158444e-06	0.5076545711100918	3.742969035049927e-06	0.4655936673545147	0.026743937698565045	0.05432032293304457	0.0027403528122511484	0.005711245314136836	0.21555602488498227	0.3648394558070496	UNINFORMATIVE_OR_WEAK_QTL	11:65555524	0.4488886484986344
combined	OVOL1/RELA	FAU	B_IN	1349	975	4.774e-13	9.384729478449592e-07	4.758159997773657e-08	0.10973164550493002	3.8289560865346085e-07	0.8830182310351823	0.007249692982677788	0.008143271016616285	0.0007297305887232618	0.0008203393225478138	0.0680564354633365	0.07587208743122321	FAIL_SUFFICIENT_COVERAGE	11:65555524	0.5441373812816611
european	OVOL1/RELA	FAU	B_IN	1344	975	0.0003568	9.384729478449592e-07	0.08264135125785037	0.02610596079998753	0.6650119564828961	0.2100575365982477	0.016183194861018133	0.07153086341542299	0.0016422384849713132	0.0076452719551394635	0.14125791005365523	0.43516139887494043	UNINFORMATIVE_OR_WEAK_QTL	11:64883864	0.20449146231714654
asian	OVOL1/RELA	FAU	B_IN	1248	975	1.16e-11	9.384729478449592e-07	8.831093304410825e-07	0.1098576246200053	7.09834673782094e-06	0.8830177642836726	0.007116629640253002	0.007995005797811266	0.0007162505247682729	0.0008052950847656119	0.06688249489243972	0.07458340516750067	FAIL_SUFFICIENT_COVERAGE	11:65555524	0.5338837083260093
combined	OVOL1/RELA	FAU	CD4_ET	1351	980	4.774e-13	8.784314329215917e-14	1.7109080281749095e-14	3.945658687258262e-08	4.336176392793728e-07	0.9999995190756847	7.850071080947369e-09	7.85007479461557e-09	7.85007113640865e-10	7.850074850076896e-10	7.850070526334915e-08	7.850074240002577e-08	FAIL_SUFFICIENT_COVERAGE	11:64862234	0.26808069572521254
european	OVOL1/RELA	FAU	CD4_ET	1346	980	0.0003568	8.784314329215917e-14	2.953935347994426e-08	9.334382081060526e-09	0.7486747736356494	0.23656510942759337	0.014760078063021704	0.05872900448377412	0.0014958791702959454	0.006200642239684452	0.13029261774910667	0.3842110516579328	UNINFORMATIVE_OR_WEAK_QTL	11:64862234	0.3547126815619863
asian	OVOL1/RELA	FAU	CD4_ET	1249	980	1.16e-11	8.784314329215917e-14	3.171917099362789e-13	3.945822661444045e-08	8.03859713473694e-06	0.9999907850925877	1.1368517333100621e-06	1.1368609169358486e-06	1.1368528964999302e-07	1.1368620801445093e-07	1.1368401015423024e-05	1.1368492849801626e-05	FAIL_SUFFICIENT_COVERAGE	11:64862234	0.3586275891772402
combined	OVOL1/RELA	FAU	CD4_NC	1351	980	4.774e-13	2.020198489442888e-31	2.1526864242783477e-32	4.9644783653025525e-26	4.3361765696569036e-07	0.9999995598648157	6.517528613211428e-09	6.517531439328131e-09	6.51752865144178e-10	6.517531477558542e-10	6.517528230907832e-08	6.517531057024239e-08	FAIL_SUFFICIENT_COVERAGE	11:64862234	0.3798628652538437
european	OVOL1/RELA	FAU	CD4_NC	1346	980	0.0003568	2.020198489442888e-31	3.715662967295386e-26	1.1741427531489658e-26	0.7484576614706528	0.23649621633341328	0.0150461221959353	0.05981546599233751	0.0015252666329198007	0.006321878073875828	0.13251648845493072	0.3888314503609999	UNINFORMATIVE_OR_WEAK_QTL	11:64862234	0.4092467886206434
asian	OVOL1/RELA	FAU	CD4_NC	1249	980	1.16e-11	2.020198489442888e-31	3.991370638205835e-31	4.9652119589187223e-26	8.038597314343191e-06	0.9999908074182461	1.153984445042196e-06	1.1539937215330205e-06	1.1539856435555245e-07	1.1539949200656266e-07	1.1539724600457751e-05	1.1539817363439195e-05	FAIL_SUFFICIENT_COVERAGE	11:64862234	0.41564089531142584
combined	OVOL1/RELA	FAU	CD8_ET	1351	980	4.774e-13	1.340014915305116e-18	3.468887628571247e-19	7.999872805200023e-13	4.336176569805718e-07	0.9999995598991704	6.48237246105596e-09	6.482375271933524e-09	6.482372498875034e-10	6.482375309752609e-10	6.482372082865644e-08	6.482374893742874e-08	FAIL_SUFFICIENT_COVERAGE	11:64887560	0.3587075564833263
european	OVOL1/RELA	FAU	CD8_ET	1346	980	0.0003568	1.340014915305116e-18	5.988331386175336e-13	1.8923018482621468e-13	0.7485587599167738	0.23652829643742768	0.014912943645011232	0.05930985561525942	0.001511582291881388	0.006265426973791109	0.13148233815688182	0.3866885679525574	UNINFORMATIVE_OR_WEAK_QTL	11:64887560	0.37940826761804475
asian	OVOL1/RELA	FAU	CD8_ET	1249	980	1.16e-11	1.340014915305116e-18	6.430818700130333e-18	7.999852885092711e-13	8.038597476098776e-06	0.999990827560555	1.1338411705199951e-06	1.1338502850869403e-06	1.133842327557399e-07	1.133851442142946e-07	1.133829600275871e-05	1.133838714656797e-05	FAIL_SUFFICIENT_COVERAGE	11:64887560	0.3646589725262585
combined	OVOL1/RELA	FAU	CD8_NC	1351	980	4.774e-13	7.793720754232365e-17	1.786898859614484e-17	4.120907081259534e-11	4.3361765689277755e-07	0.999999559696538	6.644595588107251e-09	6.644598469596291e-09	6.644595627842814e-10	6.644598509331903e-10	6.644595190751403e-08	6.644598072240099e-08	FAIL_SUFFICIENT_COVERAGE	11:64887560	0.3175112242159795
european	OVOL1/RELA	FAU	CD8_NC	1346	980	0.0003568	7.793720754232365e-17	3.0852022861272305e-11	9.749183222857502e-12	0.7486776618623161	0.23656602586780903	0.014756312229273913	0.05871468625114302	0.001495492380175933	0.006199046171002395	0.13026327259144252	0.3841497657737366	UNINFORMATIVE_OR_WEAK_QTL	11:64887560	0.3479480833300827
asian	OVOL1/RELA	FAU	CD8_NC	1249	980	1.16e-11	7.793720754232365e-17	3.3126448139012217e-16	4.12088606560126e-11	8.038597469366545e-06	0.9999908267222857	1.1346390371115444e-06	1.1346481581381135e-06	1.1346401957779019e-07	1.1346493168230979e-07	1.1346274505781634e-05	1.1346365714184555e-05	FAIL_SUFFICIENT_COVERAGE	11:64887560	0.33062412740562475
combined	OVOL1/RELA	FAU	CD8_S100B	1346	959	4.774e-13	6.194136402219349e-08	4.5899153027431406e-09	0.01058516230744577	4.288547851941919e-07	0.9890151289398443	0.0003992753080099263	0.0004035470944183924	3.994188382816387e-05	4.0369371290078116e-05	0.003978456584794579	0.00402086745976008	FAIL_SUFFICIENT_COVERAGE	11:65555524	0.6392212023124367
european	OVOL1/RELA	FAU	CD8_S100B	1341	959	0.0003568	6.194136402219349e-08	0.00793182916341986	0.0025029053396308154	0.7411175345498008	0.2338465923264877	0.014601138620660505	0.05876945852955517	0.001479556754002139	0.006205151930077364	0.12905255765372925	0.3843841500195969	UNINFORMATIVE_OR_WEAK_QTL	11:64887560	0.27398000305422143
asian	OVOL1/RELA	FAU	CD8_S100B	1245	959	1.16e-11	6.194136402219349e-08	8.509725045930034e-08	0.010585984525511107	7.950084013234668e-06	0.9889794275127298	0.00042655278049693256	0.0004311200750681905	4.267165959323633e-05	4.3128741806583815e-05	0.004249215174042572	0.004294537598335911	FAIL_SUFFICIENT_COVERAGE	11:65555524	0.5756733055151536
combined	OVOL1/RELA	FAU	NK	1351	980	4.774e-13	4.46610190526438e-07	2.049328484345423e-08	0.04726116544048778	4.124906592536549e-07	0.9512754767440013	0.0014629248315666005	0.001535494768708099	0.00014648535050770675	0.0001537619674978573	0.014439137954525188	0.015145643184178773	FAIL_SUFFICIENT_COVERAGE	11:65555524	0.7728960609065508
european	OVOL1/RELA	FAU	NK	1346	980	0.0003568	4.46610190526438e-07	0.03543083866936742	0.011196080706940162	0.7131462281722515	0.2253380248015052	0.014888827649935595	0.06197819893155037	0.0015091046845927105	0.00656396007408012	0.13129484026682842	0.39785625965305027	UNINFORMATIVE_OR_WEAK_QTL	11:64862234	0.19993651198522366
asian	OVOL1/RELA	FAU	NK	1249	980	1.16e-11	4.46610190526438e-07	3.809194397820452e-07	0.047385871401825395	7.645708959255181e-06	0.9511145284604089	0.001491573509366027	0.0015657820228967554	0.00014935785132961593	0.00015679916427103436	0.014718156186786001	0.015440235835660697	FAIL_SUFFICIENT_COVERAGE	11:65555524	0.73119278347081
combined	OVOL1/RELA	FIBP	CD4_NC	1884	980	4.774e-13	9.680114008100696e-07	2.4771664793153288e-08	0.05712787312483316	4.0358160867324955e-07	0.9307189518569258	0.012152746664966596	0.012889077786530279	0.0012287136880538886	0.001304034804076505	0.10954591308096708	0.11549335261425248	FAIL_SUFFICIENT_COVERAGE	11:65555524	0.9464949550545856
european	OVOL1/RELA	FIBP	CD4_NC	1883	980	0.0003568	9.680114008100696e-07	0.04106102431324994	0.015255989214644295	0.66895931604776	0.24852181372134996	0.02620185670299577	0.09537531535787819	0.002683466289567488	0.010433084377151368	0.21202057298661653	0.5132181055774142	UNINFORMATIVE_OR_WEAK_QTL	11:65624562	0.11671222983922407
asian	OVOL1/RELA	FIBP	CD4_NC	1719	980	1.16e-11	9.680114008100696e-07	4.598148195292029e-07	0.05720035553271549	7.4834130318427e-06	0.9309148088935445	0.011876892345888953	0.012597578373117936	0.001200521856553148	0.0012742045397089235	0.1072994656393589	0.11314734124031624	FAIL_SUFFICIENT_COVERAGE	11:65555524	0.9329127530726176
combined	OVOL1/RELA	FIBP	CD8_ET	1884	980	4.774e-13	2.5104239124087617e-10	3.00064416068124e-11	6.92002012523392e-05	4.335847667371778e-07	0.9999237267815374	6.639402436010489e-06	6.639864795134074e-06	6.639442109745807e-07	6.639904474395246e-07	6.639005724733466e-05	6.63946802860389e-05	FAIL_SUFFICIENT_COVERAGE	11:65555524	0.9232130254085146
european	OVOL1/RELA	FIBP	CD8_ET	1883	980	0.0003568	2.5104239124087617e-10	4.874058150522758e-05	1.8109284855791965e-05	0.7042581865426524	0.26162906353076354	0.03404590006022334	0.11514637440632178	0.003512208681197978	0.01284587810109854	0.26060592967184937	0.5654637932284747	UNINFORMATIVE_OR_WEAK_QTL	11:65653242	0.18315364016676727
asian	OVOL1/RELA	FIBP	CD8_ET	1719	980	1.16e-11	2.5104239124087617e-10	5.564527338533652e-10	6.922198428957445e-05	8.037961967117738e-06	0.9999118291393668	1.0910357924058915e-05	1.0911200928927845e-05	1.091046505742992e-06	1.0911308078855213e-06	0.00010909286706054995	0.00010910129545387184	FAIL_SUFFICIENT_COVERAGE	11:65555524	0.5406808604470627
combined	OVOL1/RELA	FIBP	Mono_C	1838	851	4.774e-13	2.563170093542271e-06	2.8091838811694135e-07	0.6478478596348873	1.4189064612937478e-07	0.327200161806571	0.02495155574950745	0.07085456212643357	0.002552474974411676	0.007568064947866289	0.20375869055386273	0.43264913569066077	UNINFORMATIVE_OR_WEAK_QTL	11:65555524	0.8052487964100535
european	OVOL1/RELA	FIBP	Mono_C	1837	851	0.0003568	2.563170093542271e-06	0.47679265478651645	0.1761186696839745	0.2408051308898701	0.08893175193119086	0.017351792708448232	0.16325944686245225	0.0017627067812514719	0.019137950825514068	0.1500804442591009	0.6611474158980402	UNINFORMATIVE_OR_WEAK_QTL	11:64905748	0.25925878528327095
asian	OVOL1/RELA	FIBP	Mono_C	1693	851	1.16e-11	0.0027755411373878	6.737150501684546e-06	0.8380926024742327	1.0374729474193118e-06	0.12902738881869458	0.03287223408362293	0.2030408316852996	0.0033874408830491184	0.024843993819226074	0.25367312092909133	0.718126783131118	UNINFORMATIVE_OR_WEAK_QTL	11:65555524	0.7607238596940951
combined	OVOL1/RELA	FIBP	NK	1884	980	4.774e-13	4.806674612772485e-21	3.498798380144743e-21	8.068852522399924e-15	4.336176415229821e-07	0.999999548517162	1.7865191524383145e-08	1.7865199271048805e-08	1.7865191811631756e-09	1.7865199558297664e-09	1.7865188651898054e-07	1.7865196398561246e-07	FAIL_SUFFICIENT_COVERAGE	11:65653242	0.198841444050402
european	OVOL1/RELA	FIBP	NK	1883	980	0.0003568	4.806674612772485e-21	5.73459673173595e-15	2.130656683629471e-15	0.7106155928495502	0.2639997828329018	0.02538462431753878	0.08771939223505647	0.0025978124761325194	0.009523820603055861	0.20663750440278353	0.4901963719449782	UNINFORMATIVE_OR_WEAK_QTL	11:65653242	0.24402745841840837
asian	OVOL1/RELA	FIBP	NK	1719	980	1.16e-11	4.806674612772485e-21	6.49349324976378e-20	8.07781973873911e-15	8.038565672868415e-06	0.9999869352206135	5.026213708709267e-06	5.026254112583064e-06	5.026236445353918e-07	5.026276849593293e-07	5.025986353575674e-05	5.0260267537943164e-05	FAIL_SUFFICIENT_COVERAGE	11:65646557	0.18923716037786092
combined	OVOL1/RELA	LTBP3	CD4_ET	1818	980	4.774e-13	5.917940796869963e-06	6.603885632589671e-08	0.15229737071908225	3.6049536814278854e-07	0.8313502067101696	0.016351996036523833	0.019289788304832405	0.0016596239515017553	0.0019630591259558435	0.14254230021226677	0.1643631156876817	UNINFORMATIVE_OR_WEAK_QTL	11:65555524	0.8560817797425998
european	OVOL1/RELA	LTBP3	CD4_ET	1813	980	0.0003568	5.917940796869963e-06	0.11077791127653984	0.041605789155906785	0.6046881827826668	0.22709197576852294	0.015836141016363436	0.06518858840200202	0.001606510942077102	0.006925155861784426	0.13860648376016074	0.41084451698527114	UNINFORMATIVE_OR_WEAK_QTL	11:65220749	0.06350017957616384
asian	OVOL1/RELA	LTBP3	CD4_ET	1665	980	1.16e-11	5.917940796869963e-06	1.2292288916863742e-06	0.152914451737248	6.681355488512934e-06	0.8311358626590394	0.01594177501933308	0.01881973305661272	0.001617383063154914	0.0019143989348878816	0.13941504120283152	0.1609380331613512	UNINFORMATIVE_OR_WEAK_QTL	11:65555524	0.8482069976142482
combined	OVOL1/RELA	LTBP3	CD4_NC	1818	980	4.774e-13	9.764632958567663e-08	4.831002537143921e-09	0.011141152728529544	4.28616692792237e-07	0.9884660801386466	0.00039233368512887987	0.000396754155745898	3.924722672106948e-05	3.9689587882628875e-05	0.0039095322804283995	0.003953424718281325	FAIL_SUFFICIENT_COVERAGE	11:65555524	0.6844593261688476
european	OVOL1/RELA	LTBP3	CD4_NC	1813	980	0.0003568	9.764632958567663e-08	0.007967116162029955	0.002992276631670296	0.7068611290067349	0.26546504774634166	0.01671443045322347	0.05923333106953499	0.0016969705519671683	0.006256887781856367	0.1452885641256873	0.386363132585731	UNINFORMATIVE_OR_WEAK_QTL	11:65294830	0.22154932874072986
asian	OVOL1/RELA	LTBP3	CD4_NC	1665	980	1.16e-11	9.764632958567663e-08	8.960953425377451e-08	0.011147307790697582	7.94534515239499e-06	0.9883899956921419	0.0004546615624748904	0.00045979068515897335	4.548476840577397e-05	4.5998103065289324e-05	0.004528086901159369	0.004578958589027069	FAIL_SUFFICIENT_COVERAGE	11:65555524	0.5685290542711366
combined	OVOL1/RELA	LTBP3	CD8_NC	1818	980	4.774e-13	8.798055564991424e-07	1.7548929597628987e-08	0.04047095884677083	4.1517454117333554e-07	0.9574644112694213	0.0020641971603366145	0.0021512617155986795	0.000206803911676167	0.00021554349297790888	0.02026548401240491	0.02110401482376469	FAIL_SUFFICIENT_COVERAGE	11:65559266	0.5205475352159304
european	OVOL1/RELA	LTBP3	CD8_NC	1813	980	0.0003568	8.798055564991424e-07	0.02896818231916478	0.010879823169732204	0.6853169428066253	0.2573727692069231	0.01746228249755482	0.06353731952768346	0.0017741102628886175	0.0067390977384721865	0.15090630778128977	0.40422362479416646	UNINFORMATIVE_OR_WEAK_QTL	11:65220105	0.08622265109091067
asian	OVOL1/RELA	LTBP3	CD8_NC	1665	980	1.16e-11	8.798055564991424e-07	3.250926342328441e-07	0.040441094627489786	7.685320769646862e-06	0.956040249685799	0.0035106452733072017	0.0036586337334996877	0.0003521772598200187	0.00036707205734041873	0.034031209199579165	0.03542003685972576	FAIL_SUFFICIENT_COVERAGE	11:65555524	0.2703573062372196
combined	OVOL1/RELA	MRPL11	CD4_NC	1398	980	4.774e-13	3.474462062338269e-05	3.3003891261259046e-07	0.7611285328020019	9.14876868581564e-08	0.21095899345105812	0.027912052220340804	0.11684987664322365	0.0028631294591128	0.013058257907413356	0.22308074865188987	0.5695412954174643	UNINFORMATIVE_OR_WEAK_QTL	11:65555524	0.7835065665104993
european	OVOL1/RELA	MRPL11	CD4_NC	1398	980	0.0003568	3.474462062338269e-05	0.574415391063881	0.19550685874039786	0.15922951329634494	0.05417836467528991	0.016669872224086453	0.23528986681435948	0.001692377771493762	0.029850062104762994	0.14495177424325714	0.7547126076691869	UNINFORMATIVE_OR_WEAK_QTL	11:65842932	0.06152831685954554
asian	OVOL1/RELA	MRPL11	CD4_NC	1296	980	1.16e-11	0.0013463314017381	6.652378379404516e-06	0.8275468865665347	1.1408969786196391e-06	0.14189549356758605	0.03054982659052049	0.17715659991532895	0.003141353688449515	0.02107604430547311	0.23961617308180566	0.6828398014876299	UNINFORMATIVE_OR_WEAK_QTL	11:65555524	0.7487684104197971
combined	OVOL1/RELA	NEAT1	B_IN	1687	975	4.774e-13	1.2805706882093802e-06	2.1363163596103026e-07	0.4926726203348911	2.0867296143612834e-07	0.4812109172358513	0.026116040124660393	0.05147772998410189	0.002674465823549917	0.005397855407242731	0.21145831637121107	0.3517921486789986	UNINFORMATIVE_OR_WEAK_QTL	11:65555524	0.8468338844666743
european	OVOL1/RELA	NEAT1	B_IN	1682	975	0.0003568	1.2805706882093802e-06	0.36176012780114214	0.13360207846583338	0.35330256168322893	0.13045772679834203	0.0208775052514536	0.137955352290893	0.0021277300509260563	0.015751201529495013	0.17575173296346486	0.6154330160470154	UNINFORMATIVE_OR_WEAK_QTL	11:65211392	0.6803382899076542
asian	OVOL1/RELA	NEAT1	B_IN	1549	975	1.16e-11	1.2805706882093802e-06	3.9848294956599635e-06	0.4957075185944492	3.843527701918152e-06	0.4781035812786575	0.026181071769695682	0.05191724874321194	0.0026812862294572333	0.005446201492136825	0.21188445790363394	0.3538392460578541	UNINFORMATIVE_OR_WEAK_QTL	11:65555524	0.8176588634644042
combined	OVOL1/RELA	NEAT1	CD4_ET	1689	980	4.774e-13	7.336663307530254e-08	1.0815721470377676e-08	0.024942981012816532	4.220919017902098e-07	0.9734175009002396	0.0016390851793220155	0.001681015443331687	0.00016415066916831004	0.00016835625284808601	0.01615257280892881	0.016559621616262885	FAIL_SUFFICIENT_COVERAGE	11:65559266	0.5361428207093962
european	OVOL1/RELA	NEAT1	CD4_ET	1684	980	0.0003568	7.336663307530254e-08	0.017907627502606185	0.006615342022608232	0.6988774646555239	0.25815721268082553	0.01844235313843636	0.06667527869688387	0.0018753628066726492	0.007093173242179214	0.15817024736351737	0.4167003057801345	UNINFORMATIVE_OR_WEAK_QTL	11:65227515	0.1879411160041803
asian	OVOL1/RELA	NEAT1	CD4_ET	1550	980	1.16e-11	7.336663307530254e-08	2.0093333271589984e-07	0.024995841021868304	7.824637051667139e-06	0.9733728843734881	0.0016232490342585363	0.0016648774068314053	0.00016256239475111178	0.00016673757854779528	0.015998760588513655	0.016402993311594154	FAIL_SUFFICIENT_COVERAGE	11:65559266	0.4627459415596017
combined	OVOL1/RELA	NEAT1	CD8_ET	1689	980	4.774e-13	3.413393183217288e-12	1.0555854577486765e-12	2.4343681650957943e-06	4.33616374794703e-07	0.9999966278273448	5.041870600325854e-07	5.04188506037958e-07	5.0418728881682215e-08	5.041887348235068e-08	5.041847722016438e-06	5.041862181938935e-06	FAIL_SUFFICIENT_COVERAGE	11:65555524	0.8468443525911606
european	OVOL1/RELA	NEAT1	CD8_ET	1684	980	0.0003568	3.413393183217288e-12	1.7503964487471991e-06	6.466222944349465e-07	0.719055109393172	0.2656142466952667	0.015328246892817884	0.054560087002331614	0.001554266451192787	0.005737755916011313	0.13470003095029245	0.36591948136916774	UNINFORMATIVE_OR_WEAK_QTL	11:65197393	0.38917908739975887
asian	OVOL1/RELA	NEAT1	CD8_ET	1550	980	1.16e-11	3.413393183217288e-12	1.95691305918151e-11	2.4343739816469166e-06	8.038576128678205e-06	0.9999882447631131	1.2822672068574077e-06	1.2822806361436312e-06	1.2822686866473896e-07	1.2822821159646067e-07	1.2822524091454739e-05	1.2822658381217412e-05	FAIL_SUFFICIENT_COVERAGE	11:65555524	0.32033481345115006
combined	OVOL1/RELA	NEAT1	CD8_NC	1689	980	4.774e-13	1.8824727333225383e-06	2.0927704905672913e-07	0.48263016714482676	2.1651738849344602e-07	0.4993096202878205	0.018059786772915393	0.03490694758222395	0.0018358177059831396	0.003603916303984929	0.15534791564041014	0.2656212365830648	UNINFORMATIVE_OR_WEAK_QTL	11:65555524	0.8135350214924046
european	OVOL1/RELA	NEAT1	CD8_NC	1684	980	0.0003568	1.8824727333225383e-06	0.3519868923284231	0.13002915544723145	0.3640981174573887	0.13448381882768545	0.019402015939271426	0.12608058414638124	0.00197468314438528	0.0142218473545277	0.16517721991104642	0.5906173813899521	UNINFORMATIVE_OR_WEAK_QTL	11:65211392	0.5204501118579467
asian	OVOL1/RELA	NEAT1	CD8_NC	1550	980	1.16e-11	1.8824727333225383e-06	3.897821709450246e-06	0.48488386901321584	3.990227824999233e-06	0.4963603197337172	0.018747923203532562	0.03639608462995694	0.0019069688554412638	0.003762866716928207	0.16041260349457132	0.27415675438826365	UNINFORMATIVE_OR_WEAK_QTL	11:65555524	0.7574310226717167
combined	OVOL1/RELA	NEAT1	Mono_NC	1691	690	4.774e-13	1.0394989365805915e-10	4.638571533504019e-11	0.0001069737252410007	4.328862475351198e-07	0.9983112434055906	0.0015813499365361734	0.001581519802292498	0.00015836037450497369	0.0001583774095377279	0.0155915974210316	0.01559324873797444	FAIL_SUFFICIENT_COVERAGE	11:65555524	0.9988741113792995
european	OVOL1/RELA	NEAT1	Mono_NC	1686	690	0.0003568	1.0394989365805915e-10	7.705745954535236e-05	2.8483711645902748e-05	0.7190241864236354	0.26576679113812096	0.015103481267051964	0.05377386911657296	0.0015311614075777628	0.0056508690973705	0.13296121736858252	0.3623661984272545	UNINFORMATIVE_OR_WEAK_QTL	11:65197393	0.47785640778700805
asian	OVOL1/RELA	NEAT1	Mono_NC	1550	690	1.16e-11	1.0394989365805915e-10	8.597429787267248e-10	0.00010695088999405061	8.025401457634799e-06	0.9983477947137929	0.001537228135011666	0.0015374049014474683	0.000153935784478163	0.00015395351013771963	0.015162507255364327	0.015164227002196181	FAIL_SUFFICIENT_COVERAGE	11:65555524	0.9883564907270509
combined	OVOL1/RELA	NEAT1	NK	1689	980	4.774e-13	1.900876916691737e-15	1.3470662449515707e-15	3.106574800660039e-09	4.3361762686208176e-07	0.9999995157745225	4.750127624399644e-08	4.750129698896243e-08	4.750127827473046e-09	4.750129901969836e-09	4.750125593666379e-07	4.750127668161205e-07	FAIL_SUFFICIENT_COVERAGE	11:65197393	0.535922584287409
european	OVOL1/RELA	NEAT1	NK	1684	980	0.0003568	1.900876916691737e-15	2.233613354489083e-09	8.25129754573025e-10	0.7190012765291662	0.2655942838507408	0.0154044365613514	0.0548203085720831	0.0015621006078800216	0.0057665421134565535	0.13528804118238222	0.36708812643968725	UNINFORMATIVE_OR_WEAK_QTL	11:65197393	0.56507337524922
asian	OVOL1/RELA	NEAT1	NK	1550	980	1.16e-11	1.900876916691737e-15	2.4972326053085657e-14	3.1065243557760127e-09	8.038600032540375e-06	0.9999912189148644	7.393785549147218e-07	7.393845008279277e-07	7.393790469276319e-08	7.393849928487529e-08	7.3937363482163764e-06	7.393795806557118e-06	FAIL_SUFFICIENT_COVERAGE	11:65197393	0.5068284841791948
combined	OVOL1/RELA	PACS1	CD4_NC	1636	980	4.774e-13	7.83811774712834e-06	2.8846545810055387e-08	0.0665252745788269	4.038550386208722e-07	0.9313595641081988	0.0021147286113899393	0.0022654385106084477	0.00021187611557430198	0.0002270066937965082	0.020752316457609693	0.022201715514138774	UNINFORMATIVE_OR_WEAK_QTL	11:65555524	0.7788745000454581
european	OVOL1/RELA	PACS1	CD4_NC	1635	980	0.0003568	7.83811774712834e-06	0.04024186856747271	0.014228384122793954	0.56337864988154	0.19901158285910459	0.18313951456908867	0.47923325564569613	0.021928295033973595	0.08426967182916725	0.6915477207595366	0.9019843758096546	UNINFORMATIVE_OR_WEAK_QTL	11:65900152	0.02099955379380551
asian	OVOL1/RELA	PACS1	CD4_NC	1508	980	1.16e-11	7.83811774712834e-06	5.351623520902914e-07	0.06657348237767344	7.4860475397358876e-06	0.9312521567988498	0.002166339613584507	0.002320866387275127	0.0002170571589280693	0.00023257243131210805	0.021249101208535053	0.022733804762791743	UNINFORMATIVE_OR_WEAK_QTL	11:65555524	0.7319919325375084
combined	OVOL1/RELA	RIN1	Mono_NC	1457	690	4.774e-13	1.7309695303774995e-14	2.297507453523566e-13	5.298461535833712e-07	4.336174059919594e-07	0.9999989959987725	4.0537437392102e-08	4.0537476448492696e-08	4.053743887105745e-09	4.0537477927451e-09	4.0537422602552964e-07	4.0537461658915096e-07	FAIL_SUFFICIENT_COVERAGE	11:65555524	0.6178288076948095
european	OVOL1/RELA	RIN1	Mono_NC	1456	690	0.0003568	1.7309695303774995e-14	3.6965188404290993e-07	1.2747428055320934e-07	0.6976504437510149	0.240522605098513	0.061826454024307184	0.20448700652047358	0.006546942201340609	0.025060858615196243	0.39723041071623627	0.7199275671472185	UNINFORMATIVE_OR_WEAK_QTL	11:66091814	0.08554310403160469
asian	OVOL1/RELA	RIN1	Mono_NC	1351	690	1.16e-11	1.7309695303774995e-14	4.272295062897194e-12	5.314677538567943e-07	8.038601792645545e-06	0.9999912401130887	1.8981309242894746e-07	1.8981471915510253e-07	1.89813124855062e-08	1.8981475158177307e-08	1.8981276816841125e-06	1.8981439488900824e-06	FAIL_SUFFICIENT_COVERAGE	11:65555524	0.12731896512349028
combined	OVOL1/RELA	RNASEH2C	B_IN	1941	975	4.774e-13	5.524939358037348e-06	8.369922095521403e-08	0.19302531877619522	3.236811511892512e-07	0.746405846398357	0.060568427445076976	0.07505620613728292	0.006406046490362906	0.008049359565465089	0.3919992637604067	0.44796146729508984	UNINFORMATIVE_OR_WEAK_QTL	11:65555524	0.9556922085318725
european	OVOL1/RELA	RNASEH2C	B_IN	1936	975	0.0003568	5.524939358037348e-06	0.11962907142375523	0.04540016085117533	0.46258924194957485	0.17535918437813058	0.19702234139736402	0.529087314380217	0.023948846098644467	0.1010052848453563	0.7104509779174876	0.9182696650723954	UNINFORMATIVE_OR_WEAK_QTL	11:65488691	0.1931694057815993
asian	OVOL1/RELA	RNASEH2C	B_IN	1780	975	1.16e-11	5.524939358037348e-06	1.4457963158418862e-06	0.17985515625841197	5.544877505226592e-06	0.6896449610975961	0.13049289197017117	0.1591109244403924	0.014785785064864285	0.01857036569111822	0.6001229298353135	0.6542394504728867	UNINFORMATIVE_OR_WEAK_QTL	11:65555524	0.39763200910725693
combined	OVOL1/RELA	RNASEH2C	B_MEM	1943	970	4.774e-13	2.298962027605447e-11	3.1158487442277624e-12	7.185702450826658e-06	4.3361206791895865e-07	0.9999866929366438	5.6877457210126715e-06	5.6877890580841475e-06	5.68777483656797e-07	5.687818174083128e-07	5.687454581853539e-05	5.687497914488511e-05	FAIL_SUFFICIENT_COVERAGE	11:65399528	0.2149001773534357
european	OVOL1/RELA	RNASEH2C	B_MEM	1938	970	0.0003568	2.298962027605447e-11	4.3932782755385715e-06	1.6679097118621107e-06	0.6113870227514451	0.23195665761723144	0.15665025844333633	0.4031072324480222	0.018236037887601336	0.06326193096399456	0.6500409039752288	0.8710247904463182	UNINFORMATIVE_OR_WEAK_QTL	11:65477954	0.2686909270872988
asian	OVOL1/RELA	RNASEH2C	B_MEM	1780	970	1.16e-11	2.298962027605447e-11	5.777254993997642e-11	7.186829073396052e-06	8.038462970972782e-06	0.9999741890165478	1.0585633633844076e-05	1.0585794806273107e-05	1.0585734484880398e-06	1.0585895660380485e-06	0.00010584625229160653	0.00010584786370883806	FAIL_SUFFICIENT_COVERAGE	11:65399528	0.20146584207561044
combined	OVOL1/RELA	RNASEH2C	CD4_ET	1943	980	4.774e-13	1.737167125662563e-07	9.954338034407214e-09	0.02295647738474127	4.231350260164613e-07	0.9758235537302293	0.001219535795665408	0.001248190390719801	0.00012208758072394983	0.00012495941489879615	0.012062957084953991	0.012343243446456386	FAIL_SUFFICIENT_COVERAGE	11:65555524	0.5880168453627297
european	OVOL1/RELA	RNASEH2C	CD4_ET	1938	980	0.0003568	1.737167125662563e-07	0.014006159469915286	0.005316896311596532	0.5953624014958164	0.22584682353972388	0.15946771918294758	0.4138637437770518	0.01861898649752773	0.06595200293906676	0.6548418974801451	0.8759440569676186	UNINFORMATIVE_OR_WEAK_QTL	11:65428178	0.24290804678197522
asian	OVOL1/RELA	RNASEH2C	CD4_ET	1781	980	1.16e-11	1.737167125662563e-07	1.8408223824220596e-07	0.022899588019192042	7.820649073618286e-06	0.9728742275555027	0.0042181796939940955	0.004317073454565285	0.0004234254455541307	0.0004333912290498641	0.04063899373646925	0.04155612687576374	FAIL_SUFFICIENT_COVERAGE	11:65555524	0.16315113612575727
combined	OVOL1/RELA	RNASEH2C	CD4_NC	1943	980	4.774e-13	1.829292171356437e-43	2.7888031107848702e-45	6.43147694220745e-39	4.3361754910232946e-07	0.9999993392756801	2.271067717138605e-07	2.2710687019138474e-07	2.2710681813360623e-08	2.271069166111706e-08	2.271063075174349e-06	2.2710640599455695e-06	FAIL_SUFFICIENT_COVERAGE	11:65438345	0.4549765892436096
european	OVOL1/RELA	RNASEH2C	CD4_NC	1938	980	0.0003568	1.829292171356437e-43	3.999133002040093e-39	1.5181160512846525e-39	0.621608814468044	0.23582716201023946	0.14256402352172357	0.37676359538158705	0.016354854875868005	0.0570065545431544	0.6244383029852857	0.8580609150659405	UNINFORMATIVE_OR_WEAK_QTL	11:65438345	0.48913272533991553
asian	OVOL1/RELA	RNASEH2C	CD4_NC	1781	980	1.16e-11	1.829292171356437e-43	5.178674432907772e-44	6.442202796506481e-39	8.038600870925132e-06	0.9999913616994787	5.996996449525577e-07	5.997044657374015e-07	5.996999686284268e-08	5.997047894184751e-08	5.996964082130455e-06	5.997012289458499e-06	FAIL_SUFFICIENT_COVERAGE	11:65438345	0.5301589057939022
combined	OVOL1/RELA	RNASEH2C	CD8_ET	1943	980	4.774e-13	8.510911568173971e-15	2.0178113933106872e-15	4.653432649875711e-09	4.3361684083894623e-07	0.999997704263726	1.8574659980484631e-06	1.8574668121209554e-06	1.8574691032155993e-07	1.8574699172908133e-07	1.857434946948155e-05	1.857435760993429e-05	FAIL_SUFFICIENT_COVERAGE	11:65399528	0.29956251394746974
european	OVOL1/RELA	RNASEH2C	CD8_ET	1938	980	0.0003568	8.510911568173971e-15	2.8209424972054703e-09	1.0708616299017758e-09	0.606184629852474	0.22995066666298844	0.16386469959273442	0.4160952406471853	0.01922117478856654	0.06652050187788272	0.6621378366712637	0.8769394443401898	UNINFORMATIVE_OR_WEAK_QTL	11:65463447	0.33423665564547356
asian	OVOL1/RELA	RNASEH2C	CD8_ET	1781	980	1.16e-11	8.510911568173971e-15	3.741821461437464e-14	4.654776621932822e-09	8.038578374668684e-06	0.9999885603981216	3.3963686880805936e-06	3.3963960060856773e-06	3.3963790699005797e-07	3.396406388072668e-07	3.396264873371564e-05	3.396292189706636e-05	FAIL_SUFFICIENT_COVERAGE	11:65399528	0.2858574122727141
combined	OVOL1/RELA	RNASEH2C	CD8_NC	1943	980	4.774e-13	8.879805974982511e-12	1.6604176893810467e-12	3.829219080540323e-06	4.336153601172907e-07	0.9999942898658952	1.4472980053442303e-06	1.4473041749647142e-06	1.447299890551047e-07	1.4473060601876083e-07	1.447279153546141e-05	1.4472853230059025e-05	FAIL_SUFFICIENT_COVERAGE	11:65555524	0.2975259207810414
european	OVOL1/RELA	RNASEH2C	CD8_NC	1938	980	0.0003568	8.879805974982511e-12	2.3339940735483365e-06	8.860105089901831e-07	0.6095043780341787	0.23121546832988707	0.15927693363135179	0.40788740787627914	0.01859298340915748	0.06444723476880601	0.6545199543495548	0.8732360775477567	UNINFORMATIVE_OR_WEAK_QTL	11:65428178	0.3813412701681942
asian	OVOL1/RELA	RNASEH2C	CD8_NC	1781	980	1.16e-11	8.879805974982511e-12	3.078738315466259e-11	3.829909920495205e-06	8.038552070145582e-06	0.999985288703659	2.8428035624838842e-06	2.842837302677882e-06	2.842810835881379e-07	2.84284457624803e-07	2.842730830555898e-05	2.842764569023449e-05	FAIL_SUFFICIENT_COVERAGE	11:65521126	0.17066243135126685
combined	OVOL1/RELA	RNASEH2C	NK	1943	980	4.774e-13	6.012503395262999e-24	1.7304643236893154e-24	3.990759101666483e-18	4.33617539925196e-07	0.9999993180903795	2.482920826839822e-07	2.482921903478305e-07	2.4829213816805735e-08	2.4829224583195405e-08	2.4829152784459736e-06	2.482916355079654e-06	FAIL_SUFFICIENT_COVERAGE	11:65477954	0.2430897201293138
european	OVOL1/RELA	RNASEH2C	NK	1938	980	0.0003568	6.012503395262999e-24	2.44311977239845e-18	9.274358566711681e-19	0.6121042583997098	0.23220599946956885	0.15568974213072131	0.4013700730212008	0.0181060009733799	0.06283513617890024	0.6483809937844113	0.870210968928364	UNINFORMATIVE_OR_WEAK_QTL	11:65438345	0.24295666429648233
asian	OVOL1/RELA	RNASEH2C	NK	1781	980	1.16e-11	6.012503395262999e-24	3.209878882588222e-23	3.993047059003104e-18	8.03860077084722e-06	0.9999913492374555	6.12161775154781e-07	6.121666961184554e-07	6.121621124228034e-08	6.121670333919001e-08	6.121584024950119e-06	6.121633234044657e-06	FAIL_SUFFICIENT_COVERAGE	11:65438345	0.2861015433561145
combined	OVOL1/RELA	SF1	CD8_ET	933	980	8.895e-09	2.796169568249764e-30	1.9154875498483813e-23	9.363095971070788e-21	0.002041134142280906	0.9977266841596987	0.0002321816980229257	0.00023265658131447245	2.3223022567024148e-05	2.3270530769368055e-05	0.0023169753467965973	0.0023217043749205082	FAIL_SUFFICIENT_COVERAGE	11:64561908	0.8483454108262176
european	OVOL1/RELA	SF1	CD8_ET	928	980	0.0003568	2.796169568249764e-30	6.910463181886347e-21	1.751109952255787e-21	0.7367006767029975	0.1866031040855861	0.07669621921141569	0.29128908593852443	0.008238282531829705	0.039478634385744844	0.4537523705793075	0.804310093048418	UNINFORMATIVE_OR_WEAK_QTL	11:64561908	0.7529720278725132
asian	OVOL1/RELA	SF1	CD8_ET	853	980	9.411e-09	2.796169568249764e-30	1.0566133277507178e-23	9.388200670239778e-21	0.001124147148501371	0.9988250383479794	5.081450351762705e-05	5.087169078376114e-05	5.081682752630217e-06	5.08740200264354e-06	0.0005079127511677459	0.0005084841008241035	FAIL_SUFFICIENT_COVERAGE	11:64561908	0.7951141095110548
combined	OVOL1/RELA	SIPA1	CD4_NC	1909	980	4.774e-13	3.256460152224838e-05	2.3072525965214963e-07	0.5320935641652356	1.6549100643494997e-07	0.3815654108266925	0.08634062879180537	0.1845255702666336	0.009361513982503948	0.022127305291264387	0.4858606565739255	0.6935147913712345	UNINFORMATIVE_OR_WEAK_QTL	11:65559266	0.5197775647267672
european	OVOL1/RELA	SIPA1	CD4_NC	1904	980	0.0003568	3.256460152224838e-05	0.33328604192523126	0.12615626037389957	0.23898925345535907	0.09025148884143115	0.21131695540407894	0.7007263506391389	0.02609448123511616	0.18972069848501671	0.7282139537458094	0.9590402891299541	UNINFORMATIVE_OR_WEAK_QTL	11:65493249	0.10353106133300437
asian	OVOL1/RELA	SIPA1	CD4_NC	1750	980	1.16e-11	3.256460152224838e-05	4.338233704636396e-06	0.5396705556918409	3.046693173713851e-06	0.3789232168662884	0.08139884251499224	0.17683020149936007	0.008783342794710911	0.021029863678537968	0.469810296280326	0.6823543307651457	UNINFORMATIVE_OR_WEAK_QTL	11:65555524	0.49684553551081906
combined	OVOL1/RELA	SIPA1	CD8_ET	1909	980	4.774e-13	7.493984138197679e-06	1.2886923122673357e-07	0.29719541179863046	1.630667555696736e-07	0.37573392658722954	0.3270703696781534	0.4653790129288706	0.04635110175530207	0.08007775881031944	0.8293630328922806	0.8969586304783386	HOLD_TARGETED_LD	11:65559266	0.9677420561679378
european	OVOL1/RELA	SIPA1	CD8_ET	1904	980	0.0003568	7.493984138197679e-06	0.2522546296526542	0.09548404894232286	0.3191464686638285	0.12059159072243911	0.2125232620187553	0.637987950011554	0.026278672478949494	0.14982895750979155	0.7296411549704616	0.9463040828678322	UNINFORMATIVE_OR_WEAK_QTL	11:65499719	0.06093023452346436
asian	OVOL1/RELA	SIPA1	CD8_ET	1750	980	1.16e-11	7.493984138197679e-06	2.460427036399116e-06	0.30607388084087317	3.0272029290983316e-06	0.3762623967291565	0.31765823480000505	0.457773152096654	0.04448324591917392	0.07785202568517742	0.823178236942794	0.894095457650561	HOLD_TARGETED_LD	11:65559266	0.8752926868728873
combined	OVOL1/RELA	SIPA1	NK	1909	980	4.774e-13	1.7617345885184004e-06	9.159921518551756e-08	0.21124411326389558	3.3480096518111705e-07	0.7720940260464009	0.0166614342895244	0.02112370072522657	0.0016915080846751508	0.0021533073097858824	0.14488797032328798	0.17749319001288438	UNINFORMATIVE_OR_WEAK_QTL	11:65555524	0.6515536746991438
european	OVOL1/RELA	SIPA1	NK	1904	980	0.0003568	1.7617345885184004e-06	0.13611323673959383	0.05152192043585989	0.497474995291352	0.18817875971122044	0.12671108782197377	0.4023981364105951	0.01430212253648213	0.06308746367246262	0.5919972913024175	0.8706932593990285	UNINFORMATIVE_OR_WEAK_QTL	11:65390485	0.0324228049568102
asian	OVOL1/RELA	SIPA1	NK	1750	980	1.16e-11	1.7617345885184004e-06	1.3406680944778316e-06	0.16677734414628861	4.821605476332925e-06	0.599567718301488	0.23364877527865274	0.2804178470768352	0.029586426642839257	0.03750787434193905	0.7530161151524332	0.7957914200853619	HOLD_TARGETED_LD	11:65558752	0.22398802699580106
combined	OVOL1/RELA	SLC25A45	CD4_NC	1618	980	4.774e-13	1.1575245906283744e-05	1.990164590329056e-07	0.4589674171741653	2.2663792138380622e-07	0.5226490481009707	0.018383109070483253	0.03397784924022107	0.0018692370568739191	0.0035049670415797755	0.157734273516901	0.2602070187218158	UNINFORMATIVE_OR_WEAK_QTL	11:65555524	0.6088938401114073
european	OVOL1/RELA	SLC25A45	CD4_NC	1613	980	0.0003568	1.1575245906283744e-05	0.3384269687370842	0.12271304960653846	0.3853318174640977	0.13970684754110863	0.013821316651171046	0.09002463309507916	0.0013995408121752866	0.009796170281286702	0.12292259725010761	0.49731275015495263	UNINFORMATIVE_OR_WEAK_QTL	11:64953105	0.0910845490986638
asian	OVOL1/RELA	SLC25A45	CD4_NC	1484	980	1.16e-11	1.1575245906283744e-05	3.706503396145402e-06	0.46108411721580395	4.160653631434432e-06	0.5175584558940368	0.02134955973313102	0.03961633361174806	0.0021767819764623416	0.004108106673205325	0.17908510417183518	0.292038046146364	UNINFORMATIVE_OR_WEAK_QTL	11:65555524	0.5066936905713513
combined	OVOL1/RELA	ZDHHC24	CD4_NC	1319	980	4.774e-13	5.904621763912136e-11	1.0158591542455059e-12	2.3427521909197645e-06	4.336165972071719e-07	0.9999971243847724	9.924542538489527e-08	9.924570092766232e-08	9.924543424958514e-09	9.92457097924016e-09	9.924533673808457e-07	9.924561228035942e-07	FAIL_SUFFICIENT_COVERAGE	11:65555524	0.5761580386930045
european	OVOL1/RELA	ZDHHC24	CD4_NC	1319	980	0.0003568	5.904621763912136e-11	1.7188384074518682e-06	5.807275291895292e-07	0.7336812965394123	0.24786344489988493	0.01845295899476687	0.06928960711735356	0.0018764595067771968	0.007389792978690179	0.15824825320174177	0.4267635578651895	UNINFORMATIVE_OR_WEAK_QTL	11:66303895	0.02787324692471656
asian	OVOL1/RELA	ZDHHC24	CD4_NC	1219	980	1.16e-11	5.904621763912136e-11	1.8834415396320895e-11	2.342975635357545e-06	8.03858795901207e-06	0.9999893986719689	2.1974560182083676e-07	2.1974788315159935e-07	2.197456452801622e-08	2.1974792661182705e-08	2.1974516722853075e-06	2.1974744855026978e-06	FAIL_SUFFICIENT_COVERAGE	11:65555524	0.25036396339669703
combined	OVOL1/RELA	ZDHHC24	CD8_ET	1319	980	4.774e-13	1.2954609267077507e-05	3.465701137146103e-08	0.07992524257117578	3.9762252502808654e-07	0.9169852924525889	0.003089032696698554	0.003357372999401261	0.00030976445494650015	0.00033675485041811633	0.030054765584739695	0.03258900886795787	UNINFORMATIVE_OR_WEAK_QTL	11:65555524	0.6963462534382636
european	OVOL1/RELA	ZDHHC24	CD8_ET	1319	980	0.0003568	1.2954609267077507e-05	0.058884982661307324	0.019894907129730775	0.6755918807039666	0.22823839146215932	0.017389838042835833	0.07079739196867105	0.0017666331217653325	0.0075615429659933505	0.1503649770451842	0.43243590883477456	UNINFORMATIVE_OR_WEAK_QTL	11:66196265	0.014316007955229092
asian	OVOL1/RELA	ZDHHC24	CD8_ET	1219	980	1.16e-11	1.2954609267077507e-05	6.436834695103512e-07	0.08007334733839214	7.370175177301342e-06	0.9168366768184824	0.0030819619844784335	0.0033502549622092884	0.00030905344030662124	0.0003360387301016448	0.029987827738986592	0.03252193854808057	UNINFORMATIVE_OR_WEAK_QTL	11:65555524	0.6727051063501406
combined	REEP3	REEP3	CD4_ET	2571	980	1.028e-05	1.3656667210969662e-06	0.0021612577322222817	0.006642985400615215	0.23461507753826324	0.721093006914086	0.03548767241481289	0.04690533790301269	0.0036658504927488075	0.004897271131817796	0.26897049333698697	0.3298203600930196	UNINFORMATIVE_OR_WEAK_QTL	10:65208652	0.19030950280247053
european	REEP3	REEP3	CD4_ET	2568	980	0.003587	1.3656667210969662e-06	0.00760720694579824	0.0013299061212703697	0.8258151443029028	0.1443496472665997	0.020898095363429237	0.12646523959009665	0.0021298687159262346	0.014270809124586505	0.17589762547238794	0.5914601030916958	UNINFORMATIVE_OR_WEAK_QTL	10:65119858	0.02350704599729752
asian	REEP3	REEP3	CD4_ET	2231	980	4.55e-06	1.3656667210969662e-06	0.0011454299865384448	0.007102989255064686	0.1239866000372054	0.7687611606477028	0.09900382007348871	0.11409059166135921	0.010868832336275457	0.01271461535597471	0.5235432051682831	0.5629057085605375	UNINFORMATIVE_OR_WEAK_QTL	10:65376395	0.4087574048438045
combined	REEP3	REEP3	CD4_NC	2571	980	1.028e-05	2.3105102521235547e-10	6.066405150449283e-06	1.864610603716135e-05	0.22675504772410285	0.6968930573982324	0.07632718236647658	0.0987133787259668	0.008195718743920043	0.010833838165494335	0.4524581334674655	0.5227298872638995	UNINFORMATIVE_OR_WEAK_QTL	10:65387858	0.277761868536686
european	REEP3	REEP3	CD4_NC	2568	980	0.003587	2.3105102521235547e-10	2.2432071313193985e-05	3.9216165886834195e-06	0.8385274443472042	0.14657806525344638	0.014868136711447353	0.09209344370132913	0.0015069790445548913	0.010041636355249142	0.1311339144116561	0.5035617860607522	UNINFORMATIVE_OR_WEAK_QTL	10:65377538	0.09145392236888662
asian	REEP3	REEP3	CD4_NC	2231	980	4.55e-06	2.3105102521235547e-10	3.538349664995712e-07	2.1941855850202786e-06	0.013215813375595777	0.08104757736505182	0.9057340612388013	0.9178667557295432	0.4900115079946459	0.5277525176851194	0.9896995201624613	0.9911310861738253	PASS_ROBUST_SHARED_SIGNAL	10:65376395	0.5305485173768629
combined	REL	C2orf74	CD4_NC	2295	980	9.582e-10	1.278243975838406e-10	6.328745020960289e-10	6.32654958674612e-06	0.00010002022000912078	0.9998551926628797	3.845993465028021e-05	3.846402519944872e-05	3.8461265946277616e-06	3.846535677865593e-06	0.0003844662675750665	0.0003845071447619382	FAIL_SUFFICIENT_COVERAGE	2:61427675	0.04085975278584501
european	REL	C2orf74	CD4_NC	2287	980	2.113e-06	1.278243975838406e-10	3.1477467433941364e-07	4.123110329413752e-06	0.04974273371310082	0.6512616199371961	0.29899120846469995	0.3146438500662329	0.04090682333570496	0.043894368915142534	0.8100721161326044	0.8211396454068468	HOLD_TARGETED_LD	2:61571445	0.11201661487549901
asian	REL	C2orf74	CD4_NC	1975	980	2.522e-07	1.278243975838406e-10	7.952449214028899e-08	6.2501284566321945e-06	0.01256095643097285	0.9872125128679715	0.0002202010481057405	0.00022300359812107217	2.202446964074309e-05	2.230483646501571e-05	0.0021976551473560026	0.0022255691917720307	UNINFORMATIVE_OR_WEAK_QTL	2:61388355	0.04405374482202529
combined	REL	C2orf74	CD8_ET	2295	980	9.582e-10	3.991723880790782e-06	7.281366067846438e-06	0.07278840170510031	9.073194989089078e-05	0.9069846218773518	0.02012896310158847	0.021711431509274782	0.0020500348789506797	0.00221441342785231	0.17041680821570526	0.1816243862838125	UNINFORMATIVE_OR_WEAK_QTL	2:61114939	0.1083973846684859
european	REL	C2orf74	CD8_ET	2287	980	2.113e-06	3.991723880790782e-06	0.003596950165201456	0.0471150432024183	0.044819091182454446	0.5867500247170505	0.3177188907328756	0.3512767385431118	0.04449514132302668	0.051367442874558175	0.8232189636573705	0.8441127671542389	HOLD_TARGETED_LD	2:61551588	0.03503266807424079
asian	REL	C2orf74	CD8_ET	1975	980	2.522e-07	3.991723880790782e-06	0.00034956944365178045	0.027473975231212807	0.004344460631170684	0.3408204631873113	0.6270115315066531	0.647851626050985	0.1439124322357544	0.15538486815077807	0.9438532829463834	0.9484459576345585	HOLD_TARGETED_LD	2:61167167	0.12934214594117607
combined	REL	CCT4	CD4_NC	1268	980	7.87e-09	3.3045808600250558e-18	3.4352755345206715e-14	1.4583195801941218e-11	0.0023499723793036155	0.9975940814720136	5.5946134065156914e-05	5.607791561876967e-05	5.594895117992821e-06	5.608074602097869e-06	0.000559179785126544	0.0005604962730233701	FAIL_SUFFICIENT_COVERAGE	2:62070508	0.15001260071665973
european	REL	CCT4	CD4_NC	1267	980	2.289e-06	3.3045808600250558e-18	1.203855137544016e-12	1.3382878204538288e-11	0.08235091667593356	0.9154670081419196	0.002182075167559613	0.0023778971801399415	0.00021863689067282672	0.0002382997049908681	0.021400474676309764	0.02328073896947571	UNINFORMATIVE_OR_WEAK_QTL	2:62070508	0.1499490691373524
asian	REL	CCT4	CD4_NC	1118	980	2.522e-07	3.3045808600250558e-18	3.3992360444151685e-13	1.4209437116393263e-11	0.02326923791357845	0.9726932643640495	0.004037497707822346	0.004133685417317952	0.00040522224628371185	0.00041491214639190356	0.03895929451741181	0.039854153379384465	UNINFORMATIVE_OR_WEAK_QTL	2:62064797	0.3956999966389808
combined	REL	CCT4	CD8_ET	1268	980	7.87e-09	2.138516197647546e-06	0.0005760952561684237	0.24456000215557203	0.001753157856946977	0.7442296535664856	0.008881091164827442	0.011792543429978474	0.0008952649531820409	0.0011919043686261124	0.08223766948903857	0.10661054858160338	UNINFORMATIVE_OR_WEAK_QTL	2:61119471	0.304975095649994
european	REL	CCT4	CD8_ET	1267	980	2.289e-06	2.138516197647546e-06	0.020197329115956043	0.22452734318786047	0.06146256135121074	0.6832493630196242	0.0105634033253487	0.015225149835447732	0.0010664794195571403	0.0015436672927907115	0.09646321466992416	0.13390322797073628	UNINFORMATIVE_OR_WEAK_QTL	2:61494895	0.0643086737614908
asian	REL	CCT4	CD8_ET	1118	980	2.522e-07	2.138516197647546e-06	0.005667710892673037	0.23692082712423262	0.017174421050992962	0.717900316324134	0.022336724607967026	0.030175097128131805	0.0022794973141728567	0.003101745641204271	0.1859796583736803	0.23730473140839606	UNINFORMATIVE_OR_WEAK_QTL	2:62055137	0.09950580248277621
combined	REL	PAPOLG	CD4_NC	2544	980	9.582e-10	1.8651827209624687e-05	6.735136103790636e-05	0.6732811149480572	2.9745938882970556e-05	0.29732741212108665	0.029294375630934545	0.0896889819645942	0.003008763424439593	0.009756438749606324	0.2318236061272584	0.496286744087978	UNINFORMATIVE_OR_WEAK_QTL	2:61092678	0.10226248383478549
european	REL	PAPOLG	CD4_NC	2533	980	2.113e-06	1.8651827209624687e-05	0.04793752936312309	0.6285703610962281	0.021147753255339102	0.2772702115465636	0.02507414473874626	0.0829324054426365	0.0025653050203152013	0.008962169382663417	0.20457545603574506	0.4748786189563899	UNINFORMATIVE_OR_WEAK_QTL	2:61494895	0.06658951849003521
asian	REL	PAPOLG	CD4_NC	2210	980	2.522e-07	1.8651827209624687e-05	0.008200327015988421	0.644547830464295	0.0034511818770364155	0.2711911812260562	0.07260947941662414	0.21119645110888483	0.007768615560109087	0.026076108533862104	0.4391298717256478	0.7280707962233413	UNINFORMATIVE_OR_WEAK_QTL	2:61031500	0.248777199561057
combined	REL	PEX13	CD4_NC	2433	980	9.582e-10	2.560896281072734e-05	3.0102913365090623e-05	0.30092482721106945	6.8358344164715e-05	0.6833309345595634	0.01564577697183746	0.02238383155507262	0.0015869234829812338	0.0022844034881005807	0.13714597209107018	0.18630611357519905	UNINFORMATIVE_OR_WEAK_QTL	2:61075189	0.1037848187188296
european	REL	PEX13	CD4_NC	2422	980	2.113e-06	2.560896281072734e-05	0.01465641347744881	0.19204689291491192	0.03327130367632676	0.4356383745496157	0.3243870153816971	0.4268107614286591	0.0458140304901429	0.06930205129739365	0.8276270210239968	0.8816041949105077	HOLD_TARGETED_LD	2:61427675	0.08579570812739797
asian	REL	PEX13	CD4_NC	2099	980	2.522e-07	2.560896281072734e-05	0.0037952155632946295	0.2982956585687317	0.008490302071604004	0.6672970873199958	0.02212173647637406	0.032087514458276595	0.0022571117559540546	0.003304171841387498	0.18448684120356523	0.24897441369123907	UNINFORMATIVE_OR_WEAK_QTL	2:61165366	0.07364550935437543
combined	REL	PUS10	CD8_ET	2510	980	9.582e-10	4.184622857156049e-06	5.236600438602209e-05	0.5234787610836592	4.558202017428039e-05	0.4556416223718363	0.020781668519944032	0.04362017751282565	0.002117776691883391	0.004540260003873582	0.17507207645884632	0.3132324711709399	UNINFORMATIVE_OR_WEAK_QTL	2:61092678	0.11794116462970589
european	REL	PUS10	CD8_ET	2499	980	2.113e-06	4.184622857156049e-06	0.036616933903524364	0.4799510382234601	0.031849227575573624	0.41742487569592107	0.034157924601521	0.07564044640101959	0.003524131785175566	0.008116593092389346	0.2612617986418236	0.45003608840112685	UNINFORMATIVE_OR_WEAK_QTL	2:61054980	0.032585848993019834
asian	REL	PUS10	CD8_ET	2174	980	2.522e-07	4.184622857156049e-06	0.007382327548901809	0.5802549951454532	0.0044786024450001955	0.35196468966629524	0.05591938519434975	0.1370962698493556	0.00588828064984709	0.015639308793711653	0.37198386875602457	0.613717400876844	UNINFORMATIVE_OR_WEAK_QTL	2:61165366	0.0737304075001588
combined	REL	REL	B_IN	2608	975	9.582e-10	1.7203923069527336e-26	1.728131289688384e-23	1.7275344397576174e-19	0.00010002330596837919	0.9998875937835606	1.238291047099975e-05	1.2384149174541794e-05	1.2383048475362307e-06	1.238428720651599e-06	0.00012381530596535987	0.00012382769024012763	FAIL_SUFFICIENT_COVERAGE	2:61122317	0.2593907908510416
european	REL	REL	B_IN	2597	975	2.113e-06	1.7203923069527336e-26	1.2139688544157096e-20	1.591797035856681e-19	0.07024437767611467	0.9210593506037809	0.00869627172010579	0.009353287585795726	0.000876487125190425	0.00094326915952746	0.08065049002083073	0.08627064821153792	UNINFORMATIVE_OR_WEAK_QTL	2:61122317	0.25939383827087764
asian	REL	REL	B_IN	2265	975	2.522e-07	3.9885192831254397e-20	5.061239473090114e-16	3.978359512045475e-14	0.012556697990346435	0.9870119231121418	0.00043137889747184066	0.0004368644727184962	4.3154644149716965e-05	4.370363057902564e-05	0.004297105847672436	0.004351535446041625	UNINFORMATIVE_OR_WEAK_QTL	2:61256222	0.1159314050353815
combined	TNFRSF13B	CCDC144A	CD4_NC	2162	980	3.452e-09	3.267832572799433e-05	0.00044906321245852997	0.6844155430247602	0.0001858502667827456	0.2832219608346589	0.03172758266133981	0.10073862088878657	0.0032660188611865946	0.011078270842757306	0.24680196025784504	0.5283546971284095	UNINFORMATIVE_OR_WEAK_QTL	17:16851450	0.23127628347881024
european	TNFRSF13B	CCDC144A	CD4_NC	2141	980	5.932e-07	3.267832572799433e-05	0.07718359619734506	0.6103963948616898	0.03178613286144253	0.25134719564375224	0.029286680435770363	0.10435903478549204	0.003007951670996277	0.011517680054675891	0.2317754124279006	0.5381463989476939	UNINFORMATIVE_OR_WEAK_QTL	17:16849139	0.3850322601035188
asian	TNFRSF13B	CCDC144A	CD4_NC	1806	980	1.647e-06	3.267832572799433e-05	0.1899082827247671	0.5132592081117935	0.06367731693175041	0.17203758601083594	0.061117606220853035	0.26213272642935515	0.0064675115646168685	0.03430694940845705	0.39429226675138346	0.7803439886396736	UNINFORMATIVE_OR_WEAK_QTL	17:16848750	0.147659221056576
combined	TNFRSF13B	CENPV	B_IN	1608	975	3.452e-09	3.776712120398654e-11	9.527163677345353e-10	1.452013300893331e-06	0.0006556405178329637	0.9992466730456292	9.623347051956123e-05	9.629674648419207e-05	9.624180603426469e-06	9.630509296460224e-06	0.0009615019471720246	0.0009621336118134154	FAIL_SUFFICIENT_COVERAGE	17:16186100	0.26090523190450343
european	TNFRSF13B	CENPV	B_IN	1590	975	5.932e-07	3.776712120398654e-11	1.2188337279940244e-07	9.608359461551925e-07	0.08386459017539546	0.6608694726658616	0.2552648544394239	0.27863256171830786	0.033140019464104234	0.03718915465970575	0.7741436194309623	0.7943470460855051	HOLD_TARGETED_LD	17:16207455	0.062312336743487136
asian	TNFRSF13B	CENPV	B_IN	1345	975	1.647e-06	3.776712120398654e-11	3.8481762770977327e-07	1.0353630533499874e-06	0.2635956601954981	0.7091845951105221	0.027218324513297844	0.036961184954565234	0.0027901821256215223	0.0038233008524049426	0.2186272405149372	0.27735089124730594	UNINFORMATIVE_OR_WEAK_QTL	17:16168784	0.08345966353453944
combined	TNFRSF13B	CENPV	CD4_NC	1608	980	3.452e-09	2.762844166977841e-11	1.6634843516269694e-09	2.535278584678736e-06	0.0006556530780125834	0.9992658359885858	7.597399133141859e-05	7.602402958898055e-05	7.597918652927157e-06	7.602923163268033e-06	0.0007592207840148175	0.0007597204827776478	FAIL_SUFFICIENT_COVERAGE	17:16242993	0.11280019417759003
european	TNFRSF13B	CENPV	CD4_NC	1590	980	5.932e-07	2.762844166977841e-11	2.2687607447468693e-07	1.7885186688805715e-06	0.08940556012665052	0.7045995436151391	0.20599288086346657	0.22621853128353844	0.02528741230574513	0.028405021058867306	0.7217852330144573	0.7451284798574309	HOLD_TARGETED_LD	17:16244997	0.09724686773541619
asian	TNFRSF13B	CENPV	CD4_NC	1345	980	1.647e-06	2.762844166977841e-11	6.922864841799935e-07	1.8626169812421039e-06	0.26892132384736145	0.7235331238545827	0.007542997394590061	0.010317663476275928	0.0007594554529113626	0.0010414370247049693	0.07063479151089397	0.09440983463886718	UNINFORMATIVE_OR_WEAK_QTL	17:16244997	0.07499825659312023
combined	TNFRSF13B	MPRIP	CD4_NC	2173	980	3.452e-09	1.2307635781628964e-05	0.0002016190604521671	0.30728523829318427	0.0004416026683729053	0.6730223829255448	0.019049157052445878	0.027524838043552085	0.001938143708753009	0.0028224013299047927	0.1626128338309564	0.2206004544146468	UNINFORMATIVE_OR_WEAK_QTL	17:16851450	0.2365734736509887
european	TNFRSF13B	MPRIP	CD4_NC	2151	980	5.932e-07	1.2307635781628964e-05	0.03528927629389458	0.2722110164724272	0.07723246280618946	0.5957287854810105	0.01953845894647799	0.03175605255023563	0.001988818498371994	0.0032690357592468845	0.16616509966202506	0.2469741956747583	UNINFORMATIVE_OR_WEAK_QTL	17:16849139	0.38010586341054153
asian	TNFRSF13B	MPRIP	CD4_NC	1801	980	1.647e-06	1.2307635781628964e-05	0.0875656697880496	0.2357122225196041	0.16184677371409725	0.4355853126947884	0.07929002128346078	0.15399848478041558	0.008538304219291113	0.01787766902519939	0.46270745630713184	0.6454290232625415	UNINFORMATIVE_OR_WEAK_QTL	17:16848750	0.07179661342985445
combined	TNFRSF13B	MPRIP	CD8_NC	2173	980	3.452e-09	1.1414876643863302e-06	3.703082047417259e-05	0.056438237873337654	0.0006169413893328177	0.9402704767907824	0.0026373131260734243	0.002797000039957225	0.00026435878982309665	0.0002804058697016064	0.025761657249414684	0.02728320038643315	UNINFORMATIVE_OR_WEAK_QTL	17:16851450	0.2297489877522338
european	TNFRSF13B	MPRIP	CD8_NC	2151	980	5.932e-07	1.1414876643863302e-06	0.00646901178276067	0.0499000392723285	0.10775935642329047	0.8312190796517205	0.00465251286989958	0.005566061715130295	0.0004672076074559017	0.0005594085035422462	0.0446552946993163	0.05300533829373443	UNINFORMATIVE_OR_WEAK_QTL	17:16849139	0.20281512921848457
asian	TNFRSF13B	MPRIP	CD8_NC	1801	980	1.647e-06	1.268448973683666e-06	0.018517792315593903	0.04984681774752752	0.24566927726654247	0.6612761541902	0.02468995848013588	0.03599297111634649	0.002525106137128874	0.0037197949361610296	0.20201083307166529	0.2718632244850728	UNINFORMATIVE_OR_WEAK_QTL	17:17083043	0.08187373460363058
combined	TNFRSF13B	NT5M	CD4_NC	2057	980	3.452e-09	2.5738290558781606e-10	1.372093661993007e-07	0.0002091141145926107	0.000655439065673596	0.9989225553070022	0.0002127543033657262	0.00021293842917902064	2.127950491219185e-05	2.1297924549840657e-05	0.00212347702378309	0.0021253112478425203	FAIL_SUFFICIENT_COVERAGE	17:16851450	0.16036091941395533
european	TNFRSF13B	NT5M	CD4_NC	2035	980	5.932e-07	2.5738290558781606e-10	2.4376896020158167e-05	0.0001841518845128048	0.11641016058415543	0.8794004531723343	0.003980857462977774	0.004506386330626366	0.0003995171249533901	0.0004524737524423129	0.038431656123918335	0.04330742347577096	UNINFORMATIVE_OR_WEAK_QTL	17:17124625	0.18601790498192944
asian	TNFRSF13B	NT5M	CD4_NC	1687	980	1.647e-06	1.327879249043622e-06	0.025904034124690008	0.06922495431580152	0.2321196067887732	0.6202551012856946	0.05249630348504085	0.07803224655165288	0.00550995750997404	0.008392630915499015	0.356519453830803	0.4583956700350576	UNINFORMATIVE_OR_WEAK_QTL	17:16848750	0.35695631527519656
combined	TNFRSF13B	PLD6	B_IN	2129	975	3.452e-09	9.64289882900965e-10	4.315844623522281e-07	0.0006577708341704682	0.0006552166186490363	0.9986048714488606	8.170951385779112e-05	8.181697382879063e-05	8.171552309989156e-06	8.182299888793342e-06	0.000816494700112789	0.0008175677200371252	FAIL_SUFFICIENT_COVERAGE	17:16851450	0.1450605927756051
european	TNFRSF13B	PLD6	B_IN	2107	975	5.932e-07	9.64289882900965e-10	7.523731261481983e-05	0.0005794132962612866	0.11419270102036412	0.8794085652226842	0.005744083148076119	0.00648937012011302	0.0005773932501618725	0.0006527493509317764	0.05461729493014548	0.06131276988903674	UNINFORMATIVE_OR_WEAK_QTL	17:17038891	0.046200779690777447
asian	TNFRSF13B	PLD6	B_IN	1758	975	1.647e-06	9.64289882900965e-10	0.00017734652194625956	0.00047582383348424104	0.26964028194472345	0.7234433495074263	0.006263198192420554	0.008583173896634431	0.0006298703216359926	0.0008649993857973464	0.05928988331418546	0.0796768190271761	UNINFORMATIVE_OR_WEAK_QTL	17:16979876	0.04010327378800199
combined	TNFRSF13B	PLD6	B_MEM	2130	970	3.452e-09	5.5602277507198194e-15	3.2331813259911134e-11	4.9276389920840664e-08	0.0006556808686000526	0.9993124993591452	3.177046353124652e-05	3.1791310052624675e-05	3.1771371983340076e-06	3.1792219697306984e-06	0.0003176138186682799	0.0003178221646794373	FAIL_SUFFICIENT_COVERAGE	17:17022841	0.07142990784395144
european	TNFRSF13B	PLD6	B_MEM	2108	970	5.932e-07	5.5602277507198194e-15	5.636849149861482e-09	4.3410371682435406e-08	0.11425661054002148	0.8799045151425151	0.0058388252702429606	0.006592005837178587	0.0005869670050278771	0.0006631348335420501	0.0554731694119814	0.06222818154778591	UNINFORMATIVE_OR_WEAK_QTL	17:17038891	0.05403659960823933
asian	TNFRSF13B	PLD6	B_MEM	1758	970	1.647e-06	5.5602277507198194e-15	1.3265022732164408e-08	3.559028899132686e-08	0.26980750479846916	0.7238919740872376	0.006300472258983156	0.008628509224533648	0.0006336402353508187	0.0008696039697405026	0.059623799724572886	0.08006733648252667	UNINFORMATIVE_OR_WEAK_QTL	17:17022841	0.04553632422863294
combined	TNFRSF13B	PLD6	CD4_NC	2130	980	3.452e-09	1.097898658995473e-06	5.217609945654886e-05	0.07952074325993205	0.0006008169576500551	0.9156912030949872	0.004135060587973318	0.00449548001751618	0.0004150506925821493	0.0004513742312047406	0.039866936113169875	0.04320668699315463	UNINFORMATIVE_OR_WEAK_QTL	17:16851450	0.22910214973423634
european	TNFRSF13B	PLD6	CD4_NC	2108	980	5.932e-07	1.097898658995473e-06	0.009120787725727617	0.07024079848227992	0.10499621500474872	0.8085873562243099	0.007054842562933923	0.008649433015387847	0.0007099922514930603	0.0008717292690670991	0.06633648453799296	0.08024747380955038	UNINFORMATIVE_OR_WEAK_QTL	17:16849139	0.18490232328815653
asian	TNFRSF13B	PLD6	CD4_NC	1758	980	1.647e-06	1.097898658995473e-06	0.02151557629981813	0.0577266691348162	0.24697819753123887	0.6626356983046202	0.011143858729506396	0.016539324491470084	0.0011256758079113696	0.0016789238894507064	0.10128066998952673	0.1439636858738065	UNINFORMATIVE_OR_WEAK_QTL	17:16848750	0.10195998478703366
combined	TNFRSF13B	PLD6	CD8_ET	2130	980	3.452e-09	1.1488842554288039e-07	1.1156499951063231e-05	0.017003439841775877	0.000643943975706864	0.981423606005364	0.0009178536772024679	0.0009343529870958138	9.186125138888861e-05	9.351393623267011e-05	0.009103336990044548	0.009265613686530576	FAIL_SUFFICIENT_COVERAGE	17:16851450	0.22370442848686917
european	TNFRSF13B	PLD6	CD8_ET	2108	980	5.932e-07	1.1488842554288039e-07	0.001945105336606219	0.014979600017438765	0.11224304421945437	0.8643970886497997	0.006435161776701166	0.007389668645768994	0.0006472649066179377	0.0007439144175185449	0.06082863859677129	0.06928851402150055	UNINFORMATIVE_OR_WEAK_QTL	17:16849139	0.05550627690246473
asian	TNFRSF13B	PLD6	CD8_ET	1758	980	1.647e-06	1.1488842554288039e-07	0.004586935548711658	0.012306828646994816	0.26499402174326464	0.7109764792384405	0.007135734822588156	0.009936796343059731	0.0007181857872569114	0.001002646418241925	0.06705121125823284	0.09121086896774362	UNINFORMATIVE_OR_WEAK_QTL	17:16848750	0.03440680663562735
combined	TNFRSF13B	SMCR5	CD4_NC	1566	980	3.452e-09	4.285892231588554e-25	2.363126863588065e-22	3.6009233591454237e-19	0.0006558147342078419	0.9993278793175316	1.6305948257503993e-05	1.631664895630248e-05	1.6306187556569563e-06	1.6316888569551086e-06	0.00016303555653090137	0.00016314253210818932	FAIL_SUFFICIENT_COVERAGE	17:17661802	0.3304393342604236
european	TNFRSF13B	SMCR5	CD4_NC	1556	980	5.932e-07	4.285892231588554e-25	4.2666306692860217e-20	3.166699369325113e-19	0.11828734608700021	0.877926584021234	0.003786069891765892	0.00429399518648563	0.00037990148940838755	0.0004310654121730022	0.036613120421805596	0.041342241394921604	UNINFORMATIVE_OR_WEAK_QTL	17:17661802	0.29089049911151027
asian	TNFRSF13B	SMCR5	CD4_NC	1264	980	1.647e-06	4.285892231588554e-25	1.5118384934637687e-19	2.072950732339093e-19	0.4178445277925517	0.5729164561797351	0.009239016027716802	0.0158703584674447	0.0009316483655349145	0.0016100324597975624	0.08529756975069977	0.1388685427016991	UNINFORMATIVE_OR_WEAK_QTL	17:17661802	0.3081647576782512
combined	TNFRSF13B	SMCR5	CD8_ET	1566	980	3.452e-09	3.767420992074517e-06	0.00012953491498959638	0.1973847906340178	0.0005196848848919427	0.7918836878706043	0.010082301695496341	0.012571981638462395	0.0010174626988540194	0.0012715858827792663	0.09243536575141012	0.11294080845361641	UNINFORMATIVE_OR_WEAK_QTL	17:16851450	0.23316213510484668
european	TNFRSF13B	SMCR5	CD8_ET	1556	980	5.932e-07	3.767420992074517e-06	0.023340659846926327	0.17323471035111188	0.09361544799352595	0.694800181482975	0.015009000325460951	0.021145119998619007	0.0015214519581881534	0.0021555331054194837	0.13222845142090553	0.1776443920948452	UNINFORMATIVE_OR_WEAK_QTL	17:16849139	0.23928641150518068
asian	TNFRSF13B	SMCR5	CD8_ET	1264	980	1.647e-06	3.767420992074517e-06	0.08334518810436632	0.11427838983121275	0.33199006461065794	0.45519152899773574	0.01519482845602749	0.032302868089708725	0.0015405504048189287	0.0033270116248564755	0.13366863654060485	0.2502690173945524	UNINFORMATIVE_OR_WEAK_QTL	17:16848750	0.28955917280589594
combined	TNFRSF13B	SMCR5	CD8_NC	1566	980	3.452e-09	1.135148456349871e-06	3.885854773425221e-05	0.059212501196942796	0.0006058493769680582	0.9231739131960413	0.016968877682313702	0.018049255758755593	0.0017232045304401541	0.001834729528126731	0.14720729376634722	0.1552699880532653	UNINFORMATIVE_OR_WEAK_QTL	17:16851450	0.2581868572204385
european	TNFRSF13B	SMCR5	CD8_NC	1556	980	5.932e-07	1.135148456349871e-06	0.0070213210975101584	0.05211234534868986	0.10946065540034727	0.8123995397588472	0.0190061383946053	0.022860246079648903	0.0019336906320491004	0.0023340457828258	0.16229924648563754	0.18959480559463937	UNINFORMATIVE_OR_WEAK_QTL	17:16849139	0.43358136279211307
asian	TNFRSF13B	SMCR5	CD8_NC	1264	980	1.647e-06	1.135148456349871e-06	0.025000150039408815	0.03427884629001991	0.388198152023057	0.5322559299127558	0.020266921734758345	0.036680694154687686	0.0020643463243255234	0.0037932960753283376	0.171404620998763	0.27576851615854453	UNINFORMATIVE_OR_WEAK_QTL	17:16848750	0.40457085717959657
combined	TNFRSF13B	TNFRSF13B	B_MEM	2311	970	3.452e-09	1.7193533974554543e-06	0.00010101932490470744	0.15396346242780165	0.0005472705559486189	0.834083258185611	0.011304989505734348	0.013372541594476773	0.0011421194339672003	0.001353544456032115	0.1026098641234407	0.11936008645697203	UNINFORMATIVE_OR_WEAK_QTL	17:16851450	0.20765293188580813
european	TNFRSF13B	TNFRSF13B	B_MEM	2289	970	5.932e-07	1.7193533974554543e-06	0.017288168927790438	0.13677367312885558	0.09361463570277576	0.7406114063397562	0.01171211590082184	0.015567924642234618	0.001183688739822352	0.001578914848868788	0.10595277805850155	0.13654740852785913	UNINFORMATIVE_OR_WEAK_QTL	17:16849139	0.3050401658976512
asian	TNFRSF13B	TNFRSF13B	B_MEM	1936	970	1.647e-06	1.7193533974554543e-06	0.04285936059821011	0.11601194706338158	0.21938291882877714	0.5937989140769188	0.027946859432712502	0.044949013927280984	0.0028667919928331313	0.004684404832999673	0.2233030290526303	0.32002632828727734	UNINFORMATIVE_OR_WEAK_QTL	17:16906746	0.19038643143171632
combined	TNFRSF13B	TTC19	CD4_NC	1176	980	3.452e-09	2.521988774156333e-11	2.1830658531580673e-10	3.327106571858661e-07	0.0006556839815356892	0.9992966439970888	4.733909241155572e-05	4.7370168042845036e-05	4.7341109388192755e-06	4.737218766848644e-06	0.0004731893209386297	0.00047349981253725753	FAIL_SUFFICIENT_COVERAGE	17:16030900	0.03975851230223461
european	TNFRSF13B	TTC19	CD4_NC	1158	980	5.932e-07	2.521988774156333e-11	3.2753826266687246e-08	2.5769775096880386e-07	0.09834582386072166	0.773628830700768	0.12802505498693403	0.14198913465479918	0.014469746591403716	0.016279241313759563	0.5948496349074666	0.6233328801976552	UNINFORMATIVE_OR_WEAK_QTL	17:15977132	0.04647200120079812
asian	TNFRSF13B	TTC19	CD4_NC	1018	980	1.647e-06	2.521988774156333e-11	8.596605574008588e-08	2.297020429741852e-07	0.2580798609622102	0.689539235581601	0.052380587788090585	0.07060141289955779	0.005497211218129896	0.007539191077956933	0.3559853710601004	0.43170394974116494	UNINFORMATIVE_OR_WEAK_QTL	17:16030520	0.4149191291375755
combined	TNFRSF13B	ZSWIM7	CD4_NC	1126	980	3.452e-09	2.602625072912056e-18	1.386491232508629e-16	2.1130765680427454e-13	0.0006556779049062114	0.9992832986945247	6.1023400358979444e-05	6.106343830628731e-05	6.102675201290808e-06	6.106679435987442e-06	0.0006098990405698156	0.0006102989804755919	FAIL_SUFFICIENT_COVERAGE	17:15915072	0.0691957777456657
european	TNFRSF13B	ZSWIM7	CD4_NC	1110	980	5.932e-07	2.602625072912056e-18	2.2516177441269752e-14	1.7700373469260465e-13	0.10641727539433764	0.8365083341804064	0.05707439042505535	0.0638714120735213	0.006016487672260252	0.006776694552590554	0.37705978685407565	0.4055732786660306	UNINFORMATIVE_OR_WEAK_QTL	17:15954692	0.062178191108557324
asian	TNFRSF13B	ZSWIM7	CD4_NC	988	980	1.647e-06	2.602625072912056e-18	5.731820240090738e-14	1.531021030834644e-13	0.2706084259830837	0.7228130039481078	0.006578570068597892	0.00901925701221114	0.0006617751878584791	0.000909306846154705	0.0621084382689481	0.08342101033060162	UNINFORMATIVE_OR_WEAK_QTL	17:15879303	0.08937770583044799
combined	TNFRSF13B	ZSWIM7	CD8_ET	1126	980	3.452e-09	8.911330340282788e-12	3.580527277465044e-10	5.45688866532531e-07	0.0006556709100443156	0.9992726280709036	7.115497213371759e-05	7.120169589392769e-05	7.115952915260002e-06	7.120625889968046e-06	0.0007110943402554893	0.0007115609798028325	FAIL_SUFFICIENT_COVERAGE	17:15954692	0.1166459231470565
european	TNFRSF13B	ZSWIM7	CD8_ET	1110	980	5.932e-07	8.911330340282788e-12	5.721917130226943e-08	4.498102327952896e-07	0.10476465504667704	0.8235021290362077	0.0717327088877121	0.08012725359757303	0.007668334237534469	0.008635468065406847	0.4359075952129456	0.46554613615684415	UNINFORMATIVE_OR_WEAK_QTL	17:15954692	0.13813959102394116
asian	TNFRSF13B	ZSWIM7	CD8_ET	988	980	1.647e-06	8.911330340282788e-12	1.4757311178878998e-07	3.9418112967683144e-07	0.27031119873808956	0.7220179913942758	0.007670268113392975	0.010511705531028025	0.0007723585890512324	0.0010612101690258017	0.07174963097443172	0.09603192176201147	UNINFORMATIVE_OR_WEAK_QTL	17:16049042	0.11930920831503185
combined	TNFRSF13B	ZSWIM7	CD8_NC	1126	980	3.452e-09	1.2355045819851102e-07	3.1150944711895376e-06	0.004747547607928448	0.0006481987443760815	0.9878780511261003	0.006723087427123462	0.006759581470923172	0.0006764014984814618	0.0006800955925012932	0.06339498408710625	0.0637193683542358	FAIL_SUFFICIENT_COVERAGE	17:16851450	0.2689944759525301
european	TNFRSF13B	ZSWIM7	CD8_NC	1110	980	5.932e-07	1.2355045819851102e-07	0.0004979305893281061	0.003914322231588975	0.10360620134047087	0.8143894559875212	0.07759208985109099	0.08698844747751078	0.008341736474551902	0.0094377201054841	0.4568731888397999	0.4879053301238352	UNINFORMATIVE_OR_WEAK_QTL	17:15954692	0.04426097715614968
asian	TNFRSF13B	ZSWIM7	CD8_NC	988	980	1.647e-06	1.2355045819851102e-07	0.0012787375036383117	0.0034156235349004156	0.2660951413939747	0.7107457263797969	0.018464771187690066	0.02532159266670621	0.0018776809733517849	0.0025912115087752623	0.15833511658794674	0.20621963930895454	UNINFORMATIVE_OR_WEAK_QTL	17:16848750	0.11696807848111222
combined	TNFRSF13B	ZSWIM7	CD8_S100B	1126	959	3.452e-09	1.3246408142836586e-07	1.3430581582027252e-06	0.002046882560145693	0.0006542407606238288	0.9970928809136079	0.000204652707464502	0.00020520727322109343	2.0469040886623206e-05	2.0524517924431064e-05	0.0020427645589656796	0.002048289816498844	FAIL_SUFFICIENT_COVERAGE	17:16851450	0.15950016171936424
european	TNFRSF13B	ZSWIM7	CD8_S100B	1110	959	5.932e-07	1.3246408142836586e-07	0.00021295643416353494	0.0016740889643495273	0.10373136432063164	0.8153719672313748	0.07900962304947985	0.08833994785678578	0.008505798225313235	0.009597014576196387	0.46175116271550215	0.4921282349994932	UNINFORMATIVE_OR_WEAK_QTL	17:15954692	0.044115736375950884
asian	TNFRSF13B	ZSWIM7	CD8_S100B	988	959	1.647e-06	1.3246408142836586e-07	0.0005491533038382997	0.0014668381458443197	0.2675480684202079	0.7146292840001685	0.01580665612994098	0.0216400306468017	0.0016034766567065517	0.002206986392534541	0.13838055646009803	0.18112445722157527	UNINFORMATIVE_OR_WEAK_QTL	17:16030520	0.14993295890066716
combined	TNFRSF13B	ZSWIM7	NK	1126	980	3.452e-09	1.2860908627339125e-19	5.045006979432077e-18	7.688823256791624e-15	0.0006556749602534396	0.9992788064126995	6.551862703880374e-05	6.556161414755462e-05	6.552249068807081e-06	6.556548286855509e-06	0.000654800155923234	0.0006552295203306393	FAIL_SUFFICIENT_COVERAGE	17:15954692	0.07365050017277089
european	TNFRSF13B	ZSWIM7	NK	1110	980	5.932e-07	1.2860908627339125e-19	8.079355743813693e-16	6.351327370266626e-15	0.1049457942479405	0.8249277031965281	0.07012650255552666	0.0783488889330496	0.007485061309496459	0.008429270471680045	0.42992364883002504	0.45948654605948874	UNINFORMATIVE_OR_WEAK_QTL	17:15954692	0.08229305656209669
asian	TNFRSF13B	ZSWIM7	NK	988	980	1.647e-06	1.2860908627339125e-19	2.0774278376877074e-15	5.5489976592337404e-15	0.2695903947251906	0.720090009350794	0.010319595924008315	0.014128505224305981	0.0010416339093414705	0.0014310472248032773	0.09442601441846528	0.12534643268208748	UNINFORMATIVE_OR_WEAK_QTL	17:16100561	0.19680501757494334
combined	TNFSF12/13	ACADVL	CD4_NC	2572	980	1.21e-10	9.686074318094502e-09	2.666849574159482e-07	0.002260848522609559	0.00011766232744141556	0.9974940762775942	0.00012714618739767964	0.00012744936107465517	1.2716073860046952e-05	1.2746398175738676e-05	0.0012700085832329144	0.0012730333851225081	FAIL_SUFFICIENT_COVERAGE	17:7462969	0.9517578119398417
european	TNFSF12/13	ACADVL	CD4_NC	2547	980	4.119e-05	9.686074318094502e-09	0.0015427539018171212	0.000689665320849467	0.6806177792832601	0.3042472121135304	0.012902589380543058	0.04068294957070678	0.0013054178818640455	0.0042229155514495595	0.115601827588319	0.29779345185012146	UNINFORMATIVE_OR_WEAK_QTL	17:7109995	0.33117125386878826
asian	TNFSF12/13	ACADVL	CD4_NC	2201	980	8.042e-15	9.686074318094502e-09	2.222990759633921e-11	0.002262495902399219	9.801925092244783e-09	0.9976115492596072	0.00012594501383790627	0.00012623061131888176	1.2595929138813369e-05	1.2624495369879505e-05	0.001258024161545161	0.0012608736655064863	FAIL_SUFFICIENT_COVERAGE	17:7462969	0.9997826201748501
combined	TNFSF12/13	ACAP1	B_IN	2744	975	1.21e-10	2.874326114152956e-10	3.805527894675556e-08	0.0003226197282293822	0.00011789854250505572	0.9995037396784865	5.5703995498811537e-05	5.572854706275964e-05	5.570678828042695e-06	5.573134230681903e-06	0.0005567608307628205	0.0005570061003614929	FAIL_SUFFICIENT_COVERAGE	17:7462969	0.9496582831505693
european	TNFSF12/13	ACAP1	B_IN	2719	975	4.119e-05	2.874326114152956e-10	0.00021532458818538462	0.00010014604524750457	0.6669997347102546	0.3101946856222263	0.022490109034085763	0.06760185435381771	0.002295473814136926	0.007198131786358682	0.1870417800879006	0.4203006273710029	UNINFORMATIVE_OR_WEAK_QTL	17:7234983	0.7283812104487287
asian	TNFSF12/13	ACAP1	B_IN	2352	975	8.042e-15	2.874326114152956e-10	3.1730603871114368e-12	0.0003229449377433365	9.821675788879441e-09	0.9996217890233878	5.5256214018230615e-05	5.527406504078346e-05	5.525896207916243e-06	5.5276814877618315e-06	0.0005522874843434005	0.0005524658171242604	FAIL_SUFFICIENT_COVERAGE	17:7462969	0.9962839293865096
combined	TNFSF12/13	ACAP1	CD4_ET	2744	980	1.21e-10	4.7308505288510994e-07	1.5267854722810186e-05	0.129435686129392	0.00010136469749857389	0.8593243503308469	0.011123330987539284	0.01277886221799317	0.0011235812684603661	0.0012927541563201358	0.10111108162825982	0.11460762655951456	FAIL_SUFFICIENT_COVERAGE	17:7462969	0.9817793163036254
european	TNFSF12/13	ACAP1	CD4_ET	2719	980	4.119e-05	4.7308505288510994e-07	0.0874224542612456	0.0406596066611628	0.5802053363926384	0.2698277889317957	0.021884813753157723	0.0750218315963301	0.00223245250180915	0.008045406154730879	0.1828361263741531	0.44783899856785847	UNINFORMATIVE_OR_WEAK_QTL	17:7234983	0.3901637294965244
asian	TNFSF12/13	ACAP1	CD4_ET	2352	980	8.042e-15	4.7308505288510994e-07	1.5689786304364987e-09	0.15968612138144775	8.118906014190781e-09	0.8263048369461482	0.01400903198451817	0.016671189780962718	0.0014187915044606343	0.0016925135715587496	0.12440515738550825	0.14496173626357545	FAIL_SUFFICIENT_COVERAGE	17:7462969	0.9998973744963024
combined	TNFSF12/13	ACAP1	CD4_NC	2744	980	1.21e-10	1.1221295189464307e-15	3.9943562813660917e-13	3.3862795743756274e-09	0.00011794290946476554	0.9998799212638283	2.1324400295069932e-06	2.1326915725787923e-06	2.1324441220852788e-07	2.1326956661226606e-07	2.132399104588102e-05	2.1326506380044045e-05	FAIL_SUFFICIENT_COVERAGE	17:7234983	0.7354482066880595
european	TNFSF12/13	ACAP1	CD4_NC	2719	980	4.119e-05	1.1221295189464307e-15	2.262050949502991e-09	1.0520649715398546e-09	0.6677559448283598	0.3105471872030411	0.02169686465448285	0.06530399726700632	0.0022128981213786337	0.0069381816209520275	0.18152243684837022	0.41130262385362065	UNINFORMATIVE_OR_WEAK_QTL	17:7234983	0.8463762044683201
asian	TNFSF12/13	ACAP1	CD4_NC	2352	980	8.042e-15	1.1221295189464307e-15	3.6102233238986705e-17	3.67438121036633e-09	9.825391180726729e-09	0.9999999861493905	3.5083913795681037e-10	3.508391426930583e-10	3.50839138067589e-11	3.5083914280383836e-11	3.50839136849019e-09	3.5083914158526693e-09	FAIL_SUFFICIENT_COVERAGE	17:7234983	0.5436696347456775
combined	TNFSF12/13	ACAP1	CD8_ET	2744	980	1.21e-10	2.603131346281372e-07	1.6708347803354344e-05	0.14164769715713096	0.00010002051524426722	0.8479296471771137	0.010305926802707529	0.012008272687785185	0.0010402412655769262	0.0012139469340093963	0.09431155608419682	0.10837063017180099	FAIL_SUFFICIENT_COVERAGE	17:7462969	0.9672504585024678
european	TNFSF12/13	ACAP1	CD8_ET	2719	980	4.119e-05	2.603131346281372e-07	0.09529877440367653	0.04432283119123186	0.5702508764710861	0.2651949875854861	0.024932530348519402	0.08593645485979284	0.0025504840538196883	0.00931401778828275	0.2036317993338588	0.48457817468455117	UNINFORMATIVE_OR_WEAK_QTL	17:7239911	0.829231133640854
asian	TNFSF12/13	ACAP1	CD8_ET	2352	980	8.042e-15	1.7789163195364925e-05	5.472750571742235e-09	0.5570007743486526	3.952559588525749e-09	0.4022393591813686	0.040759857044669716	0.0920088694330154	0.004231202596117262	0.01003158201079564	0.2982053159967895	0.5033088171529516	UNINFORMATIVE_OR_WEAK_QTL	17:7462969	0.9998262100243617
combined	TNFSF12/13	ACAP1	CD8_NC	2744	980	1.21e-10	1.7713063208526131e-06	4.6877941652634074e-05	0.3974152657529011	6.868937700783107e-05	0.582305041623879	0.020164125304560163	0.03346914068210771	0.0020536821645067847	0.0034508617065486507	0.17066877412272502	0.2572130953570177	UNINFORMATIVE_OR_WEAK_QTL	17:7462969	0.9715885542916078
european	TNFSF12/13	ACAP1	CD8_NC	2719	980	4.119e-05	1.7713063208526131e-06	0.2716461680006846	0.12634084040827764	0.3976882270718999	0.18494278847730777	0.019381976041830187	0.09485867309057776	0.0019726073293812245	0.010371293756647103	0.1650319523066129	0.5117183865813525	UNINFORMATIVE_OR_WEAK_QTL	17:7239911	0.5589749943015834
asian	TNFSF12/13	ACAP1	CD8_NC	2352	980	8.042e-15	8.50925342478475e-06	6.412943922053778e-09	0.652690942810737	3.083775011516689e-09	0.3138242448369233	0.033484802855621255	0.09641212366360144	0.0034525267452383862	0.010557276904150618	0.2573055868978824	0.5162052430646649	UNINFORMATIVE_OR_WEAK_QTL	17:7462969	0.9990628435796607
combined	TNFSF12/13	ACAP1	NK	2744	980	1.21e-10	1.9102779824433718e-07	1.2605251080139483e-05	0.1068630368845171	0.00010486944172957679	0.889043528795233	0.003975959627441024	0.00445226524055337	0.0003990238150652805	0.00044701774145229823	0.03838600540468057	0.04280734549792675	FAIL_SUFFICIENT_COVERAGE	17:7462969	0.9594310829509033
european	TNFSF12/13	ACAP1	NK	2719	980	4.119e-05	1.9102779824433718e-07	0.07172487580784993	0.033358766495540135	0.5964869435945107	0.27740111352807595	0.021028300574023277	0.07046323043354244	0.002143394812736248	0.007523436093341702	0.176819149696653	0.43118690445718966	UNINFORMATIVE_OR_WEAK_QTL	17:7234983	0.7517907170781662
asian	TNFSF12/13	ACAP1	NK	2352	980	8.042e-15	1.9102779824433718e-07	1.0568888376883466e-09	0.10756709871494277	8.729284029974606e-09	0.8884373650776102	0.003995526421275845	0.0044771169455275865	0.00040099460822433895	0.00044952300490917394	0.038568356235482125	0.04303703298818625	FAIL_SUFFICIENT_COVERAGE	17:7462969	0.9993202874138823
combined	TNFSF12/13	ASGR2	Mono_C	2441	851	1.21e-10	4.5993366397350704e-08	1.566234046005185e-06	0.013275964889917235	0.00011627859152036984	0.9856183085515325	0.000987881732983277	0.0010012928590062804	9.887608338727424e-05	0.00010021960015359773	0.009791759427384068	0.009923501608391436	FAIL_SUFFICIENT_COVERAGE	17:7462969	0.8125489611531267
european	TNFSF12/13	ASGR2	Mono_C	2418	851	0.0007212	4.5993366397350704e-08	0.011063892482892057	0.0019582288557402888	0.8019403297918833	0.14189448845657862	0.043143060412906054	0.23315840853110736	0.004488592496824065	0.029507842234165214	0.31076458625726155	0.7525060558283809	UNINFORMATIVE_OR_WEAK_QTL	17:7015711	0.3409500978488644
asian	TNFSF12/13	ASGR2	Mono_C	2079	851	8.042e-15	4.5993366397350704e-08	1.3070417842615367e-10	0.01330269443621708	9.686473641856468e-09	0.9858605226239641	0.0008367731226399172	0.0008480545413948421	8.374037679091243e-05	8.487023126603321e-05	0.008305185224430054	0.008416308019806673	FAIL_SUFFICIENT_COVERAGE	17:7462969	0.9995150964746748
combined	TNFSF12/13	C17orf100	CD4_NC	1859	980	1.21e-10	1.453260983208491e-05	2.938920840716879e-05	0.2491124092296299	8.739841195043353e-05	0.7408071642734718	0.009963638876540655	0.013271212512175714	0.001005379401212904	0.001343164126118375	0.09143698305346111	0.11855214833303329	UNINFORMATIVE_OR_WEAK_QTL	17:7462969	0.9463884701014269
european	TNFSF12/13	C17orf100	CD4_NC	1837	980	0.001124	1.453260983208491e-05	0.21769948184090984	0.03095283631231061	0.6469529836469248	0.09197231563908533	0.01242238256076953	0.11899438165899887	0.0012562836890076911	0.01332665559365429	0.11173202408089723	0.5745885421049122	UNINFORMATIVE_OR_WEAK_QTL	17:6469793	0.05173978613412822
asian	TNFSF12/13	C17orf100	CD4_NC	1626	980	8.042e-15	1.453260983208491e-05	2.46490378003455e-09	0.2508707998729767	7.263554297637428e-09	0.7392537385394131	0.009875451859150949	0.013182575162899269	0.000996401105953924	0.0013340855307950254	0.09069374332621213	0.11784432641465159	UNINFORMATIVE_OR_WEAK_QTL	17:7462969	0.9997039951002619
combined	TNFSF12/13	CHD3	CD4_NC	2361	980	1.21e-10	1.0791292837070603e-06	3.274344864235293e-05	0.27758691345088293	8.402851608211484e-05	0.7123529074295633	0.009943407154829446	0.013766382236839814	0.0010033194882431236	0.001393908391836628	0.09126656592661206	0.12248788675262395	UNINFORMATIVE_OR_WEAK_QTL	17:7462969	0.9473546694967881
european	TNFSF12/13	CHD3	CD4_NC	2342	980	4.119e-05	1.0791292837070603e-06	0.19127303427495412	0.0831852735813172	0.4898454563877699	0.21301272138021493	0.022683514375743716	0.09624046096022665	0.0023156253054896934	0.010536697016064536	0.1883775582929805	0.5157127310063181	UNINFORMATIVE_OR_WEAK_QTL	17:7801776	0.24998278926461437
asian	TNFSF12/13	CHD3	CD4_NC	2054	980	8.042e-15	1.0791292837070603e-06	2.774936793895012e-09	0.2824250662393164	6.952609448944455e-09	0.7076065757381231	0.009968348295013776	0.013891717730305534	0.0010058589062229642	0.0014067598527402895	0.09147664355573623	0.1234791409572297	UNINFORMATIVE_OR_WEAK_QTL	17:7462969	0.999719189268805
combined	TNFSF12/13	CHRNB1	CD4_NC	2911	980	1.21e-10	1.0724390356241738e-05	5.592928932095852e-05	0.4741499299310408	5.9872197862312545e-05	0.5075584224961873	0.01817584608558921	0.034572306147401165	0.0018478115937700997	0.003568257207264103	0.15620589251565267	0.26367910789014615	UNINFORMATIVE_OR_WEAK_QTL	17:7462969	0.9330736905549799
european	TNFSF12/13	CHRNB1	CD4_NC	2886	980	4.119e-05	1.0724390356241738e-05	0.311856733740425	0.14837576637133784	0.33339606483610484	0.1585759932188283	0.04779544183330409	0.231599115552161	0.004994382008638892	0.029258537906577585	0.33419670553186875	0.750874443167267	UNINFORMATIVE_OR_WEAK_QTL	17:7559462	0.1198305569345299
asian	TNFSF12/13	CHRNB1	CD4_NC	2510	980	8.042e-15	1.0724390356241738e-05	4.878567200474199e-09	0.4965265039803867	4.765356905283481e-09	0.4849857988516082	0.018487687524079872	0.03672028026175841	0.0018800507643628422	0.003797529747131163	0.158503591415064	0.2759922031650558	UNINFORMATIVE_OR_WEAK_QTL	17:7462969	0.9987598533918908
combined	TNFSF12/13	CLEC10A	DC	2382	726	1.21e-10	4.3064115031890064e-08	2.579481597783584e-06	0.02186461359498863	0.00011516643581040595	0.9761902960148235	0.0018273444727798026	0.0018684166799575888	0.00018303546924572418	0.00018715638549693977	0.01797778034980249	0.01837517445749429	FAIL_SUFFICIENT_COVERAGE	17:7462969	0.9711791867125202
european	TNFSF12/13	CLEC10A	DC	2359	726	0.0007212	4.3064115031890064e-08	0.018102964838471815	0.003168647724074739	0.8080685723489819	0.14141082259337398	0.02924899249509804	0.17138769592557582	0.003003976199081967	0.020264555524887293	0.23153930294385522	0.6740940793633491	UNINFORMATIVE_OR_WEAK_QTL	17:7011454	0.441528946682261
asian	TNFSF12/13	CLEC10A	DC	2025	726	8.042e-15	4.3064115031890064e-08	2.152690617902954e-10	0.021909464448284677	9.591972802840959e-09	0.976241487393705	0.0018490383507690589	0.0018904572757840205	0.0001852120528467704	0.00018936792034493675	0.01818771545715224	0.01858830911985876	FAIL_SUFFICIENT_COVERAGE	17:7462969	0.9998703383774107
combined	TNFSF12/13	CTC1	CD8_ET	1848	980	1.21e-10	2.5818989811544893e-06	1.4430246633865719e-05	0.12233391212162102	0.00010217201793224373	0.8661624893169604	0.011386996296853007	0.012975902195291272	0.0011504901945113208	0.0013129229432606619	0.10328500884897653	0.11618999218135999	UNINFORMATIVE_OR_WEAK_QTL	17:7462969	0.9644615581128881
european	TNFSF12/13	CTC1	CD8_ET	1842	980	4.119e-05	2.5818989811544893e-06	0.08671970521583157	0.034718704672791534	0.6139723899417977	0.24578837795663863	0.018800822212940403	0.07105665008583376	0.0019124421577951566	0.007591124925407669	0.16079971965866527	0.4334017880548467	UNINFORMATIVE_OR_WEAK_QTL	17:8094753	0.07124883274381881
asian	TNFSF12/13	CTC1	CD8_ET	1589	980	8.042e-15	2.5818989811544893e-06	1.2272830826965577e-09	0.12490933362822387	8.483657549466208e-09	0.8634305450115151	0.011660111649320383	0.013324461369308812	0.0011783771733981934	0.0013486187940518252	0.10552700640309652	0.11897688725094609	UNINFORMATIVE_OR_WEAK_QTL	17:7462969	0.999875552696252
combined	TNFSF12/13	EIF4A1	CD4_NC	2987	980	1.21e-10	9.201559287146835e-06	2.561759273805816e-05	0.21717754385729032	4.627016136751426e-05	0.3918723645773267	0.390878203811277	0.499364956854585	0.06030120408884072	0.09069937721716888	0.8651760155751749	0.9088807590928006	HOLD_TARGETED_LD	17:7462969	0.7568709687161328
european	TNFSF12/13	EIF4A1	CD4_NC	2962	980	4.119e-05	9.201559287146835e-06	0.21055801933436752	0.10011319095354165	0.37998261887980755	0.18054003090175572	0.12880613993052756	0.4163818791872545	0.014569602868255415	0.06659379095782597	0.5965303980217039	0.877066692713009	UNINFORMATIVE_OR_WEAK_QTL	17:7447910	0.16837345988881094
asian	TNFSF12/13	EIF4A1	CD4_NC	2577	980	8.042e-15	9.201559287146835e-06	2.354962205796137e-09	0.23968126357836086	4.132062500053543e-09	0.42020929843586924	0.34010943149874656	0.44732481012008546	0.04901407848059891	0.07487764752873619	0.8375047956508644	0.8900350924852525	HOLD_TARGETED_LD	17:7462969	0.9978917077151065
combined	TNFSF12/13	EIF5A	B_IN	2679	975	1.21e-10	2.6519478411214904e-169	6.560936514137727e-247	5.562108753566173e-243	0.00011794341162598028	0.9998787194895079	3.3370989010358e-06	3.3374925362916905e-06	3.337108923671421e-07	3.3375025612922415e-07	3.3369986779842203e-05	3.3373922895949435e-05	FAIL_SUFFICIENT_COVERAGE	17:7209386	0.3430016236884534
european	TNFSF12/13	EIF5A	B_IN	2654	975	4.119e-05	2.6519478411214904e-169	3.7465942486866207e-243	1.7055686267601965e-243	0.6696936524073003	0.3048403420511481	0.025466005541497215	0.07709814154980607	0.0026063362297324374	0.008284673813941813	0.2071764465840013	0.4551561653365785	UNINFORMATIVE_OR_WEAK_QTL	17:7209386	0.3407466893325941
asian	TNFSF12/13	EIF5A	B_IN	2290	975	8.042e-15	2.6519478411214904e-169	5.386282980454864e-251	5.482003521643233e-243	9.825391219211547e-09	0.9999999899870318	1.8754154750790454e-10	1.8754154935058028e-10	1.87541547539568e-11	1.875415493822367e-11	1.875415471913711e-09	1.87541549034032e-09	FAIL_SUFFICIENT_COVERAGE	17:7209386	0.3359441299687564
combined	TNFSF12/13	EIF5A	B_MEM	2679	970	1.21e-10	7.606657417757886e-156	8.246780271669416e-219	6.991302025091319e-215	0.00011794341162595346	0.9998787194894511	3.33709890187993e-06	3.3374925371361065e-06	3.337108924516312e-07	3.3375025621370425e-07	3.3369986788283246e-05	3.3373922904393086e-05	FAIL_SUFFICIENT_COVERAGE	17:7209386	0.3430016230410817
european	TNFSF12/13	EIF5A	B_MEM	2654	970	4.119e-05	7.606657417757886e-156	4.704341556643922e-215	2.1415656022504287e-215	0.6696936524046356	0.30484034204993515	0.02546600554542883	0.07709814156107443	0.0026063362301440066	0.008284673815242952	0.20717644661001586	0.45515616537585146	UNINFORMATIVE_OR_WEAK_QTL	17:7209386	0.3407466887217474
asian	TNFSF12/13	EIF5A	B_MEM	2290	970	8.042e-15	7.606657417757886e-156	6.813871436523324e-223	6.934961892382513e-215	9.825391219211547e-09	0.9999999899870886	1.875415475248654e-10	1.875415493675305e-10	1.8754154755651824e-11	1.8754154939918694e-11	1.8754154720831063e-09	1.8754154905098217e-09	FAIL_SUFFICIENT_COVERAGE	17:7209386	0.33594412938945367
combined	TNFSF12/13	EIF5A	CD4_ET	2679	980	1.21e-10	2.7899522294870527e-215	0.0	0.0	0.00011794341162598028	0.9998787194895079	3.3370989010358e-06	3.3374925362916905e-06	3.337108923671421e-07	3.3375025612922415e-07	3.3369986779842203e-05	3.3373922895949435e-05	FAIL_SUFFICIENT_COVERAGE	17:7209386	0.3430016236884534
european	TNFSF12/13	EIF5A	CD4_ET	2654	980	4.119e-05	2.7899522294870527e-215	0.0	0.0	0.6696936524073003	0.3048403420511481	0.025466005541497215	0.07709814154980607	0.0026063362297321408	0.008284673813940876	0.2071764465840013	0.4551561653365785	UNINFORMATIVE_OR_WEAK_QTL	17:7209386	0.3407466893325941
asian	TNFSF12/13	EIF5A	CD4_ET	2290	980	8.042e-15	2.7899522294870527e-215	0.0	0.0	9.825391219211547e-09	0.9999999899870318	1.8754154750792586e-10	1.875415493506016e-10	1.8754154753958934e-11	1.8754154938225804e-11	1.8754154719139243e-09	1.8754154903405334e-09	FAIL_SUFFICIENT_COVERAGE	17:7209386	0.3359441299687182
combined	TNFSF12/13	EIF5A	CD4_NC	2679	980	1.21e-10	7.812911626114234e-304	0.0	0.0	0.00011794341162594006	0.9998787194895079	3.3370989010339033e-06	3.337492536289793e-06	3.3371089236702826e-07	3.3375025612911033e-07	3.3369986779827025e-05	3.337392289593425e-05	FAIL_SUFFICIENT_COVERAGE	17:7209386	0.3430016236884534
european	TNFSF12/13	EIF5A	CD4_NC	2654	980	4.119e-05	7.812911626114234e-304	0.0	0.0	0.6696936524073003	0.3048403420511135	0.025466005541497215	0.07709814154981416	0.0026063362297324374	0.008284673813943681	0.2071764465840013	0.4551561653366349	UNINFORMATIVE_OR_WEAK_QTL	17:7209386	0.3407466893325166
asian	TNFSF12/13	EIF5A	CD4_NC	2290	980	8.042e-15	7.812911626114234e-304	0.0	0.0	9.825391219211547e-09	0.9999999899871455	1.8754154750790454e-10	1.8754154935055895e-10	1.87541547539568e-11	1.875415493822367e-11	1.875415471913498e-09	1.87541549034032e-09	FAIL_SUFFICIENT_COVERAGE	17:7209386	0.3359441299687182
combined	TNFSF12/13	EIF5A	CD4_SOX4	2645	295	1.21e-10	8.327713019564073e-18	3.020502140884719e-15	2.5606644159879014e-11	0.00011794346603095938	0.9998788993464265	3.1571619319144183e-06	3.1575343425397558e-06	3.157170902844241e-07	3.157543315586075e-07	3.1570722254202224e-05	3.157444614881515e-05	FAIL_SUFFICIENT_COVERAGE	17:7214824	0.3614942682565484
european	TNFSF12/13	EIF5A	CD4_SOX4	2620	295	4.119e-05	8.327713019564073e-18	1.7259591835216624e-11	7.82183364265321e-12	0.6726049680646088	0.3047936548619221	0.022601377048388195	0.06903396461611497	0.0023070662924755013	0.007360722321472113	0.18781073862689782	0.42579240547858166	UNINFORMATIVE_OR_WEAK_QTL	17:7214824	0.33850103300064427
asian	TNFSF12/13	EIF5A	CD4_SOX4	2265	295	8.042e-15	8.327713019564073e-18	2.5445518946246916e-19	2.589771554420365e-11	9.825391218533796e-09	0.9999999898825678	2.6614259499212364e-10	2.6614259761397144e-10	2.661425950558737e-11	2.661425976777208e-11	2.6614259435463827e-09	2.661425969764858e-09	FAIL_SUFFICIENT_COVERAGE	17:7214824	0.5191709360905641
combined	TNFSF12/13	EIF5A	CD8_ET	2679	980	1.21e-10	1.22479456923371e-270	0.0	0.0	0.00011794341162594006	0.9998787194895079	3.3370989010339033e-06	3.337492536289793e-06	3.3371089236702826e-07	3.3375025612911033e-07	3.3369986779827025e-05	3.337392289593425e-05	FAIL_SUFFICIENT_COVERAGE	17:7209386	0.3430016236884534
european	TNFSF12/13	EIF5A	CD8_ET	2654	980	4.119e-05	1.22479456923371e-270	0.0	0.0	0.6696936524073003	0.3048403420511135	0.025466005541497215	0.07709814154981416	0.0026063362297324374	0.008284673813943681	0.2071764465840013	0.4551561653366349	UNINFORMATIVE_OR_WEAK_QTL	17:7209386	0.3407466893325166
asian	TNFSF12/13	EIF5A	CD8_ET	2290	980	8.042e-15	1.22479456923371e-270	0.0	0.0	9.825391219211547e-09	0.9999999899871455	1.8754154750790454e-10	1.8754154935055895e-10	1.87541547539568e-11	1.875415493822367e-11	1.875415471913498e-09	1.87541549034032e-09	FAIL_SUFFICIENT_COVERAGE	17:7209386	0.3359441299687182
combined	TNFSF12/13	EIF5A	CD8_NC	2679	980	1.21e-10	5.484768662126667e-231	0.0	0.0	0.00011794341162598028	0.9998787194895079	3.3370989010358e-06	3.3374925362916905e-06	3.337108923671421e-07	3.3375025612922415e-07	3.3369986779842203e-05	3.3373922895949435e-05	FAIL_SUFFICIENT_COVERAGE	17:7209386	0.3430016236884534
european	TNFSF12/13	EIF5A	CD8_NC	2654	980	4.119e-05	5.484768662126667e-231	0.0	0.0	0.6696936524073003	0.3048403420511481	0.025466005541497215	0.07709814154980607	0.0026063362297324374	0.008284673813941813	0.2071764465840013	0.4551561653365785	UNINFORMATIVE_OR_WEAK_QTL	17:7209386	0.3407466893325941
asian	TNFSF12/13	EIF5A	CD8_NC	2290	980	8.042e-15	5.484768662126667e-231	0.0	0.0	9.825391219211547e-09	0.9999999899870318	1.8754154750792586e-10	1.875415493506016e-10	1.8754154753958934e-11	1.8754154938225804e-11	1.8754154719139243e-09	1.8754154903405334e-09	FAIL_SUFFICIENT_COVERAGE	17:7209386	0.3359441299687182
combined	TNFSF12/13	EIF5A	CD8_S100B	2679	959	1.21e-10	1.4165919150071442e-122	2.0473493868743774e-156	1.7356637836900722e-152	0.00011794341216098396	0.9998787194888827	3.337098931675818e-06	3.337492566937307e-06	3.33710895431248e-07	3.3375025919384224e-07	3.33699870862237e-05	3.337392320238719e-05	FAIL_SUFFICIENT_COVERAGE	17:7209386	0.34300161180783906
european	TNFSF12/13	EIF5A	CD8_S100B	2654	959	4.119e-05	1.4165919150071442e-122	1.1669527833398706e-152	5.3129032814069e-153	0.6696719849331237	0.30486283338637826	0.025465181680521972	0.07709059031933635	0.00260624993330299	0.008283801892088279	0.2071709938331552	0.45512984640887677	UNINFORMATIVE_OR_WEAK_QTL	17:7209386	0.3407466781221429
asian	TNFSF12/13	EIF5A	CD8_S100B	2290	959	8.042e-15	1.4165919150071442e-122	1.6973753228283808e-160	1.7275396653049712e-152	9.825391219213223e-09	0.9999999899870886	1.8754154781877548e-10	1.8754154966144057e-10	1.875415478504283e-11	1.87541549693097e-11	1.8754154750222072e-09	1.875415493448923e-09	FAIL_SUFFICIENT_COVERAGE	17:7209386	0.3359441193374556
combined	TNFSF12/13	EIF5A	DC	2669	726	1.21e-10	9.450653703353436e-89	2.8536531132186814e-109	2.4192168644449518e-105	0.00011794341692921443	0.9998787204080999	3.3361749783403675e-06	3.336568504630597e-06	3.3361849954275934e-07	3.3365785240811644e-07	3.3360748107765934e-05	3.336468313434838e-05	FAIL_SUFFICIENT_COVERAGE	17:7209386	0.3424814024697753
european	TNFSF12/13	EIF5A	DC	2645	726	4.119e-05	9.450653703353436e-89	1.6257987163063834e-105	7.393466557398052e-106	0.6699133713909485	0.304623695542409	0.025462933066634955	0.07714015309839578	0.0026060143998747507	0.008289525015787388	0.20715611097373796	0.455302553108231	UNINFORMATIVE_OR_WEAK_QTL	17:7209386	0.3402883506773846
asian	TNFSF12/13	EIF5A	DC	2283	726	8.042e-15	9.450653703353436e-89	2.3926980051686815e-113	2.435219044027946e-105	9.825391219235284e-09	0.9999999899868612	1.8777083005001575e-10	1.8777083189493325e-10	1.8777083008174995e-11	1.8777083192666713e-11	1.8777082973269505e-09	1.8777083157761582e-09	FAIL_SUFFICIENT_COVERAGE	17:7209386	0.3349323017959718
combined	TNFSF12/13	EIF5A	Mono_C	2676	851	1.21e-10	4.8433877376758495e-45	1.6281721401305595e-45	1.3803014584451057e-41	0.00011794341407037893	0.9998787099833292	3.3466026069207703e-06	3.346997363216651e-06	3.346612686725193e-07	3.3470074453992204e-07	3.346501812215515e-05	3.3468965447314276e-05	FAIL_SUFFICIENT_COVERAGE	17:7209386	0.335783612725706
european	TNFSF12/13	EIF5A	Mono_C	2652	851	4.119e-05	4.8433877376758495e-45	9.253369729200247e-42	4.2109873405871986e-42	0.669732703044822	0.30475382818006763	0.025513468775113273	0.07725096917051279	0.0026113080512973792	0.008302323177711787	0.20749047252420946	0.4556883745450543	UNINFORMATIVE_OR_WEAK_QTL	17:7209386	0.33392316538367856
asian	TNFSF12/13	EIF5A	Mono_C	2288	851	8.042e-15	4.8433877376758495e-45	1.3635313797699746e-49	1.387762925351993e-41	9.825391219261533e-09	0.9999999899868754	1.8773052594071913e-10	1.8773052778524554e-10	1.8773052597243852e-11	1.877305278169631e-11	1.8773052562353327e-09	1.8773052746805897e-09	FAIL_SUFFICIENT_COVERAGE	17:7209386	0.32947866391489894
combined	TNFSF12/13	EIF5A	Mono_NC	2679	690	1.21e-10	9.264065279431071e-76	1.316156357139183e-89	1.1157865435285306e-85	0.00011794341364192847	0.9998787202335833	3.3363527792558466e-06	3.336746326508037e-06	3.3363627974107973e-07	3.336756347026604e-07	3.3362526010151794e-05	3.336646124632807e-05	FAIL_SUFFICIENT_COVERAGE	17:7209386	0.3423712585296741
european	TNFSF12/13	EIF5A	Mono_NC	2654	690	4.119e-05	9.264065279431071e-76	7.497211601811753e-86	3.412680442038505e-86	0.6697177926478033	0.3048255912190308	0.025456616133177724	0.0770753481916485	0.0026053527312516304	0.008282041960203393	0.2071142985799884	0.4550767153269002	UNINFORMATIVE_OR_WEAK_QTL	17:7209386	0.34018218430484615
asian	TNFSF12/13	EIF5A	Mono_NC	2291	690	8.042e-15	9.264065279431071e-76	1.0920215788333854e-93	1.1114280780638587e-85	9.825391219208197e-09	0.9999999899868328	1.8777216033993985e-10	1.8777216218487552e-10	1.8777216037167426e-11	1.8777216221660982e-11	1.877721600226169e-09	1.877721618675536e-09	FAIL_SUFFICIENT_COVERAGE	17:7209386	0.3348399105325095
combined	TNFSF12/13	EIF5A	NK	2679	980	1.21e-10	2.387557655762617e-292	0.0	0.0	0.00011794341162594006	0.9998787194895079	3.3370989010339033e-06	3.337492536289793e-06	3.3371089236702826e-07	3.3375025612911033e-07	3.3369986779827025e-05	3.337392289593425e-05	FAIL_SUFFICIENT_COVERAGE	17:7209386	0.3430016236884534
european	TNFSF12/13	EIF5A	NK	2654	980	4.119e-05	2.387557655762617e-292	0.0	0.0	0.6696936524073003	0.3048403420511135	0.025466005541497215	0.07709814154981416	0.0026063362297324374	0.008284673813943681	0.2071764465840013	0.4551561653366349	UNINFORMATIVE_OR_WEAK_QTL	17:7209386	0.3407466893325166
asian	TNFSF12/13	EIF5A	NK	2290	980	8.042e-15	2.387557655762617e-292	0.0	0.0	9.825391219211547e-09	0.9999999899871455	1.8754154750790454e-10	1.8754154935055895e-10	1.87541547539568e-11	1.875415493822367e-11	1.875415471913498e-09	1.87541549034032e-09	FAIL_SUFFICIENT_COVERAGE	17:7209386	0.3359441299687182
combined	TNFSF12/13	EIF5A	NK_R	2671	750	1.21e-10	4.1199067310433727e-91	1.5869905081925053e-112	1.345389116217743e-108	0.00011794342791353484	0.9998787194727412	3.3370993627282186e-06	3.337492998092993e-06	3.3371093853673127e-07	3.337503023096698e-07	3.336999139648831e-05	3.3373927513686e-05	FAIL_SUFFICIENT_COVERAGE	17:7209386	0.3430016230361684
european	TNFSF12/13	EIF5A	NK_R	2647	750	4.119e-05	4.1199067310433727e-91	9.041710045630146e-109	4.1056710735375616e-109	0.6702100303212669	0.30430432816562875	0.025485641513101676	0.07727840097116621	0.002608393064828135	0.008305491703424645	0.20730638843886456	0.45578381205458335	UNINFORMATIVE_OR_WEAK_QTL	17:7209386	0.34074668871706976
asian	TNFSF12/13	EIF5A	NK_R	2286	750	8.042e-15	4.1199067310433727e-91	1.3324563459129987e-116	1.3561356518422973e-108	9.825391219243661e-09	0.9999999899870886	1.875415475256063e-10	1.875415493682714e-10	1.8754154755725915e-11	1.8754154939992784e-11	1.8754154720905687e-09	1.875415490517284e-09	FAIL_SUFFICIENT_COVERAGE	17:7209386	0.3359441293848133
combined	TNFSF12/13	EIF5A	Plasma	2655	253	1.21e-10	4.3688204091954353e-44	3.281683889659759e-58	2.7820843179022947e-54	0.00011794343813051972	0.999878719462198	3.337099658924489e-06	3.3374932943584053e-06	3.337109681565374e-07	3.337503319363843e-07	3.336999435827385e-05	3.3373930476161195e-05	FAIL_SUFFICIENT_COVERAGE	17:7209386	0.34300161758256464
european	TNFSF12/13	EIF5A	Plasma	2630	253	4.119e-05	4.3688204091954353e-44	1.8799767363750126e-54	8.516972856520967e-55	0.6706798353861928	0.3038166580946098	0.025503506519193843	0.0774428937538702	0.002610264458899303	0.008324495063466148	0.20742457840386203	0.45635551357362325	UNINFORMATIVE_OR_WEAK_QTL	17:7209386	0.3407466835684054
asian	TNFSF12/13	EIF5A	Plasma	2276	253	8.042e-15	4.3688204091954353e-44	2.6510623570756036e-62	2.698174832292245e-54	9.8253912192896e-09	0.9999999899870602	1.8754154766881683e-10	1.8754154951148725e-10	1.8754154770047232e-11	1.87541549543141e-11	1.875415473522674e-09	1.8754154919493893e-09	FAIL_SUFFICIENT_COVERAGE	17:7209386	0.335944124516864
combined	TNFSF12/13	ELP5	B_IN	2601	975	1.21e-10	9.69426116382871e-38	1.0237449701405697e-36	8.678901746903956e-33	0.00011794382350666788	0.9998807167343324	1.339442166960119e-06	1.339600164525485e-06	1.3394437816568461e-07	1.339601779603167e-07	1.3394260202068805e-05	1.3395840139627827e-05	FAIL_SUFFICIENT_COVERAGE	17:7156186	0.6234483073691856
european	TNFSF12/13	ELP5	B_IN	2576	975	4.119e-05	9.69426116382871e-38	5.9329564210646816e-33	2.6585364130638562e-33	0.6830074653407978	0.30604223602784386	0.010950298631358378	0.03454434232380586	0.0011059290915718752	0.003565278410482825	0.09967932129374431	0.26351641271815957	UNINFORMATIVE_OR_WEAK_QTL	17:7156186	0.6286176449296282
asian	TNFSF12/13	ELP5	B_IN	2228	975	8.042e-15	9.69426116382871e-38	8.590274371005766e-41	8.742933582059381e-33	9.825391219751486e-09	0.9999999900115597	1.6305594083006087e-10	1.6305594243214818e-10	1.6305594085398714e-11	1.630559424560759e-11	1.630559405907727e-09	1.6305594219286147e-09	FAIL_SUFFICIENT_COVERAGE	17:7156186	0.5902808559755955
combined	TNFSF12/13	ELP5	B_MEM	2601	970	1.21e-10	2.715526965335028e-28	3.363335162090833e-27	2.8513014730304914e-23	0.0001179438187494739	0.9998806763643489	1.3798169043918838e-06	1.3799796644633036e-06	1.379818617899231e-07	1.3799813783749222e-07	1.3797997695524676e-05	1.3799625255813026e-05	FAIL_SUFFICIENT_COVERAGE	17:7150552	0.11370100314368241
european	TNFSF12/13	ELP5	B_MEM	2576	970	4.119e-05	2.715526965335028e-28	1.9481809350439157e-23	8.729728633539443e-24	0.6828908603052009	0.3059898167068266	0.011119322987975674	0.03506465628419706	0.0011231723230455519	0.0036207292937859713	0.10107796320151749	0.2665334336798841	UNINFORMATIVE_OR_WEAK_QTL	17:7150552	0.11776620336498352
asian	TNFSF12/13	ELP5	B_MEM	2228	970	8.042e-15	2.715526965335028e-28	2.81411116636499e-31	2.864121209341531e-23	9.825391219673574e-09	0.9999999900036158	1.709901232862168e-10	1.7099012496626216e-10	1.7099012331253077e-11	1.7099012499257644e-11	1.7099012302307958e-09	1.7099012470312435e-09	FAIL_SUFFICIENT_COVERAGE	17:7145981	0.14530512860869343
combined	TNFSF12/13	ELP5	CD4_ET	2601	980	1.21e-10	7.351221011224334e-21	3.0403353757337606e-19	2.5774751303546315e-15	0.00011794382276126285	0.9998807104087343	1.3457684996021943e-06	1.3459272434064468e-06	1.3457701295877416e-07	1.345928873776555e-07	1.3457521999639294e-05	1.3459109399226417e-05	FAIL_SUFFICIENT_COVERAGE	17:7139238	0.2222447326712631
european	TNFSF12/13	ELP5	CD4_ET	2576	980	4.119e-05	7.351221011224334e-21	1.7606957157879223e-15	7.889614115702026e-16	0.6828032638984126	0.30595043809728223	0.011246298004304963	0.03545527656597059	0.0011361293244896745	0.0036623937206296253	0.10212611366805707	0.26878435338641793	UNINFORMATIVE_OR_WEAK_QTL	17:7139238	0.2175280753503166
asian	TNFSF12/13	ELP5	CD4_ET	2228	980	8.042e-15	7.351221011224334e-21	2.538830981332438e-23	2.5839489738283115e-15	9.825391219661985e-09	0.9999999900024363	1.721691986026785e-10	1.721692002943088e-10	1.7216919862935742e-11	1.7216920032098723e-11	1.7216919833589913e-09	1.721692000275295e-09	FAIL_SUFFICIENT_COVERAGE	17:7139238	0.2817423448923347
combined	TNFSF12/13	ELP5	CD4_NC	2601	980	1.21e-10	3.148020888650609e-112	1.7374332833743675e-138	1.4729266758826273e-134	0.00011794381075359285	0.999880608510601	1.4476786522011968e-06	1.4478494170788346e-06	1.4476805383998087e-07	1.4478513037224475e-07	1.4476597904855685e-05	1.4478305509132482e-05	FAIL_SUFFICIENT_COVERAGE	17:7145981	0.251599290751623
european	TNFSF12/13	ELP5	CD4_NC	2576	980	4.119e-05	3.148020888650609e-112	1.0109206339289624e-134	4.529898966517905e-135	0.682941983631491	0.30601279899090983	0.011045217377605901	0.03483658134279145	0.0011156116940635495	0.003596416298305802	0.1004652309440416	0.2652135977780327	UNINFORMATIVE_OR_WEAK_QTL	17:7145981	0.19771068544415146
asian	TNFSF12/13	ELP5	CD4_NC	2228	980	8.042e-15	3.148020888650609e-112	1.5419884582850078e-142	1.5693913945974632e-134	9.825391219436626e-09	0.9999999899795284	1.9505635531378413e-10	1.9505635723029384e-10	1.9505635534803582e-11	1.9505635726453798e-11	1.9505635497136175e-09	1.9505635688786912e-09	FAIL_SUFFICIENT_COVERAGE	17:7145981	0.3471456890783847
combined	TNFSF12/13	ELP5	CD8_ET	2601	980	1.21e-10	1.7413296732460824e-93	2.3067418891045057e-109	1.955563816665881e-105	0.00011794382151770935	0.9998806998557976	1.3563226870611738e-06	1.3564826758117784e-06	1.3563243427133125e-07	1.356484331854538e-07	1.3563061307621977e-05	1.3564661156067287e-05	FAIL_SUFFICIENT_COVERAGE	17:7158203	0.14546369549583035
european	TNFSF12/13	ELP5	CD8_ET	2576	980	4.119e-05	1.7413296732460824e-93	1.3403313908379688e-105	6.005976709122394e-106	0.6829384911205733	0.30601122894677535	0.011050279932645821	0.03485216471624203	0.001116128169102954	0.0035980771720603953	0.10050711365633737	0.2653039077328983	UNINFORMATIVE_OR_WEAK_QTL	17:7158203	0.1455568854654104
asian	TNFSF12/13	ELP5	CD8_ET	2228	980	8.042e-15	1.7413296732460824e-93	2.003012450846471e-113	2.0386083220923147e-105	9.825391219773965e-09	0.9999999900138619	1.6076300927267029e-10	1.607630108522272e-10	1.6076300929592882e-11	1.6076301087548898e-11	1.6076300904006653e-09	1.6076301061962747e-09	FAIL_SUFFICIENT_COVERAGE	17:7156447	0.1435371318122418
combined	TNFSF12/13	ELP5	CD8_NC	2601	980	1.21e-10	6.344930006096776e-45	1.518412723791365e-45	1.2872497765947108e-41	0.00011794382190690074	0.9998807031585605	1.3530195352961166e-06	1.3531791344149506e-06	1.35302118289379e-07	1.353180782401344e-07	1.3530030595399599e-05	1.3531626547717085e-05	FAIL_SUFFICIENT_COVERAGE	17:7158203	0.12115019859406392
european	TNFSF12/13	ELP5	CD8_NC	2576	980	4.119e-05	6.344930006096776e-45	8.800982673316612e-42	3.943688651526876e-42	0.6829459469759749	0.3060145806963417	0.011039472327689492	0.034818896722486475	0.0011150255975751193	0.0035945315322159855	0.10041769772016489	0.26511108715282067	UNINFORMATIVE_OR_WEAK_QTL	17:7158203	0.12105194761748035
asian	TNFSF12/13	ELP5	CD8_NC	2228	980	8.042e-15	6.344930006096776e-45	1.2779218855450084e-49	1.3006320503674399e-41	9.825391219769358e-09	0.9999999900133645	1.6124848479987123e-10	1.6124848638420001e-10	1.6124848482327108e-11	1.6124848640760025e-11	1.612484845658593e-09	1.6124848615018882e-09	FAIL_SUFFICIENT_COVERAGE	17:7156447	0.11889217278799251
combined	TNFSF12/13	ELP5	CD8_S100B	2601	959	1.21e-10	1.826338274790753e-18	7.127634072065361e-17	6.042523999917376e-13	0.00011794382565054842	0.9998807303866423	1.3257871042444866e-06	1.325943491093222e-06	1.325788686186673e-07	1.325945073408641e-07	1.3257712850302338e-05	1.325927668146777e-05	FAIL_SUFFICIENT_COVERAGE	17:7139238	0.21417846851688566
european	TNFSF12/13	ELP5	CD8_S100B	2576	959	4.119e-05	1.826338274790753e-18	4.128489950952471e-13	1.8501609460806288e-13	0.6829743940394036	0.30606039890835846	0.010965207051638958	0.03458776466473361	0.0011074497796840761	0.0035699039648645603	0.09980284115766895	0.26376901964986427	UNINFORMATIVE_OR_WEAK_QTL	17:7139238	0.21186810788053914
asian	TNFSF12/13	ELP5	CD8_S100B	2228	959	8.042e-15	1.826338274790753e-18	5.952009839664439e-21	6.057784007874995e-13	9.825391219695216e-09	0.9999999900055698	1.6843060292321574e-10	1.684306045782148e-10	1.6843060294874808e-11	1.6843060460374717e-11	1.684306026678973e-09	1.6843060432289575e-09	FAIL_SUFFICIENT_COVERAGE	17:7139238	0.2734249713542797
combined	TNFSF12/13	ELP5	DC	2591	726	1.21e-10	2.1377343845147141e-13	9.157430880837363e-12	7.763304503198393e-08	0.00011794381751542006	0.999880621884417	1.3566558647163346e-06	1.356815998121002e-06	1.3566575211819801e-07	1.3568176549777138e-07	1.3566393002823693e-05	1.3567994297764503e-05	FAIL_SUFFICIENT_COVERAGE	17:7139238	0.23078310840797914
european	TNFSF12/13	ELP5	DC	2567	726	4.119e-05	2.1377343845147141e-13	5.3052857558558846e-08	2.3747716027618443e-08	0.6831585485076663	0.3057868979500977	0.011054476741662158	0.03488962498163802	0.0011165563255041545	0.0036020698786656735	0.10054183138694209	0.2655209214491288	UNINFORMATIVE_OR_WEAK_QTL	17:7139238	0.23178347748165312
asian	TNFSF12/13	ELP5	DC	2221	726	8.042e-15	2.1377343845147141e-13	7.642295528836816e-16	7.778108048379635e-08	9.825390392065871e-09	0.9999999057629312	6.630594494096428e-09	6.6305950749794854e-09	6.630594533664731e-10	6.630595114547791e-10	6.630594098413418e-08	6.630594679296374e-08	FAIL_SUFFICIENT_COVERAGE	17:7462969	0.9730928388439801
combined	TNFSF12/13	ELP5	Mono_C	2598	851	1.21e-10	1.1216921349370212e-27	1.5883259368014217e-26	1.3465193708392237e-22	0.00011794382293703782	0.9998806816506107	1.3745264543101112e-06	1.3746885903378008e-06	1.37452815470289e-07	1.3746902911317567e-07	1.3745094506137028e-05	1.3746715826297462e-05	FAIL_SUFFICIENT_COVERAGE	17:7158203	0.13505974959621292
european	TNFSF12/13	ELP5	Mono_C	2574	851	4.119e-05	1.1216921349370212e-27	9.202798361426458e-23	4.1223084046925736e-23	0.6830139176549426	0.305938719511613	0.011047362833444438	0.034851255145703065	0.0011158305699950953	0.00359798022883831	0.10048298080645056	0.2652986370502287	UNINFORMATIVE_OR_WEAK_QTL	17:7158203	0.13701123633119994
asian	TNFSF12/13	ELP5	Mono_C	2226	851	8.042e-15	1.1216921349370212e-27	1.332507496776723e-30	1.3561877116724548e-22	9.825391219755885e-09	0.9999999900066427	1.6796262337079739e-10	1.6796262502109646e-10	1.6796262339618956e-11	1.6796262504648717e-11	1.6796262311689488e-09	1.6796262476719425e-09	FAIL_SUFFICIENT_COVERAGE	17:7156447	0.12926785013520992
combined	TNFSF12/13	ELP5	Mono_NC	2601	690	1.21e-10	1.3668243717450203e-14	1.460124723138987e-12	1.2378355130211279e-08	0.00011794380774528357	0.999880566630636	1.477181803662844e-06	1.4773560669521708e-06	1.477183767524928e-07	1.4773580312776372e-07	1.4771621653292047e-05	1.477336423984815e-05	FAIL_SUFFICIENT_COVERAGE	17:7187123	0.4180288138504494
european	TNFSF12/13	ELP5	Mono_NC	2576	690	4.119e-05	1.3668243717450203e-14	8.429401341902438e-09	3.776860297054232e-09	0.6806603399998389	0.30496089881261823	0.014378748981279896	0.04502650729595576	0.0014567262085666802	0.0046928219741682355	0.1273121808026175	0.32041895515935176	UNINFORMATIVE_OR_WEAK_QTL	17:7187123	0.5353561039477271
asian	TNFSF12/13	ELP5	Mono_NC	2229	690	8.042e-15	1.3668243717450203e-14	1.2200532169905307e-16	1.2417349879684787e-08	9.825391089998646e-09	0.9999999768049579	9.523040689760299e-10	9.523040901578802e-10	9.523040697922242e-11	9.523040909740774e-11	9.523040608140865e-09	9.523040819959369e-09	FAIL_SUFFICIENT_COVERAGE	17:7462969	0.8219522568222073
combined	TNFSF12/13	ELP5	NK	2601	980	1.21e-10	4.712060393212717e-165	2.1982809533992094e-237	1.863614959106728e-233	0.00011794382175894455	0.9998807019028544	1.3542754208784895e-06	1.3544351681384981e-06	1.3542770715362606e-07	1.354436819185686e-07	1.354258914522401e-05	1.3544186578881215e-05	FAIL_SUFFICIENT_COVERAGE	17:7151111	0.2582578615303692
european	TNFSF12/13	ELP5	NK	2576	980	4.119e-05	4.712060393212717e-165	1.2869691725568506e-233	5.766862530095854e-234	0.6829383755383285	0.30601117698724184	0.011050447474438492	0.03485268043144728	0.001116145261572008	0.0035981321377367543	0.10050849967668192	0.2653068961153599	UNINFORMATIVE_OR_WEAK_QTL	17:7151111	0.2578278417982295
asian	TNFSF12/13	ELP5	NK	2228	980	8.042e-15	4.712060393212717e-165	2.1481646447254e-241	2.1863400400287737e-233	9.825391219781226e-09	0.999999990014544	1.600945230161854e-10	1.60094524589172e-10	1.6009452303924715e-11	1.6009452461224076e-11	1.6009452278550896e-09	1.6009452435849814e-09	FAIL_SUFFICIENT_COVERAGE	17:7151111	0.2612872715837997
combined	TNFSF12/13	ELP5	NK_R	2593	750	1.21e-10	5.293059591126085e-16	1.2502861773011897e-14	1.0599426327960552e-10	0.00011794383862192312	0.9998807067686105	1.3492867637902725e-06	1.3494459227654625e-06	1.349288402309555e-07	1.34944756167132e-07	1.3492703788163021e-05	1.3494295339258158e-05	FAIL_SUFFICIENT_COVERAGE	17:7156186	0.10914986675778446
european	TNFSF12/13	ELP5	NK_R	2569	750	4.119e-05	5.293059591126085e-16	7.24722164037087e-11	3.239116114348272e-11	0.6834917094944769	0.30547279266537114	0.011035497735288181	0.034866378132840194	0.0011146201225834516	0.0035995920779463147	0.10038481023848499	0.26538626159584794	UNINFORMATIVE_OR_WEAK_QTL	17:7156186	0.11008641235039159
asian	TNFSF12/13	ELP5	NK_R	2224	750	8.042e-15	5.293059591126085e-16	1.046707077232564e-18	1.0653082847939111e-10	9.825391218631606e-09	0.9999999898942278	1.7384773821679153e-10	1.7384773994343415e-10	1.7384773824399303e-11	1.738477399706347e-11	1.7384773794478382e-09	1.7384773967142638e-09	FAIL_SUFFICIENT_COVERAGE	17:7139238	0.1262217799994275
combined	TNFSF12/13	ELP5	Plasma	2578	253	1.21e-10	5.626101050257432e-19	9.286180099618684e-18	7.872451583160859e-14	0.0001179438449532203	0.9998806804173979	1.3757375696867754e-06	1.3758998486052996e-06	1.375739273077362e-07	1.375901552397767e-07	1.3757205360129405e-05	1.375882810912745e-05	FAIL_SUFFICIENT_COVERAGE	17:7158203	0.14957686045091864
european	TNFSF12/13	ELP5	Plasma	2553	253	4.119e-05	5.626101050257432e-19	5.399853858630294e-14	2.4081022318626542e-14	0.683938983500205	0.3049962624335797	0.01106475406613829	0.035008284756776274	0.001117604826911443	0.0036147190790285816	0.10062683957066398	0.26620760333121946	UNINFORMATIVE_OR_WEAK_QTL	17:7158203	0.15183631179268509
asian	TNFSF12/13	ELP5	Plasma	2214	253	8.042e-15	5.626101050257432e-19	7.912381540278156e-22	8.05299380372553e-14	9.82539121977976e-09	0.9999999900064296	1.6809687701934633e-10	1.6809687867097775e-10	1.6809687704477792e-11	1.680968786964091e-11	1.6809687676503783e-09	1.680968784166695e-09	FAIL_SUFFICIENT_COVERAGE	17:7156447	0.14315952605480886
combined	TNFSF12/13	LINC00324	CD4_NC	1858	980	1.21e-10	2.662697980910872e-07	1.8380999979588442e-06	0.015582683556231295	0.0001160228099571555	0.9835947116506482	0.0007047438831648268	0.0007159852412827198	7.051911644084486e-05	7.164469101551706e-05	0.007003020806951904	0.007114010672993485	FAIL_SUFFICIENT_COVERAGE	17:7462969	0.8393924281788177
european	TNFSF12/13	LINC00324	CD4_NC	1852	980	4.119e-05	2.662697980910872e-07	0.009715786627784957	0.0038915384079086543	0.6132503974931437	0.24550223707990304	0.12764004039125937	0.3420680209605136	0.014420583515241843	0.04942188333953918	0.5940171019447055	0.8386872915078191	UNINFORMATIVE_OR_WEAK_QTL	17:8038789	0.24087763064127332
asian	TNFSF12/13	LINC00324	CD4_NC	1599	980	8.042e-15	2.662697980910872e-07	1.535722304741948e-10	0.015630138834980007	9.665743931800244e-09	0.983750929981154	0.000618921364551123	0.0006287488017892996	6.192663139879897e-05	6.29104795787196e-05	0.006154928892610851	0.006252108963716654	FAIL_SUFFICIENT_COVERAGE	17:7462969	0.9969962000263694
combined	TNFSF12/13	MPDU1	CD4_NC	2961	980	1.21e-10	1.955964441430586e-05	4.406665545384213e-05	0.3735826127941673	6.758283335150815e-05	0.5728916211592683	0.05341411655775873	0.08528441197498964	0.005611155056989814	0.009237472355690205	0.36072898508281054	0.4824980542374436	UNINFORMATIVE_OR_WEAK_QTL	17:7462969	0.8799868035923829
european	TNFSF12/13	MPDU1	CD4_NC	2936	980	4.119e-05	1.955964441430586e-05	0.26287779745335066	0.12481123078845177	0.4027457685695919	0.19120050413269407	0.018364699055911555	0.08763238732617071	0.0018673336236224864	0.009513565547432002	0.15759871397531727	0.48992455107671373	UNINFORMATIVE_OR_WEAK_QTL	17:8036060	0.046819279670644434
asian	TNFSF12/13	MPDU1	CD4_NC	2551	980	8.042e-15	1.955964441430586e-05	3.746919642675675e-09	0.38135067826593266	5.5884245932019425e-09	0.5687238172835587	0.04992549511516324	0.08070080110747146	0.005227433496459429	0.008702121467104003	0.34447305895304414	0.4674764760381379	UNINFORMATIVE_OR_WEAK_QTL	17:7462969	0.9991852345236633
combined	TNFSF12/13	POLR2A	CD4_NC	2950	980	1.21e-10	4.4582032835164936e-08	2.9027163563733826e-07	0.002460826685330154	0.00011753404874394985	0.9964136883497056	0.0010076606445847116	0.0010102657674219083	0.00010085753160725084	0.00010111851766135203	0.009986043558050127	0.010011628028558366	FAIL_SUFFICIENT_COVERAGE	17:7462969	0.9206766915126725
european	TNFSF12/13	POLR2A	CD4_NC	2925	980	4.119e-05	4.4582032835164936e-08	0.0016353828568483136	0.0007795125052209333	0.6621309246629107	0.3155877808908808	0.019866399084139393	0.059222392416212424	0.0020228072142638998	0.00625566726505812	0.16853104572876001	0.3863165899695155	UNINFORMATIVE_OR_WEAK_QTL	17:7437665	0.10313832546796138
asian	TNFSF12/13	POLR2A	CD4_NC	2545	980	8.042e-15	4.4582032835164936e-08	2.4212467459456665e-11	0.002464275129661439	9.79169452021137e-09	0.9965694710236082	0.0009662440308230505	0.0009686310136477938	9.670850269441768e-05	9.694761718661522e-05	0.009579138241910487	0.00960259777037029	FAIL_SUFFICIENT_COVERAGE	17:7462969	0.9995293805707515
combined	TNFSF12/13	SAT2	B_IN	2908	975	1.21e-10	1.5460895226494289e-06	2.4512866918763025e-05	0.2078119890372502	7.253735296213413e-05	0.6147703984668637	0.17732056227600565	0.2238638881949922	0.021099254776044112	0.0280347627048597	0.6830832573262743	0.7425558745137651	HOLD_TARGETED_LD	17:7462969	0.9774138262840888
european	TNFSF12/13	SAT2	B_IN	2883	975	4.119e-05	1.5460895226494289e-06	0.1691140830254172	0.08007192385655158	0.5001608088589632	0.2368016607420517	0.01385152351701655	0.055261709752308576	0.0014026381596099877	0.005815403185886878	0.12316146927739076	0.369062082413052	UNINFORMATIVE_OR_WEAK_QTL	17:7482779	0.26728663025241806
asian	TNFSF12/13	SAT2	B_IN	2498	975	8.042e-15	1.5460895226494289e-06	2.0540599931932067e-09	0.2090563039215098	5.992216431212951e-09	0.6096892574134267	0.18125443061878818	0.2291622442423559	0.021658586320208378	0.02887068915104483	0.6888425038293687	0.7482946043787141	HOLD_TARGETED_LD	17:7462969	0.9999425468686485
combined	TNFSF12/13	SAT2	CD4_NC	2908	980	1.21e-10	6.0260582812868745e-31	4.598154549399608e-29	3.8981635480589105e-25	0.00011794217850622823	0.9998748253602521	7.2324612455734715e-06	7.233314358426697e-06	7.232508323525989e-07	7.233361447486211e-07	7.231990499754364e-05	7.232843501549963e-05	FAIL_SUFFICIENT_COVERAGE	17:7491910	0.5061738295621794
european	TNFSF12/13	SAT2	CD4_NC	2883	980	4.119e-05	6.0260582812868745e-31	2.599201871007286e-25	1.2306668408675442e-25	0.6664059777697389	0.31551098322752197	0.018083039002736022	0.054206723735158814	0.0018382204511764345	0.005698688903033301	0.15551993291406924	0.3643266505097498	UNINFORMATIVE_OR_WEAK_QTL	17:7530271	0.801876384776615
asian	TNFSF12/13	SAT2	CD4_NC	2498	980	8.042e-15	6.0260582812868745e-31	3.8383262476217874e-33	3.9065377897034567e-25	9.825391195696162e-09	0.9999999877106518	2.463961640912765e-09	2.4639616651221408e-09	2.463961646376757e-10	2.4639616705861434e-10	2.4639615862728138e-08	2.4639616104821897e-08	FAIL_SUFFICIENT_COVERAGE	17:7491910	0.7238901087524935
combined	TNFSF12/13	SAT2	CD8_ET	2908	980	1.21e-10	3.5570545051266175e-13	2.8718727968043484e-11	2.4346788979997393e-07	0.00011794185281045261	0.9998720616985506	9.752952030850024e-06	9.754104823136812e-06	9.75303763966747e-07	9.75419045219334e-07	9.752096025327429e-05	9.753248615252588e-05	FAIL_SUFFICIENT_COVERAGE	17:7498191	0.55958505552933
european	TNFSF12/13	SAT2	CD8_ET	2883	980	4.119e-05	3.5570545051266175e-13	1.6310905926059155e-07	7.722867273841933e-08	0.6697620103127268	0.3171049435386125	0.013132805810929321	0.03976773048143819	0.001328988595325548	0.004124388874800147	0.11744644581468089	0.29285993142049704	UNINFORMATIVE_OR_WEAK_QTL	17:7498191	0.4030518912257216
asian	TNFSF12/13	SAT2	CD8_ET	2498	980	8.042e-15	3.5570545051266175e-13	2.394171133681622e-15	2.4367183520523973e-07	9.825388050834199e-09	0.9999996675591858	7.894358824180744e-08	7.894360825379315e-08	7.894359385068917e-09	7.89436138626774e-09	7.894353215303623e-07	7.894355216499323e-07	FAIL_SUFFICIENT_COVERAGE	17:7462969	0.9347485772566055
combined	TNFSF12/13	SAT2	CD8_NC	2908	980	1.21e-10	2.493603954440465e-10	2.0381397526084474e-08	0.0001727867561673295	0.00011792013946716967	0.9996879715980301	2.13011249378902e-05	2.1307319556885823e-05	2.130153330985039e-06	2.1307728166401605e-06	0.00021297042079303007	0.00021303234323493913	FAIL_SUFFICIENT_COVERAGE	17:7462969	0.6514805610610925
european	TNFSF12/13	SAT2	CD8_NC	2883	980	4.119e-05	2.493603954440465e-10	0.00011517242156261807	5.4531693663564194e-05	0.6662842040578467	0.31545331622659767	0.01809277560032962	0.05424370437449984	0.0018392266028155733	0.005702776171746743	0.15559194473200136	0.36449366449553394	UNINFORMATIVE_OR_WEAK_QTL	17:7530271	0.8052598665141436
asian	TNFSF12/13	SAT2	CD8_NC	2498	980	8.042e-15	2.493603954440465e-10	1.6988926050420674e-12	0.00017290839116025416	9.823548753026899e-09	0.9998124545830775	1.4627200512964382e-05	1.4629730259827464e-05	1.462739307499474e-06	1.4629922888470495e-06	0.0001462527517147196	0.000146278042523529	FAIL_SUFFICIENT_COVERAGE	17:7462969	0.9870554855162696
combined	TNFSF12/13	SAT2	NK	2908	980	1.21e-10	3.023143683888132e-13	1.8584796165726636e-11	1.5755576325898014e-07	0.0001179417656118709	0.9998713216317139	1.0579028325562614e-05	1.0580277849393226e-05	1.0579129050777936e-06	1.0580378598404025e-06	0.00010578021178891504	0.00010579270464804585	FAIL_SUFFICIENT_COVERAGE	17:7468688	0.2780480773855546
european	TNFSF12/13	SAT2	NK	2883	980	4.119e-05	3.023143683888132e-13	1.0568870425734794e-07	5.004135509234942e-08	0.6706103765590774	0.3175078781407973	0.011881589570066024	0.03607155278108538	0.001201001786274289	0.0037281886772943204	0.10733780229108074	0.27231130372426887	UNINFORMATIVE_OR_WEAK_QTL	17:7468688	0.3242113968590616
asian	TNFSF12/13	SAT2	NK	2498	980	8.042e-15	3.023143683888132e-13	1.5502209708404187e-15	1.5777702087547014e-07	9.825389187098747e-09	0.9999997832346801	4.916290580027208e-08	4.916291404009516e-08	4.916290797556442e-09	4.916291621538811e-09	4.916288404735988e-07	4.91628922871756e-07	FAIL_SUFFICIENT_COVERAGE	17:7462969	0.8832992082581331
combined	TNFSF12/13	SLC16A11	CD4_NC	2319	980	1.21e-10	3.914623139690699e-06	3.926242593447447e-05	0.3328023831605967	7.355320147224902e-05	0.6234196118865425	0.04366518932545466	0.06545672940849692	0.004545136764129694	0.006955424336705824	0.3134645090458621	0.411907961997744	UNINFORMATIVE_OR_WEAK_QTL	17:7462969	0.7011837322335466
european	TNFSF12/13	SLC16A11	CD4_NC	2295	980	0.0007212	3.914623139690699e-06	0.29102857008804744	0.05023424358806214	0.544413214983693	0.09395042129589483	0.02037355004430246	0.17820890759363384	0.0020754101293497303	0.02122515056558662	0.1721666818629568	0.6843974993943704	UNINFORMATIVE_OR_WEAK_QTL	17:6956302	0.2799997128601672
asian	TNFSF12/13	SLC16A11	CD4_NC	1961	980	8.042e-15	3.914623139690699e-06	3.601643575575134e-09	0.36656489890237653	5.879362691382128e-09	0.5983494978203857	0.0350855937962312	0.05538940652417558	0.003622961768063321	0.005829546248738126	0.2666543895885433	0.3696311933496288	UNINFORMATIVE_OR_WEAK_QTL	17:7462969	0.9993244781135531
combined	TNFSF12/13	TMEM107	NK	1894	980	1.21e-10	2.5528412156348e-06	4.854062138553965e-05	0.4115083231047645	6.765553226390262e-05	0.5735421966011979	0.014833284140388907	0.025210574923504765	0.001503398720395218	0.0025795870783294136	0.13086272548883468	0.2054827132045033	UNINFORMATIVE_OR_WEAK_QTL	17:7462969	0.9518920985308739
european	TNFSF12/13	TMEM107	NK	1888	980	4.119e-05	2.5528412156348e-06	0.2661448577673742	0.10757535944338228	0.3707772084397624	0.14976186073440698	0.10574071361507423	0.413853809043975	0.011686208594080883	0.06594948009022661	0.5417970632383609	0.8759396065332721	UNINFORMATIVE_OR_WEAK_QTL	17:8052363	0.359440622321437
asian	TNFSF12/13	TMEM107	NK	1623	980	8.042e-15	2.5528412156348e-06	4.074141593447526e-09	0.41465438473364363	5.605924413474188e-09	0.5705400181012652	0.014805587485025402	0.025293753542739786	0.0015005536692662062	0.0025882963103465192	0.13064710991115638	0.2060349583159155	UNINFORMATIVE_OR_WEAK_QTL	17:7462969	0.9995623397908192
combined	TNFSF12/13	TMEM256	CD4_NC	2853	980	1.21e-10	6.815403641906727e-10	9.324283436358953e-08	0.0007904816528436446	0.00011784147804944004	0.9990206793533389	7.090427293259063e-05	7.096874209993713e-05	7.090879789567414e-06	7.097327529560057e-06	0.0007085905504458318	0.0007092344197277735	FAIL_SUFFICIENT_COVERAGE	17:7462969	0.9555870740170048
european	TNFSF12/13	TMEM256	CD4_NC	2828	980	4.119e-05	6.815403641906727e-10	0.0005192348109764394	0.00024610797288919636	0.6561411035659825	0.3109669696133708	0.03212658403678065	0.09363797044563466	0.0033083147709358014	0.010225546525581008	0.24920957048670622	0.508144840470034	UNINFORMATIVE_OR_WEAK_QTL	17:7310473	0.9988649484303945
asian	TNFSF12/13	TMEM256	CD4_NC	2458	980	8.042e-15	6.815403641906727e-10	7.77315186783637e-12	0.0007911289858673209	9.81692546609523e-09	0.9991382996101008	7.056157933253709e-05	7.061744753598596e-05	7.056606065995595e-06	7.062193596275809e-06	0.0007051679734322729	0.0007057259462749903	FAIL_SUFFICIENT_COVERAGE	17:7462969	0.9991372685103648
combined	TNFSF12/13	TNFSF12	Mono_NC	3012	690	1.21e-10	1.131295493674523e-17	6.632838790670119e-15	5.623103654436316e-11	0.0001179423266539785	0.999876440880925	5.616736185445857e-06	5.617398714835926e-06	5.616764578542226e-07	5.617427114631009e-07	5.616452270269566e-05	5.617114732678228e-05	FAIL_SUFFICIENT_COVERAGE	17:7452752	0.8762396615193232
european	TNFSF12/13	TNFSF12	Mono_NC	2987	690	4.119e-05	1.131295493674523e-17	3.6891058589147983e-11	1.7760713744877088e-11	0.6556893763049315	0.31564433859681	0.028666285043606743	0.08325704487568929	0.002942545158809176	0.00900009356177094	0.22787252232810126	0.4759412732502192	UNINFORMATIVE_OR_WEAK_QTL	17:7452752	0.9544703260503459
asian	TNFSF12/13	TNFSF12	Mono_NC	2604	690	8.042e-15	1.8805400812418816e-15	4.7241875648225784e-17	4.808141897741078e-09	9.82494990663761e-09	0.9999550296706881	4.4955696223225074e-05	4.495569688106578e-05	4.495751520998204e-06	4.495751586787618e-06	0.00044937514447988206	0.0004493751510529703	FAIL_SUFFICIENT_COVERAGE	17:7455536	0.6588609644563429
combined	TNFSF12/13	VAMP2	B_IN	1900	975	1.21e-10	5.0233010033635425e-14	1.8207502141068105e-12	1.5435605930241824e-08	0.00011794347172821834	0.999878473741779	3.5673490647622206e-06	3.5677699150095153e-06	3.567360518180421e-07	3.5677813711302534e-07	3.5672345346252104e-05	3.56765535784845e-05	FAIL_SUFFICIENT_COVERAGE	17:8061337	0.13420998681741167
european	TNFSF12/13	VAMP2	B_IN	1894	975	4.119e-05	5.0233010033635425e-14	1.0777014181485573e-08	4.3618250739534475e-09	0.6980604112172765	0.28250941814207425	0.01943015550180976	0.06435113909489132	0.0019775980846554225	0.006830722187749311	0.165381126051834	0.4075022722952887	UNINFORMATIVE_OR_WEAK_QTL	17:8062199	0.13834570103793967
asian	TNFSF12/13	VAMP2	B_IN	1628	975	8.042e-15	5.0233010033635425e-14	1.5208983056341698e-16	1.547926444628665e-08	9.825391065219983e-09	0.9999999738521484	8.431933133350725e-10	8.431933346717917e-10	8.431933139749489e-11	8.431933353116681e-11	8.43193306936297e-09	8.431933282730147e-09	FAIL_SUFFICIENT_COVERAGE	17:7462969	0.7279350349470275
combined	TNFSF12/13	VAMP2	B_MEM	1900	970	1.21e-10	7.955696569665446e-13	1.661365458086229e-11	1.4084404504499658e-07	0.00011794309433850088	0.9998752713024327	6.644742571152691e-06	6.645527301299463e-06	6.644782308733773e-07	6.645567048266995e-07	6.644345221480747e-05	6.645129857772456e-05	FAIL_SUFFICIENT_COVERAGE	17:8040294	0.08914769130055324
european	TNFSF12/13	VAMP2	B_MEM	1894	970	4.119e-05	7.955696569665446e-13	9.785935598232696e-08	3.960701781184916e-08	0.6946838935197618	0.28113807857495926	0.02417789043890445	0.07918973421860744	0.0024715706723251853	0.008526676115693688	0.19856989409417922	0.46236575262595375	UNINFORMATIVE_OR_WEAK_QTL	17:8087353	0.07663274700576247
asian	TNFSF12/13	VAMP2	B_MEM	1628	970	8.042e-15	7.955696569665446e-13	1.3875313931672886e-15	1.4121894463815128e-07	9.825389786399699e-09	0.9999998436930804	5.262584750165439e-09	5.262585545049173e-09	5.262584775090764e-10	5.262585569974494e-10	5.2625845009122344e-08	5.2625852957959115e-08	FAIL_SUFFICIENT_COVERAGE	17:7462969	0.9529268500329827
combined	TNFSF12/13	VAMP2	CD4_ET	1900	980	1.21e-10	2.018032896182724e-23	2.165784125434316e-21	1.836066805384235e-17	0.00011794355767859878	0.9998792031093913	2.8533329334517805e-06	2.853669505385675e-06	2.8533402608285403e-07	2.853676834491187e-07	2.853259661753943e-05	2.8535962164011578e-05	FAIL_SUFFICIENT_COVERAGE	17:8066107	0.2643624180832495
european	TNFSF12/13	VAMP2	CD4_ET	1894	980	4.119e-05	2.018032896182724e-23	1.2861661975023339e-17	5.2055531105960734e-18	0.7003213640445232	0.2834276820384406	0.01625095391703347	0.05422793608633489	0.0016492166003781133	0.005701033353732547	0.1417738905174034	0.3644224600266161	UNINFORMATIVE_OR_WEAK_QTL	17:8066107	0.267944652660899
asian	TNFSF12/13	VAMP2	CD4_ET	1628	980	8.042e-15	2.018032896182724e-23	1.8151666668794386e-25	1.8474242982995322e-17	9.825391223327687e-09	0.9999999899445058	2.3010567884539034e-10	2.3010568110626805e-10	2.301056788930446e-11	2.301056811539224e-11	2.301056783688529e-09	2.301056806297315e-09	FAIL_SUFFICIENT_COVERAGE	17:8066107	0.2655211488435483
combined	TNFSF12/13	VAMP2	CD4_NC	1900	980	1.21e-10	5.663869745151949e-81	3.8964464141730064e-89	3.303254389948413e-85	0.00011794355218374229	0.9998791564794983	2.8999683249124367e-06	2.900310397823171e-06	2.8999758937668785e-07	2.9003179684633236e-07	2.8998926385412987e-05	2.9002346935956846e-05	FAIL_SUFFICIENT_COVERAGE	17:8073296	0.6760739511024901
european	TNFSF12/13	VAMP2	CD4_NC	1894	980	4.119e-05	5.663869745151949e-81	2.3159444833525632e-85	9.373416929083762e-86	0.700520293172842	0.2835084751612639	0.01597123166588147	0.05332992954711217	0.0016204151903481667	0.005601865329742068	0.13964027239592045	0.3603448204741495	UNINFORMATIVE_OR_WEAK_QTL	17:8073296	0.6596853604990671
asian	TNFSF12/13	VAMP2	CD4_NC	1628	980	8.042e-15	5.663869745151949e-81	3.3973110356715792e-93	3.457685220151571e-85	9.82539122323672e-09	0.999999989935219	2.393821937479446e-10	2.3938219609997016e-10	2.3938219379952534e-11	2.393821961515459e-11	2.393821932322187e-09	2.393821955842401e-09	FAIL_SUFFICIENT_COVERAGE	17:8073296	0.6817173248876477
combined	TNFSF12/13	VAMP2	CD8_ET	1900	980	1.21e-10	6.5773449403016264e-21	6.695588757636675e-19	5.676257442294845e-15	0.00011794346076810141	0.9998783807177395	3.67582148627496e-06	3.6762550765213737e-06	3.6758336468124275e-07	3.6762672399278767e-07	3.6756998853254264e-05	3.6761334468831763e-05	FAIL_SUFFICIENT_COVERAGE	17:8061337	0.2087057551763224
european	TNFSF12/13	VAMP2	CD8_ET	1894	980	4.119e-05	6.5773449403016264e-21	3.9601433845144804e-15	1.6028050460118246e-15	0.6974974350994778	0.2822807708744006	0.02022179402611687	0.06684833906372699	0.0020596645028166734	0.007112762638028797	0.1710817255244719	0.41737560000357965	UNINFORMATIVE_OR_WEAK_QTL	17:8062199	0.2128289981717929
asian	TNFSF12/13	VAMP2	CD8_ET	1628	980	8.042e-15	6.5773449403016264e-21	5.603521101701601e-23	5.703102215464646e-15	9.825391223410137e-09	0.9999999899528973	2.217024499360974e-10	2.2170245211441274e-10	2.2170244998033525e-11	2.2170245215865003e-11	2.2170244949373164e-09	2.2170245167204602e-09	FAIL_SUFFICIENT_COVERAGE	17:8061337	0.2181932712526542
combined	TNFSF12/13	VAMP2	CD8_NC	1900	980	1.21e-10	2.2202519820344688e-36	1.1698487973240405e-34	9.917519104793542e-31	0.00011794355636789345	0.9998791919866272	2.8644570072425427e-06	2.864794891340285e-06	2.86446439186412e-07	2.8648022777041086e-07	2.8643831631206885e-05	2.8647210297967163e-05	FAIL_SUFFICIENT_COVERAGE	17:8073296	0.4526149267239773
european	TNFSF12/13	VAMP2	CD8_NC	1894	980	4.119e-05	2.2202519820344688e-36	6.949405937027607e-31	2.81266151781473e-31	0.7004723697665781	0.2834890115378139	0.016038618695604648	0.0535463746136072	0.0016273523043439765	0.005625752234320744	0.14015513416072914	0.361331715536848	UNINFORMATIVE_OR_WEAK_QTL	17:8073296	0.4343733892963091
asian	TNFSF12/13	VAMP2	CD8_NC	1628	980	8.042e-15	2.2202519820344688e-36	9.879062214898278e-39	1.0054624687215056e-30	9.825391223279027e-09	0.9999999899395533	2.3505838538195975e-10	2.3505838769149967e-10	2.3505838543168356e-11	2.350583877412258e-11	2.3505838488468506e-09	2.3505838719422544e-09	FAIL_SUFFICIENT_COVERAGE	17:8073296	0.45916658940118094
combined	TNFSF12/13	VAMP2	CD8_S100B	1900	959	1.21e-10	7.852083756345738e-11	4.833269579927196e-09	4.0974562943281655e-05	0.0001178616294991698	0.9991839892998501	0.0006571696744374854	0.000657274076525975	6.575585892451028e-05	6.576631149508654e-05	0.0065330568030636995	0.006534088581912219	FAIL_SUFFICIENT_COVERAGE	17:8043753	0.31558134974692914
european	TNFSF12/13	VAMP2	CD8_S100B	1894	959	4.119e-05	7.852083756345738e-11	1.7520478336441076e-05	7.091981407693789e-06	0.4272287067228884	0.17253445238113962	0.4002122284362278	0.6987595770351467	0.06255182905124881	0.18828583523494835	0.8696654727548605	0.9586709846434629	HOLD_TARGETED_LD	17:8043753	0.30469296879560936
asian	TNFSF12/13	VAMP2	CD8_S100B	1628	959	8.042e-15	7.852083756345738e-11	4.040421964110121e-13	4.1122249808117094e-05	9.824938447909001e-09	0.9999539028027035	4.965122145491439e-06	4.965326379669236e-06	4.965144332784715e-07	4.96534856878784e-07	4.964900283464307e-05	4.965104499390087e-05	FAIL_SUFFICIENT_COVERAGE	17:7462969	0.9995458807621
combined	TNFSF12/13	VAMP2	NK	1900	980	1.21e-10	3.1214879372648706e-12	1.1496670762121543e-10	9.746426391656082e-07	0.00011794338875049671	0.9998777705452611	3.3113083837874416e-06	3.311702205274973e-06	3.3113182521037427e-07	3.3117120759387423e-07	3.311209703859369e-05	3.311603501873396e-05	FAIL_SUFFICIENT_COVERAGE	17:8066107	0.15855652705809584
european	TNFSF12/13	VAMP2	NK	1894	980	4.119e-05	3.1214879372648706e-12	6.816951102888507e-07	2.759052530484364e-07	0.6993067181174341	0.28301559446220614	0.017676729819996375	0.05878676771079332	0.001796249619288123	0.006207081609336327	0.15250516484404444	0.3844581888997019	UNINFORMATIVE_OR_WEAK_QTL	17:8066107	0.17120805515632948
asian	TNFSF12/13	VAMP2	NK	1628	980	8.042e-15	3.1214879372648706e-12	9.608470894164077e-15	9.779224642715161e-07	9.82538120923242e-09	0.9999989706974372	4.155471055276203e-08	4.155475159837868e-08	4.155471210687658e-09	4.155475315249633e-09	4.1554695011621873e-07	4.1554736057207964e-07	FAIL_SUFFICIENT_COVERAGE	17:7462969	0.9940753316143107
combined	TNFSF12/13	XAF1	NK	2025	980	1.21e-10	6.328025268362165e-08	2.651415848380129e-06	0.02247430667863735	0.00011518430245412621	0.9763404368742304	0.0010674207288298456	0.0010920934597840534	0.0001068447163214554	0.00010931679171635561	0.010572638209647893	0.010814639226913815	FAIL_SUFFICIENT_COVERAGE	17:7462969	0.8597793120428017
european	TNFSF12/13	XAF1	NK	2003	980	0.0007212	6.328025268362165e-08	0.01659791707635264	0.0026490496569046692	0.7209301141024391	0.11491649933548806	0.14490641982881597	0.5577122306796254	0.01666387408339416	0.11197714311014322	0.6288910472342153	0.9265230705787514	UNINFORMATIVE_OR_WEAK_QTL	17:6660980	0.5545162338112997
asian	TNFSF12/13	XAF1	NK	1728	980	8.042e-15	6.328025268362165e-08	2.237681746222683e-10	0.02277447964344176	9.592127547342544e-09	0.9762581183021989	0.0009673922384625181	0.0009899375610111704	9.682352353890673e-05	9.908203262426158e-05	0.009590423076990949	0.009811956590726194	FAIL_SUFFICIENT_COVERAGE	17:7462969	0.9997461199325312
combined	TNFSF12/13	XAF1	NK_R	2021	750	1.21e-10	3.6302594375957056e-08	2.596609718954256e-07	0.0022009748926895643	0.0001176893264429575	0.9975747342191046	0.00010634190079053596	0.00010658907273666324	1.0635207950459485e-05	1.0659929882503784e-05	0.001062402207074422	0.0010648691965843857	FAIL_SUFFICIENT_COVERAGE	17:7462969	0.8677401713990084
european	TNFSF12/13	XAF1	NK_R	1999	750	0.0007212	3.6302594375957056e-08	0.001729269700368347	0.00027450002317149565	0.7836804405072355	0.1243095012217398	0.09000628854748507	0.41997040276128883	0.009793998134677488	0.06751646592486477	0.4972567636850359	0.8786481333974507	UNINFORMATIVE_OR_WEAK_QTL	17:6658102	0.08163018368032524
asian	TNFSF12/13	XAF1	NK_R	1726	750	8.042e-15	3.6302594375957056e-08	2.172085311923887e-11	0.002210685804791508	9.802723764656993e-09	0.9976928650597489	9.64393110143111e-05	9.665298133770707e-05	9.644768222753179e-06	9.666138968805137e-06	0.0009635567873688372	0.0009656897822085897	FAIL_SUFFICIENT_COVERAGE	17:7462969	0.9997581849694209
combined	TNFSF4/18	KLHL20	CD4_NC	1565	980	5e-08	2.0008102048319757e-10	7.790524115752821e-07	0.00015160414433253953	0.005111021365500962	0.9946082051046059	0.0001283903331491513	0.00012906967908690479	1.28405170533512e-05	1.2908467391259814e-05	0.0012824214768057123	0.0012891992221001696	FAIL_SUFFICIENT_COVERAGE	1:173471890	0.5256339195335111
european	TNFSF4/18	KLHL20	CD4_NC	1555	980	1.052e-07	2.0008102048319757e-10	2.7388477859916663e-06	0.00014963106641265132	0.017962685367393743	0.9813522028519742	0.0005327418664335058	0.0005425705621612209	5.329974214705128e-05	5.428356361338536e-05	0.005301997300893926	0.005399339915572589	UNINFORMATIVE_OR_WEAK_QTL	1:173471890	0.517385613571575
asian	TNFSF4/18	KLHL20	CD4_NC	1454	980	0.001114	2.0008102048319757e-10	0.0001346423000076003	1.2642971608832757e-05	0.8833798099803233	0.0829161987331514	0.03355670601490928	0.2881074022107963	0.0034601713592480785	0.038896463324267695	0.2577299474490276	0.8018649564271271	UNINFORMATIVE_OR_WEAK_QTL	1:173471890	0.6616940488781602
combined	TNFSF4/18	PIGC	CD4_NC	1618	980	5e-08	1.4095364573622042e-09	3.431853199187979e-06	0.0006678952399516189	0.005107853158646029	0.9940723286879573	0.00014849106024532639	0.00014935420511806764	1.4851090753323228e-05	1.4937428382775128e-05	0.0014829287874420249	0.0014915371450783127	FAIL_SUFFICIENT_COVERAGE	1:172355841	0.242260208843279
european	TNFSF4/18	PIGC	CD4_NC	1609	980	1.052e-07	1.4095364573622042e-09	1.2058193277181737e-05	0.0006592524651609187	0.01794197764142365	0.9809336485948792	0.0004530631052590848	0.00046165604226921483	4.532479201782365e-05	4.6184793567031576e-05	0.004512232119529338	0.004597458422553474	UNINFORMATIVE_OR_WEAK_QTL	1:172355841	0.27890006944523554
asian	TNFSF4/18	PIGC	CD4_NC	1333	980	0.001114	1.854443769657182e-06	0.05046558581414792	0.004803364078643305	0.8115556803257504	0.07718868093577529	0.055986688845683114	0.42039822331680116	0.005895743737709645	0.06762710603392859	0.37228157442434173	0.8788352466498803	UNINFORMATIVE_OR_WEAK_QTL	1:172416860	0.06533505329285946
combined	TNFSF4/18	PIGC	CD8_ET	1618	980	5e-08	2.732707101166247e-07	0.00023738441809395948	0.04619892334589224	0.0048667066254026205	0.9471398270114796	0.0015571585991323445	0.0016413656022424348	0.00015593439303614938	0.00016437938622748796	0.015356375186268256	0.016174718384976836	FAIL_SUFFICIENT_COVERAGE	1:173146357	0.12319196439887638
european	TNFSF4/18	PIGC	CD8_ET	1609	980	1.052e-07	2.732707101166247e-07	0.0008339481395702274	0.04559409143560605	0.017093925082800145	0.934566974265823	0.0019110610762009656	0.002040689694876827	0.00019143536783216162	0.00020444445641352286	0.018787474658155844	0.020038859109236525	UNINFORMATIVE_OR_WEAK_QTL	1:173168397	0.2507018653539426
asian	TNFSF4/18	PIGC	CD8_ET	1333	980	0.001114	2.732707101166247e-07	0.04184059224504804	0.003982428710114812	0.8554389453470425	0.08140418609045219	0.017333847607342488	0.1755539072248067	0.0017608549123729921	0.02084959595267647	0.1499461782462153	0.6804454134263367	UNINFORMATIVE_OR_WEAK_QTL	1:172367137	0.20843045878357278
combined	TNFSF4/18	PIGC	NK	1618	980	5e-08	8.074010344896203e-08	0.00010214250876238736	0.01987861701521991	0.0050058812089258005	0.9742262666741277	0.0007870925929646049	0.0008072633933510967	7.876505514880334e-05	8.078503265474328e-05	0.007815561792475618	0.008014406302067066	FAIL_SUFFICIENT_COVERAGE	1:173146357	0.1043856436226621
european	TNFSF4/18	PIGC	NK	1609	980	1.052e-07	8.074010344896203e-08	0.0003588129449832789	0.01961722731377235	0.017581259034212926	0.961211455639851	0.0012312450671801139	0.0012792918126716683	0.00012326109487154378	0.0001280766439289424	0.012177509188728692	0.012647301819683916	UNINFORMATIVE_OR_WEAK_QTL	1:173168397	0.18397985625120616
asian	TNFSF4/18	PIGC	NK	1333	980	0.001114	8.074010344896203e-08	0.017925291985845634	0.0017061469164569812	0.8785146767121789	0.08359963649097019	0.01825424789454869	0.17921994830806862	0.0018559152935099833	0.021368726718995774	0.15678461232981467	0.6858834748725442	UNINFORMATIVE_OR_WEAK_QTL	1:172355132	0.2384456383787745
combined	TNFSF4/18	PRDX6	CD4_ET	1913	980	5e-08	3.918018322879544e-30	2.9967245871620496e-26	5.832518410392345e-24	0.005111294721386835	0.9948100781401307	7.862713848397359e-05	7.903108967545709e-05	7.863270288195047e-06	7.903671139714076e-06	0.0007857153778733158	0.0007897491641214773	FAIL_SUFFICIENT_COVERAGE	1:173414992	0.9197603308355874
european	TNFSF4/18	PRDX6	CD4_ET	1903	980	1.052e-07	3.918018322879544e-30	1.0533006118644935e-25	5.7607249362920935e-24	0.01795029524150002	0.9817394917649925	0.0003102129935055542	0.0003158831900283913	3.102996265839962e-05	3.15973019537229e-05	0.0030934931590961027	0.0031498769616383746	UNINFORMATIVE_OR_WEAK_QTL	1:173414992	0.9012009856430407
asian	TNFSF4/18	PRDX6	CD4_ET	1700	980	0.001114	3.918018322879544e-30	5.1266397181658476e-24	5.298281475012258e-25	0.8750131335630831	0.09039629849028433	0.03459056794663276	0.2767536216622503	0.0035702025966145934	0.03685518832848149	0.263785322404663	0.7928125402647763	UNINFORMATIVE_OR_WEAK_QTL	1:173414992	0.9641184092617212
combined	TNFSF4/18	PRDX6	CD4_NC	1913	980	5e-08	2.02315811157521e-155	8.325364985049704e-214	1.6203639385667842e-211	0.005111188835338389	0.9947894488269059	9.936233773363255e-05	9.98728065072083e-05	9.937122411505247e-06	9.988178443392658e-06	0.0009927356125554107	0.0009978311592873882	FAIL_SUFFICIENT_COVERAGE	1:173471890	1.0
european	TNFSF4/18	PRDX6	CD4_NC	1903	980	1.052e-07	2.02315811157521e-155	2.9433382770053495e-213	1.609774267411996e-211	0.017948586110688915	0.9816459204876495	0.0004054934016489493	0.0004129044527750748	4.056414380828765e-05	4.1305795089553974e-05	0.004040189584527968	0.004113757229650882	UNINFORMATIVE_OR_WEAK_QTL	1:173471890	1.0
asian	TNFSF4/18	PRDX6	CD4_NC	1700	980	0.001114	2.02315811157521e-155	1.4540434556764472e-211	1.5027253578547744e-212	0.87694891046949	0.09059849520583307	0.032452594324701566	0.2637326857365906	0.003342896530959854	0.034581517384701936	0.25116681147992836	0.7817558138868179	UNINFORMATIVE_OR_WEAK_QTL	1:173471890	1.0
combined	TNFSF4/18	PRDX6	CD8_ET	1913	980	5e-08	5.164904752432175e-20	6.170565429223771e-16	1.2009757794446263e-13	0.005110686547107106	0.9946915902189943	0.00019772323378084095	0.00019873892613705952	1.977584250726219e-05	1.9877447994107827e-05	0.0019737200849484463	0.001983840863744618	FAIL_SUFFICIENT_COVERAGE	1:173396971	0.9624849760163927
european	TNFSF4/18	PRDX6	CD8_ET	1903	980	1.052e-07	5.164904752432175e-20	2.166936669599659e-15	1.1851437250977733e-13	0.017938131135635475	0.9810735328361605	0.0009883360280865828	0.0010063887616669118	9.892159380626131e-05	0.00010073011245451352	0.009796222642871881	0.009973552179225525	UNINFORMATIVE_OR_WEAK_QTL	1:173396971	0.9700526539374935
asian	TNFSF4/18	PRDX6	CD8_ET	1700	980	0.001114	5.164904752432175e-20	1.0558978949035042e-13	1.0912497393269553e-14	0.8751090032535334	0.09040631231804731	0.034484684428302374	0.2761182577343014	0.0035589239760260693	0.036742597605296475	0.2631691106840708	0.792290277630523	UNINFORMATIVE_OR_WEAK_QTL	1:173396971	0.917881385579217
combined	TNFSF4/18	PRDX6	CD8_NC	1913	980	5e-08	4.372972403412953e-79	2.3864696301375737e-85	4.644780542479303e-83	0.0051111888520708765	0.9947894520867125	9.935906121351261e-05	9.986951315581667e-05	9.936794700885172e-06	9.987849049041565e-06	0.0009927029058760272	0.0009977982848977216	FAIL_SUFFICIENT_COVERAGE	1:173471890	0.9998933818411385
european	TNFSF4/18	PRDX6	CD8_NC	1903	980	1.052e-07	4.372972403412953e-79	8.406493341945754e-85	4.5976898974734986e-83	0.017948586387657606	0.9816459356510228	0.00040547796132710094	0.00041288873037268224	4.0562598648536e-05	4.130422168015231e-05	0.004040036302119771	0.00411360116765654	UNINFORMATIVE_OR_WEAK_QTL	1:173471890	0.9998984826825454
asian	TNFSF4/18	PRDX6	CD8_NC	1700	980	0.001114	4.372972403412953e-79	4.108514036576812e-83	4.246068576398917e-84	0.8769486362013775	0.09059846655783754	0.0324528972407825	0.26373455960954123	0.003342928672707028	0.0345818395667061	0.25116862593858624	0.7817574603510367	UNINFORMATIVE_OR_WEAK_QTL	1:173471890	0.9998507465853598
combined	TNFSF4/18	PRDX6	CD8_S100B	1917	959	5e-08	4.0896976026415496e-14	3.535753207797156e-10	6.881637930350503e-08	0.005111181232596752	0.9947893152105066	9.943438694301835e-05	9.994523205056982e-05	9.944328621699902e-06	9.99542230037812e-06	0.0009934548172937656	0.0009985541140019487	FAIL_SUFFICIENT_COVERAGE	1:173471890	0.9143554340863788
european	TNFSF4/18	PRDX6	CD8_S100B	1907	959	1.052e-07	4.0896976026415496e-14	1.2420604038723452e-09	6.7931250748513e-08	0.017948457618025312	0.9816436178279703	0.00040785538069498074	0.0004153095757418818	4.0800514708011e-05	4.154648676260005e-05	0.0040636374194692884	0.00413763018050524	UNINFORMATIVE_OR_WEAK_QTL	1:173471890	0.9097107290304451
asian	TNFSF4/18	PRDX6	CD8_S100B	1700	959	0.001114	4.0896976026415496e-14	6.062128863200602e-08	6.265091135860843e-09	0.8767817794116545	0.09058103801784106	0.03263711568412569	0.2648726239078905	0.003362479023603476	0.034777774812141844	0.2522706726873686	0.7827543801551367	UNINFORMATIVE_OR_WEAK_QTL	1:173471890	0.9096786958424552
combined	TNFSF4/18	PRDX6	NK	1913	980	5e-08	3.7916583995396777e-06	0.00201099054479195	0.39139864323440143	0.0030106271585938487	0.5859400557469142	0.01763968331529831	0.029225108421805628	0.0017924243496345972	0.0030014569566642717	0.15222933742216177	0.2313896070378223	UNINFORMATIVE_OR_WEAK_QTL	1:173146357	0.14045230854756965
european	TNFSF4/18	PRDX6	NK	1903	980	1.052e-07	3.7916583995396777e-06	0.007069769638088702	0.3866607290380829	0.01057997618103197	0.5786243209767469	0.01706520416604956	0.028647816430813947	0.001733139152745759	0.0029405992149368933	0.14793168239605312	0.22775580569477524	UNINFORMATIVE_OR_WEAK_QTL	1:173168397	0.2636885948338273
asian	TNFSF4/18	PRDX6	NK	1700	980	0.001114	3.7916583995396777e-06	0.3590518673767439	0.037107305410011726	0.5280371069913743	0.05455034470612972	0.02125337551574034	0.28037377919624257	0.0021667838758106846	0.03749999059402843	0.17840783646695643	0.7957559258151188	UNINFORMATIVE_OR_WEAK_QTL	1:173471890	0.3485932157636969
combined	TNFSF8/15	TNFSF8	CD4_NC	3829	980	1.273e-08	2.0887929215460576e-11	2.431316751251694e-07	2.3354216413254217e-05	0.010118091847474267	0.9718838008282048	0.017974509976233427	0.018158669559106798	0.0018270065910002621	0.0018460363638026292	0.15471651747995094	0.15607901092979143	FAIL_SUFFICIENT_COVERAGE	9:117592778	0.3860946864066823
european	TNFSF8/15	TNFSF8	CD4_NC	3822	980	2.509e-06	2.0887929215460576e-11	7.954367585624617e-06	1.5271936845355755e-05	0.33101740315316824	0.6355012743953361	0.03345809614706518	0.05001513936479715	0.003449687596045773	0.0052372620904910065	0.25714786081131746	0.3448995859324989	UNINFORMATIVE_OR_WEAK_QTL	9:117592778	0.22417466601760333
asian	TNFSF8/15	TNFSF8	CD4_NC	3422	980	0.0003342	2.0887929215460576e-11	1.7629534507562116e-05	4.030944449182619e-06	0.7333528420109003	0.16758005956213748	0.09904543794800602	0.37147774265001765	0.010873848360546043	0.055805087356685504	0.5236595628430234	0.8552892263715908	UNINFORMATIVE_OR_WEAK_QTL	9:117674320	0.40639057848542787
combined	TNFSF8/15	TNFSF8	CD8_NC	3829	980	1.273e-08	1.1017823456458389e-08	5.963595620249638e-05	0.005728381653470007	0.010238708359045801	0.9834872091778498	0.00048606485343114956	0.0004939817637930045	4.862775796275723e-05	4.942014776588476e-05	0.004839477833556847	0.004917953225054774	FAIL_SUFFICIENT_COVERAGE	9:117643362	0.4003808626712398
european	TNFSF8/15	TNFSF8	CD8_NC	3822	980	2.509e-06	1.1017823456458389e-08	0.0019620995602461036	0.0037671204210542888	0.33685783230741556	0.6467373512560552	0.010675596455228713	0.016238798600475866	0.0010779163050596671	0.0016479647306734723	0.0973979350963377	0.14168136904805875	UNINFORMATIVE_OR_WEAK_QTL	9:117674320	0.22455333420977988
asian	TNFSF8/15	TNFSF8	CD8_NC	3422	980	0.0003342	1.1017823456458389e-08	0.004425947258427221	0.0010119806354546416	0.7586043265543985	0.1733902197805929	0.06256752577112645	0.2651641107386845	0.006630098552983673	0.03482804355118474	0.4002764780228382	0.7830087462608974	UNINFORMATIVE_OR_WEAK_QTL	9:117674320	0.7449293855977506
