scenario	maf	causal_r2	susie_L	p12	template_id	replicates	true_shared	abf_h4_rate	abf_h3_rate	abf_uninformative_rate	matched_h4_rate	matched_h3_rate	matched_uninformative_rate	matched_fit_success_rate	matched_convergence_rate	matched_pair_rate	matched_d_cover_all_rate	matched_q_cover_all_rate	matched_d_cover_any_rate	matched_q_cover_any_rate	matched_mean_d_cs_size	matched_mean_q_cs_size	mean_abf_h4	mean_matched_best_h4_all	abf_to_matched_h4_rate	abf_h4_to_matched_h3_rate	abf_h4_to_uninformative_rate	mismatch_h4_rate	mismatch_h3_rate	mismatch_fit_success_rate	mismatch_convergence_rate	mismatch_mean_best_h4_all	mismatch_decision_flip_rate	mismatch_mean_abs_h4_delta	h4_rate_delta_matched_minus_abf	correct_h4_decision_rate_abf	correct_h4_decision_rate_matched
S1_one_shared	0.05	0.2	5	1e-06	T_L02_NK_PF10	500	True	0.004	0.0	0.996	0.024	0.0	0.976	1.0	1.0	0.13	0.956	0.128	0.956	0.128	15.358	2.254	0.09414298387557628	0.0856638003768036	0.02	0.0	0.0								0.02	0.004	0.024
S1_one_shared	0.05	0.2	5	1e-06	T_L04_B_IN_PF10	500	True	0.026	0.0	0.974	0.056	0.0	0.944	1.0	1.0	0.06	0.864	0.06	0.864	0.06	1.8	0.288	0.11348313546830863	0.05290074980532812	0.032	0.0	0.002								0.030000000000000002	0.026	0.056
S1_one_shared	0.05	0.2	5	1e-05	T_L02_NK_PF10	500	True	0.1	0.0	0.9	0.142	0.0	0.858	1.0	1.0	0.152	0.968	0.152	0.968	0.152	15.39	2.668	0.359995410970021	0.1365952535888734	0.048	0.0	0.006								0.04199999999999998	0.1	0.142
S1_one_shared	0.05	0.2	5	1e-05	T_L04_B_IN_PF10	500	True	0.088	0.0	0.912	0.024	0.0	0.976	1.0	1.0	0.028	0.854	0.038	0.854	0.038	2.168	0.232	0.3207773988830074	0.024863609017172255	0.006	0.0	0.07								-0.064	0.088	0.024
S1_one_shared	0.05	0.2	5	0.0001	T_L02_NK_PF10	500	True	0.47	0.0	0.53	0.138	0.0	0.862	1.0	1.0	0.138	0.966	0.138	0.966	0.138	15.4	2.416	0.7391372798380081	0.13686721164523263	0.0	0.0	0.332								-0.33199999999999996	0.47	0.138
S1_one_shared	0.05	0.2	5	0.0001	T_L04_B_IN_PF10	500	True	0.474	0.0	0.526	0.04	0.0	0.96	1.0	1.0	0.044	0.85	0.048	0.85	0.048	1.816	0.242	0.7048236000540972	0.04252724352682381	0.0	0.0	0.434								-0.434	0.474	0.04
S1_one_shared	0.05	0.2	10	1e-06	T_L02_NK_PF10	500	True	0.0	0.0	1.0	0.024	0.0	0.976	1.0	1.0	0.166	0.962	0.168	0.962	0.168	15.576	2.98	0.09718022353503532	0.09645008174128375	0.024	0.0	0.0								0.024	0.0	0.024
S1_one_shared	0.05	0.2	10	1e-06	T_L04_B_IN_PF10	500	True	0.012	0.0	0.988	0.036	0.0	0.964	1.0	1.0	0.04	0.832	0.044	0.832	0.044	1.742	0.208	0.10105861003988534	0.03547392260148436	0.026	0.0	0.002								0.023999999999999997	0.012	0.036
S1_one_shared	0.05	0.2	10	1e-05	T_L02_NK_PF10	500	True	0.11	0.0	0.89	0.16	0.0	0.84	1.0	1.0	0.17	0.96	0.17	0.96	0.17	15.364	2.93	0.36260079009004437	0.15542948115090502	0.054	0.0	0.004								0.05	0.11	0.16
S1_one_shared	0.05	0.2	10	1e-05	T_L04_B_IN_PF10	500	True	0.112	0.0	0.888	0.048	0.0	0.952	1.0	1.0	0.05	0.856	0.054	0.856	0.054	2.162	0.424	0.33982468245613434	0.04776485318011139	0.0	0.0	0.064								-0.064	0.112	0.048
S1_one_shared	0.05	0.2	10	0.0001	T_L02_NK_PF10	500	True	0.484	0.0	0.516	0.156	0.0	0.844	1.0	1.0	0.16	0.956	0.164	0.956	0.164	15.362	2.872	0.7428849361525297	0.15585304807108102	0.002	0.0	0.33								-0.32799999999999996	0.484	0.156
S1_one_shared	0.05	0.2	10	0.0001	T_L04_B_IN_PF10	500	True	0.436	0.0	0.564	0.026	0.0	0.974	1.0	1.0	0.026	0.868	0.032	0.868	0.032	1.788	0.092	0.6931320471728252	0.025768534680791988	0.0	0.0	0.41								-0.41	0.436	0.026
S1_one_shared	0.05	0.2	20	1e-06	T_L02_NK_PF10	500	True	0.0	0.0	1.0	0.016	0.0	0.984	1.0	1.0	0.142	0.958	0.146	0.958	0.146	15.472	2.546	0.09073047149448728	0.08583849817686098	0.016	0.0	0.0								0.016	0.0	0.016
S1_one_shared	0.05	0.2	20	1e-06	T_L04_B_IN_PF10	500	True	0.02	0.0	0.98	0.048	0.0	0.952	1.0	1.0	0.056	0.912	0.058	0.912	0.058	2.064	0.28	0.1209229405820328	0.04792573475672383	0.034	0.0	0.006								0.028	0.02	0.048
S1_one_shared	0.05	0.2	20	1e-05	T_L02_NK_PF10	500	True	0.122	0.0	0.878	0.158	0.0	0.842	1.0	1.0	0.164	0.954	0.164	0.954	0.164	15.196	2.834	0.34512020438373975	0.15094079906812635	0.042	0.0	0.006								0.036000000000000004	0.122	0.158
S1_one_shared	0.05	0.2	20	1e-05	T_L04_B_IN_PF10	500	True	0.11	0.0	0.89	0.04	0.0	0.96	1.0	1.0	0.042	0.866	0.048	0.866	0.048	1.93	0.14	0.3351429130130573	0.040138615778357006	0.002	0.0	0.072								-0.07	0.11	0.04
S1_one_shared	0.05	0.2	20	0.0001	T_L02_NK_PF10	500	True	0.48	0.0	0.52	0.128	0.0	0.872	1.0	1.0	0.13	0.958	0.136	0.958	0.136	15.436	2.394	0.7294874604602636	0.12776999931949196	0.004	0.0	0.356								-0.352	0.48	0.128
S1_one_shared	0.05	0.2	20	0.0001	T_L04_B_IN_PF10	500	True	0.428	0.0	0.572	0.034	0.0	0.966	1.0	1.0	0.04	0.858	0.044	0.858	0.044	1.75	0.228	0.6985643293994573	0.0367091480646926	0.0	0.0	0.394								-0.394	0.428	0.034
S1_one_shared	0.05	0.5	5	1e-06	T_L02_NK_PF10	500	True	0.016	0.0	0.984	0.028	0.002	0.97	1.0	1.0	0.032	0.822	0.036	0.822	0.036	2.834	0.22	0.0975068088370043	0.026348802794283473	0.016	0.0	0.004								0.012	0.016	0.028
S1_one_shared	0.05	0.5	5	1e-06	T_L04_B_IN_PF10	500	True	0.016	0.0	0.984	0.034	0.002	0.964	1.0	1.0	0.08	0.846	0.074	0.846	0.074	7.806	2.066	0.08737986669957161	0.04796643183637479	0.018	0.0	0.0								0.018000000000000002	0.016	0.034
S1_one_shared	0.05	0.5	5	1e-05	T_L02_NK_PF10	500	True	0.088	0.0	0.912	0.022	0.0	0.978	1.0	1.0	0.034	0.8	0.024	0.8	0.024	2.764	0.314	0.3125948248196553	0.0240995890690288	0.0	0.0	0.066								-0.066	0.088	0.022
S1_one_shared	0.05	0.5	5	1e-05	T_L04_B_IN_PF10	500	True	0.1	0.0	0.9	0.08	0.0	0.92	1.0	1.0	0.106	0.846	0.096	0.846	0.096	7.408	2.574	0.34014753400094083	0.09209614407527095	0.016	0.0	0.036								-0.020000000000000004	0.1	0.08
S1_one_shared	0.05	0.5	5	0.0001	T_L02_NK_PF10	500	True	0.43	0.0	0.57	0.044	0.0	0.956	1.0	1.0	0.048	0.796	0.04	0.796	0.04	2.592	0.37	0.6869007613417297	0.04577390222406096	0.0	0.0	0.386								-0.386	0.43	0.044
S1_one_shared	0.05	0.5	5	0.0001	T_L04_B_IN_PF10	500	True	0.44	0.0	0.56	0.074	0.0	0.926	1.0	1.0	0.082	0.848	0.064	0.848	0.064	7.62	2.154	0.7020523177399958	0.0765271618507742	0.002	0.0	0.368								-0.366	0.44	0.074
S1_one_shared	0.05	0.5	10	1e-06	T_L02_NK_PF10	500	True	0.014	0.0	0.986	0.012	0.0	0.988	1.0	1.0	0.02	0.818	0.02	0.818	0.02	2.854	0.242	0.0863986268994409	0.014451524263255435	0.002	0.0	0.004								-0.002	0.014	0.012
S1_one_shared	0.05	0.5	10	1e-06	T_L04_B_IN_PF10	500	True	0.016	0.0	0.984	0.038	0.0	0.962	1.0	1.0	0.072	0.858	0.068	0.858	0.068	7.68	1.846	0.09246007093078011	0.047386792747013844	0.024	0.0	0.002								0.022	0.016	0.038
S1_one_shared	0.05	0.5	10	1e-05	T_L02_NK_PF10	500	True	0.098	0.0	0.902	0.036	0.0	0.964	1.0	1.0	0.048	0.782	0.036	0.782	0.036	2.58	0.48	0.3256885949199719	0.039364458193309956	0.004	0.0	0.066								-0.062000000000000006	0.098	0.036
S1_one_shared	0.05	0.5	10	1e-05	T_L04_B_IN_PF10	500	True	0.082	0.0	0.918	0.048	0.0	0.952	1.0	1.0	0.058	0.834	0.064	0.834	0.064	7.868	1.506	0.3214590905924057	0.05291210330378634	0.006	0.0	0.04								-0.034	0.082	0.048
S1_one_shared	0.05	0.5	10	0.0001	T_L02_NK_PF10	500	True	0.404	0.0	0.596	0.028	0.0	0.972	1.0	1.0	0.036	0.806	0.02	0.806	0.02	2.674	0.374	0.681440066642585	0.03217214807539512	0.002	0.0	0.378								-0.376	0.404	0.028
S1_one_shared	0.05	0.5	10	0.0001	T_L04_B_IN_PF10	500	True	0.41	0.0	0.59	0.062	0.0	0.938	1.0	1.0	0.068	0.858	0.056	0.858	0.056	7.882	1.994	0.6931002035659415	0.06325469497843035	0.004	0.0	0.352								-0.348	0.41	0.062
S1_one_shared	0.05	0.5	20	1e-06	T_L02_NK_PF10	500	True	0.01	0.0	0.99	0.01	0.002	0.988	1.0	1.0	0.02	0.794	0.016	0.794	0.016	2.74	0.188	0.08116531626597226	0.012331024493380915	0.004	0.0	0.004								0.0	0.01	0.01
S1_one_shared	0.05	0.5	20	1e-06	T_L04_B_IN_PF10	500	True	0.01	0.0	0.99	0.028	0.0	0.972	1.0	1.0	0.084	0.862	0.082	0.862	0.082	7.478	2.094	0.09522504731741162	0.05037198599126226	0.018	0.0	0.0								0.018000000000000002	0.01	0.028
S1_one_shared	0.05	0.5	20	1e-05	T_L02_NK_PF10	500	True	0.074	0.0	0.926	0.022	0.0	0.978	1.0	1.0	0.026	0.836	0.024	0.836	0.024	2.856	0.24	0.32698073884574763	0.023536396623340016	0.0	0.0	0.052								-0.052	0.074	0.022
S1_one_shared	0.05	0.5	20	1e-05	T_L04_B_IN_PF10	500	True	0.088	0.0	0.912	0.064	0.0	0.936	1.0	1.0	0.076	0.854	0.066	0.854	0.066	7.382	1.66	0.3204599281906758	0.06541740200400604	0.016	0.0	0.04								-0.023999999999999994	0.088	0.064
S1_one_shared	0.05	0.5	20	0.0001	T_L02_NK_PF10	500	True	0.414	0.0	0.586	0.022	0.0	0.978	1.0	1.0	0.028	0.774	0.022	0.774	0.022	2.576	0.242	0.6698161573518326	0.02382546372318769	0.0	0.0	0.392								-0.39199999999999996	0.414	0.022
S1_one_shared	0.05	0.5	20	0.0001	T_L04_B_IN_PF10	500	True	0.426	0.0	0.574	0.074	0.0	0.926	1.0	1.0	0.078	0.862	0.076	0.862	0.076	8.23	1.898	0.7035008166777182	0.07469255283356534	0.0	0.0	0.352								-0.352	0.426	0.074
S1_one_shared	0.05	0.8	5	1e-06	T_L02_NK_PF10	500	True	0.006	0.0	0.994	0.024	0.0	0.976	1.0	1.0	0.074	0.916	0.074	0.916	0.074	8.322	0.976	0.08412070865354258	0.05057366097768822	0.018	0.0	0.0								0.018000000000000002	0.006	0.024
S1_one_shared	0.05	0.8	5	1e-06	T_L04_B_IN_PF10	500	True	0.01	0.0	0.99	0.022	0.0	0.978	1.0	1.0	0.128	0.908	0.124	0.908	0.124	17.44	3.408	0.09152557883751211	0.07455156182563599	0.012	0.0	0.0								0.011999999999999999	0.01	0.022
S1_one_shared	0.05	0.8	5	1e-05	T_L02_NK_PF10	500	True	0.098	0.0	0.902	0.1	0.0	0.9	1.0	1.0	0.102	0.922	0.092	0.922	0.092	8.08	1.304	0.33416383057564764	0.09603921823405792	0.018	0.0	0.016								0.0020000000000000018	0.098	0.1
S1_one_shared	0.05	0.8	5	1e-05	T_L04_B_IN_PF10	500	True	0.09	0.0	0.91	0.11	0.002	0.888	1.0	1.0	0.128	0.862	0.134	0.862	0.134	17.47	3.458	0.3230115726743625	0.11209956465372585	0.038	0.0	0.018								0.020000000000000004	0.09	0.11
S1_one_shared	0.05	0.8	5	0.0001	T_L02_NK_PF10	500	True	0.4	0.0	0.6	0.11	0.0	0.89	1.0	1.0	0.112	0.902	0.102	0.902	0.102	8.134	1.474	0.6910440731359491	0.11037975449331797	0.0	0.0	0.29								-0.29000000000000004	0.4	0.11
S1_one_shared	0.05	0.8	5	0.0001	T_L04_B_IN_PF10	500	True	0.47	0.0	0.53	0.14	0.0	0.86	1.0	1.0	0.14	0.876	0.134	0.876	0.134	18.006	3.52	0.7335990194947112	0.13798138677948588	0.004	0.0	0.334								-0.32999999999999996	0.47	0.14
S1_one_shared	0.05	0.8	10	1e-06	T_L02_NK_PF10	500	True	0.01	0.0	0.99	0.036	0.0	0.964	1.0	1.0	0.116	0.902	0.102	0.902	0.102	7.988	1.516	0.0915999569833938	0.07550002328526316	0.026	0.0	0.0								0.025999999999999995	0.01	0.036
S1_one_shared	0.05	0.8	10	1e-06	T_L04_B_IN_PF10	500	True	0.01	0.0	0.99	0.026	0.0	0.974	1.0	1.0	0.144	0.884	0.136	0.884	0.136	17.71	3.564	0.09776782636558673	0.08181495805965211	0.016	0.0	0.0								0.016	0.01	0.026
S1_one_shared	0.05	0.8	10	1e-05	T_L02_NK_PF10	500	True	0.112	0.0	0.888	0.114	0.0	0.886	1.0	1.0	0.12	0.902	0.118	0.902	0.118	8.106	1.606	0.3341659739867331	0.1130805611321207	0.022	0.0	0.02								0.0020000000000000018	0.112	0.114
S1_one_shared	0.05	0.8	10	1e-05	T_L04_B_IN_PF10	500	True	0.074	0.0	0.926	0.104	0.0	0.896	1.0	1.0	0.126	0.914	0.118	0.914	0.118	17.858	3.042	0.3042209092658966	0.10967838633006222	0.034	0.0	0.004								0.03	0.074	0.104
S1_one_shared	0.05	0.8	10	0.0001	T_L02_NK_PF10	500	True	0.412	0.0	0.588	0.088	0.0	0.912	1.0	1.0	0.09	0.914	0.084	0.914	0.084	7.802	1.042	0.6921288301870957	0.08828393133296533	0.0	0.0	0.324								-0.32399999999999995	0.412	0.088
S1_one_shared	0.05	0.8	10	0.0001	T_L04_B_IN_PF10	500	True	0.442	0.0	0.558	0.13	0.0	0.87	1.0	1.0	0.136	0.908	0.124	0.908	0.124	18.248	3.462	0.7111423025224101	0.13116867742832908	0.0	0.0	0.312								-0.312	0.442	0.13
S1_one_shared	0.05	0.8	20	1e-06	T_L02_NK_PF10	500	True	0.008	0.0	0.992	0.052	0.0	0.948	1.0	1.0	0.126	0.914	0.11	0.914	0.11	8.066	1.614	0.1055088626069821	0.08563228063250568	0.044	0.0	0.0								0.044	0.008	0.052
S1_one_shared	0.05	0.8	20	1e-06	T_L04_B_IN_PF10	500	True	0.008	0.0	0.992	0.022	0.0	0.978	1.0	1.0	0.138	0.882	0.136	0.882	0.136	18.012	3.654	0.09231047188232605	0.07606911096823757	0.014	0.0	0.0								0.013999999999999999	0.008	0.022
S1_one_shared	0.05	0.8	20	1e-05	T_L02_NK_PF10	500	True	0.084	0.0	0.916	0.092	0.002	0.906	1.0	1.0	0.1	0.91	0.096	0.91	0.096	8.268	1.33	0.3309257298111856	0.09171516985039	0.018	0.0	0.01								0.007999999999999993	0.084	0.092
S1_one_shared	0.05	0.8	20	1e-05	T_L04_B_IN_PF10	500	True	0.08	0.0	0.92	0.146	0.0	0.854	1.0	1.0	0.162	0.91	0.15	0.91	0.15	17.956	4.128	0.33079591924505947	0.14154712661676178	0.068	0.0	0.002								0.06599999999999999	0.08	0.146
S1_one_shared	0.05	0.8	20	0.0001	T_L02_NK_PF10	500	True	0.434	0.0	0.566	0.108	0.0	0.892	1.0	1.0	0.108	0.936	0.086	0.936	0.086	8.0	1.302	0.7103052680207889	0.10731575746195827	0.0	0.0	0.326								-0.326	0.434	0.108
S1_one_shared	0.05	0.8	20	0.0001	T_L04_B_IN_PF10	500	True	0.448	0.0	0.552	0.148	0.0	0.852	1.0	1.0	0.152	0.912	0.148	0.912	0.148	18.006	4.102	0.7253346442270711	0.14748392704560476	0.004	0.0	0.304								-0.30000000000000004	0.448	0.148
S1_one_shared	0.2	0.2	5	1e-06	T_L02_NK_PF10	500	True	0.546	0.0	0.454	0.568	0.0	0.432	1.0	1.0	0.856	0.984	0.854	0.984	0.854	13.26	14.132	0.7078341434253496	0.6701107257620136	0.03	0.0	0.008								0.02199999999999991	0.546	0.568
S1_one_shared	0.2	0.2	5	1e-06	T_L04_B_IN_PF10	500	True	0.762	0.0	0.238	0.624	0.0	0.376	1.0	1.0	0.626	1.0	0.624	1.0	0.624	2.084	1.314	0.8337155545188396	0.6089695756519018	0.012	0.0	0.15								-0.138	0.762	0.624
S1_one_shared	0.2	0.2	5	1e-05	T_L02_NK_PF10	500	True	0.88	0.0	0.12	0.798	0.0	0.202	1.0	1.0	0.802	0.982	0.796	0.982	0.796	13.222	13.094	0.9163365639861146	0.7773350262378459	0.0	0.0	0.082								-0.08199999999999996	0.88	0.798
S1_one_shared	0.2	0.2	5	1e-05	T_L04_B_IN_PF10	500	True	0.884	0.0	0.116	0.596	0.0	0.404	1.0	1.0	0.596	1.0	0.594	1.0	0.594	2.118	1.354	0.9298824786069906	0.5943952508027562	0.0	0.0	0.288								-0.28800000000000003	0.884	0.596
S1_one_shared	0.2	0.2	5	0.0001	T_L02_NK_PF10	500	True	0.992	0.0	0.008	0.816	0.0	0.184	1.0	1.0	0.816	0.978	0.812	0.978	0.812	13.294	13.444	0.9868939240255197	0.8136084096082717	0.0	0.0	0.176								-0.17600000000000005	0.992	0.816
S1_one_shared	0.2	0.2	5	0.0001	T_L04_B_IN_PF10	500	True	0.99	0.0	0.01	0.628	0.0	0.372	1.0	1.0	0.632	1.0	0.626	1.0	0.626	2.172	1.622	0.9915153353180101	0.6304984074090689	0.0	0.0	0.362								-0.362	0.99	0.628
S1_one_shared	0.2	0.2	10	1e-06	T_L02_NK_PF10	500	True	0.578	0.0	0.422	0.6	0.0	0.4	1.0	1.0	0.848	0.97	0.846	0.97	0.846	13.354	13.94	0.7078390840994454	0.6759848676004481	0.022	0.0	0.0								0.02200000000000002	0.578	0.6
S1_one_shared	0.2	0.2	10	1e-06	T_L04_B_IN_PF10	500	True	0.716	0.0	0.284	0.612	0.0	0.388	1.0	1.0	0.614	1.0	0.614	1.0	0.614	2.13	1.522	0.8105089707830688	0.5987824810231042	0.002	0.0	0.106								-0.10399999999999998	0.716	0.612
S1_one_shared	0.2	0.2	10	1e-05	T_L02_NK_PF10	500	True	0.912	0.0	0.088	0.864	0.002	0.134	1.0	1.0	0.868	0.978	0.862	0.978	0.862	13.342	14.216	0.9307687168596352	0.8398228975939772	0.0	0.002	0.046								-0.04800000000000004	0.912	0.864
S1_one_shared	0.2	0.2	10	1e-05	T_L04_B_IN_PF10	500	True	0.902	0.0	0.098	0.592	0.0	0.408	1.0	1.0	0.592	1.0	0.59	1.0	0.59	2.21	1.206	0.939731609375845	0.5903320853722691	0.0	0.0	0.31								-0.31000000000000005	0.902	0.592
S1_one_shared	0.2	0.2	10	0.0001	T_L02_NK_PF10	500	True	0.986	0.0	0.014	0.848	0.0	0.152	1.0	1.0	0.848	0.974	0.842	0.974	0.842	13.128	13.92	0.9845383712204346	0.8453249012448599	0.0	0.0	0.138								-0.138	0.986	0.848
S1_one_shared	0.2	0.2	10	0.0001	T_L04_B_IN_PF10	500	True	0.99	0.0	0.01	0.58	0.0	0.42	1.0	1.0	0.58	1.0	0.578	1.0	0.578	2.094	1.182	0.9876737342000544	0.5795141367861889	0.0	0.0	0.41								-0.41000000000000003	0.99	0.58
S1_one_shared	0.2	0.2	20	1e-06	T_L02_NK_PF10	500	True	0.56	0.002	0.438	0.578	0.002	0.42	1.0	1.0	0.846	0.976	0.84	0.976	0.84	13.328	13.84	0.7071709648929118	0.6707596555558775	0.026	0.0	0.008								0.017999999999999905	0.56	0.578
S1_one_shared	0.2	0.2	20	1e-06	T_L04_B_IN_PF10	500	True	0.702	0.0	0.298	0.568	0.0	0.432	1.0	1.0	0.572	1.0	0.572	1.0	0.572	2.182	1.268	0.7989748760738109	0.5568745319661398	0.004	0.0	0.138								-0.134	0.702	0.568
S1_one_shared	0.2	0.2	20	1e-05	T_L02_NK_PF10	500	True	0.908	0.0	0.092	0.85	0.0	0.15	1.0	1.0	0.85	0.976	0.844	0.976	0.844	13.41	13.944	0.9291994989310027	0.8248547500127763	0.0	0.0	0.058								-0.05800000000000005	0.908	0.85
S1_one_shared	0.2	0.2	20	1e-05	T_L04_B_IN_PF10	500	True	0.898	0.0	0.102	0.572	0.0	0.428	1.0	1.0	0.574	1.0	0.572	1.0	0.572	2.07	1.266	0.9320272309843064	0.5715178782281839	0.0	0.0	0.326								-0.32600000000000007	0.898	0.572
S1_one_shared	0.2	0.2	20	0.0001	T_L02_NK_PF10	500	True	0.992	0.0	0.008	0.832	0.0	0.168	1.0	1.0	0.832	0.98	0.824	0.98	0.824	13.404	13.668	0.9877733880228267	0.829585500507219	0.0	0.0	0.16								-0.16000000000000003	0.992	0.832
S1_one_shared	0.2	0.2	20	0.0001	T_L04_B_IN_PF10	500	True	0.984	0.0	0.016	0.636	0.0	0.364	1.0	1.0	0.636	1.0	0.636	1.0	0.636	2.302	1.57	0.9875788571269607	0.635826464490973	0.0	0.0	0.348								-0.348	0.984	0.636
S1_one_shared	0.2	0.5	5	1e-06	T_L02_NK_PF10	500	True	0.668	0.0	0.332	0.466	0.0	0.534	1.0	1.0	0.496	0.998	0.478	0.998	0.478	2.12	2.262	0.7813980371227609	0.46860375066011695	0.0	0.0	0.202								-0.202	0.668	0.466
S1_one_shared	0.2	0.5	5	1e-06	T_L04_B_IN_PF10	500	True	0.646	0.0	0.354	0.552	0.004	0.444	1.0	1.0	0.672	0.992	0.652	0.992	0.652	2.846	9.826	0.7722014142028387	0.5955046150988932	0.014	0.0	0.108								-0.09399999999999997	0.646	0.552
S1_one_shared	0.2	0.5	5	1e-05	T_L02_NK_PF10	500	True	0.892	0.0	0.108	0.512	0.0	0.488	1.0	1.0	0.522	1.0	0.502	1.0	0.502	2.068	2.308	0.9320870815846893	0.5116200751331611	0.0	0.0	0.38								-0.38	0.892	0.512
S1_one_shared	0.2	0.5	5	1e-05	T_L04_B_IN_PF10	500	True	0.886	0.0	0.114	0.658	0.0	0.342	1.0	1.0	0.672	0.988	0.648	0.988	0.648	2.774	9.204	0.9277399783966798	0.6597352025360173	0.0	0.0	0.228								-0.22799999999999998	0.886	0.658
S1_one_shared	0.2	0.5	5	0.0001	T_L02_NK_PF10	500	True	0.984	0.0	0.016	0.524	0.0	0.476	1.0	1.0	0.53	0.998	0.518	0.998	0.518	2.114	2.524	0.9876551772957207	0.5266282167003629	0.0	0.0	0.46								-0.45999999999999996	0.984	0.524
S1_one_shared	0.2	0.5	5	0.0001	T_L04_B_IN_PF10	500	True	0.988	0.0	0.012	0.694	0.0	0.306	1.0	1.0	0.696	0.994	0.67	0.994	0.67	2.78	10.278	0.9877023081048177	0.6934751130805304	0.0	0.0	0.294								-0.29400000000000004	0.988	0.694
S1_one_shared	0.2	0.5	10	1e-06	T_L02_NK_PF10	500	True	0.688	0.002	0.31	0.492	0.004	0.504	1.0	1.0	0.514	1.0	0.504	1.0	0.504	2.072	2.268	0.7849171081880308	0.4870411677841369	0.0	0.0	0.196								-0.19599999999999995	0.688	0.492
S1_one_shared	0.2	0.5	10	1e-06	T_L04_B_IN_PF10	500	True	0.614	0.0	0.386	0.554	0.002	0.444	1.0	1.0	0.64	0.99	0.618	0.99	0.618	3.014	8.874	0.7557580977927759	0.5784676744330175	0.006	0.0	0.066								-0.05999999999999994	0.614	0.554
S1_one_shared	0.2	0.5	10	1e-05	T_L02_NK_PF10	500	True	0.916	0.0	0.084	0.506	0.0	0.494	1.0	1.0	0.52	1.0	0.498	1.0	0.498	2.098	2.378	0.9429978772103005	0.5080074638193017	0.0	0.0	0.41								-0.41000000000000003	0.916	0.506
S1_one_shared	0.2	0.5	10	1e-05	T_L04_B_IN_PF10	500	True	0.884	0.0	0.116	0.634	0.0	0.366	1.0	1.0	0.65	0.998	0.614	0.998	0.614	2.956	9.134	0.923587072317511	0.631566117518522	0.0	0.0	0.25								-0.25	0.884	0.634
S1_one_shared	0.2	0.5	10	0.0001	T_L02_NK_PF10	500	True	0.984	0.0	0.016	0.548	0.0	0.452	1.0	1.0	0.552	0.998	0.534	0.998	0.534	2.084	2.582	0.9880209359275457	0.5497516818117643	0.0	0.0	0.436								-0.43599999999999994	0.984	0.548
S1_one_shared	0.2	0.5	10	0.0001	T_L04_B_IN_PF10	500	True	0.984	0.0	0.016	0.69	0.0	0.31	1.0	1.0	0.69	0.996	0.664	0.996	0.664	2.966	10.332	0.9864698817540487	0.6883147743225577	0.0	0.0	0.294								-0.29400000000000004	0.984	0.69
S1_one_shared	0.2	0.5	20	1e-06	T_L02_NK_PF10	500	True	0.736	0.0	0.264	0.538	0.002	0.46	1.0	1.0	0.56	1.0	0.548	1.0	0.548	2.128	2.45	0.8197467770446419	0.5347509754939123	0.0	0.0	0.198								-0.19799999999999995	0.736	0.538
S1_one_shared	0.2	0.5	20	1e-06	T_L04_B_IN_PF10	500	True	0.65	0.0	0.35	0.594	0.0	0.406	1.0	1.0	0.682	0.992	0.654	0.992	0.654	2.732	9.732	0.7587239362526659	0.6109336840494566	0.006	0.0	0.062								-0.05600000000000005	0.65	0.594
S1_one_shared	0.2	0.5	20	1e-05	T_L02_NK_PF10	500	True	0.878	0.0	0.122	0.534	0.0	0.466	1.0	1.0	0.548	1.0	0.528	1.0	0.528	2.132	2.402	0.9311252715902654	0.5373190171947445	0.0	0.0	0.344								-0.344	0.878	0.534
S1_one_shared	0.2	0.5	20	1e-05	T_L04_B_IN_PF10	500	True	0.906	0.0	0.094	0.69	0.0	0.31	1.0	1.0	0.692	0.988	0.672	0.988	0.672	2.984	10.098	0.9378973655958383	0.6811731646958317	0.0	0.0	0.216								-0.21600000000000008	0.906	0.69
S1_one_shared	0.2	0.5	20	0.0001	T_L02_NK_PF10	500	True	0.986	0.0	0.014	0.566	0.0	0.434	1.0	1.0	0.568	0.998	0.546	0.998	0.546	2.07	2.526	0.9872814238961414	0.5660867998692938	0.0	0.0	0.42								-0.42000000000000004	0.986	0.566
S1_one_shared	0.2	0.5	20	0.0001	T_L04_B_IN_PF10	500	True	0.986	0.0	0.014	0.666	0.002	0.332	1.0	1.0	0.668	0.99	0.638	0.99	0.638	2.808	9.324	0.9851794809450268	0.6639906766294523	0.0	0.0	0.32								-0.31999999999999995	0.986	0.666
S1_one_shared	0.2	0.8	5	1e-06	T_L02_NK_PF10	500	True	0.672	0.0	0.328	0.666	0.0	0.334	1.0	1.0	0.8	0.996	0.76	0.996	0.76	3.516	8.348	0.7812749832001391	0.705740109044101	0.01	0.0	0.016								-0.006000000000000005	0.672	0.666
S1_one_shared	0.2	0.8	5	1e-06	T_L04_B_IN_PF10	500	True	0.454	0.002	0.544	0.47	0.002	0.528	1.0	1.0	0.812	0.98	0.772	0.98	0.772	8.222	17.312	0.6915561332972324	0.6355163399320523	0.036	0.0	0.02								0.01599999999999996	0.454	0.47
S1_one_shared	0.2	0.8	5	1e-05	T_L02_NK_PF10	500	True	0.912	0.0	0.088	0.784	0.0	0.216	1.0	1.0	0.788	0.998	0.754	0.998	0.754	3.59	8.262	0.9367450738399818	0.7727281767026325	0.0	0.0	0.128								-0.128	0.912	0.784
S1_one_shared	0.2	0.8	5	1e-05	T_L04_B_IN_PF10	500	True	0.898	0.0	0.102	0.8	0.0	0.2	1.0	1.0	0.82	0.988	0.768	0.988	0.768	7.968	18.008	0.9230180611189167	0.7898585925684024	0.0	0.0	0.098								-0.09799999999999998	0.898	0.8
S1_one_shared	0.2	0.8	5	0.0001	T_L02_NK_PF10	500	True	0.99	0.0	0.01	0.788	0.0	0.212	1.0	1.0	0.788	0.996	0.746	0.996	0.746	3.362	8.214	0.9873900660951737	0.7862966923253406	0.0	0.0	0.202								-0.20199999999999996	0.99	0.788
S1_one_shared	0.2	0.8	5	0.0001	T_L04_B_IN_PF10	500	True	0.984	0.0	0.016	0.81	0.0	0.19	1.0	1.0	0.812	0.968	0.766	0.968	0.766	8.308	17.892	0.987126404083996	0.8081893764637936	0.0	0.0	0.174								-0.17399999999999993	0.984	0.81
S1_one_shared	0.2	0.8	10	1e-06	T_L02_NK_PF10	500	True	0.672	0.0	0.328	0.668	0.002	0.33	1.0	1.0	0.808	0.994	0.768	0.994	0.768	3.478	8.106	0.7848064465995217	0.7148556276594863	0.01	0.0	0.014								-0.0040000000000000036	0.672	0.668
S1_one_shared	0.2	0.8	10	1e-06	T_L04_B_IN_PF10	500	True	0.514	0.002	0.484	0.52	0.002	0.478	1.0	1.0	0.816	0.984	0.776	0.984	0.776	7.894	17.68	0.7052394030220032	0.6464903006279347	0.022	0.0	0.016								0.006000000000000005	0.514	0.52
S1_one_shared	0.2	0.8	10	1e-05	T_L02_NK_PF10	500	True	0.896	0.0	0.104	0.78	0.0	0.22	1.0	1.0	0.79	0.992	0.758	0.992	0.758	3.442	8.376	0.9307688721305878	0.7747947169194137	0.0	0.0	0.116								-0.11599999999999999	0.896	0.78
S1_one_shared	0.2	0.8	10	1e-05	T_L04_B_IN_PF10	500	True	0.896	0.0	0.104	0.814	0.0	0.186	1.0	1.0	0.828	0.986	0.78	0.986	0.78	8.278	17.798	0.9254602904223747	0.7987404885333441	0.0	0.0	0.082								-0.08200000000000007	0.896	0.814
S1_one_shared	0.2	0.8	10	0.0001	T_L02_NK_PF10	500	True	0.992	0.0	0.008	0.762	0.0	0.238	1.0	1.0	0.762	0.998	0.72	0.998	0.72	3.566	7.876	0.9883468888887907	0.760644400513306	0.0	0.0	0.23								-0.22999999999999998	0.992	0.762
S1_one_shared	0.2	0.8	10	0.0001	T_L04_B_IN_PF10	500	True	0.988	0.0	0.012	0.81	0.0	0.19	1.0	1.0	0.816	0.986	0.748	0.986	0.748	8.16	17.74	0.9851868476095964	0.8108201035947923	0.0	0.0	0.178								-0.17799999999999994	0.988	0.81
S1_one_shared	0.2	0.8	20	1e-06	T_L02_NK_PF10	500	True	0.622	0.0	0.378	0.616	0.0	0.384	1.0	1.0	0.774	0.986	0.736	0.986	0.736	3.642	8.196	0.7503853741731576	0.6750481257670982	0.01	0.0	0.016								-0.006000000000000005	0.622	0.616
S1_one_shared	0.2	0.8	20	1e-06	T_L04_B_IN_PF10	500	True	0.516	0.004	0.48	0.538	0.004	0.458	1.0	1.0	0.848	0.988	0.788	0.988	0.788	7.428	18.134	0.7211475526592062	0.672926356837237	0.03	0.0	0.008								0.02200000000000002	0.516	0.538
S1_one_shared	0.2	0.8	20	1e-05	T_L02_NK_PF10	500	True	0.896	0.0	0.104	0.796	0.002	0.202	1.0	1.0	0.808	0.996	0.756	0.996	0.756	3.686	8.538	0.9339936819209549	0.78719442112449	0.002	0.0	0.102								-0.09999999999999998	0.896	0.796
S1_one_shared	0.2	0.8	20	1e-05	T_L04_B_IN_PF10	500	True	0.906	0.0	0.094	0.838	0.0	0.162	1.0	1.0	0.852	0.98	0.798	0.98	0.798	7.962	18.588	0.9295890267394483	0.8210841692933911	0.0	0.0	0.068								-0.06800000000000006	0.906	0.838
S1_one_shared	0.2	0.8	20	0.0001	T_L02_NK_PF10	500	True	0.988	0.0	0.012	0.796	0.0	0.204	1.0	1.0	0.798	0.996	0.742	0.996	0.742	3.498	8.196	0.9890415143631781	0.7947667266106945	0.0	0.0	0.192								-0.19199999999999995	0.988	0.796
S1_one_shared	0.2	0.8	20	0.0001	T_L04_B_IN_PF10	500	True	0.986	0.0	0.014	0.816	0.0	0.184	1.0	1.0	0.818	0.98	0.764	0.98	0.764	8.314	16.974	0.9859640725427948	0.8143303707703676	0.0	0.0	0.17								-0.17000000000000004	0.986	0.816
S1_one_shared	0.4	0.2	5	1e-06	T_L02_NK_PF10	500	True	0.892	0.0	0.108	0.896	0.0	0.104	1.0	1.0	0.984	0.962	0.978	0.962	0.978	12.072	15.698	0.8386828331680031	0.8321507624773394	0.006	0.0	0.002								0.0040000000000000036	0.892	0.896
S1_one_shared	0.4	0.2	5	1e-06	T_L04_B_IN_PF10	500	True	0.948	0.0	0.052	0.902	0.0	0.098	1.0	1.0	0.902	1.0	0.902	1.0	0.902	2.332	1.818	0.9582113029154524	0.8889319667166234	0.0	0.0	0.046								-0.04599999999999993	0.948	0.902
S1_one_shared	0.4	0.2	5	1e-05	T_L02_NK_PF10	500	True	0.994	0.0	0.006	0.986	0.0	0.014	1.0	1.0	0.988	0.96	0.982	0.96	0.982	11.926	15.748	0.9780029481456063	0.9667653276883696	0.0	0.0	0.008								-0.008000000000000007	0.994	0.986
S1_one_shared	0.4	0.2	5	1e-05	T_L04_B_IN_PF10	500	True	0.994	0.0	0.006	0.878	0.0	0.122	1.0	1.0	0.878	1.0	0.878	1.0	0.878	2.062	1.878	0.9927019939452224	0.876705275631937	0.0	0.0	0.116								-0.11599999999999999	0.994	0.878
S1_one_shared	0.4	0.2	5	0.0001	T_L02_NK_PF10	500	True	1.0	0.0	0.0	0.972	0.0	0.028	1.0	1.0	0.972	0.986	0.97	0.986	0.97	12.07	15.52	0.9971112097455762	0.9700912338441875	0.0	0.0	0.028								-0.028000000000000025	1.0	0.972
S1_one_shared	0.4	0.2	5	0.0001	T_L04_B_IN_PF10	500	True	1.0	0.0	0.0	0.884	0.0	0.116	1.0	1.0	0.884	1.0	0.884	1.0	0.884	2.076	1.782	0.9986829183069277	0.8838623292162556	0.0	0.0	0.116								-0.11599999999999999	1.0	0.884
S1_one_shared	0.4	0.2	10	1e-06	T_L02_NK_PF10	500	True	0.872	0.0	0.128	0.87	0.0	0.13	1.0	1.0	0.976	0.97	0.972	0.97	0.972	12.006	15.498	0.8306442457584869	0.8202545544385144	0.006	0.0	0.008								-0.0020000000000000018	0.872	0.87
S1_one_shared	0.4	0.2	10	1e-06	T_L04_B_IN_PF10	500	True	0.948	0.0	0.052	0.882	0.0	0.118	1.0	1.0	0.884	1.0	0.882	1.0	0.882	2.12	1.782	0.9591248861050462	0.8711192504828598	0.0	0.0	0.066								-0.06599999999999995	0.948	0.882
S1_one_shared	0.4	0.2	10	1e-05	T_L02_NK_PF10	500	True	0.988	0.0	0.012	0.978	0.0	0.022	1.0	1.0	0.98	0.97	0.976	0.97	0.976	11.884	15.574	0.9744934866124085	0.9606129675447527	0.0	0.0	0.01								-0.010000000000000009	0.988	0.978
S1_one_shared	0.4	0.2	10	1e-05	T_L04_B_IN_PF10	500	True	0.992	0.0	0.008	0.898	0.0	0.102	1.0	1.0	0.898	1.0	0.898	1.0	0.898	2.502	2.07	0.9927120666868025	0.8966447798285077	0.0	0.0	0.094								-0.09399999999999997	0.992	0.898
S1_one_shared	0.4	0.2	10	0.0001	T_L02_NK_PF10	500	True	1.0	0.0	0.0	0.98	0.0	0.02	1.0	1.0	0.98	0.972	0.976	0.972	0.976	12.226	15.516	0.9975146653166578	0.9781786874466158	0.0	0.0	0.02								-0.020000000000000018	1.0	0.98
S1_one_shared	0.4	0.2	10	0.0001	T_L04_B_IN_PF10	500	True	1.0	0.0	0.0	0.886	0.0	0.114	1.0	1.0	0.886	1.0	0.886	1.0	0.886	2.328	1.892	0.9990297641659821	0.8858558270543001	0.0	0.0	0.114								-0.11399999999999999	1.0	0.886
S1_one_shared	0.4	0.2	20	1e-06	T_L02_NK_PF10	500	True	0.86	0.0	0.14	0.864	0.0	0.136	1.0	1.0	0.978	0.972	0.972	0.972	0.972	11.92	15.654	0.8276304537095461	0.8197686446224459	0.006	0.0	0.002								0.0040000000000000036	0.86	0.864
S1_one_shared	0.4	0.2	20	1e-06	T_L04_B_IN_PF10	500	True	0.946	0.0	0.054	0.868	0.0	0.132	1.0	1.0	0.868	1.0	0.868	1.0	0.868	2.282	1.846	0.9559999207545375	0.8558927404278408	0.0	0.0	0.078								-0.07799999999999996	0.946	0.868
S1_one_shared	0.4	0.2	20	1e-05	T_L02_NK_PF10	500	True	0.978	0.0	0.022	0.964	0.0	0.036	1.0	1.0	0.964	0.966	0.952	0.966	0.952	11.924	15.458	0.9691288442124033	0.9454826534555212	0.0	0.0	0.014								-0.014000000000000012	0.978	0.964
S1_one_shared	0.4	0.2	20	1e-05	T_L04_B_IN_PF10	500	True	0.99	0.0	0.01	0.89	0.002	0.108	1.0	1.0	0.892	1.0	0.89	1.0	0.89	2.046	1.922	0.9912393379649383	0.8888000950737587	0.0	0.0	0.1								-0.09999999999999998	0.99	0.89
S1_one_shared	0.4	0.2	20	0.0001	T_L02_NK_PF10	500	True	1.0	0.0	0.0	0.986	0.0	0.014	1.0	1.0	0.986	0.96	0.982	0.96	0.982	11.83	15.782	0.9974257592877033	0.9838886897021409	0.0	0.0	0.014								-0.014000000000000012	1.0	0.986
S1_one_shared	0.4	0.2	20	0.0001	T_L04_B_IN_PF10	500	True	1.0	0.0	0.0	0.854	0.0	0.146	1.0	1.0	0.854	1.0	0.854	1.0	0.854	2.364	1.894	0.9984914206910921	0.8538738638966927	0.0	0.0	0.146								-0.14600000000000002	1.0	0.854
S1_one_shared	0.4	0.5	5	1e-06	T_L02_NK_PF10	500	True	0.914	0.002	0.084	0.786	0.002	0.212	1.0	1.0	0.802	1.0	0.79	1.0	0.79	2.088	2.744	0.9349927917565947	0.779368196744405	0.0	0.0	0.128								-0.128	0.914	0.786
S1_one_shared	0.4	0.5	5	1e-06	T_L04_B_IN_PF10	500	True	0.908	0.002	0.09	0.866	0.004	0.13	1.0	1.0	0.938	0.99	0.922	0.99	0.922	2.378	9.708	0.9289272749908765	0.8822947847838846	0.0	0.0	0.042								-0.04200000000000004	0.908	0.866
S1_one_shared	0.4	0.5	5	1e-05	T_L02_NK_PF10	500	True	0.992	0.0	0.008	0.834	0.0	0.166	1.0	1.0	0.84	0.998	0.824	0.998	0.824	2.074	2.92	0.9909953818579299	0.835479595180582	0.0	0.0	0.158								-0.15800000000000003	0.992	0.834
S1_one_shared	0.4	0.5	5	1e-05	T_L04_B_IN_PF10	500	True	0.986	0.0	0.014	0.914	0.0	0.086	1.0	1.0	0.924	0.994	0.904	0.994	0.904	2.384	9.578	0.9860644396922681	0.9136454167491207	0.0	0.0	0.072								-0.07199999999999995	0.986	0.914
S1_one_shared	0.4	0.5	5	0.0001	T_L02_NK_PF10	500	True	0.998	0.0	0.002	0.822	0.0	0.178	1.0	1.0	0.826	1.0	0.81	1.0	0.81	2.068	2.894	0.9980717186658915	0.8241481789605472	0.0	0.0	0.176								-0.17600000000000005	0.998	0.822
S1_one_shared	0.4	0.5	5	0.0001	T_L04_B_IN_PF10	500	True	1.0	0.0	0.0	0.908	0.0	0.092	1.0	1.0	0.908	0.994	0.884	0.994	0.884	2.368	8.91	0.9976930274727271	0.9071016122488367	0.0	0.0	0.092								-0.09199999999999997	1.0	0.908
S1_one_shared	0.4	0.5	10	1e-06	T_L02_NK_PF10	500	True	0.932	0.002	0.066	0.836	0.002	0.162	1.0	1.0	0.852	1.0	0.838	1.0	0.838	2.09	3.116	0.951130031699834	0.8269589910013264	0.0	0.0	0.096								-0.09600000000000009	0.932	0.836
S1_one_shared	0.4	0.5	10	1e-06	T_L04_B_IN_PF10	500	True	0.902	0.004	0.094	0.85	0.004	0.146	1.0	1.0	0.918	0.996	0.888	0.996	0.888	2.38	9.938	0.9267937114814102	0.859845074306642	0.0	0.0	0.052								-0.052000000000000046	0.902	0.85
S1_one_shared	0.4	0.5	10	1e-05	T_L02_NK_PF10	500	True	0.988	0.0	0.012	0.83	0.0	0.17	1.0	1.0	0.838	1.0	0.816	1.0	0.816	2.106	2.676	0.990541962707156	0.8310873888116009	0.0	0.0	0.158								-0.15800000000000003	0.988	0.83
S1_one_shared	0.4	0.5	10	1e-05	T_L04_B_IN_PF10	500	True	0.994	0.0	0.006	0.922	0.0	0.078	1.0	1.0	0.926	0.996	0.908	0.996	0.908	2.768	9.718	0.9901148490862293	0.9176830002240941	0.0	0.0	0.072								-0.07199999999999995	0.994	0.922
S1_one_shared	0.4	0.5	10	0.0001	T_L02_NK_PF10	500	True	1.0	0.0	0.0	0.858	0.0	0.142	1.0	1.0	0.858	1.0	0.84	1.0	0.84	2.088	3.256	0.9982668506718073	0.8574393451093872	0.0	0.0	0.142								-0.14200000000000002	1.0	0.858
S1_one_shared	0.4	0.5	10	0.0001	T_L04_B_IN_PF10	500	True	1.0	0.0	0.0	0.894	0.002	0.104	1.0	1.0	0.898	0.992	0.868	0.992	0.868	2.27	8.958	0.9979695593913663	0.8944624518543617	0.0	0.002	0.104								-0.10599999999999998	1.0	0.894
S1_one_shared	0.4	0.5	20	1e-06	T_L02_NK_PF10	500	True	0.948	0.002	0.05	0.832	0.002	0.166	1.0	1.0	0.858	1.0	0.844	1.0	0.844	2.052	3.126	0.9564445849237314	0.8289018576700181	0.0	0.0	0.116								-0.11599999999999999	0.948	0.832
S1_one_shared	0.4	0.5	20	1e-06	T_L04_B_IN_PF10	500	True	0.89	0.0	0.11	0.844	0.0	0.156	1.0	1.0	0.89	0.998	0.876	0.998	0.876	2.286	10.078	0.9194586667753202	0.8415226637632095	0.002	0.0	0.048								-0.04600000000000004	0.89	0.844
S1_one_shared	0.4	0.5	20	1e-05	T_L02_NK_PF10	500	True	0.986	0.0	0.014	0.846	0.002	0.152	1.0	1.0	0.858	1.0	0.838	1.0	0.838	2.044	3.114	0.9910880725691866	0.847541331499287	0.0	0.002	0.138								-0.14	0.986	0.846
S1_one_shared	0.4	0.5	20	1e-05	T_L04_B_IN_PF10	500	True	0.988	0.0	0.012	0.902	0.002	0.096	1.0	1.0	0.912	0.996	0.888	0.996	0.888	2.514	9.55	0.9869156092049218	0.8988926894903838	0.0	0.002	0.084								-0.08599999999999997	0.988	0.902
S1_one_shared	0.4	0.5	20	0.0001	T_L02_NK_PF10	500	True	1.0	0.0	0.0	0.856	0.0	0.144	1.0	1.0	0.856	1.0	0.836	1.0	0.836	2.036	3.044	0.9988677290344926	0.8553227564868748	0.0	0.0	0.144								-0.14400000000000002	1.0	0.856
S1_one_shared	0.4	0.5	20	0.0001	T_L04_B_IN_PF10	500	True	1.0	0.0	0.0	0.92	0.0	0.08	1.0	1.0	0.92	0.99	0.904	0.99	0.904	2.544	9.334	0.9980365569894804	0.919044759529248	0.0	0.0	0.08								-0.07999999999999996	1.0	0.92
S1_one_shared	0.4	0.8	5	1e-06	T_L02_NK_PF10	500	True	0.914	0.004	0.082	0.9	0.004	0.096	1.0	1.0	0.962	0.996	0.938	0.996	0.938	3.08	8.346	0.9196630057311428	0.8982335243451387	0.0	0.0	0.014								-0.014000000000000012	0.914	0.9
S1_one_shared	0.4	0.8	5	1e-06	T_L04_B_IN_PF10	500	True	0.752	0.002	0.246	0.742	0.002	0.256	1.0	1.0	0.964	0.992	0.898	0.992	0.898	6.086	18.362	0.8354766910228167	0.8185869002346687	0.0	0.0	0.01								-0.010000000000000009	0.752	0.742
S1_one_shared	0.4	0.8	5	1e-05	T_L02_NK_PF10	500	True	0.99	0.0	0.01	0.968	0.0	0.032	1.0	1.0	0.97	1.0	0.934	1.0	0.934	3.108	8.402	0.9856298276192816	0.9606199532262452	0.0	0.0	0.022								-0.02200000000000002	0.99	0.968
S1_one_shared	0.4	0.8	5	1e-05	T_L04_B_IN_PF10	500	True	0.986	0.0	0.014	0.942	0.0	0.058	1.0	1.0	0.952	0.988	0.912	0.988	0.912	6.176	18.36	0.9766294209263701	0.9333365712034476	0.0	0.0	0.044								-0.04400000000000004	0.986	0.942
S1_one_shared	0.4	0.8	5	0.0001	T_L02_NK_PF10	500	True	1.0	0.0	0.0	0.954	0.0	0.046	1.0	1.0	0.954	0.998	0.934	0.998	0.934	3.24	8.652	0.9987840273679266	0.9531518112483149	0.0	0.0	0.046								-0.04600000000000004	1.0	0.954
S1_one_shared	0.4	0.8	5	0.0001	T_L04_B_IN_PF10	500	True	0.996	0.0	0.004	0.954	0.0	0.046	1.0	1.0	0.954	0.986	0.92	0.986	0.92	6.238	18.248	0.9956992541264204	0.9517388542944686	0.0	0.0	0.042								-0.04200000000000004	0.996	0.954
S1_one_shared	0.4	0.8	10	1e-06	T_L02_NK_PF10	500	True	0.888	0.004	0.108	0.888	0.004	0.108	1.0	1.0	0.964	0.998	0.934	0.998	0.934	3.176	8.614	0.9140496490446871	0.895298339647262	0.006	0.0	0.006								0.0	0.888	0.888
S1_one_shared	0.4	0.8	10	1e-06	T_L04_B_IN_PF10	500	True	0.796	0.002	0.202	0.786	0.002	0.212	1.0	1.0	0.964	0.992	0.922	0.992	0.922	6.112	18.248	0.853696272903709	0.8338110905384944	0.0	0.0	0.01								-0.010000000000000009	0.796	0.786
S1_one_shared	0.4	0.8	10	1e-05	T_L02_NK_PF10	500	True	0.988	0.0	0.012	0.964	0.0	0.036	1.0	1.0	0.964	0.998	0.942	0.998	0.942	3.186	8.338	0.9875647447578615	0.9563318298582778	0.0	0.0	0.024								-0.02400000000000002	0.988	0.964
S1_one_shared	0.4	0.8	10	1e-05	T_L04_B_IN_PF10	500	True	0.988	0.0	0.012	0.96	0.0	0.04	1.0	1.0	0.966	0.986	0.92	0.986	0.92	5.898	18.66	0.975843206552058	0.9456010036936365	0.0	0.0	0.028								-0.028000000000000025	0.988	0.96
S1_one_shared	0.4	0.8	10	0.0001	T_L02_NK_PF10	500	True	0.996	0.0	0.004	0.952	0.0	0.048	1.0	1.0	0.954	0.998	0.926	0.998	0.926	3.076	8.254	0.9971616209743256	0.9524062581000787	0.0	0.0	0.044								-0.04400000000000004	0.996	0.952
S1_one_shared	0.4	0.8	10	0.0001	T_L04_B_IN_PF10	500	True	1.0	0.0	0.0	0.96	0.0	0.04	1.0	1.0	0.96	0.99	0.922	0.99	0.922	6.184	18.844	0.9973683423135377	0.9578045310509686	0.0	0.0	0.04								-0.040000000000000036	1.0	0.96
S1_one_shared	0.4	0.8	20	1e-06	T_L02_NK_PF10	500	True	0.918	0.0	0.082	0.912	0.0	0.088	1.0	1.0	0.974	1.0	0.958	1.0	0.958	3.084	8.506	0.9284117170923353	0.9125892882520462	0.0	0.0	0.006								-0.006000000000000005	0.918	0.912
S1_one_shared	0.4	0.8	20	1e-06	T_L04_B_IN_PF10	500	True	0.77	0.006	0.224	0.766	0.006	0.228	1.0	1.0	0.96	0.994	0.902	0.994	0.902	5.97	18.52	0.8401466528353517	0.8192117196054082	0.006	0.0	0.01								-0.0040000000000000036	0.77	0.766
S1_one_shared	0.4	0.8	20	1e-05	T_L02_NK_PF10	500	True	0.982	0.0	0.018	0.946	0.0	0.054	1.0	1.0	0.952	1.0	0.916	1.0	0.916	3.176	8.422	0.9813886225138563	0.9420831650839729	0.0	0.0	0.036								-0.03600000000000003	0.982	0.946
S1_one_shared	0.4	0.8	20	1e-05	T_L04_B_IN_PF10	500	True	0.982	0.002	0.016	0.96	0.002	0.038	1.0	1.0	0.974	0.988	0.93	0.988	0.93	5.81	18.162	0.9749932036161255	0.9516997286756181	0.0	0.0	0.022								-0.02200000000000002	0.982	0.96
S1_one_shared	0.4	0.8	20	0.0001	T_L02_NK_PF10	500	True	1.0	0.0	0.0	0.958	0.0	0.042	1.0	1.0	0.958	0.998	0.924	0.998	0.924	3.078	8.146	0.9982356061161279	0.9567992897858018	0.0	0.0	0.042								-0.04200000000000004	1.0	0.958
S1_one_shared	0.4	0.8	20	0.0001	T_L04_B_IN_PF10	500	True	0.998	0.0	0.002	0.962	0.0	0.038	1.0	1.0	0.962	0.992	0.91	0.992	0.91	5.704	17.846	0.9963054207954413	0.9594655053132496	0.0	0.0	0.036								-0.03600000000000003	0.998	0.962
S2_distinct_correlated	0.05	0.2	5	1e-06	T_L02_NK_PF10	500	False	0.0	0.002	0.998	0.0	0.006	0.994	1.0	1.0	0.032	0.966	0.022	0.966	0.022	15.334	0.164	0.019212768552505192	0.004487248919100466	0.0	0.0	0.0								0.0	1.0	1.0
S2_distinct_correlated	0.05	0.2	5	1e-06	T_L04_B_IN_PF10	500	False	0.0	0.002	0.998	0.0	0.022	0.978	1.0	1.0	0.116	0.872	0.132	0.872	0.132	1.964	3.182	0.016149310852995768	0.0009167297626080148	0.0	0.0	0.0								0.0	1.0	1.0
S2_distinct_correlated	0.05	0.2	5	1e-05	T_L02_NK_PF10	500	False	0.002	0.0	0.998	0.0	0.004	0.996	1.0	1.0	0.024	0.974	0.022	0.974	0.022	15.636	0.06	0.11468874996525236	0.0030250450199679406	0.0	0.0	0.002								-0.002	0.998	1.0
S2_distinct_correlated	0.05	0.2	5	1e-05	T_L04_B_IN_PF10	500	False	0.0	0.006	0.994	0.002	0.016	0.982	1.0	1.0	0.12	0.84	0.134	0.84	0.134	1.782	3.27	0.09480897984962297	0.012319549537028721	0.002	0.0	0.0								0.002	1.0	0.998
S2_distinct_correlated	0.05	0.2	5	0.0001	T_L02_NK_PF10	500	False	0.08	0.002	0.918	0.008	0.006	0.986	1.0	1.0	0.03	0.972	0.028	0.972	0.028	15.482	0.102	0.4983656835907039	0.012311024154630285	0.004	0.0	0.076								-0.07200000000000001	0.92	0.992
S2_distinct_correlated	0.05	0.2	5	0.0001	T_L04_B_IN_PF10	500	False	0.07	0.0	0.93	0.014	0.002	0.984	1.0	1.0	0.136	0.83	0.17	0.83	0.17	1.876	4.342	0.44297429187671616	0.05713067757223926	0.0	0.0	0.056								-0.05600000000000001	0.9299999999999999	0.986
S2_distinct_correlated	0.05	0.2	10	1e-06	T_L02_NK_PF10	500	False	0.0	0.0	1.0	0.0	0.006	0.994	1.0	1.0	0.036	0.97	0.03	0.97	0.03	15.46	0.158	0.016451780206061393	0.0029277532694063878	0.0	0.0	0.0								0.0	1.0	1.0
S2_distinct_correlated	0.05	0.2	10	1e-06	T_L04_B_IN_PF10	500	False	0.0	0.002	0.998	0.0	0.018	0.982	1.0	1.0	0.134	0.876	0.15	0.876	0.15	1.8	3.838	0.01488217559234215	0.002235058100361025	0.0	0.0	0.0								0.0	1.0	1.0
S2_distinct_correlated	0.05	0.2	10	1e-05	T_L02_NK_PF10	500	False	0.002	0.0	0.998	0.0	0.004	0.996	1.0	1.0	0.038	0.954	0.038	0.954	0.038	15.398	0.08	0.11742486647005052	0.004359359768705094	0.0	0.0	0.002								-0.002	0.998	1.0
S2_distinct_correlated	0.05	0.2	10	1e-05	T_L04_B_IN_PF10	500	False	0.002	0.006	0.992	0.002	0.014	0.984	1.0	1.0	0.104	0.848	0.132	0.848	0.132	2.016	3.262	0.1034252197966285	0.012532218059537541	0.0	0.0	0.0								0.0	0.998	0.998
S2_distinct_correlated	0.05	0.2	10	0.0001	T_L02_NK_PF10	500	False	0.078	0.0	0.922	0.002	0.0	0.998	1.0	1.0	0.024	0.97	0.02	0.97	0.02	15.53	0.076	0.49156663353432134	0.009802559303288319	0.0	0.0	0.076								-0.076	0.922	0.998
S2_distinct_correlated	0.05	0.2	10	0.0001	T_L04_B_IN_PF10	500	False	0.06	0.004	0.936	0.012	0.01	0.978	1.0	1.0	0.154	0.838	0.182	0.838	0.182	1.718	4.354	0.43352169288558184	0.060748737932336476	0.006	0.0	0.054								-0.048	0.94	0.988
S2_distinct_correlated	0.05	0.2	20	1e-06	T_L02_NK_PF10	500	False	0.0	0.0	1.0	0.002	0.002	0.996	1.0	1.0	0.042	0.956	0.042	0.956	0.042	15.322	0.192	0.017324184896250802	0.0035989910310119826	0.002	0.0	0.0								0.002	1.0	0.998
S2_distinct_correlated	0.05	0.2	20	1e-06	T_L04_B_IN_PF10	500	False	0.0	0.004	0.996	0.0	0.026	0.974	1.0	1.0	0.132	0.83	0.164	0.83	0.164	1.816	3.892	0.016110432288827168	0.002503774708743351	0.0	0.0	0.0								0.0	1.0	1.0
S2_distinct_correlated	0.05	0.2	20	1e-05	T_L02_NK_PF10	500	False	0.002	0.0	0.998	0.0	0.004	0.996	1.0	1.0	0.024	0.972	0.024	0.972	0.024	15.454	0.052	0.11418345264726963	0.0006625678592994432	0.0	0.0	0.002								-0.002	0.998	1.0
S2_distinct_correlated	0.05	0.2	20	1e-05	T_L04_B_IN_PF10	500	False	0.004	0.006	0.99	0.002	0.02	0.978	1.0	1.0	0.152	0.85	0.168	0.85	0.168	1.94	4.236	0.115866469485804	0.021738771446610634	0.0	0.0	0.002								-0.002	0.996	0.998
S2_distinct_correlated	0.05	0.2	20	0.0001	T_L02_NK_PF10	500	False	0.062	0.0	0.938	0.002	0.002	0.996	1.0	1.0	0.024	0.964	0.022	0.964	0.022	15.684	0.042	0.4761662323919703	0.008836670136112447	0.0	0.0	0.06								-0.06	0.938	0.998
S2_distinct_correlated	0.05	0.2	20	0.0001	T_L04_B_IN_PF10	500	False	0.076	0.002	0.922	0.016	0.02	0.964	1.0	1.0	0.15	0.842	0.174	0.842	0.174	1.76	4.658	0.45467170794001105	0.05827040202592749	0.004	0.0	0.064								-0.06	0.924	0.984
S2_distinct_correlated	0.05	0.5	5	1e-06	T_L02_NK_PF10	500	False	0.0	0.0	1.0	0.0	0.006	0.994	1.0	1.0	0.04	0.796	0.046	0.796	0.046	2.728	0.6	0.037994765996823256	0.0064260372779933175	0.0	0.0	0.0								0.0	1.0	1.0
S2_distinct_correlated	0.05	0.5	5	1e-06	T_L04_B_IN_PF10	500	False	0.0	0.0	1.0	0.0	0.006	0.994	1.0	1.0	0.132	0.862	0.126	0.862	0.126	7.994	3.718	0.04579845840400586	0.029314822961852633	0.0	0.0	0.0								0.0	1.0	1.0
S2_distinct_correlated	0.05	0.5	5	1e-05	T_L02_NK_PF10	500	False	0.014	0.0	0.986	0.002	0.0	0.998	1.0	1.0	0.058	0.798	0.064	0.798	0.064	2.868	0.952	0.19916133760931495	0.02172815811101845	0.002	0.0	0.014								-0.012	0.986	0.998
S2_distinct_correlated	0.05	0.5	5	1e-05	T_L04_B_IN_PF10	500	False	0.022	0.0	0.978	0.038	0.0	0.962	1.0	1.0	0.142	0.83	0.162	0.83	0.162	7.368	4.368	0.2048382871571505	0.07965098007570938	0.02	0.0	0.004								0.016	0.978	0.962
S2_distinct_correlated	0.05	0.5	5	0.0001	T_L02_NK_PF10	500	False	0.178	0.0	0.822	0.026	0.002	0.972	1.0	1.0	0.064	0.782	0.064	0.782	0.064	2.866	1.08	0.5634810985451566	0.045432550896563596	0.002	0.0	0.154								-0.152	0.8220000000000001	0.974
S2_distinct_correlated	0.05	0.5	5	0.0001	T_L04_B_IN_PF10	500	False	0.228	0.0	0.772	0.076	0.0	0.924	1.0	1.0	0.124	0.83	0.112	0.83	0.112	8.286	3.328	0.5810276800647782	0.10196158618653488	0.002	0.0	0.154								-0.15200000000000002	0.772	0.924
S2_distinct_correlated	0.05	0.5	10	1e-06	T_L02_NK_PF10	500	False	0.002	0.002	0.996	0.002	0.008	0.99	1.0	1.0	0.064	0.814	0.072	0.814	0.072	2.966	0.98	0.04164967590172707	0.006166181421956229	0.002	0.0	0.002								0.0	0.998	0.998
S2_distinct_correlated	0.05	0.5	10	1e-06	T_L04_B_IN_PF10	500	False	0.0	0.0	1.0	0.002	0.008	0.99	1.0	1.0	0.114	0.872	0.112	0.872	0.112	7.614	3.132	0.03731235217132591	0.021679638670423856	0.002	0.0	0.0								0.002	1.0	0.998
S2_distinct_correlated	0.05	0.5	10	1e-05	T_L02_NK_PF10	500	False	0.02	0.0	0.98	0.002	0.002	0.996	1.0	1.0	0.042	0.784	0.046	0.784	0.046	2.854	0.712	0.20785722098032483	0.012709125914226795	0.0	0.0	0.018								-0.018000000000000002	0.98	0.998
S2_distinct_correlated	0.05	0.5	10	1e-05	T_L04_B_IN_PF10	500	False	0.022	0.0	0.978	0.034	0.004	0.962	1.0	1.0	0.144	0.848	0.152	0.848	0.152	7.668	4.268	0.20947348244888728	0.07682977191800655	0.014	0.0	0.002								0.012000000000000004	0.978	0.966
S2_distinct_correlated	0.05	0.5	10	0.0001	T_L02_NK_PF10	500	False	0.23	0.0	0.77	0.034	0.0	0.966	1.0	1.0	0.062	0.814	0.06	0.814	0.06	2.892	0.79	0.5846736750189261	0.049644593316817504	0.0	0.0	0.196								-0.196	0.77	0.966
S2_distinct_correlated	0.05	0.5	10	0.0001	T_L04_B_IN_PF10	500	False	0.258	0.0	0.742	0.112	0.0	0.888	1.0	1.0	0.14	0.85	0.142	0.85	0.142	8.438	3.896	0.6064205562282147	0.12393192448744922	0.004	0.0	0.15								-0.14600000000000002	0.742	0.888
S2_distinct_correlated	0.05	0.5	20	1e-06	T_L02_NK_PF10	500	False	0.0	0.0	1.0	0.0	0.004	0.996	1.0	1.0	0.062	0.824	0.064	0.824	0.064	2.806	0.97	0.041317405744039165	0.008057890387477304	0.0	0.0	0.0								0.0	1.0	1.0
S2_distinct_correlated	0.05	0.5	20	1e-06	T_L04_B_IN_PF10	500	False	0.004	0.0	0.996	0.006	0.01	0.984	1.0	1.0	0.152	0.842	0.144	0.842	0.144	7.944	4.142	0.04442915308381682	0.031445050203510454	0.002	0.0	0.0								0.002	0.996	0.994
S2_distinct_correlated	0.05	0.5	20	1e-05	T_L02_NK_PF10	500	False	0.028	0.0	0.972	0.008	0.002	0.99	1.0	1.0	0.05	0.78	0.054	0.78	0.054	2.812	0.838	0.2076720615405298	0.019515815483083756	0.004	0.0	0.024								-0.02	0.972	0.992
S2_distinct_correlated	0.05	0.5	20	1e-05	T_L04_B_IN_PF10	500	False	0.018	0.0	0.982	0.024	0.002	0.974	1.0	1.0	0.118	0.844	0.14	0.844	0.14	8.048	3.52	0.1979607789597765	0.06418197576608989	0.012	0.0	0.006								0.006000000000000002	0.982	0.976
S2_distinct_correlated	0.05	0.5	20	0.0001	T_L02_NK_PF10	500	False	0.222	0.0	0.778	0.034	0.0	0.966	1.0	1.0	0.066	0.802	0.066	0.802	0.066	2.662	0.996	0.5776857555758429	0.050674902675319725	0.006	0.0	0.194								-0.188	0.778	0.966
S2_distinct_correlated	0.05	0.5	20	0.0001	T_L04_B_IN_PF10	500	False	0.232	0.0	0.768	0.078	0.002	0.92	1.0	1.0	0.12	0.816	0.12	0.816	0.12	7.736	3.258	0.5931329530024791	0.09873222225829832	0.006	0.0	0.16								-0.15400000000000003	0.768	0.922
S2_distinct_correlated	0.05	0.8	5	1e-06	T_L02_NK_PF10	500	False	0.004	0.0	0.996	0.02	0.002	0.978	1.0	1.0	0.128	0.926	0.142	0.926	0.142	8.116	1.756	0.07729758864032388	0.06917768967489808	0.016	0.0	0.0								0.016	0.996	0.98
S2_distinct_correlated	0.05	0.8	5	1e-06	T_L04_B_IN_PF10	500	False	0.0	0.0	1.0	0.008	0.0	0.992	1.0	1.0	0.148	0.888	0.14	0.888	0.14	18.356	3.744	0.07482022615619002	0.06742709190047813	0.008	0.0	0.0								0.008	1.0	0.992
S2_distinct_correlated	0.05	0.8	5	1e-05	T_L02_NK_PF10	500	False	0.088	0.0	0.912	0.118	0.0	0.882	1.0	1.0	0.142	0.92	0.14	0.92	0.14	8.2	1.742	0.3243872021602821	0.1250353946925999	0.036	0.0	0.006								0.03	0.912	0.882
S2_distinct_correlated	0.05	0.8	5	1e-05	T_L04_B_IN_PF10	500	False	0.048	0.0	0.952	0.086	0.0	0.914	1.0	1.0	0.112	0.892	0.096	0.892	0.096	18.14	2.796	0.2748393555929685	0.09377780958653997	0.046	0.0	0.008								0.03799999999999999	0.952	0.914
S2_distinct_correlated	0.05	0.8	5	0.0001	T_L02_NK_PF10	500	False	0.442	0.0	0.558	0.152	0.0	0.848	1.0	1.0	0.154	0.92	0.156	0.92	0.156	8.282	1.926	0.6975048163989095	0.14930771856693717	0.004	0.0	0.294								-0.29000000000000004	0.558	0.848
S2_distinct_correlated	0.05	0.8	5	0.0001	T_L04_B_IN_PF10	500	False	0.41	0.0	0.59	0.138	0.0	0.862	1.0	1.0	0.142	0.886	0.128	0.886	0.128	17.536	3.708	0.7039335992460075	0.13809740813995905	0.0	0.0	0.272								-0.27199999999999996	0.5900000000000001	0.862
S2_distinct_correlated	0.05	0.8	10	1e-06	T_L02_NK_PF10	500	False	0.006	0.0	0.994	0.026	0.0	0.974	1.0	1.0	0.162	0.932	0.164	0.932	0.164	8.158	2.026	0.08185011842569674	0.08019632599244751	0.02	0.0	0.0								0.019999999999999997	0.994	0.974
S2_distinct_correlated	0.05	0.8	10	1e-06	T_L04_B_IN_PF10	500	False	0.0	0.0	1.0	0.006	0.0	0.994	1.0	1.0	0.13	0.926	0.11	0.926	0.11	18.03	3.306	0.07047865910725212	0.05576377862595604	0.006	0.0	0.0								0.006	1.0	0.994
S2_distinct_correlated	0.05	0.8	10	1e-05	T_L02_NK_PF10	500	False	0.072	0.0	0.928	0.086	0.0	0.914	1.0	1.0	0.106	0.914	0.112	0.914	0.112	8.226	1.358	0.3018720818122871	0.0939371371567936	0.028	0.0	0.014								0.013999999999999999	0.928	0.914
S2_distinct_correlated	0.05	0.8	10	1e-05	T_L04_B_IN_PF10	500	False	0.07	0.0	0.93	0.12	0.0	0.88	1.0	1.0	0.158	0.888	0.142	0.888	0.142	17.906	4.122	0.294467428686437	0.13512607497824655	0.054	0.0	0.004								0.04999999999999999	0.9299999999999999	0.88
S2_distinct_correlated	0.05	0.8	10	0.0001	T_L02_NK_PF10	500	False	0.366	0.0	0.634	0.122	0.0	0.878	1.0	1.0	0.128	0.908	0.122	0.908	0.122	7.988	1.618	0.6778617008463178	0.12232171212876597	0.002	0.0	0.246								-0.244	0.634	0.878
S2_distinct_correlated	0.05	0.8	10	0.0001	T_L04_B_IN_PF10	500	False	0.42	0.0	0.58	0.146	0.0	0.854	1.0	1.0	0.15	0.894	0.126	0.894	0.126	17.648	3.822	0.6913455194219521	0.14512072323235575	0.004	0.0	0.278								-0.274	0.5800000000000001	0.854
S2_distinct_correlated	0.05	0.8	20	1e-06	T_L02_NK_PF10	500	False	0.004	0.0	0.996	0.024	0.0	0.976	1.0	1.0	0.166	0.924	0.166	0.924	0.166	8.284	2.12	0.08889774303966748	0.09003598588459331	0.02	0.0	0.0								0.02	0.996	0.976
S2_distinct_correlated	0.05	0.8	20	1e-06	T_L04_B_IN_PF10	500	False	0.0	0.0	1.0	0.002	0.002	0.996	1.0	1.0	0.146	0.91	0.128	0.91	0.128	17.858	3.72	0.08019515563994101	0.07119553620466819	0.002	0.0	0.0								0.002	1.0	0.998
S2_distinct_correlated	0.05	0.8	20	1e-05	T_L02_NK_PF10	500	False	0.07	0.0	0.93	0.094	0.0	0.906	1.0	1.0	0.124	0.91	0.136	0.91	0.136	8.132	1.776	0.29416379719378905	0.10657936829105533	0.026	0.0	0.002								0.023999999999999994	0.9299999999999999	0.906
S2_distinct_correlated	0.05	0.8	20	1e-05	T_L04_B_IN_PF10	500	False	0.062	0.0	0.938	0.096	0.0	0.904	1.0	1.0	0.122	0.89	0.098	0.89	0.098	17.96	3.08	0.2865266372086721	0.10113858161058167	0.038	0.0	0.004								0.034	0.938	0.904
S2_distinct_correlated	0.05	0.8	20	0.0001	T_L02_NK_PF10	500	False	0.398	0.0	0.602	0.14	0.0	0.86	1.0	1.0	0.142	0.9	0.148	0.9	0.148	7.976	1.862	0.680325006990299	0.13740812215723505	0.008	0.0	0.266								-0.258	0.602	0.86
S2_distinct_correlated	0.05	0.8	20	0.0001	T_L04_B_IN_PF10	500	False	0.398	0.0	0.602	0.132	0.0	0.868	1.0	1.0	0.132	0.896	0.128	0.896	0.128	18.13	3.28	0.6956098579148235	0.13001928222398618	0.0	0.0	0.266								-0.266	0.602	0.868
S2_distinct_correlated	0.2	0.2	5	1e-06	T_L02_NK_PF10	500	False	0.0	0.316	0.684	0.0	0.348	0.652	1.0	1.0	0.564	0.97	0.56	0.97	0.56	13.228	0.758	0.03347209585468795	0.006134228258256298	0.0	0.0	0.0								0.0	1.0	1.0
S2_distinct_correlated	0.2	0.2	5	1e-06	T_L04_B_IN_PF10	500	False	0.0	0.596	0.404	0.0	0.604	0.396	1.0	1.0	0.818	1.0	0.81	1.0	0.81	2.222	17.254	0.016622540676741706	0.00639281072585579	0.0	0.0	0.0								0.0	1.0	1.0
S2_distinct_correlated	0.2	0.2	5	1e-05	T_L02_NK_PF10	500	False	0.034	0.222	0.744	0.012	0.238	0.75	1.0	1.0	0.538	0.978	0.53	0.978	0.53	13.338	0.916	0.16797892577915652	0.04931166519757658	0.006	0.0	0.028								-0.022000000000000002	0.966	0.988
S2_distinct_correlated	0.2	0.2	5	1e-05	T_L04_B_IN_PF10	500	False	0.014	0.518	0.468	0.006	0.546	0.448	1.0	1.0	0.858	1.0	0.846	1.0	0.846	2.304	18.408	0.0883322295594048	0.04769676982540159	0.004	0.0	0.012								-0.008	0.986	0.994
S2_distinct_correlated	0.2	0.2	5	0.0001	T_L02_NK_PF10	500	False	0.218	0.158	0.624	0.042	0.228	0.73	1.0	1.0	0.55	0.97	0.55	0.97	0.55	13.342	0.688	0.4793063620985584	0.14879236676256868	0.0	0.0	0.176								-0.176	0.782	0.958
S2_distinct_correlated	0.2	0.2	5	0.0001	T_L04_B_IN_PF10	500	False	0.058	0.422	0.52	0.036	0.454	0.51	1.0	1.0	0.83	1.0	0.822	1.0	0.822	2.158	17.758	0.2704400980736746	0.15376028956851137	0.004	0.0	0.026								-0.022000000000000006	0.942	0.964
S2_distinct_correlated	0.2	0.2	10	1e-06	T_L02_NK_PF10	500	False	0.0	0.28	0.72	0.0	0.31	0.69	1.0	1.0	0.558	0.978	0.556	0.978	0.556	13.248	0.674	0.04094720046099704	0.004974390333888902	0.0	0.0	0.0								0.0	1.0	1.0
S2_distinct_correlated	0.2	0.2	10	1e-06	T_L04_B_IN_PF10	500	False	0.002	0.534	0.464	0.0	0.55	0.45	1.0	1.0	0.818	1.0	0.81	1.0	0.81	2.4	17.552	0.015051237238346553	0.005141677698922752	0.0	0.0	0.002								-0.002	0.998	1.0
S2_distinct_correlated	0.2	0.2	10	1e-05	T_L02_NK_PF10	500	False	0.034	0.224	0.742	0.002	0.248	0.75	1.0	1.0	0.558	0.968	0.55	0.968	0.55	13.322	0.802	0.17319600094181134	0.0436421329966998	0.002	0.0	0.034								-0.032	0.966	0.998
S2_distinct_correlated	0.2	0.2	10	1e-05	T_L04_B_IN_PF10	500	False	0.006	0.524	0.47	0.002	0.54	0.458	1.0	1.0	0.864	1.0	0.852	1.0	0.852	2.224	18.484	0.08160959141276074	0.04711932583631152	0.0	0.0	0.004								-0.004	0.994	0.998
S2_distinct_correlated	0.2	0.2	10	0.0001	T_L02_NK_PF10	500	False	0.2	0.136	0.664	0.042	0.18	0.778	1.0	1.0	0.496	0.976	0.492	0.976	0.492	13.276	0.66	0.4926109538368158	0.14594200367574803	0.002	0.0	0.16								-0.158	0.8	0.958
S2_distinct_correlated	0.2	0.2	10	0.0001	T_L04_B_IN_PF10	500	False	0.08	0.396	0.524	0.04	0.444	0.516	1.0	1.0	0.852	1.0	0.842	1.0	0.842	2.05	18.178	0.2829966811434657	0.16371497695415202	0.004	0.0	0.044								-0.04	0.92	0.96
S2_distinct_correlated	0.2	0.2	20	1e-06	T_L02_NK_PF10	500	False	0.002	0.282	0.716	0.002	0.332	0.666	1.0	1.0	0.57	0.976	0.564	0.976	0.564	13.38	0.744	0.03779548877409994	0.0062011985333070745	0.0	0.0	0.0								0.0	0.998	0.998
S2_distinct_correlated	0.2	0.2	20	1e-06	T_L04_B_IN_PF10	500	False	0.0	0.572	0.428	0.0	0.592	0.408	1.0	1.0	0.834	1.0	0.826	1.0	0.826	2.478	17.79	0.01823927853858288	0.00805221348041626	0.0	0.0	0.0								0.0	1.0	1.0
S2_distinct_correlated	0.2	0.2	20	1e-05	T_L02_NK_PF10	500	False	0.034	0.214	0.752	0.002	0.262	0.736	1.0	1.0	0.544	0.964	0.542	0.964	0.542	13.284	0.668	0.16593419894804845	0.0461558641163928	0.002	0.0	0.034								-0.032	0.966	0.998
S2_distinct_correlated	0.2	0.2	20	1e-05	T_L04_B_IN_PF10	500	False	0.01	0.524	0.466	0.002	0.54	0.458	1.0	1.0	0.838	1.0	0.83	1.0	0.83	2.35	17.764	0.08381625025219626	0.04228991942378136	0.0	0.0	0.008								-0.008	0.99	0.998
S2_distinct_correlated	0.2	0.2	20	0.0001	T_L02_NK_PF10	500	False	0.202	0.134	0.664	0.05	0.188	0.762	1.0	1.0	0.532	0.972	0.524	0.972	0.524	13.404	0.748	0.4945440991228719	0.15634107169395792	0.0	0.002	0.15								-0.15200000000000002	0.798	0.95
S2_distinct_correlated	0.2	0.2	20	0.0001	T_L04_B_IN_PF10	500	False	0.098	0.392	0.51	0.046	0.444	0.51	1.0	1.0	0.846	1.0	0.84	1.0	0.84	2.154	18.122	0.29699015302528947	0.17458602269222795	0.002	0.0	0.054								-0.052000000000000005	0.902	0.954
S2_distinct_correlated	0.2	0.5	5	1e-06	T_L02_NK_PF10	500	False	0.022	0.342	0.636	0.014	0.384	0.602	1.0	1.0	0.69	1.0	0.678	1.0	0.678	2.096	5.976	0.1632280179624208	0.08714127394411711	0.0	0.0	0.008								-0.007999999999999998	0.978	0.986
S2_distinct_correlated	0.2	0.5	5	1e-06	T_L04_B_IN_PF10	500	False	0.012	0.458	0.53	0.01	0.49	0.5	1.0	1.0	0.834	0.978	0.804	0.978	0.804	2.52	17.75	0.11036433654575697	0.08443087567620418	0.0	0.0	0.002								-0.002	0.988	0.99
S2_distinct_correlated	0.2	0.5	5	1e-05	T_L02_NK_PF10	500	False	0.19	0.204	0.606	0.074	0.252	0.674	1.0	1.0	0.646	0.998	0.626	0.998	0.626	2.104	5.498	0.412198652320179	0.19544868501935317	0.0	0.0	0.116								-0.116	0.81	0.926
S2_distinct_correlated	0.2	0.5	5	1e-05	T_L04_B_IN_PF10	500	False	0.146	0.222	0.632	0.114	0.282	0.604	1.0	1.0	0.836	0.998	0.792	0.998	0.792	2.624	18.11	0.38355266515306624	0.3033702106251931	0.006	0.0	0.038								-0.03199999999999999	0.854	0.886
S2_distinct_correlated	0.2	0.5	5	0.0001	T_L02_NK_PF10	500	False	0.582	0.06	0.358	0.322	0.088	0.59	1.0	1.0	0.658	0.996	0.654	0.996	0.654	2.1	5.638	0.7529664980528155	0.4407997469068049	0.0	0.0	0.26								-0.25999999999999995	0.41800000000000004	0.6779999999999999
S2_distinct_correlated	0.2	0.5	5	0.0001	T_L04_B_IN_PF10	500	False	0.462	0.098	0.44	0.34	0.132	0.528	1.0	1.0	0.834	0.986	0.778	0.986	0.778	2.538	18.014	0.6845579926117704	0.5208994934888442	0.004	0.0	0.126								-0.122	0.538	0.6599999999999999
S2_distinct_correlated	0.2	0.5	10	1e-06	T_L02_NK_PF10	500	False	0.028	0.332	0.64	0.02	0.35	0.63	1.0	1.0	0.634	0.996	0.63	0.996	0.63	2.114	5.464	0.14708667617509394	0.0819582792714254	0.0	0.0	0.008								-0.008	0.972	0.98
S2_distinct_correlated	0.2	0.5	10	1e-06	T_L04_B_IN_PF10	500	False	0.004	0.372	0.624	0.006	0.392	0.602	1.0	1.0	0.798	0.99	0.764	0.99	0.764	2.612	17.384	0.10481382098848545	0.07600498303133553	0.002	0.0	0.0								0.002	0.996	0.994
S2_distinct_correlated	0.2	0.5	10	1e-05	T_L02_NK_PF10	500	False	0.162	0.174	0.664	0.06	0.208	0.732	1.0	1.0	0.662	0.998	0.644	0.998	0.644	2.106	5.966	0.42390448236637907	0.2218789032348233	0.002	0.0	0.104								-0.10200000000000001	0.838	0.94
S2_distinct_correlated	0.2	0.5	10	1e-05	T_L04_B_IN_PF10	500	False	0.114	0.254	0.632	0.088	0.284	0.628	1.0	1.0	0.826	0.992	0.782	0.992	0.782	2.64	17.458	0.3671498972413167	0.26389150356362884	0.0	0.0	0.026								-0.02600000000000001	0.886	0.912
S2_distinct_correlated	0.2	0.5	10	0.0001	T_L02_NK_PF10	500	False	0.56	0.082	0.358	0.272	0.108	0.62	1.0	1.0	0.628	1.0	0.616	1.0	0.616	2.06	5.22	0.737040386544606	0.38978177668968284	0.0	0.0	0.288								-0.28800000000000003	0.43999999999999995	0.728
S2_distinct_correlated	0.2	0.5	10	0.0001	T_L04_B_IN_PF10	500	False	0.47	0.082	0.448	0.346	0.096	0.558	1.0	1.0	0.802	0.998	0.76	0.998	0.76	2.746	17.56	0.694240732711534	0.5180396210072479	0.002	0.0	0.126								-0.124	0.53	0.654
S2_distinct_correlated	0.2	0.5	20	1e-06	T_L02_NK_PF10	500	False	0.042	0.358	0.6	0.024	0.386	0.59	1.0	1.0	0.642	0.998	0.626	0.998	0.626	2.078	5.688	0.15957995016391016	0.07302441492358364	0.0	0.0	0.018								-0.018000000000000002	0.958	0.976
S2_distinct_correlated	0.2	0.5	20	1e-06	T_L04_B_IN_PF10	500	False	0.018	0.43	0.552	0.016	0.47	0.514	1.0	1.0	0.792	0.988	0.736	0.988	0.736	2.762	16.782	0.11410824192593927	0.08365080387008375	0.0	0.0	0.002								-0.0019999999999999983	0.982	0.984
S2_distinct_correlated	0.2	0.5	20	1e-05	T_L02_NK_PF10	500	False	0.178	0.182	0.64	0.054	0.212	0.734	1.0	1.0	0.61	0.998	0.598	0.998	0.598	2.124	5.494	0.4103429382614607	0.18604200154251033	0.002	0.0	0.126								-0.124	0.8220000000000001	0.946
S2_distinct_correlated	0.2	0.5	20	1e-05	T_L04_B_IN_PF10	500	False	0.134	0.224	0.642	0.116	0.272	0.612	1.0	1.0	0.796	0.99	0.746	0.99	0.746	2.648	17.43	0.36965098178807876	0.27235175929986766	0.004	0.0	0.022								-0.018000000000000002	0.866	0.884
S2_distinct_correlated	0.2	0.5	20	0.0001	T_L02_NK_PF10	500	False	0.576	0.062	0.362	0.282	0.088	0.63	1.0	1.0	0.616	1.0	0.602	1.0	0.602	2.046	5.184	0.7425660889354989	0.3914786097499832	0.0	0.0	0.294								-0.294	0.42400000000000004	0.718
S2_distinct_correlated	0.2	0.5	20	0.0001	T_L04_B_IN_PF10	500	False	0.466	0.098	0.436	0.34	0.12	0.54	1.0	1.0	0.816	0.994	0.78	0.994	0.78	2.552	17.564	0.6967830100981117	0.5217600455004929	0.004	0.0	0.13								-0.126	0.534	0.6599999999999999
S2_distinct_correlated	0.2	0.8	5	1e-06	T_L02_NK_PF10	500	False	0.172	0.084	0.744	0.172	0.1	0.728	1.0	1.0	0.836	0.998	0.834	0.998	0.834	3.666	9.564	0.43244371847190566	0.401612410431954	0.006	0.0	0.006								0.0	0.8280000000000001	0.8280000000000001
S2_distinct_correlated	0.2	0.8	5	1e-06	T_L04_B_IN_PF10	500	False	0.084	0.04	0.876	0.094	0.06	0.846	1.0	1.0	0.78	0.972	0.688	0.972	0.688	8.342	17.368	0.42337147877645354	0.3816607943565913	0.012	0.0	0.002								0.009999999999999995	0.916	0.906
S2_distinct_correlated	0.2	0.8	5	1e-05	T_L02_NK_PF10	500	False	0.626	0.012	0.362	0.57	0.012	0.418	1.0	1.0	0.84	0.996	0.84	0.996	0.84	3.828	9.612	0.7816642727233519	0.6910589479897431	0.0	0.0	0.056								-0.05600000000000005	0.374	0.43000000000000005
S2_distinct_correlated	0.2	0.8	5	1e-05	T_L04_B_IN_PF10	500	False	0.676	0.006	0.318	0.622	0.006	0.372	1.0	1.0	0.798	0.982	0.724	0.982	0.724	8.418	17.502	0.8068922440611891	0.6818325654573824	0.006	0.0	0.06								-0.05400000000000005	0.32399999999999995	0.378
S2_distinct_correlated	0.2	0.8	5	0.0001	T_L02_NK_PF10	500	False	0.962	0.0	0.038	0.84	0.0	0.16	1.0	1.0	0.862	0.998	0.848	0.998	0.848	3.414	9.838	0.9599614612833656	0.8318577940476752	0.0	0.0	0.122								-0.122	0.038000000000000034	0.16000000000000003
S2_distinct_correlated	0.2	0.8	5	0.0001	T_L04_B_IN_PF10	500	False	0.948	0.0	0.052	0.796	0.0	0.204	1.0	1.0	0.8	0.986	0.716	0.986	0.716	7.796	17.488	0.9545162279239096	0.7811086812665163	0.002	0.0	0.154								-0.1519999999999999	0.052000000000000046	0.20399999999999996
S2_distinct_correlated	0.2	0.8	10	1e-06	T_L02_NK_PF10	500	False	0.144	0.106	0.75	0.142	0.138	0.72	1.0	1.0	0.85	0.996	0.85	0.996	0.85	3.744	9.668	0.42805860083033564	0.3947467307077872	0.004	0.0	0.006								-0.0020000000000000018	0.856	0.858
S2_distinct_correlated	0.2	0.8	10	1e-06	T_L04_B_IN_PF10	500	False	0.104	0.05	0.846	0.11	0.06	0.83	1.0	1.0	0.788	0.972	0.7	0.972	0.7	7.894	17.23	0.4378430019779048	0.39978587397571597	0.006	0.0	0.0								0.006000000000000005	0.896	0.89
S2_distinct_correlated	0.2	0.8	10	1e-05	T_L02_NK_PF10	500	False	0.63	0.008	0.362	0.598	0.014	0.388	1.0	1.0	0.838	0.998	0.834	0.998	0.834	3.422	9.618	0.7755125325221423	0.6847263236648684	0.0	0.0	0.032								-0.03200000000000003	0.37	0.402
S2_distinct_correlated	0.2	0.8	10	1e-05	T_L04_B_IN_PF10	500	False	0.666	0.004	0.33	0.632	0.004	0.364	1.0	1.0	0.832	0.97	0.746	0.97	0.746	8.372	18.038	0.8069106698011028	0.7088061065157767	0.006	0.0	0.04								-0.03400000000000003	0.33399999999999996	0.368
S2_distinct_correlated	0.2	0.8	10	0.0001	T_L02_NK_PF10	500	False	0.964	0.0	0.036	0.82	0.0	0.18	1.0	1.0	0.842	0.998	0.84	0.998	0.84	3.432	9.712	0.9577117171817322	0.8129470998797844	0.0	0.0	0.144								-0.14400000000000002	0.03600000000000003	0.18000000000000005
S2_distinct_correlated	0.2	0.8	10	0.0001	T_L04_B_IN_PF10	500	False	0.964	0.0	0.036	0.786	0.0	0.214	1.0	1.0	0.8	0.984	0.72	0.984	0.72	8.076	17.436	0.9623361982292814	0.7808786529336922	0.0	0.0	0.178								-0.17799999999999994	0.03600000000000003	0.21399999999999997
S2_distinct_correlated	0.2	0.8	20	1e-06	T_L02_NK_PF10	500	False	0.136	0.08	0.784	0.138	0.094	0.768	1.0	1.0	0.818	0.992	0.81	0.992	0.81	3.558	9.332	0.4236831249613101	0.3881348509110343	0.006	0.0	0.004								0.0020000000000000018	0.864	0.862
S2_distinct_correlated	0.2	0.8	20	1e-06	T_L04_B_IN_PF10	500	False	0.086	0.066	0.848	0.088	0.076	0.836	1.0	1.0	0.79	0.978	0.714	0.978	0.714	7.918	17.292	0.4213319580290896	0.37974834361910453	0.002	0.0	0.0								0.0020000000000000018	0.914	0.912
S2_distinct_correlated	0.2	0.8	20	1e-05	T_L02_NK_PF10	500	False	0.65	0.012	0.338	0.606	0.018	0.376	1.0	1.0	0.87	0.998	0.862	0.998	0.862	3.624	9.98	0.7978423929354558	0.7200950110500411	0.0	0.0	0.044								-0.04400000000000004	0.35	0.394
S2_distinct_correlated	0.2	0.8	20	1e-05	T_L04_B_IN_PF10	500	False	0.626	0.002	0.372	0.578	0.008	0.414	1.0	1.0	0.806	0.986	0.736	0.986	0.736	7.5	17.184	0.7858971357200807	0.6676700252905627	0.002	0.0	0.05								-0.04800000000000004	0.374	0.42200000000000004
S2_distinct_correlated	0.2	0.8	20	0.0001	T_L02_NK_PF10	500	False	0.948	0.0	0.052	0.796	0.0	0.204	1.0	1.0	0.834	0.998	0.832	0.998	0.832	3.542	9.598	0.9577194980406106	0.8025341785920908	0.0	0.0	0.152								-0.1519999999999999	0.052000000000000046	0.20399999999999996
S2_distinct_correlated	0.2	0.8	20	0.0001	T_L04_B_IN_PF10	500	False	0.96	0.0	0.04	0.78	0.0	0.22	1.0	1.0	0.786	0.986	0.704	0.986	0.704	7.902	17.064	0.9610569808959037	0.767362337312652	0.0	0.0	0.18								-0.17999999999999994	0.040000000000000036	0.21999999999999997
S2_distinct_correlated	0.4	0.2	5	1e-06	T_L02_NK_PF10	500	False	0.002	0.642	0.356	0.004	0.646	0.35	1.0	1.0	0.862	0.974	0.858	0.974	0.858	12.128	1.052	0.02259120152740348	0.009231061025578476	0.002	0.0	0.0								0.002	0.998	0.996
S2_distinct_correlated	0.4	0.2	5	1e-06	T_L04_B_IN_PF10	500	False	0.0	0.898	0.102	0.0	0.896	0.104	1.0	1.0	0.976	1.0	0.966	1.0	0.966	2.334	19.916	0.006717394475512557	0.0043037134471609175	0.0	0.0	0.0								0.0	1.0	1.0
S2_distinct_correlated	0.4	0.2	5	1e-05	T_L02_NK_PF10	500	False	0.018	0.674	0.308	0.002	0.676	0.322	1.0	1.0	0.848	0.974	0.848	0.974	0.848	12.084	0.942	0.0855601042127557	0.029930734446799393	0.0	0.0	0.016								-0.016	0.982	0.998
S2_distinct_correlated	0.4	0.2	5	1e-05	T_L04_B_IN_PF10	500	False	0.002	0.86	0.138	0.0	0.858	0.142	1.0	1.0	0.974	1.0	0.96	1.0	0.96	2.102	19.474	0.032066920519599626	0.025264877109126647	0.0	0.0	0.002								-0.002	0.998	1.0
S2_distinct_correlated	0.4	0.2	5	0.0001	T_L02_NK_PF10	500	False	0.12	0.502	0.378	0.044	0.526	0.43	1.0	1.0	0.876	0.966	0.874	0.966	0.874	11.982	0.994	0.28340979736514993	0.17256690790544854	0.0	0.0	0.076								-0.076	0.88	0.956
S2_distinct_correlated	0.4	0.2	5	0.0001	T_L04_B_IN_PF10	500	False	0.024	0.82	0.156	0.024	0.82	0.156	1.0	1.0	0.986	1.0	0.98	1.0	0.98	2.21	19.46	0.09201011865004238	0.08251513227445156	0.004	0.0	0.004								0.0	0.976	0.976
S2_distinct_correlated	0.4	0.2	10	1e-06	T_L02_NK_PF10	500	False	0.002	0.666	0.332	0.0	0.676	0.324	1.0	1.0	0.874	0.972	0.874	0.972	0.874	11.884	1.06	0.02558265908260482	0.006895715891490323	0.0	0.0	0.002								-0.002	0.998	1.0
S2_distinct_correlated	0.4	0.2	10	1e-06	T_L04_B_IN_PF10	500	False	0.0	0.9	0.1	0.0	0.894	0.106	1.0	1.0	0.976	1.0	0.966	1.0	0.966	2.192	19.88	0.0037670361382591507	0.005348188774572591	0.0	0.0	0.0								0.0	1.0	1.0
S2_distinct_correlated	0.4	0.2	10	1e-05	T_L02_NK_PF10	500	False	0.024	0.662	0.314	0.004	0.662	0.334	1.0	1.0	0.866	0.98	0.858	0.98	0.858	11.866	1.018	0.08989933753984851	0.035310058242262014	0.0	0.0	0.02								-0.02	0.976	0.996
S2_distinct_correlated	0.4	0.2	10	1e-05	T_L04_B_IN_PF10	500	False	0.006	0.87	0.124	0.0	0.866	0.134	1.0	1.0	0.98	1.0	0.974	1.0	0.974	2.238	19.75	0.038291880444927484	0.029267119358033937	0.0	0.0	0.006								-0.006	0.994	1.0
S2_distinct_correlated	0.4	0.2	10	0.0001	T_L02_NK_PF10	500	False	0.11	0.53	0.36	0.036	0.564	0.4	1.0	1.0	0.86	0.984	0.858	0.984	0.858	12.198	0.98	0.2561688774303109	0.14199044780719328	0.0	0.0	0.074								-0.07400000000000001	0.89	0.964
S2_distinct_correlated	0.4	0.2	10	0.0001	T_L04_B_IN_PF10	500	False	0.02	0.784	0.196	0.012	0.798	0.19	1.0	1.0	0.97	1.0	0.958	1.0	0.958	2.0	19.35	0.10157155454025737	0.07629488652874142	0.0	0.0	0.008								-0.008	0.98	0.988
S2_distinct_correlated	0.4	0.2	20	1e-06	T_L02_NK_PF10	500	False	0.0	0.72	0.28	0.0	0.73	0.27	1.0	1.0	0.856	0.966	0.85	0.966	0.85	11.89	1.028	0.022314392218047017	0.0041298251860716565	0.0	0.0	0.0								0.0	1.0	1.0
S2_distinct_correlated	0.4	0.2	20	1e-06	T_L04_B_IN_PF10	500	False	0.002	0.896	0.102	0.0	0.89	0.11	1.0	1.0	0.97	1.0	0.958	1.0	0.958	2.228	19.504	0.011283278351678663	0.007255713863481682	0.0	0.0	0.002								-0.002	0.998	1.0
S2_distinct_correlated	0.4	0.2	20	1e-05	T_L02_NK_PF10	500	False	0.014	0.618	0.368	0.0	0.626	0.374	1.0	1.0	0.84	0.982	0.84	0.982	0.84	11.95	0.978	0.08613218489567469	0.0341449083633744	0.0	0.0	0.014								-0.014	0.986	1.0
S2_distinct_correlated	0.4	0.2	20	1e-05	T_L04_B_IN_PF10	500	False	0.006	0.868	0.126	0.004	0.858	0.138	1.0	1.0	0.978	1.0	0.972	1.0	0.972	2.11	19.582	0.03582050442758814	0.03202204179462859	0.002	0.0	0.004								-0.002	0.994	0.996
S2_distinct_correlated	0.4	0.2	20	0.0001	T_L02_NK_PF10	500	False	0.114	0.51	0.376	0.034	0.528	0.438	1.0	1.0	0.85	0.97	0.848	0.97	0.848	11.944	1.012	0.2850982735568133	0.16187076488581642	0.004	0.0	0.084								-0.08	0.886	0.966
S2_distinct_correlated	0.4	0.2	20	0.0001	T_L04_B_IN_PF10	500	False	0.016	0.788	0.196	0.01	0.796	0.194	1.0	1.0	0.984	1.0	0.98	1.0	0.98	2.022	19.712	0.10104413618258824	0.08639623684279968	0.0	0.0	0.006								-0.006	0.984	0.99
S2_distinct_correlated	0.4	0.5	5	1e-06	T_L02_NK_PF10	500	False	0.032	0.662	0.306	0.02	0.664	0.316	1.0	1.0	0.9	1.0	0.878	1.0	0.878	2.036	6.78	0.12792734069661899	0.08922200451996881	0.0	0.0	0.012								-0.012	0.968	0.98
S2_distinct_correlated	0.4	0.5	5	1e-06	T_L04_B_IN_PF10	500	False	0.024	0.756	0.22	0.02	0.764	0.216	1.0	1.0	0.964	0.998	0.906	0.998	0.906	2.512	18.884	0.09233057764860729	0.08532086080905603	0.0	0.0	0.004								-0.004	0.976	0.98
S2_distinct_correlated	0.4	0.5	5	1e-05	T_L02_NK_PF10	500	False	0.122	0.5	0.378	0.074	0.52	0.406	1.0	1.0	0.918	1.0	0.916	1.0	0.916	2.132	6.772	0.2828238244502586	0.22141836361813422	0.0	0.0	0.048								-0.048	0.878	0.926
S2_distinct_correlated	0.4	0.5	5	1e-05	T_L04_B_IN_PF10	500	False	0.102	0.538	0.36	0.098	0.542	0.36	1.0	1.0	0.968	0.998	0.916	0.998	0.916	2.428	18.41	0.2580974592124395	0.24252056418344814	0.004	0.0	0.008								-0.00399999999999999	0.898	0.902
S2_distinct_correlated	0.4	0.5	5	0.0001	T_L02_NK_PF10	500	False	0.362	0.29	0.348	0.282	0.3	0.418	1.0	1.0	0.916	1.0	0.904	1.0	0.904	2.0	6.612	0.5377258037332775	0.45237998594534284	0.002	0.0	0.082								-0.08000000000000002	0.638	0.718
S2_distinct_correlated	0.4	0.5	5	0.0001	T_L04_B_IN_PF10	500	False	0.286	0.316	0.398	0.264	0.336	0.4	1.0	1.0	0.972	0.996	0.926	0.996	0.926	2.312	19.182	0.4843522607579464	0.45701096957329423	0.006	0.0	0.028								-0.021999999999999964	0.714	0.736
S2_distinct_correlated	0.4	0.5	10	1e-06	T_L02_NK_PF10	500	False	0.026	0.746	0.228	0.016	0.752	0.232	1.0	1.0	0.908	0.998	0.904	0.998	0.904	2.09	6.506	0.09776038437736732	0.06374778403174043	0.0	0.0	0.01								-0.009999999999999998	0.974	0.984
S2_distinct_correlated	0.4	0.5	10	1e-06	T_L04_B_IN_PF10	500	False	0.01	0.748	0.242	0.01	0.75	0.24	1.0	1.0	0.958	0.992	0.912	0.992	0.912	2.452	18.024	0.08336195124527514	0.07497237243437604	0.002	0.0	0.002								0.0	0.99	0.99
S2_distinct_correlated	0.4	0.5	10	1e-05	T_L02_NK_PF10	500	False	0.124	0.528	0.348	0.072	0.538	0.39	1.0	1.0	0.896	1.0	0.884	1.0	0.884	2.08	6.394	0.27221684803752577	0.20299766581000092	0.0	0.0	0.052								-0.052000000000000005	0.876	0.928
S2_distinct_correlated	0.4	0.5	10	1e-05	T_L04_B_IN_PF10	500	False	0.07	0.586	0.344	0.07	0.592	0.338	1.0	1.0	0.968	1.0	0.932	1.0	0.932	2.58	18.42	0.2265435590955854	0.21014003537960393	0.004	0.0	0.004								0.0	0.9299999999999999	0.9299999999999999
S2_distinct_correlated	0.4	0.5	10	0.0001	T_L02_NK_PF10	500	False	0.398	0.282	0.32	0.308	0.294	0.398	1.0	1.0	0.906	1.0	0.898	1.0	0.898	2.01	6.396	0.5532866180369942	0.458920685641281	0.0	0.004	0.086								-0.09000000000000002	0.602	0.692
S2_distinct_correlated	0.4	0.5	10	0.0001	T_L04_B_IN_PF10	500	False	0.296	0.332	0.372	0.268	0.35	0.382	1.0	1.0	0.958	0.986	0.918	0.986	0.918	2.486	18.534	0.47961125013332445	0.4364203604561229	0.004	0.0	0.032								-0.02799999999999997	0.704	0.732
S2_distinct_correlated	0.4	0.5	20	1e-06	T_L02_NK_PF10	500	False	0.026	0.712	0.262	0.016	0.716	0.268	1.0	1.0	0.906	1.0	0.902	1.0	0.902	2.102	6.606	0.11548618159896562	0.07992218797029577	0.002	0.002	0.01								-0.009999999999999998	0.974	0.984
S2_distinct_correlated	0.4	0.5	20	1e-06	T_L04_B_IN_PF10	500	False	0.012	0.814	0.174	0.008	0.812	0.18	1.0	1.0	0.962	0.99	0.926	0.99	0.926	2.59	17.868	0.06621069013200068	0.060605460041834355	0.0	0.0	0.004								-0.004	0.988	0.992
S2_distinct_correlated	0.4	0.5	20	1e-05	T_L02_NK_PF10	500	False	0.122	0.518	0.36	0.076	0.524	0.4	1.0	1.0	0.902	1.0	0.892	1.0	0.892	2.094	6.422	0.2799563427664798	0.21371483168506222	0.0	0.0	0.046								-0.046	0.878	0.924
S2_distinct_correlated	0.4	0.5	20	1e-05	T_L04_B_IN_PF10	500	False	0.07	0.612	0.318	0.066	0.614	0.32	1.0	1.0	0.968	0.994	0.934	0.994	0.934	2.746	18.032	0.2159132056874387	0.20020433536017623	0.004	0.0	0.008								-0.0040000000000000036	0.9299999999999999	0.9339999999999999
S2_distinct_correlated	0.4	0.5	20	0.0001	T_L02_NK_PF10	500	False	0.328	0.324	0.348	0.27	0.33	0.4	1.0	1.0	0.932	1.0	0.916	1.0	0.916	2.06	6.574	0.5009673749710623	0.4341763986680494	0.006	0.0	0.064								-0.057999999999999996	0.6719999999999999	0.73
S2_distinct_correlated	0.4	0.5	20	0.0001	T_L04_B_IN_PF10	500	False	0.27	0.334	0.396	0.25	0.348	0.402	1.0	1.0	0.954	0.992	0.9	0.992	0.9	2.364	17.776	0.46805130927687794	0.4254659838276875	0.006	0.0	0.026								-0.020000000000000018	0.73	0.75
S2_distinct_correlated	0.4	0.8	5	1e-06	T_L02_NK_PF10	500	False	0.178	0.32	0.502	0.178	0.316	0.506	1.0	1.0	0.99	1.0	0.99	1.0	0.99	3.164	10.868	0.39832283521721956	0.39595721844544474	0.0	0.0	0.0								0.0	0.8220000000000001	0.8220000000000001
S2_distinct_correlated	0.4	0.8	5	1e-06	T_L04_B_IN_PF10	500	False	0.094	0.214	0.692	0.094	0.204	0.702	1.0	1.0	0.956	0.99	0.864	0.99	0.864	5.784	19.448	0.43987519598816605	0.42462953730207253	0.002	0.0	0.002								0.0	0.906	0.906
S2_distinct_correlated	0.4	0.8	5	1e-05	T_L02_NK_PF10	500	False	0.558	0.074	0.368	0.55	0.074	0.376	1.0	1.0	0.98	0.998	0.978	0.998	0.978	3.066	10.682	0.7197667884596924	0.7067262450168734	0.002	0.0	0.01								-0.008000000000000007	0.44199999999999995	0.44999999999999996
S2_distinct_correlated	0.4	0.8	5	1e-05	T_L04_B_IN_PF10	500	False	0.596	0.04	0.364	0.582	0.042	0.376	1.0	1.0	0.956	0.992	0.876	0.992	0.876	6.034	19.304	0.7674377075862396	0.7434277171596428	0.006	0.0	0.02								-0.014000000000000012	0.404	0.41800000000000004
S2_distinct_correlated	0.4	0.8	5	0.0001	T_L02_NK_PF10	500	False	0.876	0.016	0.108	0.856	0.016	0.128	1.0	1.0	0.978	1.0	0.974	1.0	0.974	3.11	10.638	0.9072842189337844	0.8880386840859591	0.002	0.0	0.022								-0.020000000000000018	0.124	0.14400000000000002
S2_distinct_correlated	0.4	0.8	5	0.0001	T_L04_B_IN_PF10	500	False	0.948	0.002	0.05	0.92	0.002	0.078	1.0	1.0	0.964	0.986	0.874	0.986	0.874	6.118	19.404	0.953319417446337	0.9204612614022962	0.006	0.0	0.034								-0.027999999999999914	0.052000000000000046	0.07999999999999996
S2_distinct_correlated	0.4	0.8	10	1e-06	T_L02_NK_PF10	500	False	0.172	0.31	0.518	0.168	0.31	0.522	1.0	1.0	0.976	0.998	0.972	0.998	0.972	3.108	10.684	0.4145891023210533	0.4068826007274944	0.002	0.0	0.006								-0.003999999999999976	0.8280000000000001	0.832
S2_distinct_correlated	0.4	0.8	10	1e-06	T_L04_B_IN_PF10	500	False	0.106	0.23	0.664	0.106	0.232	0.662	1.0	1.0	0.956	0.982	0.866	0.982	0.866	5.77	19.36	0.40001164949682255	0.3916481318865281	0.002	0.0	0.002								0.0	0.894	0.894
S2_distinct_correlated	0.4	0.8	10	1e-05	T_L02_NK_PF10	500	False	0.53	0.086	0.384	0.524	0.086	0.39	1.0	1.0	0.986	1.0	0.986	1.0	0.986	3.104	10.728	0.7184119708235993	0.707771929352701	0.006	0.0	0.012								-0.006000000000000005	0.47	0.476
S2_distinct_correlated	0.4	0.8	10	1e-05	T_L04_B_IN_PF10	500	False	0.672	0.022	0.306	0.662	0.022	0.316	1.0	1.0	0.958	0.982	0.896	0.982	0.896	5.796	19.328	0.8072947928178598	0.780710297035055	0.006	0.0	0.016								-0.010000000000000009	0.32799999999999996	0.33799999999999997
S2_distinct_correlated	0.4	0.8	10	0.0001	T_L02_NK_PF10	500	False	0.884	0.006	0.11	0.862	0.006	0.132	1.0	1.0	0.982	0.998	0.974	0.998	0.974	3.138	10.798	0.9232104450598516	0.9069877308670269	0.002	0.0	0.024								-0.02200000000000002	0.11599999999999999	0.138
S2_distinct_correlated	0.4	0.8	10	0.0001	T_L04_B_IN_PF10	500	False	0.94	0.0	0.06	0.91	0.0	0.09	1.0	1.0	0.964	0.99	0.876	0.99	0.876	5.888	19.598	0.9481571191993867	0.9157199760252785	0.006	0.0	0.036								-0.029999999999999916	0.06000000000000005	0.08999999999999997
S2_distinct_correlated	0.4	0.8	20	1e-06	T_L02_NK_PF10	500	False	0.15	0.296	0.554	0.148	0.292	0.56	1.0	1.0	0.982	1.0	0.982	1.0	0.982	3.154	10.668	0.406293506931557	0.40189174714515774	0.0	0.0	0.002								-0.0020000000000000018	0.85	0.852
S2_distinct_correlated	0.4	0.8	20	1e-06	T_L04_B_IN_PF10	500	False	0.096	0.216	0.688	0.096	0.222	0.682	1.0	1.0	0.958	0.996	0.882	0.996	0.882	5.442	19.528	0.4261083262077378	0.4172282801656559	0.0	0.0	0.0								0.0	0.904	0.904
S2_distinct_correlated	0.4	0.8	20	1e-05	T_L02_NK_PF10	500	False	0.542	0.086	0.372	0.544	0.084	0.372	1.0	1.0	0.986	1.0	0.984	1.0	0.984	3.078	10.704	0.7126696029440976	0.7031444393012695	0.012	0.0	0.01								0.0020000000000000018	0.45799999999999996	0.45599999999999996
S2_distinct_correlated	0.4	0.8	20	1e-05	T_L04_B_IN_PF10	500	False	0.614	0.02	0.366	0.604	0.024	0.372	1.0	1.0	0.958	0.992	0.88	0.992	0.88	6.038	19.44	0.7778015120928596	0.7501092380451841	0.006	0.0	0.016								-0.010000000000000009	0.386	0.396
S2_distinct_correlated	0.4	0.8	20	0.0001	T_L02_NK_PF10	500	False	0.876	0.014	0.11	0.85	0.012	0.138	1.0	1.0	0.966	1.0	0.964	1.0	0.964	3.158	10.5	0.9176572889596668	0.8876437079611647	0.004	0.0	0.03								-0.026000000000000023	0.124	0.15000000000000002
S2_distinct_correlated	0.4	0.8	20	0.0001	T_L04_B_IN_PF10	500	False	0.944	0.002	0.054	0.898	0.002	0.1	1.0	1.0	0.96	0.984	0.886	0.984	0.886	6.044	19.324	0.9489873054377507	0.9107896272046444	0.0	0.0	0.046								-0.04599999999999993	0.05600000000000005	0.10199999999999998
S3_disease2_qtl1_partial	0.05	0.2	5	1e-06	T_L02_NK_PF10	500	True	0.0	0.0	1.0	0.016	0.0	0.984	1.0	1.0	0.1	0.248	0.136	0.544	0.136	9.168	2.32	0.04003157822433532	0.057237774741418494	0.016	0.0	0.0								0.016	0.0	0.016
S3_disease2_qtl1_partial	0.05	0.2	5	1e-06	T_L04_B_IN_PF10	500	True	0.004	0.0	0.996	0.032	0.0	0.968	1.0	1.0	0.042	0.532	0.052	0.702	0.052	13.572	0.224	0.0180003546503989	0.03342610761191022	0.028	0.0	0.0								0.028	0.004	0.032
S3_disease2_qtl1_partial	0.05	0.2	5	1e-05	T_L02_NK_PF10	500	True	0.032	0.0	0.968	0.084	0.0	0.916	1.0	1.0	0.098	0.282	0.166	0.58	0.166	9.764	2.964	0.1523284251699854	0.08348878160053552	0.052	0.0	0.0								0.052000000000000005	0.032	0.084
S3_disease2_qtl1_partial	0.05	0.2	5	1e-05	T_L04_B_IN_PF10	500	True	0.028	0.0	0.972	0.026	0.0	0.974	1.0	1.0	0.026	0.486	0.048	0.652	0.048	12.61	0.176	0.09032364463421622	0.025543582558350545	0.012	0.0	0.014								-0.0020000000000000018	0.028	0.026
S3_disease2_qtl1_partial	0.05	0.2	5	0.0001	T_L02_NK_PF10	500	True	0.17	0.0	0.83	0.066	0.0	0.934	1.0	1.0	0.07	0.234	0.138	0.528	0.138	8.874	2.424	0.3738658564175294	0.0655565868234583	0.012	0.0	0.116								-0.10400000000000001	0.17	0.066
S3_disease2_qtl1_partial	0.05	0.2	5	0.0001	T_L04_B_IN_PF10	500	True	0.11	0.0	0.89	0.014	0.0	0.986	1.0	1.0	0.02	0.494	0.036	0.604	0.036	12.49	0.258	0.23385221748728105	0.015845608769801466	0.004	0.0	0.1								-0.096	0.11	0.014
S3_disease2_qtl1_partial	0.05	0.2	10	1e-06	T_L02_NK_PF10	500	True	0.002	0.0	0.998	0.016	0.0	0.984	1.0	1.0	0.104	0.254	0.17	0.58	0.17	9.73	3.006	0.041939005587217706	0.05580784541408107	0.014	0.0	0.0								0.014	0.002	0.016
S3_disease2_qtl1_partial	0.05	0.2	10	1e-06	T_L04_B_IN_PF10	500	True	0.0	0.0	1.0	0.016	0.0	0.984	1.0	1.0	0.02	0.428	0.028	0.598	0.028	11.244	0.128	0.01761617619234299	0.01641536762785546	0.016	0.0	0.0								0.016	0.0	0.016
S3_disease2_qtl1_partial	0.05	0.2	10	1e-05	T_L02_NK_PF10	500	True	0.034	0.0	0.966	0.082	0.0	0.918	1.0	1.0	0.092	0.234	0.17	0.556	0.17	9.316	2.914	0.14891697224172668	0.08165562760159069	0.048	0.0	0.0								0.048	0.034	0.082
S3_disease2_qtl1_partial	0.05	0.2	10	1e-05	T_L04_B_IN_PF10	500	True	0.022	0.0	0.978	0.022	0.0	0.978	1.0	1.0	0.022	0.448	0.034	0.618	0.034	11.796	0.068	0.08486427667764983	0.021921209881454608	0.01	0.0	0.01								0.0	0.022	0.022
S3_disease2_qtl1_partial	0.05	0.2	10	0.0001	T_L02_NK_PF10	500	True	0.206	0.0	0.794	0.11	0.0	0.89	1.0	1.0	0.114	0.236	0.184	0.568	0.184	9.512	3.198	0.42202397438909545	0.1101074172232025	0.016	0.0	0.112								-0.09599999999999999	0.206	0.11
S3_disease2_qtl1_partial	0.05	0.2	10	0.0001	T_L04_B_IN_PF10	500	True	0.084	0.0	0.916	0.018	0.0	0.982	1.0	1.0	0.02	0.478	0.034	0.634	0.034	12.528	0.176	0.24453694087633895	0.01919666981303458	0.008	0.0	0.074								-0.066	0.084	0.018
S3_disease2_qtl1_partial	0.05	0.2	20	1e-06	T_L02_NK_PF10	500	True	0.0	0.0	1.0	0.01	0.0	0.99	1.0	1.0	0.07	0.222	0.136	0.548	0.136	9.3	2.376	0.03407082266332361	0.03683341079776659	0.01	0.0	0.0								0.01	0.0	0.01
S3_disease2_qtl1_partial	0.05	0.2	20	1e-06	T_L04_B_IN_PF10	500	True	0.002	0.0	0.998	0.022	0.0	0.978	1.0	1.0	0.026	0.5	0.036	0.648	0.036	13.228	0.388	0.016489001935716025	0.021452285890460412	0.02	0.0	0.0								0.019999999999999997	0.002	0.022
S3_disease2_qtl1_partial	0.05	0.2	20	1e-05	T_L02_NK_PF10	500	True	0.022	0.0	0.978	0.078	0.0	0.922	1.0	1.0	0.084	0.25	0.14	0.564	0.14	9.574	2.434	0.1456622429874857	0.07576947661779374	0.056	0.0	0.0								0.056	0.022	0.078
S3_disease2_qtl1_partial	0.05	0.2	20	1e-05	T_L04_B_IN_PF10	500	True	0.012	0.0	0.988	0.036	0.0	0.964	1.0	1.0	0.038	0.482	0.048	0.626	0.048	12.17	0.15	0.08620660607671869	0.03678279824179583	0.03	0.0	0.006								0.023999999999999997	0.012	0.036
S3_disease2_qtl1_partial	0.05	0.2	20	0.0001	T_L02_NK_PF10	500	True	0.15	0.0	0.85	0.078	0.0	0.922	1.0	1.0	0.08	0.238	0.122	0.552	0.122	9.23	2.184	0.38367606840810037	0.07703237884871805	0.016	0.0	0.088								-0.072	0.15	0.078
S3_disease2_qtl1_partial	0.05	0.2	20	0.0001	T_L04_B_IN_PF10	500	True	0.116	0.0	0.884	0.022	0.0	0.978	1.0	1.0	0.026	0.502	0.034	0.642	0.034	12.996	0.338	0.2584438238302124	0.02296353088132712	0.006	0.0	0.1								-0.094	0.116	0.022
S3_disease2_qtl1_partial	0.05	0.5	5	1e-06	T_L02_NK_PF10	500	True	0.0	0.002	0.998	0.0	0.002	0.998	1.0	1.0	0.008	0.018	0.02	0.04	0.02	1.172	0.266	0.004818576447389425	0.00011709201855430501	0.0	0.0	0.0								0.0	0.0	0.0
S3_disease2_qtl1_partial	0.05	0.5	5	1e-06	T_L04_B_IN_PF10	500	True	0.0	0.0	1.0	0.0	0.0	1.0	1.0	1.0	0.008	0.038	0.07	0.088	0.07	1.822	2.26	0.005590539058539526	0.004423250698714949	0.0	0.0	0.0								0.0	0.0	0.0
S3_disease2_qtl1_partial	0.05	0.5	5	1e-05	T_L02_NK_PF10	500	True	0.0	0.0	1.0	0.0	0.0	1.0	1.0	1.0	0.012	0.012	0.02	0.028	0.02	1.21	0.254	0.022520774559706556	0.001244869409144504	0.0	0.0	0.0								0.0	0.0	0.0
S3_disease2_qtl1_partial	0.05	0.5	5	1e-05	T_L04_B_IN_PF10	500	True	0.0	0.0	1.0	0.002	0.0	0.998	1.0	1.0	0.006	0.046	0.076	0.088	0.076	1.634	2.288	0.022716875687574627	0.003776222748572334	0.002	0.0	0.0								0.002	0.0	0.002
S3_disease2_qtl1_partial	0.05	0.5	5	0.0001	T_L02_NK_PF10	500	True	0.016	0.0	0.984	0.004	0.0	0.996	1.0	1.0	0.008	0.012	0.012	0.028	0.012	1.216	0.286	0.12343483456718254	0.004524114317549562	0.004	0.0	0.016								-0.012	0.016	0.004
S3_disease2_qtl1_partial	0.05	0.5	5	0.0001	T_L04_B_IN_PF10	500	True	0.012	0.0	0.988	0.006	0.0	0.994	1.0	1.0	0.006	0.056	0.082	0.076	0.082	1.678	2.256	0.07513759470285007	0.005992925309492704	0.0	0.0	0.006								-0.006	0.012	0.006
S3_disease2_qtl1_partial	0.05	0.5	10	1e-06	T_L02_NK_PF10	500	True	0.0	0.0	1.0	0.0	0.0	1.0	1.0	1.0	0.004	0.008	0.014	0.032	0.014	1.162	0.244	0.004229363941241883	6.38664175378182e-05	0.0	0.0	0.0								0.0	0.0	0.0
S3_disease2_qtl1_partial	0.05	0.5	10	1e-06	T_L04_B_IN_PF10	500	True	0.0	0.0	1.0	0.002	0.0	0.998	1.0	1.0	0.012	0.054	0.07	0.088	0.07	1.322	2.06	0.00332278219814298	0.0038166730503559265	0.002	0.0	0.0								0.002	0.0	0.002
S3_disease2_qtl1_partial	0.05	0.5	10	1e-05	T_L02_NK_PF10	500	True	0.002	0.0	0.998	0.0	0.0	1.0	1.0	1.0	0.01	0.012	0.024	0.028	0.024	1.074	0.31	0.026739779918145266	0.0030977094438375953	0.0	0.0	0.002								-0.002	0.002	0.0
S3_disease2_qtl1_partial	0.05	0.5	10	1e-05	T_L04_B_IN_PF10	500	True	0.0	0.0	1.0	0.006	0.0	0.994	1.0	1.0	0.008	0.052	0.062	0.074	0.062	2.066	1.986	0.016936774064752386	0.006657922995419364	0.006	0.0	0.0								0.006	0.0	0.006
S3_disease2_qtl1_partial	0.05	0.5	10	0.0001	T_L02_NK_PF10	500	True	0.018	0.0	0.982	0.0	0.0	1.0	1.0	1.0	0.0	0.008	0.018	0.03	0.018	1.4	0.3	0.14013928569563638	0.0	0.0	0.0	0.018								-0.018	0.018	0.0
S3_disease2_qtl1_partial	0.05	0.5	10	0.0001	T_L04_B_IN_PF10	500	True	0.012	0.0	0.988	0.004	0.0	0.996	1.0	1.0	0.004	0.04	0.078	0.054	0.078	1.206	2.162	0.07247504477389662	0.0039715239380296915	0.002	0.0	0.01								-0.008	0.012	0.004
S3_disease2_qtl1_partial	0.05	0.5	20	1e-06	T_L02_NK_PF10	500	True	0.0	0.0	1.0	0.0	0.0	1.0	1.0	1.0	0.006	0.018	0.014	0.048	0.014	1.188	0.344	0.0042055373282569265	2.15624473044594e-05	0.0	0.0	0.0								0.0	0.0	0.0
S3_disease2_qtl1_partial	0.05	0.5	20	1e-06	T_L04_B_IN_PF10	500	True	0.0	0.0	1.0	0.006	0.002	0.992	1.0	1.0	0.018	0.05	0.076	0.076	0.076	1.396	2.166	0.005513792835194703	0.007302965203679906	0.006	0.0	0.0								0.006	0.0	0.006
S3_disease2_qtl1_partial	0.05	0.5	20	1e-05	T_L02_NK_PF10	500	True	0.004	0.0	0.996	0.006	0.0	0.994	1.0	1.0	0.014	0.008	0.038	0.03	0.038	1.17	0.518	0.0284408353318927	0.006619156946876905	0.002	0.0	0.0								0.002	0.004	0.006
S3_disease2_qtl1_partial	0.05	0.5	20	1e-05	T_L04_B_IN_PF10	500	True	0.0	0.0	1.0	0.006	0.0	0.994	1.0	1.0	0.006	0.054	0.078	0.08	0.078	1.356	1.946	0.01643155700447047	0.005404072363106552	0.006	0.0	0.0								0.006	0.0	0.006
S3_disease2_qtl1_partial	0.05	0.5	20	0.0001	T_L02_NK_PF10	500	True	0.026	0.0	0.974	0.004	0.0	0.996	1.0	1.0	0.008	0.004	0.03	0.03	0.03	1.17	0.29	0.12929471377792406	0.005090836985261676	0.0	0.0	0.022								-0.022	0.026	0.004
S3_disease2_qtl1_partial	0.05	0.5	20	0.0001	T_L04_B_IN_PF10	500	True	0.022	0.0	0.978	0.006	0.0	0.994	1.0	1.0	0.006	0.05	0.082	0.08	0.082	1.29	2.282	0.07802702350025033	0.0058922321377184355	0.002	0.0	0.018								-0.016	0.022	0.006
S3_disease2_qtl1_partial	0.05	0.8	5	1e-06	T_L02_NK_PF10	500	True	0.0	0.0	1.0	0.0	0.0	1.0	1.0	1.0	0.002	0.006	0.108	0.01	0.108	0.154	1.512	0.0010211965252986226	1.8054308856694e-06	0.0	0.0	0.0								0.0	0.0	0.0
S3_disease2_qtl1_partial	0.05	0.8	5	1e-06	T_L04_B_IN_PF10	500	True	0.0	0.0	1.0	0.0	0.0	1.0	1.0	1.0	0.0	0.004	0.15	0.012	0.15	0.394	3.856	0.0006370173226254985	0.0	0.0	0.0	0.0								0.0	0.0	0.0
S3_disease2_qtl1_partial	0.05	0.8	5	1e-05	T_L02_NK_PF10	500	True	0.002	0.0	0.998	0.004	0.0	0.996	1.0	1.0	0.006	0.006	0.094	0.012	0.094	0.114	1.336	0.0077729339300205485	0.0038017110377470244	0.002	0.0	0.0								0.002	0.002	0.004
S3_disease2_qtl1_partial	0.05	0.8	5	1e-05	T_L04_B_IN_PF10	500	True	0.0	0.0	1.0	0.002	0.0	0.998	1.0	1.0	0.002	0.006	0.158	0.012	0.158	0.532	4.376	0.007190172766299031	0.00186695941659961	0.002	0.0	0.0								0.002	0.0	0.002
S3_disease2_qtl1_partial	0.05	0.8	5	0.0001	T_L02_NK_PF10	500	True	0.006	0.0	0.994	0.002	0.0	0.998	1.0	1.0	0.002	0.002	0.068	0.008	0.068	0.046	1.018	0.02349430201972895	0.0019677357842529837	0.0	0.0	0.004								-0.004	0.006	0.002
S3_disease2_qtl1_partial	0.05	0.8	5	0.0001	T_L04_B_IN_PF10	500	True	0.002	0.0	0.998	0.0	0.0	1.0	1.0	1.0	0.0	0.01	0.134	0.02	0.134	0.506	3.488	0.028932594690304396	0.0	0.0	0.0	0.002								-0.002	0.002	0.0
S3_disease2_qtl1_partial	0.05	0.8	10	1e-06	T_L02_NK_PF10	500	True	0.0	0.0	1.0	0.0	0.0	1.0	1.0	1.0	0.006	0.0	0.108	0.008	0.108	0.032	1.506	0.0009973320667810946	0.0012679465688524305	0.0	0.0	0.0								0.0	0.0	0.0
S3_disease2_qtl1_partial	0.05	0.8	10	1e-06	T_L04_B_IN_PF10	500	True	0.0	0.0	1.0	0.0	0.0	1.0	1.0	1.0	0.006	0.004	0.146	0.014	0.146	0.292	3.936	0.0006055507338108096	0.000928614343253118	0.0	0.0	0.0								0.0	0.0	0.0
S3_disease2_qtl1_partial	0.05	0.8	10	1e-05	T_L02_NK_PF10	500	True	0.0	0.0	1.0	0.0	0.0	1.0	1.0	1.0	0.0	0.002	0.094	0.004	0.094	0.098	1.312	0.003967900866325139	0.0	0.0	0.0	0.0								0.0	0.0	0.0
S3_disease2_qtl1_partial	0.05	0.8	10	1e-05	T_L04_B_IN_PF10	500	True	0.0	0.0	1.0	0.002	0.0	0.998	1.0	1.0	0.004	0.0	0.15	0.01	0.15	0.464	3.882	0.005499198438793627	0.0025501294339985484	0.002	0.0	0.0								0.002	0.0	0.002
S3_disease2_qtl1_partial	0.05	0.8	10	0.0001	T_L02_NK_PF10	500	True	0.002	0.0	0.998	0.0	0.0	1.0	1.0	1.0	0.0	0.004	0.098	0.008	0.098	0.18	1.47	0.025559366964965632	0.0	0.0	0.0	0.002								-0.002	0.002	0.0
S3_disease2_qtl1_partial	0.05	0.8	10	0.0001	T_L04_B_IN_PF10	500	True	0.006	0.0	0.994	0.004	0.0	0.996	1.0	1.0	0.004	0.004	0.124	0.01	0.124	0.286	3.58	0.03518160241749336	0.0038816426762874	0.0	0.0	0.002								-0.002	0.006	0.004
S3_disease2_qtl1_partial	0.05	0.8	20	1e-06	T_L02_NK_PF10	500	True	0.0	0.0	1.0	0.0	0.0	1.0	1.0	1.0	0.002	0.0	0.092	0.006	0.092	0.064	1.288	0.0005460793994239943	0.0001033962279679726	0.0	0.0	0.0								0.0	0.0	0.0
S3_disease2_qtl1_partial	0.05	0.8	20	1e-06	T_L04_B_IN_PF10	500	True	0.0	0.0	1.0	0.0	0.0	1.0	1.0	1.0	0.002	0.004	0.142	0.014	0.142	0.396	4.024	0.0006292395772563032	0.000220138740618862	0.0	0.0	0.0								0.0	0.0	0.0
S3_disease2_qtl1_partial	0.05	0.8	20	1e-05	T_L02_NK_PF10	500	True	0.002	0.0	0.998	0.002	0.0	0.998	1.0	1.0	0.002	0.0	0.112	0.012	0.112	0.036	1.69	0.008593355627595911	0.001983945566421316	0.0	0.0	0.0								0.0	0.002	0.002
S3_disease2_qtl1_partial	0.05	0.8	20	1e-05	T_L04_B_IN_PF10	500	True	0.0	0.0	1.0	0.0	0.0	1.0	1.0	1.0	0.004	0.004	0.16	0.02	0.16	0.404	4.322	0.007662658795645824	0.002136484477299756	0.0	0.0	0.0								0.0	0.0	0.0
S3_disease2_qtl1_partial	0.05	0.8	20	0.0001	T_L02_NK_PF10	500	True	0.004	0.0	0.996	0.0	0.0	1.0	1.0	1.0	0.0	0.002	0.106	0.002	0.106	0.02	1.456	0.02812817022480718	0.0	0.0	0.0	0.004								-0.004	0.004	0.0
S3_disease2_qtl1_partial	0.05	0.8	20	0.0001	T_L04_B_IN_PF10	500	True	0.006	0.0	0.994	0.002	0.0	0.998	1.0	1.0	0.002	0.0	0.116	0.006	0.116	0.254	3.336	0.03652964722891672	0.001793121965660264	0.0	0.0	0.004								-0.004	0.006	0.002
S3_disease2_qtl1_partial	0.2	0.2	5	1e-06	T_L02_NK_PF10	500	True	0.48	0.026	0.494	0.586	0.036	0.378	1.0	1.0	0.844	0.96	0.842	1.0	0.842	14.402	13.862	0.6449086517854775	0.6688666714244307	0.118	0.01	0.002								0.10599999999999998	0.48	0.586
S3_disease2_qtl1_partial	0.2	0.2	5	1e-06	T_L04_B_IN_PF10	500	True	0.63	0.01	0.36	0.58	0.0	0.42	1.0	1.0	0.586	0.966	0.586	1.0	0.586	20.286	1.31	0.7581768777343822	0.5713966304259657	0.048	0.0	0.098								-0.050000000000000044	0.63	0.58
S3_disease2_qtl1_partial	0.2	0.2	5	1e-05	T_L02_NK_PF10	500	True	0.846	0.012	0.142	0.842	0.006	0.152	1.0	1.0	0.85	0.944	0.848	0.994	0.848	14.26	14.004	0.885313466972691	0.8181503530929535	0.052	0.0	0.056								-0.0040000000000000036	0.846	0.842
S3_disease2_qtl1_partial	0.2	0.2	5	1e-05	T_L04_B_IN_PF10	500	True	0.862	0.0	0.138	0.61	0.0	0.39	1.0	1.0	0.612	0.986	0.61	1.0	0.61	20.388	1.404	0.9078041306987866	0.6084436224965077	0.01	0.0	0.262								-0.252	0.862	0.61
S3_disease2_qtl1_partial	0.2	0.2	5	0.0001	T_L02_NK_PF10	500	True	0.966	0.004	0.03	0.832	0.002	0.166	1.0	1.0	0.836	0.96	0.832	0.998	0.832	14.21	13.684	0.9704546543736559	0.8308682956800574	0.016	0.0	0.15								-0.134	0.966	0.832
S3_disease2_qtl1_partial	0.2	0.2	5	0.0001	T_L04_B_IN_PF10	500	True	0.956	0.002	0.042	0.616	0.0	0.384	1.0	1.0	0.62	0.966	0.614	1.0	0.614	20.356	1.58	0.9705941276548744	0.6182500461943955	0.018	0.0	0.358								-0.33999999999999997	0.956	0.616
S3_disease2_qtl1_partial	0.2	0.2	10	1e-06	T_L02_NK_PF10	500	True	0.432	0.026	0.542	0.552	0.032	0.416	1.0	1.0	0.838	0.966	0.834	0.998	0.834	14.326	13.8	0.6184765456625858	0.6509456313046788	0.13	0.008	0.002								0.12000000000000005	0.432	0.552
S3_disease2_qtl1_partial	0.2	0.2	10	1e-06	T_L04_B_IN_PF10	500	True	0.668	0.01	0.322	0.592	0.006	0.402	1.0	1.0	0.604	0.96	0.594	1.0	0.594	20.682	1.35	0.7659070101698462	0.5843590292379413	0.05	0.0	0.126								-0.07600000000000007	0.668	0.592
S3_disease2_qtl1_partial	0.2	0.2	10	1e-05	T_L02_NK_PF10	500	True	0.838	0.01	0.152	0.864	0.0	0.136	1.0	1.0	0.866	0.964	0.858	1.0	0.858	14.29	14.232	0.8841167851736149	0.840443078019473	0.06	0.0	0.034								0.026000000000000023	0.838	0.864
S3_disease2_qtl1_partial	0.2	0.2	10	1e-05	T_L04_B_IN_PF10	500	True	0.884	0.002	0.114	0.626	0.0	0.374	1.0	1.0	0.628	0.968	0.624	1.0	0.624	20.276	1.276	0.9267194913746188	0.6242697120504604	0.012	0.0	0.27								-0.258	0.884	0.626
S3_disease2_qtl1_partial	0.2	0.2	10	0.0001	T_L02_NK_PF10	500	True	0.97	0.002	0.028	0.826	0.0	0.174	1.0	1.0	0.826	0.964	0.822	0.998	0.822	14.424	13.5	0.9735865956270511	0.8236424994320392	0.014	0.0	0.158								-0.14400000000000002	0.97	0.826
S3_disease2_qtl1_partial	0.2	0.2	10	0.0001	T_L04_B_IN_PF10	500	True	0.964	0.0	0.036	0.596	0.0	0.404	1.0	1.0	0.596	0.97	0.596	1.0	0.596	20.454	1.392	0.9728913478059391	0.5958313727312639	0.012	0.0	0.38								-0.368	0.964	0.596
S3_disease2_qtl1_partial	0.2	0.2	20	1e-06	T_L02_NK_PF10	500	True	0.466	0.03	0.504	0.608	0.038	0.354	1.0	1.0	0.88	0.962	0.874	1.0	0.874	14.41	14.308	0.6498581600016514	0.6947917434067145	0.152	0.008	0.002								0.14199999999999996	0.466	0.608
S3_disease2_qtl1_partial	0.2	0.2	20	1e-06	T_L04_B_IN_PF10	500	True	0.648	0.01	0.342	0.58	0.0	0.42	1.0	1.0	0.584	0.962	0.584	1.0	0.584	20.376	1.398	0.7524435685650045	0.5687812089399934	0.036	0.0	0.104								-0.06800000000000006	0.648	0.58
S3_disease2_qtl1_partial	0.2	0.2	20	1e-05	T_L02_NK_PF10	500	True	0.846	0.016	0.138	0.858	0.0	0.142	1.0	1.0	0.858	0.968	0.856	1.0	0.856	14.264	14.044	0.8873132627909381	0.834662281322155	0.054	0.0	0.042								0.01200000000000001	0.846	0.858
S3_disease2_qtl1_partial	0.2	0.2	20	1e-05	T_L04_B_IN_PF10	500	True	0.844	0.0	0.156	0.556	0.0	0.444	1.0	1.0	0.556	0.948	0.554	1.0	0.554	20.256	1.182	0.9079203294816437	0.5546829581240498	0.012	0.0	0.3								-0.2879999999999999	0.844	0.556
S3_disease2_qtl1_partial	0.2	0.2	20	0.0001	T_L02_NK_PF10	500	True	0.958	0.0	0.042	0.818	0.0	0.182	1.0	1.0	0.82	0.962	0.82	0.996	0.82	14.384	13.46	0.9678138880941551	0.8164649534188577	0.014	0.0	0.154								-0.14	0.958	0.818
S3_disease2_qtl1_partial	0.2	0.2	20	0.0001	T_L04_B_IN_PF10	500	True	0.972	0.0	0.028	0.584	0.0	0.416	1.0	1.0	0.584	0.958	0.584	1.0	0.584	20.32	1.196	0.9794290338783018	0.583839125773761	0.008	0.0	0.396								-0.388	0.972	0.584
S3_disease2_qtl1_partial	0.2	0.5	5	1e-06	T_L02_NK_PF10	500	True	0.128	0.146	0.726	0.126	0.148	0.726	1.0	1.0	0.43	0.26	0.516	0.274	0.516	5.262	2.466	0.24732195171039212	0.15077792100752824	0.046	0.0	0.048								-0.0020000000000000018	0.128	0.126
S3_disease2_qtl1_partial	0.2	0.5	5	1e-06	T_L04_B_IN_PF10	500	True	0.33	0.0	0.67	0.528	0.012	0.46	1.0	1.0	0.612	0.834	0.66	0.888	0.66	12.298	9.258	0.46441458278726944	0.5516881983984694	0.236	0.0	0.038								0.198	0.33	0.528
S3_disease2_qtl1_partial	0.2	0.5	5	1e-05	T_L02_NK_PF10	500	True	0.322	0.09	0.588	0.168	0.08	0.752	1.0	1.0	0.42	0.264	0.494	0.284	0.494	5.332	2.38	0.4847574465608035	0.23015091813239946	0.034	0.002	0.186								-0.154	0.322	0.168
S3_disease2_qtl1_partial	0.2	0.5	5	1e-05	T_L04_B_IN_PF10	500	True	0.55	0.0	0.45	0.612	0.0	0.388	1.0	1.0	0.612	0.84	0.66	0.89	0.66	11.748	10.116	0.6783918090429163	0.6048108115021658	0.172	0.0	0.11								0.061999999999999944	0.55	0.612
S3_disease2_qtl1_partial	0.2	0.5	5	0.0001	T_L02_NK_PF10	500	True	0.598	0.044	0.358	0.252	0.032	0.716	1.0	1.0	0.418	0.26	0.502	0.28	0.502	5.362	2.434	0.7556656699483458	0.312325309779079	0.026	0.0	0.372								-0.346	0.598	0.252
S3_disease2_qtl1_partial	0.2	0.5	5	0.0001	T_L04_B_IN_PF10	500	True	0.772	0.0	0.228	0.63	0.002	0.368	1.0	1.0	0.638	0.874	0.67	0.908	0.67	11.714	9.794	0.8493023640170805	0.6330160877823525	0.068	0.0	0.21								-0.14200000000000002	0.772	0.63
S3_disease2_qtl1_partial	0.2	0.5	10	1e-06	T_L02_NK_PF10	500	True	0.1	0.162	0.738	0.128	0.162	0.71	1.0	1.0	0.46	0.23	0.53	0.252	0.53	5.226	2.458	0.2365985870147246	0.1577758520996635	0.06	0.0	0.032								0.027999999999999997	0.1	0.128
S3_disease2_qtl1_partial	0.2	0.5	10	1e-06	T_L04_B_IN_PF10	500	True	0.28	0.004	0.716	0.482	0.012	0.506	1.0	1.0	0.6	0.856	0.636	0.898	0.636	12.28	9.33	0.44635219622535477	0.5277228792544988	0.234	0.0	0.032								0.20199999999999996	0.28	0.482
S3_disease2_qtl1_partial	0.2	0.5	10	1e-05	T_L02_NK_PF10	500	True	0.328	0.1	0.572	0.2	0.09	0.71	1.0	1.0	0.448	0.284	0.528	0.304	0.528	5.49	2.49	0.49139057446898776	0.25937173345089964	0.038	0.0	0.166								-0.128	0.328	0.2
S3_disease2_qtl1_partial	0.2	0.5	10	1e-05	T_L04_B_IN_PF10	500	True	0.544	0.0	0.456	0.608	0.0	0.392	1.0	1.0	0.614	0.864	0.67	0.892	0.67	11.266	9.626	0.6937906555581513	0.6043258446197666	0.17	0.0	0.106								0.06399999999999995	0.544	0.608
S3_disease2_qtl1_partial	0.2	0.5	10	0.0001	T_L02_NK_PF10	500	True	0.546	0.036	0.418	0.238	0.032	0.73	1.0	1.0	0.398	0.242	0.476	0.272	0.476	5.364	2.258	0.7209872998419976	0.2935680020134247	0.028	0.0	0.336								-0.30800000000000005	0.546	0.238
S3_disease2_qtl1_partial	0.2	0.5	10	0.0001	T_L04_B_IN_PF10	500	True	0.776	0.0	0.224	0.586	0.002	0.412	1.0	1.0	0.592	0.848	0.63	0.894	0.63	11.912	9.826	0.862045744266301	0.5873243737972949	0.034	0.002	0.222								-0.19000000000000006	0.776	0.586
S3_disease2_qtl1_partial	0.2	0.5	20	1e-06	T_L02_NK_PF10	500	True	0.112	0.14	0.748	0.12	0.142	0.738	1.0	1.0	0.418	0.232	0.494	0.256	0.494	5.214	2.452	0.2288905586924954	0.14069893365635347	0.042	0.0	0.034								0.007999999999999993	0.112	0.12
S3_disease2_qtl1_partial	0.2	0.5	20	1e-06	T_L04_B_IN_PF10	500	True	0.282	0.002	0.716	0.502	0.006	0.492	1.0	1.0	0.59	0.854	0.646	0.888	0.646	11.918	9.568	0.43542550624175463	0.5292356335945655	0.25	0.0	0.03								0.22000000000000003	0.282	0.502
S3_disease2_qtl1_partial	0.2	0.5	20	1e-05	T_L02_NK_PF10	500	True	0.302	0.066	0.632	0.172	0.08	0.748	1.0	1.0	0.426	0.272	0.482	0.29	0.482	5.194	2.266	0.49565349018810395	0.23603572822825133	0.026	0.006	0.15								-0.13	0.302	0.172
S3_disease2_qtl1_partial	0.2	0.5	20	1e-05	T_L04_B_IN_PF10	500	True	0.53	0.0	0.47	0.568	0.0	0.432	1.0	1.0	0.574	0.846	0.606	0.896	0.606	11.894	8.788	0.6490521846090963	0.5637537287836862	0.146	0.0	0.108								0.03799999999999992	0.53	0.568
S3_disease2_qtl1_partial	0.2	0.5	20	0.0001	T_L02_NK_PF10	500	True	0.558	0.036	0.406	0.27	0.036	0.694	1.0	1.0	0.44	0.274	0.49	0.304	0.49	5.438	2.244	0.7294043772704636	0.3304127135763747	0.028	0.002	0.314								-0.28800000000000003	0.558	0.27
S3_disease2_qtl1_partial	0.2	0.5	20	0.0001	T_L04_B_IN_PF10	500	True	0.816	0.0	0.184	0.636	0.0	0.364	1.0	1.0	0.64	0.874	0.662	0.93	0.662	12.316	10.586	0.8772889548351519	0.6361606881637177	0.048	0.0	0.228								-0.17999999999999994	0.816	0.636
S3_disease2_qtl1_partial	0.2	0.8	5	1e-06	T_L02_NK_PF10	500	True	0.052	0.0	0.948	0.08	0.0	0.92	1.0	1.0	0.122	0.012	0.748	0.156	0.748	0.576	8.176	0.11815431415915609	0.09709053803129468	0.028	0.0	0.0								0.028000000000000004	0.052	0.08
S3_disease2_qtl1_partial	0.2	0.8	5	1e-06	T_L04_B_IN_PF10	500	True	0.01	0.0	0.99	0.022	0.0	0.978	1.0	1.0	0.098	0.002	0.744	0.122	0.744	1.952	17.35	0.06907071903176154	0.05735189300914674	0.012	0.0	0.0								0.011999999999999999	0.01	0.022
S3_disease2_qtl1_partial	0.2	0.8	5	1e-05	T_L02_NK_PF10	500	True	0.118	0.0	0.882	0.092	0.0	0.908	1.0	1.0	0.1	0.004	0.744	0.138	0.744	0.516	8.254	0.23914630180007396	0.09220718932355902	0.01	0.0	0.036								-0.025999999999999995	0.118	0.092
S3_disease2_qtl1_partial	0.2	0.8	5	1e-05	T_L04_B_IN_PF10	500	True	0.082	0.0	0.918	0.082	0.0	0.918	1.0	1.0	0.092	0.004	0.772	0.118	0.772	1.774	17.7	0.19257729712866653	0.0842706805690199	0.024	0.0	0.024								0.0	0.082	0.082
S3_disease2_qtl1_partial	0.2	0.8	5	0.0001	T_L02_NK_PF10	500	True	0.286	0.0	0.714	0.086	0.0	0.914	1.0	1.0	0.088	0.01	0.724	0.116	0.724	0.494	7.914	0.46499999251339424	0.08590430901319172	0.0	0.0	0.2								-0.19999999999999998	0.286	0.086
S3_disease2_qtl1_partial	0.2	0.8	5	0.0001	T_L04_B_IN_PF10	500	True	0.198	0.0	0.802	0.094	0.0	0.906	1.0	1.0	0.094	0.01	0.74	0.11	0.74	1.726	16.98	0.39114450820068963	0.09205589142916269	0.012	0.0	0.116								-0.10400000000000001	0.198	0.094
S3_disease2_qtl1_partial	0.2	0.8	10	1e-06	T_L02_NK_PF10	500	True	0.048	0.0	0.952	0.07	0.0	0.93	1.0	1.0	0.112	0.018	0.758	0.146	0.758	0.672	8.446	0.11629238828197047	0.08485141456443807	0.024	0.0	0.002								0.022000000000000006	0.048	0.07
S3_disease2_qtl1_partial	0.2	0.8	10	1e-06	T_L04_B_IN_PF10	500	True	0.014	0.0	0.986	0.028	0.0	0.972	1.0	1.0	0.136	0.012	0.754	0.164	0.754	2.536	17.316	0.08691485126506344	0.07875276078090222	0.014	0.0	0.0								0.014	0.014	0.028
S3_disease2_qtl1_partial	0.2	0.8	10	1e-05	T_L02_NK_PF10	500	True	0.124	0.0	0.876	0.108	0.0	0.892	1.0	1.0	0.114	0.01	0.716	0.148	0.716	0.578	7.984	0.24110363314761016	0.10734678998884438	0.02	0.0	0.036								-0.016	0.124	0.108
S3_disease2_qtl1_partial	0.2	0.8	10	1e-05	T_L04_B_IN_PF10	500	True	0.084	0.0	0.916	0.084	0.0	0.916	1.0	1.0	0.102	0.004	0.734	0.12	0.734	1.71	17.306	0.2035333094019054	0.08817226949213935	0.018	0.0	0.018								0.0	0.084	0.084
S3_disease2_qtl1_partial	0.2	0.8	10	0.0001	T_L02_NK_PF10	500	True	0.292	0.0	0.708	0.116	0.0	0.884	1.0	1.0	0.118	0.012	0.76	0.138	0.76	0.594	8.088	0.47178707078460613	0.11697410332432372	0.0	0.0	0.176								-0.176	0.292	0.116
S3_disease2_qtl1_partial	0.2	0.8	10	0.0001	T_L04_B_IN_PF10	500	True	0.244	0.0	0.756	0.116	0.0	0.884	1.0	1.0	0.118	0.0	0.796	0.134	0.796	1.934	17.838	0.43840260454877983	0.11504421412393584	0.006	0.0	0.134								-0.128	0.244	0.116
S3_disease2_qtl1_partial	0.2	0.8	20	1e-06	T_L02_NK_PF10	500	True	0.032	0.0	0.968	0.064	0.002	0.934	1.0	1.0	0.116	0.014	0.738	0.16	0.738	0.704	8.156	0.10297862726077986	0.08177013899566041	0.032	0.0	0.0								0.032	0.032	0.064
S3_disease2_qtl1_partial	0.2	0.8	20	1e-06	T_L04_B_IN_PF10	500	True	0.014	0.0	0.986	0.026	0.0	0.974	1.0	1.0	0.118	0.008	0.734	0.13	0.734	1.882	16.968	0.07151129414756414	0.0641605296526899	0.014	0.0	0.002								0.011999999999999999	0.014	0.026
S3_disease2_qtl1_partial	0.2	0.8	20	1e-05	T_L02_NK_PF10	500	True	0.12	0.0	0.88	0.088	0.0	0.912	1.0	1.0	0.094	0.012	0.742	0.132	0.742	0.604	8.254	0.23595658583837018	0.0886349976833095	0.006	0.0	0.038								-0.032	0.12	0.088
S3_disease2_qtl1_partial	0.2	0.8	20	1e-05	T_L04_B_IN_PF10	500	True	0.078	0.0	0.922	0.086	0.0	0.914	1.0	1.0	0.102	0.01	0.8	0.128	0.8	1.692	18.31	0.20369115621103975	0.09274296434324043	0.03	0.0	0.022								0.007999999999999993	0.078	0.086
S3_disease2_qtl1_partial	0.2	0.8	20	0.0001	T_L02_NK_PF10	500	True	0.282	0.0	0.718	0.104	0.0	0.896	1.0	1.0	0.104	0.01	0.762	0.122	0.762	0.494	8.25	0.4740727946850285	0.10367329904141978	0.004	0.0	0.182								-0.178	0.282	0.104
S3_disease2_qtl1_partial	0.2	0.8	20	0.0001	T_L04_B_IN_PF10	500	True	0.238	0.0	0.762	0.096	0.0	0.904	1.0	1.0	0.102	0.008	0.74	0.122	0.74	1.92	16.922	0.4341568103984038	0.0985997501575246	0.002	0.0	0.144								-0.142	0.238	0.096
S3_disease2_qtl1_partial	0.4	0.2	5	1e-06	T_L02_NK_PF10	500	True	0.748	0.034	0.218	0.848	0.05	0.102	1.0	1.0	0.978	0.958	0.974	1.0	0.974	13.116	15.518	0.7720738023155561	0.8185394464623491	0.11	0.008	0.002								0.09999999999999998	0.748	0.848
S3_disease2_qtl1_partial	0.4	0.2	5	1e-06	T_L04_B_IN_PF10	500	True	0.932	0.004	0.064	0.88	0.0	0.12	1.0	1.0	0.88	0.946	0.88	1.0	0.88	19.61	1.88	0.9476940632676647	0.8678509827849753	0.016	0.0	0.068								-0.052000000000000046	0.932	0.88
S3_disease2_qtl1_partial	0.4	0.2	5	1e-05	T_L02_NK_PF10	500	True	0.948	0.012	0.04	0.968	0.0	0.032	1.0	1.0	0.968	0.974	0.964	1.0	0.964	13.01	15.438	0.9468884761020067	0.9496460285581168	0.038	0.0	0.018								0.020000000000000018	0.948	0.968
S3_disease2_qtl1_partial	0.4	0.2	5	1e-05	T_L04_B_IN_PF10	500	True	0.986	0.004	0.01	0.896	0.0	0.104	1.0	1.0	0.896	0.952	0.896	1.0	0.896	19.7	1.806	0.989126831916015	0.8945675324430714	0.008	0.0	0.098								-0.08999999999999997	0.986	0.896
S3_disease2_qtl1_partial	0.4	0.2	5	0.0001	T_L02_NK_PF10	500	True	0.986	0.004	0.01	0.98	0.0	0.02	1.0	1.0	0.98	0.964	0.978	1.0	0.978	12.99	15.614	0.9878559890528354	0.9780497718027252	0.012	0.0	0.018								-0.006000000000000005	0.986	0.98
S3_disease2_qtl1_partial	0.4	0.2	5	0.0001	T_L04_B_IN_PF10	500	True	0.99	0.0	0.01	0.878	0.0	0.122	1.0	1.0	0.878	0.946	0.878	1.0	0.878	19.318	1.86	0.9943543636451074	0.8778660881923759	0.008	0.0	0.12								-0.11199999999999999	0.99	0.878
S3_disease2_qtl1_partial	0.4	0.2	10	1e-06	T_L02_NK_PF10	500	True	0.782	0.026	0.192	0.86	0.05	0.09	1.0	1.0	0.982	0.966	0.98	1.0	0.98	13.008	15.646	0.7896601342088333	0.8219326325549732	0.084	0.006	0.0								0.07799999999999996	0.782	0.86
S3_disease2_qtl1_partial	0.4	0.2	10	1e-06	T_L04_B_IN_PF10	500	True	0.946	0.008	0.046	0.894	0.002	0.104	1.0	1.0	0.896	0.95	0.894	1.0	0.894	19.908	2.01	0.9509509554232657	0.881908404250577	0.018	0.0	0.07								-0.051999999999999935	0.946	0.894
S3_disease2_qtl1_partial	0.4	0.2	10	1e-05	T_L02_NK_PF10	500	True	0.958	0.016	0.026	0.978	0.004	0.018	1.0	1.0	0.982	0.968	0.98	0.998	0.98	12.976	15.67	0.9490689326827637	0.9584258193460905	0.03	0.0	0.01								0.020000000000000018	0.958	0.978
S3_disease2_qtl1_partial	0.4	0.2	10	1e-05	T_L04_B_IN_PF10	500	True	0.988	0.0	0.012	0.898	0.0	0.102	1.0	1.0	0.898	0.954	0.896	1.0	0.896	19.714	1.84	0.9922493699258871	0.8967175134218064	0.0	0.0	0.09								-0.08999999999999997	0.988	0.898
S3_disease2_qtl1_partial	0.4	0.2	10	0.0001	T_L02_NK_PF10	500	True	0.986	0.004	0.01	0.982	0.0	0.018	1.0	1.0	0.982	0.962	0.98	1.0	0.98	12.774	15.716	0.9882372232180167	0.9799005262731868	0.014	0.0	0.018								-0.0040000000000000036	0.986	0.982
S3_disease2_qtl1_partial	0.4	0.2	10	0.0001	T_L04_B_IN_PF10	500	True	0.988	0.0	0.012	0.894	0.0	0.106	1.0	1.0	0.894	0.958	0.89	1.0	0.89	19.432	1.902	0.9925371843590379	0.8937912121623711	0.01	0.0	0.104								-0.09399999999999997	0.988	0.894
S3_disease2_qtl1_partial	0.4	0.2	20	1e-06	T_L02_NK_PF10	500	True	0.784	0.014	0.202	0.856	0.052	0.092	1.0	1.0	0.98	0.976	0.974	1.0	0.974	13.186	15.656	0.801855821059032	0.8210980343770257	0.09	0.014	0.004								0.07199999999999995	0.784	0.856
S3_disease2_qtl1_partial	0.4	0.2	20	1e-06	T_L04_B_IN_PF10	500	True	0.91	0.008	0.082	0.864	0.0	0.136	1.0	1.0	0.864	0.958	0.862	1.0	0.862	19.664	1.888	0.9334315492980092	0.851820726746585	0.022	0.0	0.068								-0.04600000000000004	0.91	0.864
S3_disease2_qtl1_partial	0.4	0.2	20	1e-05	T_L02_NK_PF10	500	True	0.964	0.01	0.026	0.986	0.0	0.014	1.0	1.0	0.986	0.97	0.986	1.0	0.986	13.064	15.752	0.9567450847206054	0.9667000079235843	0.03	0.0	0.008								0.02200000000000002	0.964	0.986
S3_disease2_qtl1_partial	0.4	0.2	20	1e-05	T_L04_B_IN_PF10	500	True	0.986	0.002	0.012	0.898	0.0	0.102	1.0	1.0	0.898	0.97	0.898	1.0	0.898	19.684	1.968	0.9881650338612443	0.896571298142537	0.006	0.0	0.094								-0.08799999999999997	0.986	0.898
S3_disease2_qtl1_partial	0.4	0.2	20	0.0001	T_L02_NK_PF10	500	True	0.99	0.002	0.008	0.984	0.0	0.016	1.0	1.0	0.984	0.984	0.984	1.0	0.984	12.896	15.664	0.9903543739817559	0.9819063432223818	0.01	0.0	0.016								-0.006000000000000005	0.99	0.984
S3_disease2_qtl1_partial	0.4	0.2	20	0.0001	T_L04_B_IN_PF10	500	True	0.992	0.002	0.006	0.882	0.0	0.118	1.0	1.0	0.882	0.948	0.882	1.0	0.882	19.41	1.922	0.9927943549783854	0.8818650880639657	0.006	0.0	0.116								-0.10999999999999999	0.992	0.882
S3_disease2_qtl1_partial	0.4	0.5	5	1e-06	T_L02_NK_PF10	500	True	0.208	0.43	0.362	0.346	0.33	0.324	1.0	1.0	0.798	0.408	0.802	0.432	0.802	6.066	2.98	0.29896098697980944	0.37410794182107526	0.172	0.002	0.032								0.13799999999999998	0.208	0.346
S3_disease2_qtl1_partial	0.4	0.5	5	1e-06	T_L04_B_IN_PF10	500	True	0.766	0.004	0.23	0.872	0.012	0.116	1.0	1.0	0.912	0.968	0.908	0.994	0.908	9.688	8.972	0.8184778808798314	0.869354637297364	0.138	0.0	0.032								0.10599999999999998	0.766	0.872
S3_disease2_qtl1_partial	0.4	0.5	5	1e-05	T_L02_NK_PF10	500	True	0.39	0.318	0.292	0.388	0.262	0.35	1.0	1.0	0.808	0.41	0.832	0.426	0.832	5.946	3.036	0.4937890721737115	0.45780069704246773	0.1	0.002	0.1								-0.0020000000000000018	0.39	0.388
S3_disease2_qtl1_partial	0.4	0.5	5	1e-05	T_L04_B_IN_PF10	500	True	0.904	0.0	0.096	0.914	0.0	0.086	1.0	1.0	0.916	0.978	0.884	1.0	0.884	9.748	10.046	0.9335417406624809	0.9077664991228828	0.074	0.0	0.064								0.010000000000000009	0.904	0.914
S3_disease2_qtl1_partial	0.4	0.5	5	0.0001	T_L02_NK_PF10	500	True	0.548	0.176	0.276	0.47	0.13	0.4	1.0	1.0	0.784	0.424	0.81	0.446	0.81	6.094	2.962	0.6695649183193559	0.5533297405011731	0.094	0.006	0.166								-0.07800000000000007	0.548	0.47
S3_disease2_qtl1_partial	0.4	0.5	5	0.0001	T_L04_B_IN_PF10	500	True	0.978	0.0	0.022	0.906	0.0	0.094	1.0	1.0	0.908	0.97	0.888	0.994	0.888	10.52	9.542	0.9863379324192095	0.906659381924974	0.01	0.0	0.082								-0.07199999999999995	0.978	0.906
S3_disease2_qtl1_partial	0.4	0.5	10	1e-06	T_L02_NK_PF10	500	True	0.196	0.46	0.344	0.326	0.362	0.312	1.0	1.0	0.802	0.378	0.828	0.406	0.828	5.832	2.882	0.2922370467077398	0.3628252907774514	0.158	0.0	0.028								0.13	0.196	0.326
S3_disease2_qtl1_partial	0.4	0.5	10	1e-06	T_L04_B_IN_PF10	500	True	0.738	0.004	0.258	0.854	0.016	0.13	1.0	1.0	0.916	0.97	0.89	0.996	0.89	10.112	9.398	0.8067566829933589	0.8636202846690988	0.148	0.0	0.032								0.11599999999999999	0.738	0.854
S3_disease2_qtl1_partial	0.4	0.5	10	1e-05	T_L02_NK_PF10	500	True	0.338	0.324	0.338	0.368	0.252	0.38	1.0	1.0	0.798	0.4	0.82	0.422	0.82	5.966	2.864	0.45889575456376197	0.44435256579804716	0.142	0.004	0.108								0.02999999999999997	0.338	0.368
S3_disease2_qtl1_partial	0.4	0.5	10	1e-05	T_L04_B_IN_PF10	500	True	0.898	0.0	0.102	0.904	0.0	0.096	1.0	1.0	0.908	0.98	0.894	0.998	0.894	10.074	9.058	0.9336686971714506	0.9003776477767585	0.074	0.0	0.068								0.006000000000000005	0.898	0.904
S3_disease2_qtl1_partial	0.4	0.5	10	0.0001	T_L02_NK_PF10	500	True	0.514	0.172	0.314	0.49	0.148	0.362	1.0	1.0	0.816	0.388	0.83	0.404	0.83	5.932	3.058	0.6525486235180245	0.5746613738684151	0.098	0.002	0.12								-0.02400000000000002	0.514	0.49
S3_disease2_qtl1_partial	0.4	0.5	10	0.0001	T_L04_B_IN_PF10	500	True	0.966	0.0	0.034	0.892	0.0	0.108	1.0	1.0	0.894	0.97	0.872	0.992	0.872	10.256	9.692	0.9806918777623703	0.8922702421677131	0.01	0.0	0.084								-0.07399999999999995	0.966	0.892
S3_disease2_qtl1_partial	0.4	0.5	20	1e-06	T_L02_NK_PF10	500	True	0.212	0.486	0.302	0.328	0.38	0.292	1.0	1.0	0.796	0.396	0.802	0.424	0.802	6.018	2.894	0.2923019222281029	0.3522524351124567	0.158	0.002	0.04								0.11600000000000002	0.212	0.328
S3_disease2_qtl1_partial	0.4	0.5	20	1e-06	T_L04_B_IN_PF10	500	True	0.758	0.0	0.242	0.846	0.022	0.132	1.0	1.0	0.904	0.978	0.882	0.992	0.882	9.564	9.972	0.8191670805491029	0.8521378945619239	0.142	0.002	0.052								0.08799999999999997	0.758	0.846
S3_disease2_qtl1_partial	0.4	0.5	20	1e-05	T_L02_NK_PF10	500	True	0.356	0.318	0.326	0.378	0.252	0.37	1.0	1.0	0.762	0.402	0.784	0.426	0.784	5.95	2.626	0.4600746494051405	0.4351711556721511	0.108	0.006	0.08								0.02200000000000002	0.356	0.378
S3_disease2_qtl1_partial	0.4	0.5	20	1e-05	T_L04_B_IN_PF10	500	True	0.918	0.0	0.082	0.908	0.0	0.092	1.0	1.0	0.914	0.982	0.894	0.996	0.894	10.068	9.066	0.9448973008446943	0.9043774866090002	0.054	0.0	0.064								-0.010000000000000009	0.918	0.908
S3_disease2_qtl1_partial	0.4	0.5	20	0.0001	T_L02_NK_PF10	500	True	0.538	0.194	0.268	0.504	0.15	0.346	1.0	1.0	0.832	0.398	0.858	0.414	0.858	5.922	2.958	0.6693623380382914	0.588670049301085	0.108	0.002	0.14								-0.03400000000000003	0.538	0.504
S3_disease2_qtl1_partial	0.4	0.5	20	0.0001	T_L04_B_IN_PF10	500	True	0.97	0.0	0.03	0.908	0.0	0.092	1.0	1.0	0.908	0.958	0.886	0.992	0.886	10.052	10.1	0.981863408448837	0.9072424455312517	0.016	0.0	0.078								-0.061999999999999944	0.97	0.908
S3_disease2_qtl1_partial	0.4	0.8	5	1e-06	T_L02_NK_PF10	500	True	0.19	0.0	0.81	0.288	0.0	0.712	1.0	1.0	0.334	0.102	0.926	0.35	0.926	1.99	8.732	0.30701293819220915	0.2941566260400557	0.098	0.0	0.0								0.09799999999999998	0.19	0.288
S3_disease2_qtl1_partial	0.4	0.8	5	1e-06	T_L04_B_IN_PF10	500	True	0.088	0.0	0.912	0.144	0.0	0.856	1.0	1.0	0.284	0.014	0.918	0.294	0.918	3.074	18.546	0.21652775289211174	0.20972028979555393	0.056	0.0	0.0								0.055999999999999994	0.088	0.144
S3_disease2_qtl1_partial	0.4	0.8	5	1e-05	T_L02_NK_PF10	500	True	0.374	0.0	0.626	0.328	0.0	0.672	1.0	1.0	0.338	0.112	0.936	0.352	0.936	2.164	8.536	0.5216084804102878	0.3282054935121871	0.02	0.0	0.066								-0.045999999999999985	0.374	0.328
S3_disease2_qtl1_partial	0.4	0.8	5	1e-05	T_L04_B_IN_PF10	500	True	0.262	0.0	0.738	0.25	0.0	0.75	1.0	1.0	0.272	0.028	0.91	0.282	0.91	2.966	18.236	0.43477577184410277	0.2556326032493505	0.04	0.0	0.052								-0.01200000000000001	0.262	0.25
S3_disease2_qtl1_partial	0.4	0.8	5	0.0001	T_L02_NK_PF10	500	True	0.616	0.0	0.384	0.328	0.0	0.672	1.0	1.0	0.334	0.09	0.942	0.338	0.942	1.916	8.524	0.7432058916418298	0.3300846327362382	0.002	0.0	0.29								-0.288	0.616	0.328
S3_disease2_qtl1_partial	0.4	0.8	5	0.0001	T_L04_B_IN_PF10	500	True	0.548	0.0	0.452	0.302	0.0	0.698	1.0	1.0	0.304	0.016	0.93	0.308	0.93	3.272	18.604	0.6998273968846725	0.30104447640291754	0.002	0.0	0.248								-0.24600000000000005	0.548	0.302
S3_disease2_qtl1_partial	0.4	0.8	10	1e-06	T_L02_NK_PF10	500	True	0.19	0.002	0.808	0.308	0.002	0.69	1.0	1.0	0.368	0.07	0.938	0.376	0.938	1.8	8.974	0.32101869730521776	0.3197063768109938	0.12	0.0	0.002								0.118	0.19	0.308
S3_disease2_qtl1_partial	0.4	0.8	10	1e-06	T_L04_B_IN_PF10	500	True	0.094	0.0	0.906	0.134	0.0	0.866	1.0	1.0	0.27	0.012	0.884	0.278	0.884	2.948	18.482	0.21961797652127676	0.19660004832238834	0.042	0.0	0.002								0.04000000000000001	0.094	0.134
S3_disease2_qtl1_partial	0.4	0.8	10	1e-05	T_L02_NK_PF10	500	True	0.356	0.002	0.642	0.328	0.002	0.67	1.0	1.0	0.356	0.086	0.916	0.366	0.916	2.05	8.734	0.5262470781358443	0.3351478362265759	0.03	0.0	0.058								-0.02799999999999997	0.356	0.328
S3_disease2_qtl1_partial	0.4	0.8	10	1e-05	T_L04_B_IN_PF10	500	True	0.276	0.0	0.724	0.284	0.0	0.716	1.0	1.0	0.298	0.01	0.916	0.304	0.916	3.37	18.476	0.44221031172628195	0.28012268527519335	0.046	0.0	0.038								0.007999999999999952	0.276	0.284
S3_disease2_qtl1_partial	0.4	0.8	10	0.0001	T_L02_NK_PF10	500	True	0.662	0.0	0.338	0.362	0.0	0.638	1.0	1.0	0.366	0.082	0.912	0.378	0.912	1.948	8.606	0.7769059253706787	0.3639843495224337	0.002	0.0	0.302								-0.30000000000000004	0.662	0.362
S3_disease2_qtl1_partial	0.4	0.8	10	0.0001	T_L04_B_IN_PF10	500	True	0.464	0.0	0.536	0.252	0.0	0.748	1.0	1.0	0.254	0.008	0.914	0.26	0.914	3.004	17.872	0.6450472214092032	0.2518374977494183	0.004	0.0	0.216								-0.21200000000000002	0.464	0.252
S3_disease2_qtl1_partial	0.4	0.8	20	1e-06	T_L02_NK_PF10	500	True	0.19	0.0	0.81	0.308	0.0	0.692	1.0	1.0	0.372	0.076	0.938	0.378	0.938	1.89	8.52	0.32107085080525405	0.3246683611618123	0.122	0.0	0.004								0.118	0.19	0.308
S3_disease2_qtl1_partial	0.4	0.8	20	1e-06	T_L04_B_IN_PF10	500	True	0.1	0.0	0.9	0.156	0.002	0.842	1.0	1.0	0.32	0.022	0.926	0.326	0.926	3.212	18.942	0.23227326891958955	0.2323028721761675	0.058	0.0	0.002								0.055999999999999994	0.1	0.156
S3_disease2_qtl1_partial	0.4	0.8	20	1e-05	T_L02_NK_PF10	500	True	0.344	0.0	0.656	0.308	0.0	0.692	1.0	1.0	0.318	0.086	0.93	0.326	0.93	1.836	8.502	0.5006482843076875	0.3097034351062415	0.032	0.0	0.068								-0.035999999999999976	0.344	0.308
S3_disease2_qtl1_partial	0.4	0.8	20	1e-05	T_L04_B_IN_PF10	500	True	0.256	0.0	0.744	0.284	0.0	0.716	1.0	1.0	0.306	0.014	0.92	0.302	0.92	3.526	18.62	0.41373980278062344	0.28105580705578825	0.058	0.0	0.03								0.02799999999999997	0.256	0.284
S3_disease2_qtl1_partial	0.4	0.8	20	0.0001	T_L02_NK_PF10	500	True	0.594	0.0	0.406	0.314	0.0	0.686	1.0	1.0	0.316	0.066	0.936	0.328	0.936	1.59	8.632	0.7336380212136512	0.3143988224742307	0.0	0.0	0.28								-0.27999999999999997	0.594	0.314
S3_disease2_qtl1_partial	0.4	0.8	20	0.0001	T_L04_B_IN_PF10	500	True	0.502	0.0	0.498	0.262	0.0	0.738	1.0	1.0	0.264	0.008	0.916	0.27	0.916	2.79	18.222	0.6705203700100294	0.2608824306193052	0.008	0.0	0.248								-0.24	0.502	0.262
S4_two_by_two_one_shared	0.05	0.2	5	1e-06	T_L02_NK_PF10	500	True	0.0	0.0	1.0	0.0	0.002	0.998	1.0	1.0	0.032	0.256	0.0	0.572	0.026	9.722	0.466	0.015740049559133544	0.012768747470113449	0.0	0.0	0.0								0.0	0.0	0.0
S4_two_by_two_one_shared	0.05	0.2	5	1e-06	T_L04_B_IN_PF10	500	True	0.0	0.0	1.0	0.014	0.0	0.986	1.0	1.0	0.018	0.5	0.008	0.626	0.026	12.902	0.462	0.006181720420489521	0.013471753004789104	0.014	0.0	0.0								0.014	0.0	0.014
S4_two_by_two_one_shared	0.05	0.2	5	1e-05	T_L02_NK_PF10	500	True	0.004	0.0	0.996	0.012	0.0	0.988	1.0	1.0	0.024	0.226	0.0	0.52	0.022	8.812	0.532	0.0719100831859107	0.013062866379765933	0.01	0.0	0.002								0.008	0.004	0.012
S4_two_by_two_one_shared	0.05	0.2	5	1e-05	T_L04_B_IN_PF10	500	True	0.004	0.0	0.996	0.016	0.0	0.984	1.0	1.0	0.024	0.488	0.006	0.624	0.024	12.816	0.476	0.03632636762995102	0.017195847865908335	0.012	0.0	0.0								0.012	0.004	0.016
S4_two_by_two_one_shared	0.05	0.2	5	0.0001	T_L02_NK_PF10	500	True	0.05	0.0	0.95	0.014	0.0	0.986	1.0	1.0	0.024	0.244	0.0	0.574	0.026	9.824	0.528	0.2948442104935039	0.018605991289762265	0.002	0.0	0.038								-0.036000000000000004	0.05	0.014
S4_two_by_two_one_shared	0.05	0.2	5	0.0001	T_L04_B_IN_PF10	500	True	0.022	0.0	0.978	0.01	0.002	0.988	1.0	1.0	0.014	0.508	0.008	0.654	0.02	13.234	0.34	0.13992189958063192	0.01063798567387698	0.006	0.0	0.018								-0.011999999999999999	0.022	0.01
S4_two_by_two_one_shared	0.05	0.2	10	1e-06	T_L02_NK_PF10	500	True	0.0	0.0	1.0	0.0	0.0	1.0	1.0	1.0	0.012	0.196	0.0	0.506	0.018	8.618	0.334	0.011846200238763625	0.005966735834514716	0.0	0.0	0.0								0.0	0.0	0.0
S4_two_by_two_one_shared	0.05	0.2	10	1e-06	T_L04_B_IN_PF10	500	True	0.0	0.0	1.0	0.004	0.0	0.996	1.0	1.0	0.012	0.49	0.004	0.64	0.028	12.382	0.298	0.008220808006879831	0.006586347371027326	0.004	0.0	0.0								0.004	0.0	0.004
S4_two_by_two_one_shared	0.05	0.2	10	1e-05	T_L02_NK_PF10	500	True	0.002	0.0	0.998	0.008	0.002	0.99	1.0	1.0	0.024	0.232	0.0	0.514	0.026	8.722	0.638	0.06668275724943479	0.009260812372937624	0.006	0.0	0.0								0.006	0.002	0.008
S4_two_by_two_one_shared	0.05	0.2	10	1e-05	T_L04_B_IN_PF10	500	True	0.004	0.0	0.996	0.028	0.0	0.972	1.0	1.0	0.03	0.514	0.006	0.66	0.042	13.176	0.504	0.037031747278447276	0.027088578702900157	0.024	0.0	0.0								0.024	0.004	0.028
S4_two_by_two_one_shared	0.05	0.2	10	0.0001	T_L02_NK_PF10	500	True	0.06	0.0	0.94	0.014	0.0	0.986	1.0	1.0	0.028	0.288	0.0	0.59	0.032	9.908	0.632	0.30088254084439053	0.019371963673593687	0.004	0.0	0.05								-0.046	0.06	0.014
S4_two_by_two_one_shared	0.05	0.2	10	0.0001	T_L04_B_IN_PF10	500	True	0.018	0.0	0.982	0.022	0.0	0.978	1.0	1.0	0.022	0.504	0.008	0.65	0.032	13.056	0.604	0.1649360016012621	0.02185956297519335	0.018	0.0	0.014								0.004	0.018	0.022
S4_two_by_two_one_shared	0.05	0.2	20	1e-06	T_L02_NK_PF10	500	True	0.002	0.0	0.998	0.002	0.002	0.996	1.0	1.0	0.014	0.27	0.0	0.576	0.018	9.622	0.322	0.011446888385475872	0.005299419744249192	0.0	0.0	0.0								0.0	0.002	0.002
S4_two_by_two_one_shared	0.05	0.2	20	1e-06	T_L04_B_IN_PF10	500	True	0.0	0.0	1.0	0.008	0.002	0.99	1.0	1.0	0.014	0.518	0.006	0.65	0.026	13.57	0.33	0.00705235789164181	0.01104756971012906	0.008	0.0	0.0								0.008	0.0	0.008
S4_two_by_two_one_shared	0.05	0.2	20	1e-05	T_L02_NK_PF10	500	True	0.004	0.0	0.996	0.01	0.0	0.99	1.0	1.0	0.024	0.236	0.0	0.57	0.024	9.678	0.512	0.0675407559825951	0.010834689591908545	0.006	0.0	0.0								0.006	0.004	0.01
S4_two_by_two_one_shared	0.05	0.2	20	1e-05	T_L04_B_IN_PF10	500	True	0.0	0.0	1.0	0.006	0.0	0.994	1.0	1.0	0.012	0.49	0.008	0.624	0.026	12.648	0.47	0.03781662268024404	0.006092571729714063	0.006	0.0	0.0								0.006	0.0	0.006
S4_two_by_two_one_shared	0.05	0.2	20	0.0001	T_L02_NK_PF10	500	True	0.072	0.0	0.928	0.012	0.0	0.988	1.0	1.0	0.02	0.248	0.0	0.524	0.018	8.864	0.37	0.2855126360395475	0.014676101368281375	0.004	0.0	0.064								-0.06	0.072	0.012
S4_two_by_two_one_shared	0.05	0.2	20	0.0001	T_L04_B_IN_PF10	500	True	0.028	0.0	0.972	0.012	0.0	0.988	1.0	1.0	0.012	0.472	0.002	0.588	0.022	11.862	0.274	0.15272552954367205	0.01191499885952312	0.008	0.0	0.024								-0.016	0.028	0.012
S4_two_by_two_one_shared	0.05	0.5	5	1e-06	T_L02_NK_PF10	500	True	0.0	0.0	1.0	0.0	0.0	1.0	1.0	1.0	0.0	0.002	0.0	0.022	0.0	1.116	0.05	0.002029286808081234	0.0	0.0	0.0	0.0								0.0	0.0	0.0
S4_two_by_two_one_shared	0.05	0.5	5	1e-06	T_L04_B_IN_PF10	500	True	0.0	0.0	1.0	0.0	0.0	1.0	1.0	1.0	0.0	0.04	0.0	0.06	0.0	1.25	0.188	0.00032565780605016523	0.0	0.0	0.0	0.0								0.0	0.0	0.0
S4_two_by_two_one_shared	0.05	0.5	5	1e-05	T_L02_NK_PF10	500	True	0.0	0.0	1.0	0.0	0.0	1.0	1.0	1.0	0.0	0.008	0.0	0.03	0.0	1.214	0.106	0.015043348566111198	0.0	0.0	0.0	0.0								0.0	0.0	0.0
S4_two_by_two_one_shared	0.05	0.5	5	1e-05	T_L04_B_IN_PF10	500	True	0.0	0.0	1.0	0.0	0.0	1.0	1.0	1.0	0.0	0.048	0.0	0.088	0.0	1.606	0.194	0.0038271978305382515	0.0	0.0	0.0	0.0								0.0	0.0	0.0
S4_two_by_two_one_shared	0.05	0.5	5	0.0001	T_L02_NK_PF10	500	True	0.01	0.0	0.99	0.0	0.0	1.0	1.0	1.0	0.0	0.008	0.0	0.038	0.002	1.27	0.16	0.0985797580620225	0.0	0.0	0.0	0.01								-0.01	0.01	0.0
S4_two_by_two_one_shared	0.05	0.5	5	0.0001	T_L04_B_IN_PF10	500	True	0.0	0.0	1.0	0.0	0.0	1.0	1.0	1.0	0.0	0.038	0.0	0.088	0.0	1.74	0.0	0.026301813789151553	0.0	0.0	0.0	0.0								0.0	0.0	0.0
S4_two_by_two_one_shared	0.05	0.5	10	1e-06	T_L02_NK_PF10	500	True	0.0	0.0	1.0	0.002	0.0	0.998	1.0	1.0	0.002	0.01	0.0	0.046	0.0	1.236	0.094	0.003978266912483872	0.001811422639777228	0.002	0.0	0.0								0.002	0.0	0.002
S4_two_by_two_one_shared	0.05	0.5	10	1e-06	T_L04_B_IN_PF10	500	True	0.0	0.0	1.0	0.0	0.0	1.0	1.0	1.0	0.0	0.066	0.0	0.096	0.006	2.094	0.38	0.0010304622143070858	0.0	0.0	0.0	0.0								0.0	0.0	0.0
S4_two_by_two_one_shared	0.05	0.5	10	1e-05	T_L02_NK_PF10	500	True	0.002	0.0	0.998	0.002	0.0	0.998	1.0	1.0	0.002	0.014	0.0	0.038	0.0	1.126	0.168	0.01856171254304415	0.001913651074854332	0.0	0.0	0.0								0.0	0.002	0.002
S4_two_by_two_one_shared	0.05	0.5	10	1e-05	T_L04_B_IN_PF10	500	True	0.0	0.0	1.0	0.002	0.0	0.998	1.0	1.0	0.004	0.052	0.0	0.102	0.002	1.526	0.072	0.004806880737876579	0.0020679307205342407	0.002	0.0	0.0								0.002	0.0	0.002
S4_two_by_two_one_shared	0.05	0.5	10	0.0001	T_L02_NK_PF10	500	True	0.012	0.0	0.988	0.0	0.0	1.0	1.0	1.0	0.0	0.004	0.0	0.032	0.0	1.246	0.032	0.09397431851921406	0.0	0.0	0.0	0.012								-0.012	0.012	0.0
S4_two_by_two_one_shared	0.05	0.5	10	0.0001	T_L04_B_IN_PF10	500	True	0.002	0.0	0.998	0.0	0.0	1.0	1.0	1.0	0.0	0.056	0.0	0.094	0.0	1.636	0.116	0.0285539622790124	0.0	0.0	0.0	0.002								-0.002	0.002	0.0
S4_two_by_two_one_shared	0.05	0.5	20	1e-06	T_L02_NK_PF10	500	True	0.0	0.0	1.0	0.0	0.0	1.0	1.0	1.0	0.0	0.008	0.0	0.036	0.0	1.366	0.0	0.0017275339799785025	0.0	0.0	0.0	0.0								0.0	0.0	0.0
S4_two_by_two_one_shared	0.05	0.5	20	1e-06	T_L04_B_IN_PF10	500	True	0.0	0.0	1.0	0.0	0.0	1.0	1.0	1.0	0.0	0.052	0.0	0.078	0.0	1.504	0.198	0.0004568696558499745	0.0	0.0	0.0	0.0								0.0	0.0	0.0
S4_two_by_two_one_shared	0.05	0.5	20	1e-05	T_L02_NK_PF10	500	True	0.002	0.0	0.998	0.0	0.0	1.0	1.0	1.0	0.0	0.008	0.0	0.034	0.0	0.742	0.136	0.015930767996464354	0.0	0.0	0.0	0.002								-0.002	0.002	0.0
S4_two_by_two_one_shared	0.05	0.5	20	1e-05	T_L04_B_IN_PF10	500	True	0.0	0.0	1.0	0.0	0.0	1.0	1.0	1.0	0.0	0.048	0.002	0.076	0.004	1.63	0.392	0.0033811209787513244	0.0	0.0	0.0	0.0								0.0	0.0	0.0
S4_two_by_two_one_shared	0.05	0.5	20	0.0001	T_L02_NK_PF10	500	True	0.012	0.0	0.988	0.0	0.0	1.0	1.0	1.0	0.0	0.016	0.0	0.038	0.0	1.418	0.05	0.10289346170500346	0.0	0.0	0.0	0.012								-0.012	0.012	0.0
S4_two_by_two_one_shared	0.05	0.5	20	0.0001	T_L04_B_IN_PF10	500	True	0.004	0.0	0.996	0.0	0.0	1.0	1.0	1.0	0.0	0.058	0.002	0.086	0.002	1.514	0.058	0.028265716227992677	0.0	0.0	0.0	0.004								-0.004	0.004	0.0
S4_two_by_two_one_shared	0.05	0.8	5	1e-06	T_L02_NK_PF10	500	True	0.0	0.0	1.0	0.0	0.0	1.0	1.0	1.0	0.0	0.006	0.002	0.01	0.002	0.14	0.068	0.0001066581754456832	0.0	0.0	0.0	0.0								0.0	0.0	0.0
S4_two_by_two_one_shared	0.05	0.8	5	1e-06	T_L04_B_IN_PF10	500	True	0.0	0.0	1.0	0.0	0.0	1.0	1.0	1.0	0.0	0.01	0.002	0.018	0.002	0.592	0.262	0.00013371811795104242	0.0	0.0	0.0	0.0								0.0	0.0	0.0
S4_two_by_two_one_shared	0.05	0.8	5	1e-05	T_L02_NK_PF10	500	True	0.0	0.0	1.0	0.0	0.0	1.0	1.0	1.0	0.0	0.0	0.0	0.006	0.0	0.144	0.0	0.000819713012398538	0.0	0.0	0.0	0.0								0.0	0.0	0.0
S4_two_by_two_one_shared	0.05	0.8	5	1e-05	T_L04_B_IN_PF10	500	True	0.0	0.0	1.0	0.0	0.0	1.0	1.0	1.0	0.0	0.004	0.002	0.008	0.002	0.228	0.156	0.000999106876971603	0.0	0.0	0.0	0.0								0.0	0.0	0.0
S4_two_by_two_one_shared	0.05	0.8	5	0.0001	T_L02_NK_PF10	500	True	0.0	0.0	1.0	0.0	0.0	1.0	1.0	1.0	0.0	0.0	0.0	0.012	0.0	0.082	0.116	0.008140701558094595	0.0	0.0	0.0	0.0								0.0	0.0	0.0
S4_two_by_two_one_shared	0.05	0.8	5	0.0001	T_L04_B_IN_PF10	500	True	0.0	0.0	1.0	0.0	0.0	1.0	1.0	1.0	0.0	0.004	0.0	0.014	0.0	0.398	0.104	0.009462603256104216	0.0	0.0	0.0	0.0								0.0	0.0	0.0
S4_two_by_two_one_shared	0.05	0.8	10	1e-06	T_L02_NK_PF10	500	True	0.0	0.0	1.0	0.0	0.0	1.0	1.0	1.0	0.0	0.0	0.002	0.006	0.002	0.018	0.074	7.229436362085196e-05	0.0	0.0	0.0	0.0								0.0	0.0	0.0
S4_two_by_two_one_shared	0.05	0.8	10	1e-06	T_L04_B_IN_PF10	500	True	0.0	0.0	1.0	0.0	0.0	1.0	1.0	1.0	0.0	0.006	0.002	0.018	0.002	0.456	0.048	0.00016275610299361365	0.0	0.0	0.0	0.0								0.0	0.0	0.0
S4_two_by_two_one_shared	0.05	0.8	10	1e-05	T_L02_NK_PF10	500	True	0.0	0.0	1.0	0.0	0.0	1.0	1.0	1.0	0.0	0.004	0.0	0.008	0.0	0.106	0.098	0.0007037754866660806	0.0	0.0	0.0	0.0								0.0	0.0	0.0
S4_two_by_two_one_shared	0.05	0.8	10	1e-05	T_L04_B_IN_PF10	500	True	0.0	0.0	1.0	0.0	0.0	1.0	1.0	1.0	0.0	0.0	0.002	0.01	0.002	0.472	0.152	0.0020081847996470223	0.0	0.0	0.0	0.0								0.0	0.0	0.0
S4_two_by_two_one_shared	0.05	0.8	10	0.0001	T_L02_NK_PF10	500	True	0.0	0.0	1.0	0.0	0.0	1.0	1.0	1.0	0.0	0.004	0.002	0.014	0.002	0.084	0.03	0.008535794252704334	0.0	0.0	0.0	0.0								0.0	0.0	0.0
S4_two_by_two_one_shared	0.05	0.8	10	0.0001	T_L04_B_IN_PF10	500	True	0.0	0.0	1.0	0.0	0.0	1.0	1.0	1.0	0.0	0.004	0.002	0.012	0.002	0.606	0.148	0.008396224435481743	0.0	0.0	0.0	0.0								0.0	0.0	0.0
S4_two_by_two_one_shared	0.05	0.8	20	1e-06	T_L02_NK_PF10	500	True	0.0	0.0	1.0	0.0	0.0	1.0	1.0	1.0	0.0	0.0	0.004	0.014	0.004	0.07	0.1	0.00012167676122415992	0.0	0.0	0.0	0.0								0.0	0.0	0.0
S4_two_by_two_one_shared	0.05	0.8	20	1e-06	T_L04_B_IN_PF10	500	True	0.0	0.0	1.0	0.0	0.0	1.0	1.0	1.0	0.0	0.0	0.0	0.008	0.0	0.14	0.024	8.431613936156825e-05	0.0	0.0	0.0	0.0								0.0	0.0	0.0
S4_two_by_two_one_shared	0.05	0.8	20	1e-05	T_L02_NK_PF10	500	True	0.0	0.0	1.0	0.0	0.0	1.0	1.0	1.0	0.0	0.0	0.004	0.01	0.004	0.05	0.126	0.0007923379856766379	0.0	0.0	0.0	0.0								0.0	0.0	0.0
S4_two_by_two_one_shared	0.05	0.8	20	1e-05	T_L04_B_IN_PF10	500	True	0.0	0.0	1.0	0.0	0.0	1.0	1.0	1.0	0.0	0.006	0.0	0.016	0.002	0.396	0.154	0.0008311240766303679	0.0	0.0	0.0	0.0								0.0	0.0	0.0
S4_two_by_two_one_shared	0.05	0.8	20	0.0001	T_L02_NK_PF10	500	True	0.0	0.0	1.0	0.0	0.0	1.0	1.0	1.0	0.0	0.006	0.0	0.016	0.0	0.254	0.0	0.008529622657144671	0.0	0.0	0.0	0.0								0.0	0.0	0.0
S4_two_by_two_one_shared	0.05	0.8	20	0.0001	T_L04_B_IN_PF10	500	True	0.0	0.0	1.0	0.0	0.0	1.0	1.0	1.0	0.0	0.004	0.002	0.012	0.002	0.382	0.102	0.007981888667519263	0.0	0.0	0.0	0.0								0.0	0.0	0.0
S4_two_by_two_one_shared	0.2	0.2	5	1e-06	T_L02_NK_PF10	500	True	0.048	0.076	0.876	0.044	0.106	0.85	1.0	1.0	0.314	0.946	0.002	1.0	0.118	14.31	2.932	0.22510218877282295	0.08480076110872173	0.018	0.008	0.014								-0.0040000000000000036	0.048	0.044
S4_two_by_two_one_shared	0.2	0.2	5	1e-06	T_L04_B_IN_PF10	500	True	0.142	0.01	0.848	0.454	0.01	0.536	1.0	1.0	0.492	0.966	0.31	1.0	0.49	20.14	8.9	0.310209664152698	0.46302589978278147	0.316	0.0	0.004								0.31200000000000006	0.142	0.454
S4_two_by_two_one_shared	0.2	0.2	5	1e-05	T_L02_NK_PF10	500	True	0.292	0.054	0.654	0.12	0.152	0.728	1.0	1.0	0.404	0.96	0.002	0.998	0.124	14.452	3.46	0.5272879558796865	0.14459268535160066	0.01	0.036	0.146								-0.172	0.292	0.12
S4_two_by_two_one_shared	0.2	0.2	5	1e-05	T_L04_B_IN_PF10	500	True	0.348	0.0	0.652	0.45	0.0	0.55	1.0	1.0	0.452	0.954	0.276	1.0	0.45	20.176	7.918	0.5766346031413285	0.4469790880805675	0.158	0.0	0.056								0.10200000000000004	0.348	0.45
S4_two_by_two_one_shared	0.2	0.2	5	0.0001	T_L02_NK_PF10	500	True	0.702	0.03	0.268	0.172	0.122	0.706	1.0	1.0	0.418	0.956	0.0	1.0	0.156	14.53	3.856	0.814221043074703	0.24757339430857517	0.002	0.038	0.494								-0.53	0.702	0.172
S4_two_by_two_one_shared	0.2	0.2	5	0.0001	T_L04_B_IN_PF10	500	True	0.736	0.0	0.264	0.478	0.002	0.52	1.0	1.0	0.48	0.96	0.278	1.0	0.478	20.438	8.09	0.8580452440901601	0.47760325294960737	0.044	0.0	0.302								-0.258	0.736	0.478
S4_two_by_two_one_shared	0.2	0.2	10	1e-06	T_L02_NK_PF10	500	True	0.048	0.1	0.852	0.036	0.15	0.814	1.0	1.0	0.36	0.972	0.002	0.996	0.14	14.44	3.224	0.22129971931468226	0.1000638075654034	0.012	0.004	0.02								-0.012000000000000004	0.048	0.036
S4_two_by_two_one_shared	0.2	0.2	10	1e-06	T_L04_B_IN_PF10	500	True	0.138	0.004	0.858	0.416	0.0	0.584	1.0	1.0	0.444	0.954	0.256	1.0	0.442	20.298	7.096	0.2962265300761817	0.4186580057883783	0.278	0.0	0.0								0.27799999999999997	0.138	0.416
S4_two_by_two_one_shared	0.2	0.2	10	1e-05	T_L02_NK_PF10	500	True	0.344	0.054	0.602	0.136	0.108	0.756	1.0	1.0	0.34	0.966	0.002	0.998	0.136	14.274	3.276	0.5522594100436281	0.1529099550755765	0.012	0.022	0.198								-0.20799999999999996	0.344	0.136
S4_two_by_two_one_shared	0.2	0.2	10	1e-05	T_L04_B_IN_PF10	500	True	0.346	0.004	0.65	0.446	0.0	0.554	1.0	1.0	0.45	0.972	0.252	1.0	0.45	20.306	7.424	0.5583575577019565	0.44389090748194393	0.164	0.0	0.064								0.10000000000000003	0.346	0.446
S4_two_by_two_one_shared	0.2	0.2	10	0.0001	T_L02_NK_PF10	500	True	0.678	0.018	0.304	0.154	0.116	0.73	1.0	1.0	0.368	0.968	0.004	0.996	0.14	14.308	3.614	0.8178843639314173	0.22166338248016812	0.0	0.048	0.476								-0.524	0.678	0.154
S4_two_by_two_one_shared	0.2	0.2	10	0.0001	T_L04_B_IN_PF10	500	True	0.714	0.0	0.286	0.49	0.0	0.51	1.0	1.0	0.49	0.954	0.28	1.0	0.488	20.29	8.386	0.8543442032398734	0.4892330098014454	0.056	0.0	0.28								-0.22399999999999998	0.714	0.49
S4_two_by_two_one_shared	0.2	0.2	20	1e-06	T_L02_NK_PF10	500	True	0.064	0.1	0.836	0.056	0.142	0.802	1.0	1.0	0.368	0.954	0.0	1.0	0.154	14.206	3.512	0.24308938728566643	0.11074857925291602	0.016	0.008	0.016								-0.008	0.064	0.056
S4_two_by_two_one_shared	0.2	0.2	20	1e-06	T_L04_B_IN_PF10	500	True	0.126	0.006	0.868	0.426	0.006	0.568	1.0	1.0	0.444	0.978	0.292	1.0	0.442	20.236	7.906	0.29514562710066977	0.42611705909819453	0.3	0.0	0.0								0.3	0.126	0.426
S4_two_by_two_one_shared	0.2	0.2	20	1e-05	T_L02_NK_PF10	500	True	0.29	0.054	0.656	0.124	0.132	0.744	1.0	1.0	0.346	0.976	0.0	0.996	0.126	14.394	3.116	0.5217029071919619	0.136544614158145	0.004	0.01	0.16								-0.16599999999999998	0.29	0.124
S4_two_by_two_one_shared	0.2	0.2	20	1e-05	T_L04_B_IN_PF10	500	True	0.382	0.006	0.612	0.484	0.0	0.516	1.0	1.0	0.488	0.98	0.29	1.0	0.488	20.526	8.284	0.5824716916935178	0.4838595385982044	0.154	0.0	0.052								0.10199999999999998	0.382	0.484
S4_two_by_two_one_shared	0.2	0.2	20	0.0001	T_L02_NK_PF10	500	True	0.684	0.026	0.29	0.18	0.13	0.69	1.0	1.0	0.406	0.96	0.002	1.0	0.162	14.308	3.598	0.8178083704638298	0.25307560776461113	0.002	0.048	0.458								-0.504	0.684	0.18
S4_two_by_two_one_shared	0.2	0.2	20	0.0001	T_L04_B_IN_PF10	500	True	0.704	0.002	0.294	0.43	0.0	0.57	1.0	1.0	0.43	0.986	0.266	1.0	0.428	20.214	7.616	0.8467298723169852	0.4294443200103217	0.05	0.0	0.324								-0.27399999999999997	0.704	0.43
S4_two_by_two_one_shared	0.2	0.5	5	1e-06	T_L02_NK_PF10	500	True	0.012	0.0	0.988	0.016	0.002	0.982	1.0	1.0	0.052	0.254	0.002	0.278	0.004	5.156	0.648	0.09659280085866445	0.02255425458888911	0.006	0.0	0.002								0.004	0.012	0.016
S4_two_by_two_one_shared	0.2	0.5	5	1e-06	T_L04_B_IN_PF10	500	True	0.002	0.0	0.998	0.016	0.002	0.982	1.0	1.0	0.03	0.868	0.006	0.9	0.022	12.26	0.604	0.0403211364459593	0.019287444337365876	0.014	0.0	0.0								0.014	0.002	0.016
S4_two_by_two_one_shared	0.2	0.5	5	1e-05	T_L02_NK_PF10	500	True	0.122	0.0	0.878	0.038	0.006	0.956	1.0	1.0	0.066	0.25	0.002	0.278	0.014	5.356	0.688	0.30716680540114033	0.04392419853955091	0.002	0.004	0.082								-0.08399999999999999	0.122	0.038
S4_two_by_two_one_shared	0.2	0.5	5	1e-05	T_L04_B_IN_PF10	500	True	0.03	0.0	0.97	0.026	0.002	0.972	1.0	1.0	0.032	0.884	0.014	0.92	0.026	12.22	0.604	0.13167246305490835	0.026341761186512415	0.014	0.0	0.018								-0.004	0.03	0.026
S4_two_by_two_one_shared	0.2	0.5	5	0.0001	T_L02_NK_PF10	500	True	0.4	0.0	0.6	0.028	0.0	0.972	1.0	1.0	0.034	0.274	0.0	0.306	0.012	5.612	0.374	0.657351750095956	0.030175726773642043	0.002	0.0	0.374								-0.372	0.4	0.028
S4_two_by_two_one_shared	0.2	0.5	5	0.0001	T_L04_B_IN_PF10	500	True	0.178	0.0	0.822	0.03	0.0	0.97	1.0	1.0	0.032	0.83	0.012	0.874	0.03	11.446	0.75	0.38085993512031324	0.03080683395083684	0.006	0.0	0.154								-0.148	0.178	0.03
S4_two_by_two_one_shared	0.2	0.5	10	1e-06	T_L02_NK_PF10	500	True	0.01	0.002	0.988	0.006	0.002	0.992	1.0	1.0	0.034	0.31	0.0	0.338	0.0	5.458	0.362	0.08820849407941729	0.011424337439441176	0.0	0.0	0.004								-0.004	0.01	0.006
S4_two_by_two_one_shared	0.2	0.5	10	1e-06	T_L04_B_IN_PF10	500	True	0.0	0.0	1.0	0.014	0.002	0.984	1.0	1.0	0.022	0.864	0.006	0.9	0.014	11.776	0.528	0.03652237271740202	0.013849450307157219	0.014	0.0	0.0								0.014	0.0	0.014
S4_two_by_two_one_shared	0.2	0.5	10	1e-05	T_L02_NK_PF10	500	True	0.108	0.0	0.892	0.024	0.002	0.974	1.0	1.0	0.046	0.262	0.002	0.298	0.006	5.484	0.604	0.32913379360251643	0.03235645734511679	0.002	0.002	0.084								-0.08399999999999999	0.108	0.024
S4_two_by_two_one_shared	0.2	0.5	10	1e-05	T_L04_B_IN_PF10	500	True	0.032	0.0	0.968	0.026	0.0	0.974	1.0	1.0	0.032	0.868	0.01	0.91	0.03	12.274	0.55	0.12921282956863173	0.028274412707276445	0.01	0.0	0.016								-0.006000000000000002	0.032	0.026
S4_two_by_two_one_shared	0.2	0.5	10	0.0001	T_L02_NK_PF10	500	True	0.406	0.0	0.594	0.03	0.0	0.97	1.0	1.0	0.038	0.264	0.0	0.31	0.008	5.59	0.404	0.6663920489137376	0.03363969575023735	0.0	0.0	0.376								-0.376	0.406	0.03
S4_two_by_two_one_shared	0.2	0.5	10	0.0001	T_L04_B_IN_PF10	500	True	0.154	0.0	0.846	0.014	0.0	0.986	1.0	1.0	0.016	0.884	0.006	0.918	0.018	11.866	0.364	0.36199941045376793	0.015469613781925191	0.0	0.0	0.14								-0.13999999999999999	0.154	0.014
S4_two_by_two_one_shared	0.2	0.5	20	1e-06	T_L02_NK_PF10	500	True	0.024	0.0	0.976	0.018	0.0	0.982	1.0	1.0	0.054	0.266	0.0	0.298	0.012	5.312	0.51	0.09436375631440548	0.02677368666844712	0.004	0.0	0.01								-0.006000000000000002	0.024	0.018
S4_two_by_two_one_shared	0.2	0.5	20	1e-06	T_L04_B_IN_PF10	500	True	0.01	0.0	0.99	0.022	0.002	0.976	1.0	1.0	0.026	0.892	0.004	0.924	0.024	11.898	0.332	0.04038452389309086	0.020858524829391052	0.012	0.0	0.0								0.011999999999999999	0.01	0.022
S4_two_by_two_one_shared	0.2	0.5	20	1e-05	T_L02_NK_PF10	500	True	0.118	0.0	0.882	0.012	0.002	0.986	1.0	1.0	0.026	0.286	0.0	0.318	0.01	5.268	0.272	0.3235871111629966	0.01392708031512812	0.0	0.0	0.106								-0.106	0.118	0.012
S4_two_by_two_one_shared	0.2	0.5	20	1e-05	T_L04_B_IN_PF10	500	True	0.036	0.0	0.964	0.024	0.0	0.976	1.0	1.0	0.028	0.854	0.004	0.892	0.032	12.21	0.572	0.13932087337583612	0.02467343408777622	0.012	0.0	0.024								-0.011999999999999997	0.036	0.024
S4_two_by_two_one_shared	0.2	0.5	20	0.0001	T_L02_NK_PF10	500	True	0.404	0.0	0.596	0.032	0.004	0.964	1.0	1.0	0.036	0.284	0.004	0.322	0.014	5.61	0.392	0.6596543170024277	0.0325930600624076	0.0	0.002	0.37								-0.372	0.404	0.032
S4_two_by_two_one_shared	0.2	0.5	20	0.0001	T_L04_B_IN_PF10	500	True	0.158	0.0	0.842	0.022	0.0	0.978	1.0	1.0	0.024	0.854	0.008	0.9	0.022	11.794	0.432	0.36303035782405085	0.02314679013315673	0.004	0.0	0.14								-0.136	0.158	0.022
S4_two_by_two_one_shared	0.2	0.8	5	1e-06	T_L02_NK_PF10	500	True	0.0	0.0	1.0	0.0	0.0	1.0	1.0	1.0	0.0	0.012	0.0	0.114	0.0	0.494	0.024	0.0012828518942551573	0.0	0.0	0.0	0.0								0.0	0.0	0.0
S4_two_by_two_one_shared	0.2	0.8	5	1e-06	T_L04_B_IN_PF10	500	True	0.0	0.0	1.0	0.0	0.0	1.0	1.0	1.0	0.0	0.008	0.004	0.132	0.006	2.19	0.146	0.0011453225248155602	0.0	0.0	0.0	0.0								0.0	0.0	0.0
S4_two_by_two_one_shared	0.2	0.8	5	1e-05	T_L02_NK_PF10	500	True	0.0	0.0	1.0	0.0	0.0	1.0	1.0	1.0	0.0	0.012	0.0	0.126	0.004	0.48	0.054	0.009104028217549371	0.0	0.0	0.0	0.0								0.0	0.0	0.0
S4_two_by_two_one_shared	0.2	0.8	5	1e-05	T_L04_B_IN_PF10	500	True	0.0	0.0	1.0	0.0	0.0	1.0	1.0	1.0	0.0	0.004	0.004	0.152	0.006	2.096	0.272	0.011786072180904711	0.0	0.0	0.0	0.0								0.0	0.0	0.0
S4_two_by_two_one_shared	0.2	0.8	5	0.0001	T_L02_NK_PF10	500	True	0.012	0.0	0.988	0.0	0.0	1.0	1.0	1.0	0.0	0.004	0.006	0.126	0.006	0.44	0.06	0.05484840726117031	0.0	0.0	0.0	0.012								-0.012	0.012	0.0
S4_two_by_two_one_shared	0.2	0.8	5	0.0001	T_L04_B_IN_PF10	500	True	0.008	0.0	0.992	0.0	0.0	1.0	1.0	1.0	0.0	0.004	0.004	0.116	0.004	1.55	0.182	0.043537103484366076	0.0	0.0	0.0	0.008								-0.008	0.008	0.0
S4_two_by_two_one_shared	0.2	0.8	10	1e-06	T_L02_NK_PF10	500	True	0.0	0.0	1.0	0.0	0.0	1.0	1.0	1.0	0.0	0.008	0.002	0.114	0.002	0.466	0.036	0.002360722912004811	0.0	0.0	0.0	0.0								0.0	0.0	0.0
S4_two_by_two_one_shared	0.2	0.8	10	1e-06	T_L04_B_IN_PF10	500	True	0.0	0.0	1.0	0.002	0.0	0.998	1.0	1.0	0.004	0.006	0.002	0.148	0.006	2.08	0.228	0.003606010746650533	0.002489260988767262	0.002	0.0	0.0								0.002	0.0	0.002
S4_two_by_two_one_shared	0.2	0.8	10	1e-05	T_L02_NK_PF10	500	True	0.0	0.0	1.0	0.0	0.0	1.0	1.0	1.0	0.0	0.022	0.004	0.138	0.006	0.646	0.056	0.015887902658271762	0.0	0.0	0.0	0.0								0.0	0.0	0.0
S4_two_by_two_one_shared	0.2	0.8	10	1e-05	T_L04_B_IN_PF10	500	True	0.0	0.0	1.0	0.0	0.0	1.0	1.0	1.0	0.0	0.01	0.0	0.11	0.002	1.72	0.082	0.0047924069015232995	0.0	0.0	0.0	0.0								0.0	0.0	0.0
S4_two_by_two_one_shared	0.2	0.8	10	0.0001	T_L02_NK_PF10	500	True	0.004	0.0	0.996	0.0	0.0	1.0	1.0	1.0	0.0	0.014	0.004	0.158	0.004	0.706	0.08	0.05496387229364358	0.0	0.0	0.0	0.004								-0.004	0.004	0.0
S4_two_by_two_one_shared	0.2	0.8	10	0.0001	T_L04_B_IN_PF10	500	True	0.01	0.0	0.99	0.0	0.0	1.0	1.0	1.0	0.0	0.01	0.002	0.148	0.002	2.042	0.192	0.05141439551720747	0.0	0.0	0.0	0.01								-0.01	0.01	0.0
S4_two_by_two_one_shared	0.2	0.8	20	1e-06	T_L02_NK_PF10	500	True	0.0	0.0	1.0	0.0	0.0	1.0	1.0	1.0	0.0	0.024	0.002	0.148	0.006	0.7	0.068	0.002956650269775331	0.0	0.0	0.0	0.0								0.0	0.0	0.0
S4_two_by_two_one_shared	0.2	0.8	20	1e-06	T_L04_B_IN_PF10	500	True	0.0	0.0	1.0	0.0	0.0	1.0	1.0	1.0	0.0	0.006	0.004	0.126	0.006	1.93	0.152	0.0007508866516119486	0.0	0.0	0.0	0.0								0.0	0.0	0.0
S4_two_by_two_one_shared	0.2	0.8	20	1e-05	T_L02_NK_PF10	500	True	0.002	0.0	0.998	0.0	0.0	1.0	1.0	1.0	0.0	0.018	0.0	0.152	0.002	0.644	0.046	0.014948493423419815	0.0	0.0	0.0	0.002								-0.002	0.002	0.0
S4_two_by_two_one_shared	0.2	0.8	20	1e-05	T_L04_B_IN_PF10	500	True	0.0	0.0	1.0	0.0	0.0	1.0	1.0	1.0	0.0	0.004	0.002	0.146	0.002	2.136	0.044	0.007383022533307658	0.0	0.0	0.0	0.0								0.0	0.0	0.0
S4_two_by_two_one_shared	0.2	0.8	20	0.0001	T_L02_NK_PF10	500	True	0.01	0.0	0.99	0.0	0.0	1.0	1.0	1.0	0.0	0.01	0.004	0.144	0.004	0.564	0.05	0.05209276925188347	0.0	0.0	0.0	0.01								-0.01	0.01	0.0
S4_two_by_two_one_shared	0.2	0.8	20	0.0001	T_L04_B_IN_PF10	500	True	0.006	0.0	0.994	0.002	0.0	0.998	1.0	1.0	0.002	0.004	0.002	0.16	0.004	2.356	0.152	0.051715704358877346	0.001955240951708932	0.0	0.0	0.004								-0.004	0.006	0.002
S4_two_by_two_one_shared	0.4	0.2	5	1e-06	T_L02_NK_PF10	500	True	0.108	0.298	0.594	0.106	0.346	0.548	1.0	1.0	0.68	0.968	0.006	1.0	0.258	12.958	6.178	0.2936489651050683	0.18797409495801337	0.024	0.014	0.012								-0.0020000000000000018	0.108	0.106
S4_two_by_two_one_shared	0.4	0.2	5	1e-06	T_L04_B_IN_PF10	500	True	0.39	0.01	0.6	0.768	0.008	0.224	1.0	1.0	0.79	0.96	0.568	1.0	0.79	19.748	14.582	0.5525683062103133	0.7684191527273031	0.38	0.0	0.002								0.378	0.39	0.768
S4_two_by_two_one_shared	0.4	0.2	5	1e-05	T_L02_NK_PF10	500	True	0.4	0.188	0.412	0.234	0.322	0.444	1.0	1.0	0.682	0.968	0.004	1.0	0.234	12.968	5.778	0.564376362673976	0.2560303902173294	0.02	0.034	0.152								-0.166	0.4	0.234
S4_two_by_two_one_shared	0.4	0.2	5	1e-05	T_L04_B_IN_PF10	500	True	0.618	0.004	0.378	0.722	0.0	0.278	1.0	1.0	0.722	0.966	0.522	1.0	0.718	19.532	13.138	0.7608349792217525	0.7192255484763203	0.142	0.0	0.038								0.10399999999999998	0.618	0.722
S4_two_by_two_one_shared	0.4	0.2	5	0.0001	T_L02_NK_PF10	500	True	0.674	0.086	0.24	0.26	0.296	0.444	1.0	1.0	0.672	0.966	0.002	1.0	0.23	12.702	5.76	0.7731429207995005	0.3686110848620574	0.004	0.078	0.34								-0.41400000000000003	0.674	0.26
S4_two_by_two_one_shared	0.4	0.2	5	0.0001	T_L04_B_IN_PF10	500	True	0.878	0.002	0.12	0.786	0.0	0.214	1.0	1.0	0.786	0.946	0.644	1.0	0.786	19.612	15.838	0.928205446317857	0.7855610436696068	0.06	0.0	0.152								-0.09199999999999997	0.878	0.786
S4_two_by_two_one_shared	0.4	0.2	10	1e-06	T_L02_NK_PF10	500	True	0.116	0.342	0.542	0.098	0.358	0.544	1.0	1.0	0.69	0.962	0.002	1.0	0.256	13.128	6.118	0.293486025356007	0.1828057655292074	0.02	0.016	0.022								-0.018000000000000002	0.116	0.098
S4_two_by_two_one_shared	0.4	0.2	10	1e-06	T_L04_B_IN_PF10	500	True	0.384	0.014	0.602	0.726	0.0	0.274	1.0	1.0	0.738	0.958	0.614	1.0	0.738	19.646	15.11	0.5435414811312144	0.7219110796477162	0.344	0.0	0.002								0.34199999999999997	0.384	0.726
S4_two_by_two_one_shared	0.4	0.2	10	1e-05	T_L02_NK_PF10	500	True	0.378	0.208	0.414	0.21	0.334	0.456	1.0	1.0	0.66	0.984	0.004	1.0	0.212	13.052	5.516	0.5462148100254567	0.22807105744121217	0.016	0.038	0.146								-0.168	0.378	0.21
S4_two_by_two_one_shared	0.4	0.2	10	1e-05	T_L04_B_IN_PF10	500	True	0.624	0.008	0.368	0.756	0.0	0.244	1.0	1.0	0.758	0.972	0.588	1.0	0.754	19.398	14.798	0.7601534606660082	0.754421613559649	0.16	0.0	0.028								0.132	0.624	0.756
S4_two_by_two_one_shared	0.4	0.2	10	0.0001	T_L02_NK_PF10	500	True	0.656	0.108	0.236	0.232	0.29	0.478	1.0	1.0	0.64	0.97	0.006	1.0	0.208	12.982	5.302	0.7620712606459941	0.332612069359365	0.012	0.078	0.358								-0.42400000000000004	0.656	0.232
S4_two_by_two_one_shared	0.4	0.2	10	0.0001	T_L04_B_IN_PF10	500	True	0.888	0.004	0.108	0.796	0.0	0.204	1.0	1.0	0.796	0.956	0.634	1.0	0.794	19.538	15.912	0.929142506213001	0.7956034361309096	0.054	0.0	0.146								-0.09199999999999997	0.888	0.796
S4_two_by_two_one_shared	0.4	0.2	20	1e-06	T_L02_NK_PF10	500	True	0.09	0.286	0.624	0.068	0.334	0.598	1.0	1.0	0.658	0.964	0.0	1.0	0.224	13.058	5.556	0.2926060823908215	0.1600843081764795	0.018	0.018	0.022								-0.021999999999999992	0.09	0.068
S4_two_by_two_one_shared	0.4	0.2	20	1e-06	T_L04_B_IN_PF10	500	True	0.39	0.012	0.598	0.76	0.004	0.236	1.0	1.0	0.774	0.962	0.602	1.0	0.774	19.506	15.196	0.5527153661727725	0.7578523367280869	0.372	0.0	0.002								0.37	0.39	0.76
S4_two_by_two_one_shared	0.4	0.2	20	1e-05	T_L02_NK_PF10	500	True	0.4	0.204	0.396	0.26	0.336	0.404	1.0	1.0	0.712	0.966	0.0	0.996	0.266	13.102	6.28	0.5483198956353762	0.2803860583658736	0.028	0.03	0.138								-0.14	0.4	0.26
S4_two_by_two_one_shared	0.4	0.2	20	1e-05	T_L04_B_IN_PF10	500	True	0.666	0.002	0.332	0.79	0.0	0.21	1.0	1.0	0.794	0.97	0.656	1.0	0.794	19.452	16.17	0.7843974149164493	0.7909572982621125	0.148	0.0	0.024								0.124	0.666	0.79
S4_two_by_two_one_shared	0.4	0.2	20	0.0001	T_L02_NK_PF10	500	True	0.668	0.112	0.22	0.244	0.302	0.454	1.0	1.0	0.662	0.966	0.002	1.0	0.218	13.114	5.518	0.768778595017543	0.35277926011405913	0.004	0.076	0.352								-0.42400000000000004	0.668	0.244
S4_two_by_two_one_shared	0.4	0.2	20	0.0001	T_L04_B_IN_PF10	500	True	0.886	0.004	0.11	0.804	0.0	0.196	1.0	1.0	0.804	0.962	0.62	1.0	0.804	19.364	15.634	0.9253885483056677	0.8035625597455254	0.056	0.0	0.138								-0.08199999999999996	0.886	0.804
S4_two_by_two_one_shared	0.4	0.5	5	1e-06	T_L02_NK_PF10	500	True	0.1	0.002	0.898	0.034	0.022	0.944	1.0	1.0	0.128	0.394	0.01	0.416	0.022	5.916	1.206	0.2471962221780793	0.04802601780978412	0.012	0.01	0.068								-0.066	0.1	0.034
S4_two_by_two_one_shared	0.4	0.5	5	1e-06	T_L04_B_IN_PF10	500	True	0.042	0.0	0.958	0.07	0.004	0.926	1.0	1.0	0.08	0.974	0.028	0.998	0.07	10.058	1.066	0.12472576803350278	0.06831562876086278	0.034	0.0	0.006								0.028000000000000004	0.042	0.07
S4_two_by_two_one_shared	0.4	0.5	5	1e-05	T_L02_NK_PF10	500	True	0.276	0.0	0.724	0.068	0.01	0.922	1.0	1.0	0.104	0.412	0.01	0.428	0.028	5.842	0.978	0.5097629202223596	0.07728643310952181	0.002	0.008	0.202								-0.20800000000000002	0.276	0.068
S4_two_by_two_one_shared	0.4	0.5	5	1e-05	T_L04_B_IN_PF10	500	True	0.124	0.0	0.876	0.058	0.0	0.942	1.0	1.0	0.066	0.966	0.028	0.996	0.058	9.842	0.978	0.32381431495499113	0.060007335315163446	0.014	0.0	0.08								-0.066	0.124	0.058
S4_two_by_two_one_shared	0.4	0.5	5	0.0001	T_L02_NK_PF10	500	True	0.652	0.0	0.348	0.058	0.014	0.928	1.0	1.0	0.088	0.384	0.012	0.394	0.022	5.746	0.788	0.8148670165336843	0.07329632775674583	0.0	0.014	0.58								-0.594	0.652	0.058
S4_two_by_two_one_shared	0.4	0.5	5	0.0001	T_L04_B_IN_PF10	500	True	0.454	0.0	0.546	0.082	0.0	0.918	1.0	1.0	0.082	0.968	0.052	1.0	0.082	9.962	1.252	0.6606505445869195	0.08183870674008671	0.002	0.0	0.374								-0.372	0.454	0.082
S4_two_by_two_one_shared	0.4	0.5	10	1e-06	T_L02_NK_PF10	500	True	0.08	0.0	0.92	0.038	0.024	0.938	1.0	1.0	0.118	0.43	0.012	0.448	0.026	6.136	1.08	0.2385895070341944	0.05139894674880632	0.008	0.008	0.042								-0.042	0.08	0.038
S4_two_by_two_one_shared	0.4	0.5	10	1e-06	T_L04_B_IN_PF10	500	True	0.028	0.0	0.972	0.078	0.0	0.922	1.0	1.0	0.08	0.974	0.052	0.998	0.078	10.098	1.32	0.136316474454307	0.07655832144460564	0.052	0.0	0.002								0.05	0.028	0.078
S4_two_by_two_one_shared	0.4	0.5	10	1e-05	T_L02_NK_PF10	500	True	0.256	0.0	0.744	0.04	0.016	0.944	1.0	1.0	0.088	0.41	0.014	0.43	0.038	5.818	0.794	0.5023031670277767	0.051457570556185536	0.002	0.014	0.204								-0.216	0.256	0.04
S4_two_by_two_one_shared	0.4	0.5	10	1e-05	T_L04_B_IN_PF10	500	True	0.156	0.0	0.844	0.056	0.0	0.944	1.0	1.0	0.066	0.972	0.034	0.998	0.056	9.936	1.09	0.3325144920219044	0.05806056743570134	0.006	0.0	0.106								-0.1	0.156	0.056
S4_two_by_two_one_shared	0.4	0.5	10	0.0001	T_L02_NK_PF10	500	True	0.67	0.0	0.33	0.11	0.01	0.88	1.0	1.0	0.156	0.416	0.012	0.434	0.032	5.894	1.534	0.8238927821608673	0.12986171766580645	0.002	0.008	0.554								-0.56	0.67	0.11
S4_two_by_two_one_shared	0.4	0.5	10	0.0001	T_L04_B_IN_PF10	500	True	0.406	0.0	0.594	0.06	0.0	0.94	1.0	1.0	0.064	0.96	0.026	0.994	0.056	10.362	0.956	0.6349760394412327	0.061964666495113334	0.002	0.0	0.348								-0.34600000000000003	0.406	0.06
S4_two_by_two_one_shared	0.4	0.5	20	1e-06	T_L02_NK_PF10	500	True	0.086	0.004	0.91	0.05	0.016	0.934	1.0	1.0	0.124	0.416	0.01	0.436	0.024	6.134	1.126	0.26317166222782523	0.07260778861372484	0.008	0.002	0.042								-0.03599999999999999	0.086	0.05
S4_two_by_two_one_shared	0.4	0.5	20	1e-06	T_L04_B_IN_PF10	500	True	0.044	0.0	0.956	0.07	0.002	0.928	1.0	1.0	0.076	0.964	0.034	0.994	0.072	10.418	1.03	0.1270444527759599	0.06937523693791732	0.04	0.0	0.014								0.02600000000000001	0.044	0.07
S4_two_by_two_one_shared	0.4	0.5	20	1e-05	T_L02_NK_PF10	500	True	0.258	0.002	0.74	0.056	0.02	0.924	1.0	1.0	0.106	0.402	0.012	0.436	0.032	5.988	0.958	0.490700511293616	0.06856883977271215	0.004	0.012	0.194								-0.202	0.258	0.056
S4_two_by_two_one_shared	0.4	0.5	20	1e-05	T_L04_B_IN_PF10	500	True	0.148	0.0	0.852	0.066	0.0	0.934	1.0	1.0	0.066	0.974	0.038	0.992	0.068	9.902	1.092	0.34094402187970296	0.06570809281127621	0.016	0.0	0.098								-0.08199999999999999	0.148	0.066
S4_two_by_two_one_shared	0.4	0.5	20	0.0001	T_L02_NK_PF10	500	True	0.654	0.0	0.346	0.098	0.004	0.898	1.0	1.0	0.12	0.402	0.008	0.432	0.028	5.936	1.036	0.8210873110109134	0.10507691202015479	0.004	0.004	0.556								-0.556	0.654	0.098
S4_two_by_two_one_shared	0.4	0.5	20	0.0001	T_L04_B_IN_PF10	500	True	0.398	0.0	0.602	0.068	0.004	0.928	1.0	1.0	0.078	0.964	0.028	0.988	0.064	9.282	1.518	0.6219936355247023	0.07340435140168027	0.01	0.002	0.338								-0.33	0.398	0.068
S4_two_by_two_one_shared	0.4	0.8	5	1e-06	T_L02_NK_PF10	500	True	0.0	0.0	1.0	0.0	0.0	1.0	1.0	1.0	0.0	0.082	0.004	0.352	0.01	1.838	0.074	0.008044954725987695	0.0	0.0	0.0	0.0								0.0	0.0	0.0
S4_two_by_two_one_shared	0.4	0.8	5	1e-06	T_L04_B_IN_PF10	500	True	0.0	0.0	1.0	0.0	0.0	1.0	1.0	1.0	0.0	0.012	0.008	0.3	0.012	3.036	0.226	0.007398180903809625	0.0	0.0	0.0	0.0								0.0	0.0	0.0
S4_two_by_two_one_shared	0.4	0.8	5	1e-05	T_L02_NK_PF10	500	True	0.006	0.0	0.994	0.0	0.0	1.0	1.0	1.0	0.0	0.058	0.002	0.32	0.004	1.542	0.05	0.03547780065283075	0.0	0.0	0.0	0.006								-0.006	0.006	0.0
S4_two_by_two_one_shared	0.4	0.8	5	1e-05	T_L04_B_IN_PF10	500	True	0.006	0.0	0.994	0.006	0.0	0.994	1.0	1.0	0.006	0.01	0.012	0.258	0.014	2.9	0.296	0.02427895894256705	0.0055720274219297535	0.0	0.0	0.0								0.0	0.006	0.006
S4_two_by_two_one_shared	0.4	0.8	5	0.0001	T_L02_NK_PF10	500	True	0.044	0.0	0.956	0.002	0.0	0.998	1.0	1.0	0.002	0.074	0.002	0.37	0.002	1.816	0.028	0.13930390391798272	0.001993537711072434	0.0	0.0	0.042								-0.041999999999999996	0.044	0.002
S4_two_by_two_one_shared	0.4	0.8	5	0.0001	T_L04_B_IN_PF10	500	True	0.022	0.0	0.978	0.002	0.0	0.998	1.0	1.0	0.002	0.016	0.004	0.288	0.008	3.162	0.148	0.10600196862712902	0.0019876141312328943	0.0	0.0	0.02								-0.019999999999999997	0.022	0.002
S4_two_by_two_one_shared	0.4	0.8	10	1e-06	T_L02_NK_PF10	500	True	0.0	0.0	1.0	0.0	0.0	1.0	1.0	1.0	0.002	0.074	0.004	0.32	0.006	1.752	0.054	0.0069912604568785446	0.001432902023935442	0.0	0.0	0.0								0.0	0.0	0.0
S4_two_by_two_one_shared	0.4	0.8	10	1e-06	T_L04_B_IN_PF10	500	True	0.0	0.0	1.0	0.0	0.0	1.0	1.0	1.0	0.0	0.008	0.004	0.304	0.004	2.878	0.11	0.0038010450118892993	0.0	0.0	0.0	0.0								0.0	0.0	0.0
S4_two_by_two_one_shared	0.4	0.8	10	1e-05	T_L02_NK_PF10	500	True	0.008	0.0	0.992	0.002	0.0	0.998	1.0	1.0	0.002	0.082	0.004	0.372	0.006	1.908	0.062	0.04779172325012308	0.001981018248988724	0.0	0.0	0.006								-0.006	0.008	0.002
S4_two_by_two_one_shared	0.4	0.8	10	1e-05	T_L04_B_IN_PF10	500	True	0.008	0.0	0.992	0.004	0.0	0.996	1.0	1.0	0.004	0.018	0.01	0.268	0.014	2.686	0.306	0.030258699087015208	0.003520461678967436	0.002	0.0	0.006								-0.004	0.008	0.004
S4_two_by_two_one_shared	0.4	0.8	10	0.0001	T_L02_NK_PF10	500	True	0.054	0.0	0.946	0.006	0.0	0.994	1.0	1.0	0.006	0.104	0.004	0.414	0.01	2.3	0.068	0.15077430208866105	0.005994646871723614	0.0	0.0	0.048								-0.048	0.054	0.006
S4_two_by_two_one_shared	0.4	0.8	10	0.0001	T_L04_B_IN_PF10	500	True	0.022	0.0	0.978	0.002	0.0	0.998	1.0	1.0	0.004	0.016	0.008	0.278	0.008	3.42	0.43	0.09921210547877567	0.0032481909294865023	0.0	0.0	0.02								-0.019999999999999997	0.022	0.002
S4_two_by_two_one_shared	0.4	0.8	20	1e-06	T_L02_NK_PF10	500	True	0.002	0.0	0.998	0.002	0.0	0.998	1.0	1.0	0.002	0.086	0.002	0.362	0.002	2.036	0.026	0.007078916740762772	0.001683419925197974	0.0	0.0	0.0								0.0	0.002	0.002
S4_two_by_two_one_shared	0.4	0.8	20	1e-06	T_L04_B_IN_PF10	500	True	0.0	0.0	1.0	0.0	0.0	1.0	1.0	1.0	0.0	0.012	0.002	0.264	0.004	2.448	0.128	0.005826730623062412	0.0	0.0	0.0	0.0								0.0	0.0	0.0
S4_two_by_two_one_shared	0.4	0.8	20	1e-05	T_L02_NK_PF10	500	True	0.008	0.0	0.992	0.002	0.0	0.998	1.0	1.0	0.002	0.108	0.004	0.372	0.008	2.176	0.098	0.044788935501458994	0.001991745573088336	0.0	0.0	0.006								-0.006	0.008	0.002
S4_two_by_two_one_shared	0.4	0.8	20	1e-05	T_L04_B_IN_PF10	500	True	0.002	0.0	0.998	0.002	0.0	0.998	1.0	1.0	0.002	0.006	0.004	0.27	0.008	2.588	0.226	0.025603877459688923	0.001857231278584952	0.0	0.0	0.0								0.0	0.002	0.002
S4_two_by_two_one_shared	0.4	0.8	20	0.0001	T_L02_NK_PF10	500	True	0.024	0.0	0.976	0.0	0.0	1.0	1.0	1.0	0.0	0.064	0.002	0.36	0.002	1.734	0.046	0.124651542234703	0.0	0.0	0.0	0.024								-0.024	0.024	0.0
S4_two_by_two_one_shared	0.4	0.8	20	0.0001	T_L04_B_IN_PF10	500	True	0.02	0.0	0.98	0.002	0.0	0.998	1.0	1.0	0.004	0.016	0.01	0.284	0.014	2.714	0.398	0.09873238832870763	0.002311601762624392	0.0	0.0	0.018								-0.018000000000000002	0.02	0.002
S5_two_by_two_none_highLD	0.05	0.2	5	1e-06	T_L02_NK_PF10	500	False	0.0	0.0	1.0	0.0	0.0	1.0	1.0	1.0	0.016	0.258	0.0	0.566	0.01	9.47	0.372	0.003440198824024014	3.4737643160871996e-05	0.0	0.0	0.0								0.0	1.0	1.0
S5_two_by_two_none_highLD	0.05	0.2	5	1e-06	T_L04_B_IN_PF10	500	False	0.0	0.0	1.0	0.0	0.006	0.994	1.0	1.0	0.022	0.546	0.008	0.666	0.04	13.618	1.65	0.002285336336750806	9.883497287820939e-05	0.0	0.0	0.0								0.0	1.0	1.0
S5_two_by_two_none_highLD	0.05	0.2	5	1e-05	T_L02_NK_PF10	500	False	0.0	0.0	1.0	0.002	0.0	0.998	1.0	1.0	0.024	0.238	0.0	0.522	0.006	8.772	0.424	0.029158117780045175	0.0024986716457858055	0.002	0.0	0.0								0.002	1.0	0.998
S5_two_by_two_none_highLD	0.05	0.2	5	1e-05	T_L04_B_IN_PF10	500	False	0.0	0.0	1.0	0.002	0.012	0.986	1.0	1.0	0.046	0.48	0.014	0.616	0.064	12.24	2.984	0.02034483372467138	0.005149591797704462	0.002	0.0	0.0								0.002	1.0	0.998
S5_two_by_two_none_highLD	0.05	0.2	5	0.0001	T_L02_NK_PF10	500	False	0.004	0.0	0.996	0.0	0.004	0.996	1.0	1.0	0.02	0.238	0.0	0.514	0.01	8.694	0.558	0.1728589402209393	0.004058277857280784	0.0	0.0	0.004								-0.004	0.996	1.0
S5_two_by_two_none_highLD	0.05	0.2	5	0.0001	T_L04_B_IN_PF10	500	False	0.006	0.0	0.994	0.0	0.006	0.994	1.0	1.0	0.036	0.506	0.012	0.676	0.05	12.944	1.924	0.1325534542096446	0.011562418482522681	0.0	0.0	0.006								-0.006	0.994	1.0
S5_two_by_two_none_highLD	0.05	0.2	10	1e-06	T_L02_NK_PF10	500	False	0.0	0.0	1.0	0.0	0.0	1.0	1.0	1.0	0.026	0.236	0.0	0.536	0.012	8.94	0.47	0.003691821556993071	0.00010572951079996979	0.0	0.0	0.0								0.0	1.0	1.0
S5_two_by_two_none_highLD	0.05	0.2	10	1e-06	T_L04_B_IN_PF10	500	False	0.0	0.002	0.998	0.0	0.012	0.988	1.0	1.0	0.04	0.508	0.014	0.636	0.058	12.618	2.53	0.002199828445547591	0.0012994528090596316	0.0	0.0	0.0								0.0	1.0	1.0
S5_two_by_two_none_highLD	0.05	0.2	10	1e-05	T_L02_NK_PF10	500	False	0.0	0.0	1.0	0.0	0.0	1.0	1.0	1.0	0.012	0.262	0.0	0.554	0.004	9.444	0.302	0.026629274126596065	0.0004547193223625016	0.0	0.0	0.0								0.0	1.0	1.0
S5_two_by_two_none_highLD	0.05	0.2	10	1e-05	T_L04_B_IN_PF10	500	False	0.002	0.0	0.998	0.002	0.006	0.992	1.0	1.0	0.054	0.5	0.012	0.65	0.074	12.81	2.934	0.026796235225977412	0.0037863386158292008	0.0	0.0	0.0								0.0	0.998	0.998
S5_two_by_two_none_highLD	0.05	0.2	10	0.0001	T_L02_NK_PF10	500	False	0.006	0.0	0.994	0.0	0.0	1.0	1.0	1.0	0.01	0.264	0.0	0.57	0.008	9.638	0.292	0.1863704007998005	0.001892801739348082	0.0	0.0	0.006								-0.006	0.994	1.0
S5_two_by_two_none_highLD	0.05	0.2	10	0.0001	T_L04_B_IN_PF10	500	False	0.008	0.0	0.992	0.004	0.008	0.988	1.0	1.0	0.034	0.49	0.01	0.6	0.054	12.434	2.084	0.11474029152597584	0.011356048019607805	0.004	0.0	0.008								-0.004	0.992	0.996
S5_two_by_two_none_highLD	0.05	0.2	20	1e-06	T_L02_NK_PF10	500	False	0.0	0.0	1.0	0.0	0.002	0.998	1.0	1.0	0.02	0.278	0.002	0.566	0.008	9.524	0.382	0.003260067595754746	0.00011528597478317501	0.0	0.0	0.0								0.0	1.0	1.0
S5_two_by_two_none_highLD	0.05	0.2	20	1e-06	T_L04_B_IN_PF10	500	False	0.0	0.0	1.0	0.0	0.016	0.984	1.0	1.0	0.036	0.474	0.018	0.622	0.066	12.4	2.974	0.001978455859832728	0.00022072272214951618	0.0	0.0	0.0								0.0	1.0	1.0
S5_two_by_two_none_highLD	0.05	0.2	20	1e-05	T_L02_NK_PF10	500	False	0.0	0.0	1.0	0.0	0.0	1.0	1.0	1.0	0.016	0.28	0.0	0.57	0.01	9.59	0.394	0.03262481990135187	0.0009844669978354057	0.0	0.0	0.0								0.0	1.0	1.0
S5_two_by_two_none_highLD	0.05	0.2	20	1e-05	T_L04_B_IN_PF10	500	False	0.0	0.0	1.0	0.004	0.004	0.992	1.0	1.0	0.02	0.474	0.004	0.612	0.032	12.198	1.384	0.018316960192235505	0.004741479146892939	0.004	0.0	0.0								0.004	1.0	0.996
S5_two_by_two_none_highLD	0.05	0.2	20	0.0001	T_L02_NK_PF10	500	False	0.002	0.0	0.998	0.0	0.002	0.998	1.0	1.0	0.024	0.226	0.0	0.514	0.01	8.736	0.484	0.17554267358682993	0.005477130122496137	0.0	0.0	0.002								-0.002	0.998	1.0
S5_two_by_two_none_highLD	0.05	0.2	20	0.0001	T_L04_B_IN_PF10	500	False	0.002	0.0	0.998	0.004	0.006	0.99	1.0	1.0	0.044	0.472	0.014	0.612	0.054	12.048	2.576	0.10050025056423359	0.015557807522883169	0.004	0.0	0.002								0.002	0.998	0.996
S5_two_by_two_none_highLD	0.05	0.5	5	1e-06	T_L02_NK_PF10	500	False	0.0	0.0	1.0	0.0	0.0	1.0	1.0	1.0	0.0	0.01	0.0	0.028	0.0	1.132	0.054	0.002262712731902013	0.0	0.0	0.0	0.0								0.0	1.0	1.0
S5_two_by_two_none_highLD	0.05	0.5	5	1e-06	T_L04_B_IN_PF10	500	False	0.0	0.0	1.0	0.0	0.0	1.0	1.0	1.0	0.0	0.034	0.0	0.076	0.0	1.292	0.092	0.00036015021048505815	0.0	0.0	0.0	0.0								0.0	1.0	1.0
S5_two_by_two_none_highLD	0.05	0.5	5	1e-05	T_L02_NK_PF10	500	False	0.0	0.0	1.0	0.0	0.0	1.0	1.0	1.0	0.0	0.016	0.0	0.038	0.0	1.324	0.078	0.019438161493110357	0.0	0.0	0.0	0.0								0.0	1.0	1.0
S5_two_by_two_none_highLD	0.05	0.5	5	1e-05	T_L04_B_IN_PF10	500	False	0.0	0.0	1.0	0.0	0.0	1.0	1.0	1.0	0.0	0.052	0.0	0.084	0.002	1.45	0.16	0.0036080697666307	0.0	0.0	0.0	0.0								0.0	1.0	1.0
S5_two_by_two_none_highLD	0.05	0.5	5	0.0001	T_L02_NK_PF10	500	False	0.01	0.0	0.99	0.002	0.0	0.998	1.0	1.0	0.002	0.008	0.0	0.038	0.0	1.186	0.028	0.0951999641835456	0.001970607223018838	0.0	0.0	0.008								-0.008	0.99	0.998
S5_two_by_two_none_highLD	0.05	0.5	5	0.0001	T_L04_B_IN_PF10	500	False	0.0	0.0	1.0	0.0	0.0	1.0	1.0	1.0	0.0	0.03	0.0	0.074	0.002	1.03	0.418	0.027541373906069085	0.0	0.0	0.0	0.0								0.0	1.0	1.0
S5_two_by_two_none_highLD	0.05	0.5	10	1e-06	T_L02_NK_PF10	500	False	0.0	0.0	1.0	0.0	0.0	1.0	1.0	1.0	0.002	0.014	0.0	0.042	0.0	1.3	0.064	0.002266942542538079	0.000433827695571878	0.0	0.0	0.0								0.0	1.0	1.0
S5_two_by_two_none_highLD	0.05	0.5	10	1e-06	T_L04_B_IN_PF10	500	False	0.0	0.0	1.0	0.0	0.0	1.0	1.0	1.0	0.002	0.038	0.0	0.074	0.004	1.266	0.176	0.0005698011294584566	0.001549513737382016	0.0	0.0	0.0								0.0	1.0	1.0
S5_two_by_two_none_highLD	0.05	0.5	10	1e-05	T_L02_NK_PF10	500	False	0.0	0.0	1.0	0.0	0.0	1.0	1.0	1.0	0.0	0.012	0.002	0.044	0.002	1.172	0.088	0.014950519314711868	0.0	0.0	0.0	0.0								0.0	1.0	1.0
S5_two_by_two_none_highLD	0.05	0.5	10	1e-05	T_L04_B_IN_PF10	500	False	0.0	0.0	1.0	0.0	0.0	1.0	1.0	1.0	0.0	0.046	0.0	0.074	0.004	1.104	0.324	0.003248933273255051	0.0	0.0	0.0	0.0								0.0	1.0	1.0
S5_two_by_two_none_highLD	0.05	0.5	10	0.0001	T_L02_NK_PF10	500	False	0.01	0.0	0.99	0.002	0.0	0.998	1.0	1.0	0.004	0.004	0.0	0.022	0.0	1.032	0.058	0.09059835473165928	0.0023367090036479697	0.0	0.0	0.008								-0.008	0.99	0.998
S5_two_by_two_none_highLD	0.05	0.5	10	0.0001	T_L04_B_IN_PF10	500	False	0.0	0.0	1.0	0.002	0.0	0.998	1.0	1.0	0.002	0.058	0.002	0.106	0.004	1.676	0.064	0.029106519165614728	0.001995721462031358	0.002	0.0	0.0								0.002	1.0	0.998
S5_two_by_two_none_highLD	0.05	0.5	20	1e-06	T_L02_NK_PF10	500	False	0.0	0.0	1.0	0.0	0.0	1.0	1.0	1.0	0.0	0.002	0.0	0.024	0.0	1.296	0.02	0.0025460487765018216	0.0	0.0	0.0	0.0								0.0	1.0	1.0
S5_two_by_two_none_highLD	0.05	0.5	20	1e-06	T_L04_B_IN_PF10	500	False	0.0	0.0	1.0	0.0	0.0	1.0	1.0	1.0	0.002	0.044	0.0	0.068	0.004	1.6	0.272	0.0002875611544277199	0.0001673425882492278	0.0	0.0	0.0								0.0	1.0	1.0
S5_two_by_two_none_highLD	0.05	0.5	20	1e-05	T_L02_NK_PF10	500	False	0.0	0.0	1.0	0.0	0.0	1.0	1.0	1.0	0.0	0.014	0.002	0.034	0.002	1.37	0.06	0.018944532661944707	0.0	0.0	0.0	0.0								0.0	1.0	1.0
S5_two_by_two_none_highLD	0.05	0.5	20	1e-05	T_L04_B_IN_PF10	500	False	0.0	0.0	1.0	0.0	0.0	1.0	1.0	1.0	0.0	0.048	0.002	0.082	0.008	1.224	0.162	0.003372614518436253	0.0	0.0	0.0	0.0								0.0	1.0	1.0
S5_two_by_two_none_highLD	0.05	0.5	20	0.0001	T_L02_NK_PF10	500	False	0.008	0.0	0.992	0.0	0.0	1.0	1.0	1.0	0.0	0.008	0.0	0.048	0.0	1.11	0.154	0.10135753635480038	0.0	0.0	0.0	0.008								-0.008	0.992	1.0
S5_two_by_two_none_highLD	0.05	0.5	20	0.0001	T_L04_B_IN_PF10	500	False	0.0	0.0	1.0	0.0	0.0	1.0	1.0	1.0	0.0	0.032	0.0	0.078	0.0	1.268	0.136	0.025110578396660584	0.0	0.0	0.0	0.0								0.0	1.0	1.0
S5_two_by_two_none_highLD	0.05	0.8	5	1e-06	T_L02_NK_PF10	500	False	0.0	0.0	1.0	0.0	0.0	1.0	1.0	1.0	0.0	0.002	0.004	0.004	0.004	0.07	0.08	8.078640207589986e-05	0.0	0.0	0.0	0.0								0.0	1.0	1.0
S5_two_by_two_none_highLD	0.05	0.8	5	1e-06	T_L04_B_IN_PF10	500	False	0.0	0.0	1.0	0.0	0.0	1.0	1.0	1.0	0.0	0.004	0.002	0.01	0.002	0.364	0.15	0.00010905664417490796	0.0	0.0	0.0	0.0								0.0	1.0	1.0
S5_two_by_two_none_highLD	0.05	0.8	5	1e-05	T_L02_NK_PF10	500	False	0.0	0.0	1.0	0.0	0.0	1.0	1.0	1.0	0.0	0.0	0.0	0.002	0.0	0.026	0.0	0.000704235260376481	0.0	0.0	0.0	0.0								0.0	1.0	1.0
S5_two_by_two_none_highLD	0.05	0.8	5	1e-05	T_L04_B_IN_PF10	500	False	0.0	0.0	1.0	0.0	0.0	1.0	1.0	1.0	0.0	0.002	0.002	0.012	0.002	0.37	0.218	0.0007413472663811865	0.0	0.0	0.0	0.0								0.0	1.0	1.0
S5_two_by_two_none_highLD	0.05	0.8	5	0.0001	T_L02_NK_PF10	500	False	0.0	0.0	1.0	0.0	0.0	1.0	1.0	1.0	0.0	0.006	0.0	0.01	0.0	0.126	0.036	0.007101606545560371	0.0	0.0	0.0	0.0								0.0	1.0	1.0
S5_two_by_two_none_highLD	0.05	0.8	5	0.0001	T_L04_B_IN_PF10	500	False	0.0	0.0	1.0	0.0	0.0	1.0	1.0	1.0	0.002	0.006	0.0	0.016	0.0	0.53	0.466	0.008460502697476004	0.000272174350861372	0.0	0.0	0.0								0.0	1.0	1.0
S5_two_by_two_none_highLD	0.05	0.8	10	1e-06	T_L02_NK_PF10	500	False	0.0	0.0	1.0	0.0	0.0	1.0	1.0	1.0	0.0	0.0	0.002	0.01	0.002	0.1	0.02	9.055242942261115e-05	0.0	0.0	0.0	0.0								0.0	1.0	1.0
S5_two_by_two_none_highLD	0.05	0.8	10	1e-06	T_L04_B_IN_PF10	500	False	0.0	0.0	1.0	0.0	0.0	1.0	1.0	1.0	0.0	0.0	0.0	0.006	0.0	0.328	0.138	8.821351771312641e-05	0.0	0.0	0.0	0.0								0.0	1.0	1.0
S5_two_by_two_none_highLD	0.05	0.8	10	1e-05	T_L02_NK_PF10	500	False	0.0	0.0	1.0	0.0	0.0	1.0	1.0	1.0	0.0	0.004	0.002	0.01	0.002	0.138	0.094	0.0009315430482270342	0.0	0.0	0.0	0.0								0.0	1.0	1.0
S5_two_by_two_none_highLD	0.05	0.8	10	1e-05	T_L04_B_IN_PF10	500	False	0.0	0.0	1.0	0.0	0.0	1.0	1.0	1.0	0.0	0.002	0.0	0.01	0.0	0.194	0.214	0.0009105064799848059	0.0	0.0	0.0	0.0								0.0	1.0	1.0
S5_two_by_two_none_highLD	0.05	0.8	10	0.0001	T_L02_NK_PF10	500	False	0.0	0.0	1.0	0.0	0.0	1.0	1.0	1.0	0.0	0.0	0.002	0.006	0.002	0.058	0.026	0.006764780433941178	0.0	0.0	0.0	0.0								0.0	1.0	1.0
S5_two_by_two_none_highLD	0.05	0.8	10	0.0001	T_L04_B_IN_PF10	500	False	0.0	0.0	1.0	0.0	0.0	1.0	1.0	1.0	0.0	0.004	0.0	0.016	0.0	0.632	0.0	0.008345398069707041	0.0	0.0	0.0	0.0								0.0	1.0	1.0
S5_two_by_two_none_highLD	0.05	0.8	20	1e-06	T_L02_NK_PF10	500	False	0.0	0.0	1.0	0.0	0.0	1.0	1.0	1.0	0.0	0.0	0.002	0.002	0.002	0.05	0.026	7.439796563444098e-05	0.0	0.0	0.0	0.0								0.0	1.0	1.0
S5_two_by_two_none_highLD	0.05	0.8	20	1e-06	T_L04_B_IN_PF10	500	False	0.0	0.0	1.0	0.0	0.0	1.0	1.0	1.0	0.0	0.008	0.0	0.018	0.002	0.426	0.284	0.00010848785646713949	0.0	0.0	0.0	0.0								0.0	1.0	1.0
S5_two_by_two_none_highLD	0.05	0.8	20	1e-05	T_L02_NK_PF10	500	False	0.0	0.0	1.0	0.0	0.0	1.0	1.0	1.0	0.0	0.0	0.0	0.006	0.0	0.07	0.038	0.0007569558682323265	0.0	0.0	0.0	0.0								0.0	1.0	1.0
S5_two_by_two_none_highLD	0.05	0.8	20	1e-05	T_L04_B_IN_PF10	500	False	0.0	0.0	1.0	0.0	0.0	1.0	1.0	1.0	0.0	0.002	0.0	0.01	0.002	0.34	0.168	0.0009968000234884579	0.0	0.0	0.0	0.0								0.0	1.0	1.0
S5_two_by_two_none_highLD	0.05	0.8	20	0.0001	T_L02_NK_PF10	500	False	0.0	0.0	1.0	0.0	0.0	1.0	1.0	1.0	0.0	0.004	0.0	0.008	0.0	0.068	0.018	0.008099511925536118	0.0	0.0	0.0	0.0								0.0	1.0	1.0
S5_two_by_two_none_highLD	0.05	0.8	20	0.0001	T_L04_B_IN_PF10	500	False	0.0	0.0	1.0	0.0	0.0	1.0	1.0	1.0	0.002	0.006	0.0	0.012	0.002	0.316	0.182	0.0073407067526021505	0.00025829839640749	0.0	0.0	0.0								0.0	1.0	1.0
S5_two_by_two_none_highLD	0.2	0.2	5	1e-06	T_L02_NK_PF10	500	False	0.0	0.036	0.964	0.0	0.074	0.926	1.0	1.0	0.252	0.964	0.026	0.998	0.082	14.466	3.458	0.009379502572417762	0.0011906426169302597	0.0	0.0	0.0								0.0	1.0	1.0
S5_two_by_two_none_highLD	0.2	0.2	5	1e-06	T_L04_B_IN_PF10	500	False	0.002	0.12	0.878	0.002	0.402	0.596	1.0	1.0	0.504	0.958	0.208	1.0	0.446	20.312	18.342	0.024953722268161328	0.016257339852612986	0.002	0.0	0.002								0.0	0.998	0.998
S5_two_by_two_none_highLD	0.2	0.2	5	1e-05	T_L02_NK_PF10	500	False	0.004	0.034	0.962	0.002	0.082	0.916	1.0	1.0	0.294	0.952	0.036	0.996	0.09	14.262	3.826	0.08052227895754413	0.01242207900715061	0.0	0.0	0.002								-0.002	0.996	0.998
S5_two_by_two_none_highLD	0.2	0.2	5	1e-05	T_L04_B_IN_PF10	500	False	0.02	0.098	0.882	0.018	0.418	0.564	1.0	1.0	0.534	0.958	0.262	1.0	0.488	20.208	20.29	0.13554836620942057	0.03344357804458167	0.016	0.006	0.012								-0.0020000000000000018	0.98	0.982
S5_two_by_two_none_highLD	0.2	0.2	5	0.0001	T_L02_NK_PF10	500	False	0.036	0.018	0.946	0.002	0.076	0.922	1.0	1.0	0.258	0.974	0.03	1.0	0.09	14.472	3.328	0.3673210013589228	0.05067011160956062	0.002	0.002	0.034								-0.033999999999999996	0.964	0.998
S5_two_by_two_none_highLD	0.2	0.2	5	0.0001	T_L04_B_IN_PF10	500	False	0.126	0.044	0.83	0.03	0.334	0.636	1.0	1.0	0.482	0.974	0.212	1.0	0.442	20.372	17.458	0.45064341844672723	0.10861749675000335	0.016	0.038	0.074								-0.096	0.874	0.97
S5_two_by_two_none_highLD	0.2	0.2	10	1e-06	T_L02_NK_PF10	500	False	0.0	0.048	0.952	0.002	0.09	0.908	1.0	1.0	0.272	0.962	0.022	0.998	0.078	14.368	3.466	0.010395652945306304	0.002789913717068158	0.002	0.0	0.0								0.002	1.0	0.998
S5_two_by_two_none_highLD	0.2	0.2	10	1e-06	T_L04_B_IN_PF10	500	False	0.0	0.106	0.894	0.0	0.392	0.608	1.0	1.0	0.502	0.966	0.222	1.0	0.456	20.174	18.368	0.022559474783773504	0.009765792649710768	0.0	0.0	0.0								0.0	1.0	1.0
S5_two_by_two_none_highLD	0.2	0.2	10	1e-05	T_L02_NK_PF10	500	False	0.004	0.058	0.938	0.0	0.098	0.902	1.0	1.0	0.266	0.954	0.03	0.998	0.084	14.248	3.414	0.08433118318062598	0.008771263428240833	0.0	0.0	0.004								-0.004	0.996	1.0
S5_two_by_two_none_highLD	0.2	0.2	10	1e-05	T_L04_B_IN_PF10	500	False	0.018	0.09	0.892	0.022	0.352	0.626	1.0	1.0	0.5	0.98	0.216	1.0	0.452	20.564	18.774	0.13953543786716305	0.045641577202802354	0.018	0.002	0.012								0.004	0.982	0.978
S5_two_by_two_none_highLD	0.2	0.2	10	0.0001	T_L02_NK_PF10	500	False	0.052	0.036	0.912	0.006	0.092	0.902	1.0	1.0	0.27	0.98	0.018	0.998	0.082	14.494	3.576	0.3854800716457736	0.054390186313284086	0.002	0.008	0.04								-0.046	0.948	0.994
S5_two_by_two_none_highLD	0.2	0.2	10	0.0001	T_L04_B_IN_PF10	500	False	0.118	0.06	0.822	0.026	0.38	0.594	1.0	1.0	0.498	0.97	0.248	1.0	0.466	20.598	18.454	0.4496935674980318	0.10569770208537967	0.02	0.04	0.072								-0.092	0.882	0.974
S5_two_by_two_none_highLD	0.2	0.2	20	1e-06	T_L02_NK_PF10	500	False	0.0	0.048	0.952	0.0	0.08	0.92	1.0	1.0	0.228	0.974	0.024	1.0	0.072	14.422	3.134	0.011922171541103761	0.0006445103674698714	0.0	0.0	0.0								0.0	1.0	1.0
S5_two_by_two_none_highLD	0.2	0.2	20	1e-06	T_L04_B_IN_PF10	500	False	0.0	0.11	0.89	0.0	0.374	0.626	1.0	1.0	0.468	0.972	0.214	1.0	0.418	20.286	17.322	0.020200201667552056	0.009634215885960947	0.0	0.0	0.0								0.0	1.0	1.0
S5_two_by_two_none_highLD	0.2	0.2	20	1e-05	T_L02_NK_PF10	500	False	0.0	0.046	0.954	0.0	0.084	0.916	1.0	1.0	0.26	0.966	0.02	0.996	0.07	14.358	3.484	0.0808783305967696	0.00878486575963118	0.0	0.0	0.0								0.0	1.0	1.0
S5_two_by_two_none_highLD	0.2	0.2	20	1e-05	T_L04_B_IN_PF10	500	False	0.016	0.118	0.866	0.01	0.426	0.564	1.0	1.0	0.526	0.982	0.218	1.0	0.466	20.288	18.72	0.12756671896289545	0.031208678657853633	0.01	0.004	0.012								-0.006	0.984	0.99
S5_two_by_two_none_highLD	0.2	0.2	20	0.0001	T_L02_NK_PF10	500	False	0.044	0.034	0.922	0.004	0.066	0.93	1.0	1.0	0.218	0.954	0.016	0.996	0.056	14.35	3.048	0.38165326473348193	0.05206166763185351	0.002	0.0	0.042								-0.039999999999999994	0.956	0.996
S5_two_by_two_none_highLD	0.2	0.2	20	0.0001	T_L04_B_IN_PF10	500	False	0.1	0.06	0.84	0.014	0.384	0.602	1.0	1.0	0.478	0.97	0.22	1.0	0.44	20.176	17.528	0.4335083558148468	0.08580592769073477	0.008	0.03	0.064								-0.08600000000000001	0.9	0.986
S5_two_by_two_none_highLD	0.2	0.5	5	1e-06	T_L02_NK_PF10	500	False	0.016	0.0	0.984	0.012	0.004	0.984	1.0	1.0	0.034	0.244	0.0	0.28	0.006	5.23	0.306	0.0974796412323363	0.01328222154724709	0.004	0.0	0.008								-0.004	0.984	0.988
S5_two_by_two_none_highLD	0.2	0.5	5	1e-06	T_L04_B_IN_PF10	500	False	0.0	0.0	1.0	0.012	0.006	0.982	1.0	1.0	0.03	0.868	0.008	0.908	0.024	11.376	0.53	0.01587082582751242	0.014984914969487746	0.012	0.0	0.0								0.012	1.0	0.988
S5_two_by_two_none_highLD	0.2	0.5	5	1e-05	T_L02_NK_PF10	500	False	0.09	0.0	0.91	0.018	0.006	0.976	1.0	1.0	0.038	0.274	0.002	0.308	0.008	5.466	0.336	0.29857344722422446	0.024166726790486207	0.002	0.002	0.072								-0.072	0.91	0.982
S5_two_by_two_none_highLD	0.2	0.5	5	1e-05	T_L04_B_IN_PF10	500	False	0.008	0.0	0.992	0.016	0.002	0.982	1.0	1.0	0.032	0.856	0.012	0.894	0.026	11.576	0.77	0.09016829922668802	0.02202037240985841	0.016	0.0	0.008								0.008	0.992	0.984
S5_two_by_two_none_highLD	0.2	0.5	5	0.0001	T_L02_NK_PF10	500	False	0.436	0.0	0.564	0.034	0.002	0.964	1.0	1.0	0.038	0.266	0.0	0.292	0.006	5.362	0.372	0.6695748459855196	0.034632914225643935	0.0	0.002	0.4								-0.402	0.5640000000000001	0.966
S5_two_by_two_none_highLD	0.2	0.5	5	0.0001	T_L04_B_IN_PF10	500	False	0.076	0.0	0.924	0.036	0.002	0.962	1.0	1.0	0.044	0.85	0.008	0.9	0.038	12.154	0.924	0.2927080708567066	0.03880899341414171	0.022	0.0	0.062								-0.04	0.924	0.964
S5_two_by_two_none_highLD	0.2	0.5	10	1e-06	T_L02_NK_PF10	500	False	0.016	0.0	0.984	0.006	0.002	0.992	1.0	1.0	0.034	0.266	0.002	0.304	0.01	5.324	0.452	0.10037374922199109	0.011647188010661079	0.0	0.0	0.01								-0.01	0.984	0.994
S5_two_by_two_none_highLD	0.2	0.5	10	1e-06	T_L04_B_IN_PF10	500	False	0.0	0.0	1.0	0.002	0.014	0.984	1.0	1.0	0.028	0.876	0.014	0.906	0.02	12.016	0.818	0.016029502931876074	0.012358165815973947	0.002	0.0	0.0								0.002	1.0	0.998
S5_two_by_two_none_highLD	0.2	0.5	10	1e-05	T_L02_NK_PF10	500	False	0.124	0.0	0.876	0.022	0.008	0.97	1.0	1.0	0.05	0.286	0.002	0.322	0.008	5.35	0.75	0.31998822927005804	0.027515830618382964	0.0	0.006	0.096								-0.10200000000000001	0.876	0.978
S5_two_by_two_none_highLD	0.2	0.5	10	1e-05	T_L04_B_IN_PF10	500	False	0.016	0.0	0.984	0.026	0.004	0.97	1.0	1.0	0.038	0.872	0.014	0.904	0.032	12.158	0.784	0.08972673286824093	0.029080546049475315	0.02	0.0	0.01								0.009999999999999998	0.984	0.974
S5_two_by_two_none_highLD	0.2	0.5	10	0.0001	T_L02_NK_PF10	500	False	0.392	0.0	0.608	0.018	0.002	0.98	1.0	1.0	0.038	0.276	0.002	0.29	0.012	5.422	0.418	0.6560846314244301	0.025849843620133598	0.0	0.002	0.372								-0.374	0.608	0.982
S5_two_by_two_none_highLD	0.2	0.5	10	0.0001	T_L04_B_IN_PF10	500	False	0.12	0.0	0.88	0.028	0.002	0.97	1.0	1.0	0.036	0.86	0.02	0.9	0.032	12.116	0.782	0.3068566124375075	0.030843866968725372	0.008	0.0	0.1								-0.092	0.88	0.972
S5_two_by_two_none_highLD	0.2	0.5	20	1e-06	T_L02_NK_PF10	500	False	0.01	0.0	0.99	0.006	0.002	0.992	1.0	1.0	0.038	0.266	0.0	0.314	0.012	5.534	0.404	0.09241614273519079	0.013343256095678815	0.004	0.0	0.008								-0.004	0.99	0.994
S5_two_by_two_none_highLD	0.2	0.5	20	1e-06	T_L04_B_IN_PF10	500	False	0.002	0.0	0.998	0.014	0.006	0.98	1.0	1.0	0.046	0.874	0.014	0.904	0.034	12.128	0.962	0.018958820021882313	0.019850262330461048	0.012	0.0	0.0								0.012	0.998	0.986
S5_two_by_two_none_highLD	0.2	0.5	20	1e-05	T_L02_NK_PF10	500	False	0.102	0.0	0.898	0.016	0.002	0.982	1.0	1.0	0.038	0.274	0.002	0.29	0.006	5.252	0.692	0.3003930193677121	0.022244473460110357	0.002	0.0	0.088								-0.086	0.898	0.984
S5_two_by_two_none_highLD	0.2	0.5	20	1e-05	T_L04_B_IN_PF10	500	False	0.006	0.0	0.994	0.014	0.002	0.984	1.0	1.0	0.024	0.874	0.012	0.894	0.02	12.322	0.558	0.07710735956004718	0.01800592071549918	0.014	0.0	0.006								0.008	0.994	0.986
S5_two_by_two_none_highLD	0.2	0.5	20	0.0001	T_L02_NK_PF10	500	False	0.35	0.0	0.65	0.022	0.0	0.978	1.0	1.0	0.034	0.258	0.0	0.294	0.0	5.186	0.444	0.6296876672101545	0.028241631561885895	0.0	0.0	0.328								-0.32799999999999996	0.65	0.978
S5_two_by_two_none_highLD	0.2	0.5	20	0.0001	T_L04_B_IN_PF10	500	False	0.088	0.0	0.912	0.032	0.006	0.962	1.0	1.0	0.044	0.862	0.018	0.908	0.034	12.524	1.056	0.2873089949485323	0.03563195387862972	0.014	0.0	0.07								-0.055999999999999994	0.912	0.968
S5_two_by_two_none_highLD	0.2	0.8	5	1e-06	T_L02_NK_PF10	500	False	0.0	0.0	1.0	0.0	0.0	1.0	1.0	1.0	0.0	0.014	0.002	0.124	0.002	0.602	0.06	0.0012208262972330764	0.0	0.0	0.0	0.0								0.0	1.0	1.0
S5_two_by_two_none_highLD	0.2	0.8	5	1e-06	T_L04_B_IN_PF10	500	False	0.0	0.0	1.0	0.0	0.0	1.0	1.0	1.0	0.004	0.002	0.002	0.114	0.002	1.674	0.31	0.00032042055421759166	1.06539104815802e-05	0.0	0.0	0.0								0.0	1.0	1.0
S5_two_by_two_none_highLD	0.2	0.8	5	1e-05	T_L02_NK_PF10	500	False	0.0	0.0	1.0	0.0	0.0	1.0	1.0	1.0	0.0	0.012	0.004	0.124	0.004	0.55	0.056	0.009696802525122372	0.0	0.0	0.0	0.0								0.0	1.0	1.0
S5_two_by_two_none_highLD	0.2	0.8	5	1e-05	T_L04_B_IN_PF10	500	False	0.0	0.0	1.0	0.0	0.0	1.0	1.0	1.0	0.006	0.008	0.0	0.124	0.004	1.85	0.84	0.003997383745717403	0.00013252280074966679	0.0	0.0	0.0								0.0	1.0	1.0
S5_two_by_two_none_highLD	0.2	0.8	5	0.0001	T_L02_NK_PF10	500	False	0.004	0.0	0.996	0.0	0.0	1.0	1.0	1.0	0.002	0.006	0.002	0.132	0.002	0.468	0.066	0.04577444168396014	0.0010176268592234422	0.0	0.0	0.004								-0.004	0.996	1.0
S5_two_by_two_none_highLD	0.2	0.8	5	0.0001	T_L04_B_IN_PF10	500	False	0.0	0.0	1.0	0.002	0.0	0.998	1.0	1.0	0.002	0.004	0.0	0.138	0.0	1.954	0.168	0.029625697407195756	0.001806370064117562	0.002	0.0	0.0								0.002	1.0	0.998
S5_two_by_two_none_highLD	0.2	0.8	10	1e-06	T_L02_NK_PF10	500	False	0.0	0.0	1.0	0.0	0.0	1.0	1.0	1.0	0.0	0.004	0.0	0.156	0.0	0.624	0.024	0.0019620141930536245	0.0	0.0	0.0	0.0								0.0	1.0	1.0
S5_two_by_two_none_highLD	0.2	0.8	10	1e-06	T_L04_B_IN_PF10	500	False	0.0	0.0	1.0	0.0	0.0	1.0	1.0	1.0	0.002	0.01	0.002	0.132	0.002	2.154	0.226	0.00039468781434298374	7.6165925994052e-06	0.0	0.0	0.0								0.0	1.0	1.0
S5_two_by_two_none_highLD	0.2	0.8	10	1e-05	T_L02_NK_PF10	500	False	0.002	0.0	0.998	0.0	0.0	1.0	1.0	1.0	0.0	0.008	0.0	0.136	0.002	0.498	0.006	0.015452759060628903	0.0	0.0	0.0	0.002								-0.002	0.998	1.0
S5_two_by_two_none_highLD	0.2	0.8	10	1e-05	T_L04_B_IN_PF10	500	False	0.0	0.0	1.0	0.0	0.0	1.0	1.0	1.0	0.002	0.002	0.0	0.146	0.0	1.892	0.76	0.005786651175200275	0.001496003057931358	0.0	0.0	0.0								0.0	1.0	1.0
S5_two_by_two_none_highLD	0.2	0.8	10	0.0001	T_L02_NK_PF10	500	False	0.01	0.0	0.99	0.0	0.0	1.0	1.0	1.0	0.0	0.022	0.0	0.13	0.0	0.64	0.064	0.051207294389894936	0.0	0.0	0.0	0.01								-0.01	0.99	1.0
S5_two_by_two_none_highLD	0.2	0.8	10	0.0001	T_L04_B_IN_PF10	500	False	0.0	0.0	1.0	0.0	0.0	1.0	1.0	1.0	0.0	0.004	0.002	0.094	0.002	1.514	0.41	0.02457527617862297	0.0	0.0	0.0	0.0								0.0	1.0	1.0
S5_two_by_two_none_highLD	0.2	0.8	20	1e-06	T_L02_NK_PF10	500	False	0.0	0.0	1.0	0.0	0.0	1.0	1.0	1.0	0.0	0.02	0.002	0.124	0.002	0.588	0.028	0.001109216182755159	0.0	0.0	0.0	0.0								0.0	1.0	1.0
S5_two_by_two_none_highLD	0.2	0.8	20	1e-06	T_L04_B_IN_PF10	500	False	0.0	0.0	1.0	0.0	0.0	1.0	1.0	1.0	0.0	0.0	0.0	0.136	0.002	1.82	0.292	0.0005548669996109994	0.0	0.0	0.0	0.0								0.0	1.0	1.0
S5_two_by_two_none_highLD	0.2	0.8	20	1e-05	T_L02_NK_PF10	500	False	0.002	0.0	0.998	0.002	0.0	0.998	1.0	1.0	0.002	0.008	0.004	0.136	0.008	0.5	0.118	0.012057222462387603	0.001985978031964242	0.0	0.0	0.0								0.0	0.998	0.998
S5_two_by_two_none_highLD	0.2	0.8	20	1e-05	T_L04_B_IN_PF10	500	False	0.0	0.0	1.0	0.0	0.0	1.0	1.0	1.0	0.0	0.002	0.0	0.116	0.002	1.65	0.276	0.0028827865356915523	0.0	0.0	0.0	0.0								0.0	1.0	1.0
S5_two_by_two_none_highLD	0.2	0.8	20	0.0001	T_L02_NK_PF10	500	False	0.006	0.0	0.994	0.0	0.0	1.0	1.0	1.0	0.002	0.012	0.004	0.144	0.004	0.602	0.13	0.047454321850806926	0.0004332948884612	0.0	0.0	0.006								-0.006	0.994	1.0
S5_two_by_two_none_highLD	0.2	0.8	20	0.0001	T_L04_B_IN_PF10	500	False	0.0	0.0	1.0	0.0	0.0	1.0	1.0	1.0	0.004	0.006	0.0	0.154	0.0	2.136	0.556	0.030037439082409505	0.0006527496803920736	0.0	0.0	0.0								0.0	1.0	1.0
S5_two_by_two_none_highLD	0.4	0.2	5	1e-06	T_L02_NK_PF10	500	False	0.0	0.19	0.81	0.0	0.242	0.758	1.0	1.0	0.496	0.956	0.09	1.0	0.144	13.096	7.07	0.008206405648707402	0.0025142031484493943	0.0	0.0	0.0								0.0	1.0	1.0
S5_two_by_two_none_highLD	0.4	0.2	5	1e-06	T_L04_B_IN_PF10	500	False	0.0	0.328	0.672	0.0	0.714	0.286	1.0	1.0	0.782	0.956	0.482	1.0	0.734	19.812	28.942	0.0159309348078253	0.009330226385403663	0.0	0.0	0.0								0.0	1.0	1.0
S5_two_by_two_none_highLD	0.4	0.2	5	1e-05	T_L02_NK_PF10	500	False	0.002	0.17	0.828	0.004	0.256	0.74	1.0	1.0	0.52	0.952	0.088	1.0	0.184	13.11	6.874	0.05402892525545486	0.020782421692943785	0.004	0.002	0.0								0.002	0.998	0.996
S5_two_by_two_none_highLD	0.4	0.2	5	1e-05	T_L04_B_IN_PF10	500	False	0.012	0.344	0.644	0.022	0.748	0.23	1.0	1.0	0.828	0.954	0.49	1.0	0.754	19.44	30.448	0.1033891907825219	0.047743461069068314	0.02	0.004	0.006								0.009999999999999998	0.988	0.978
S5_two_by_two_none_highLD	0.4	0.2	5	0.0001	T_L02_NK_PF10	500	False	0.022	0.16	0.818	0.006	0.276	0.718	1.0	1.0	0.548	0.982	0.118	1.0	0.176	12.7	7.742	0.28409180981163773	0.09950285100984314	0.006	0.0	0.022								-0.016	0.978	0.994
S5_two_by_two_none_highLD	0.4	0.2	5	0.0001	T_L04_B_IN_PF10	500	False	0.102	0.206	0.692	0.04	0.692	0.268	1.0	1.0	0.788	0.966	0.516	1.0	0.734	19.612	29.696	0.35395877060120917	0.12042537632602265	0.032	0.06	0.034								-0.06199999999999999	0.898	0.96
S5_two_by_two_none_highLD	0.4	0.2	10	1e-06	T_L02_NK_PF10	500	False	0.0	0.206	0.794	0.0	0.258	0.742	1.0	1.0	0.52	0.966	0.072	1.0	0.162	13.17	6.864	0.007353445638717701	0.0016545074458643463	0.0	0.0	0.0								0.0	1.0	1.0
S5_two_by_two_none_highLD	0.4	0.2	10	1e-06	T_L04_B_IN_PF10	500	False	0.002	0.314	0.684	0.002	0.69	0.308	1.0	1.0	0.774	0.966	0.458	1.0	0.72	19.688	29.306	0.02211700358587697	0.01652936065284372	0.002	0.002	0.0								0.0	0.998	0.998
S5_two_by_two_none_highLD	0.4	0.2	10	1e-05	T_L02_NK_PF10	500	False	0.004	0.17	0.826	0.0	0.254	0.746	1.0	1.0	0.484	0.98	0.124	1.0	0.188	12.834	6.248	0.059505726730143045	0.013896631745312618	0.0	0.002	0.002								-0.004	0.996	1.0
S5_two_by_two_none_highLD	0.4	0.2	10	1e-05	T_L04_B_IN_PF10	500	False	0.014	0.262	0.724	0.006	0.684	0.31	1.0	1.0	0.75	0.966	0.468	1.0	0.706	19.572	28.582	0.11136099344945669	0.022549668989040504	0.004	0.008	0.004								-0.008	0.986	0.994
S5_two_by_two_none_highLD	0.4	0.2	10	0.0001	T_L02_NK_PF10	500	False	0.044	0.158	0.798	0.01	0.256	0.734	1.0	1.0	0.5	0.956	0.1	1.0	0.188	13.04	6.746	0.3022171820247882	0.08953697663526608	0.008	0.002	0.04								-0.033999999999999996	0.956	0.99
S5_two_by_two_none_highLD	0.4	0.2	10	0.0001	T_L04_B_IN_PF10	500	False	0.148	0.17	0.682	0.012	0.682	0.306	1.0	1.0	0.74	0.96	0.462	1.0	0.7	19.456	28.354	0.3941782683714383	0.09253858538167128	0.006	0.08	0.062								-0.13599999999999998	0.852	0.988
S5_two_by_two_none_highLD	0.4	0.2	20	1e-06	T_L02_NK_PF10	500	False	0.0	0.214	0.786	0.0	0.268	0.732	1.0	1.0	0.53	0.976	0.082	1.0	0.172	13.028	7.164	0.010836130891928333	0.002678987750565861	0.0	0.0	0.0								0.0	1.0	1.0
S5_two_by_two_none_highLD	0.4	0.2	20	1e-06	T_L04_B_IN_PF10	500	False	0.002	0.344	0.654	0.0	0.696	0.304	1.0	1.0	0.748	0.966	0.448	1.0	0.7	19.754	27.12	0.020518015019809918	0.008144483311183764	0.0	0.0	0.002								-0.002	0.998	1.0
S5_two_by_two_none_highLD	0.4	0.2	20	1e-05	T_L02_NK_PF10	500	False	0.002	0.202	0.796	0.002	0.256	0.742	1.0	1.0	0.466	0.968	0.09	1.0	0.16	13.02	6.546	0.06593029827168524	0.013912509580377907	0.0	0.0	0.0								0.0	0.998	0.998
S5_two_by_two_none_highLD	0.4	0.2	20	1e-05	T_L04_B_IN_PF10	500	False	0.018	0.32	0.662	0.012	0.69	0.298	1.0	1.0	0.742	0.964	0.48	1.0	0.708	19.494	28.118	0.0996039846833746	0.02591323259977829	0.01	0.008	0.008								-0.005999999999999998	0.982	0.988
S5_two_by_two_none_highLD	0.4	0.2	20	0.0001	T_L02_NK_PF10	500	False	0.042	0.156	0.802	0.006	0.246	0.748	1.0	1.0	0.496	0.97	0.088	1.0	0.168	12.978	6.538	0.2977735867854352	0.09233958743704453	0.004	0.008	0.032								-0.036000000000000004	0.958	0.994
S5_two_by_two_none_highLD	0.4	0.2	20	0.0001	T_L04_B_IN_PF10	500	False	0.092	0.222	0.686	0.024	0.666	0.31	1.0	1.0	0.758	0.96	0.436	1.0	0.706	19.782	27.958	0.34833729830436133	0.10667012442495195	0.022	0.046	0.044								-0.068	0.908	0.976
S5_two_by_two_none_highLD	0.4	0.5	5	1e-06	T_L02_NK_PF10	500	False	0.076	0.002	0.922	0.026	0.024	0.95	1.0	1.0	0.106	0.394	0.006	0.412	0.026	5.79	0.942	0.20553891223765408	0.03631992513321898	0.006	0.012	0.044								-0.05	0.924	0.974
S5_two_by_two_none_highLD	0.4	0.5	5	1e-06	T_L04_B_IN_PF10	500	False	0.006	0.0	0.994	0.04	0.052	0.908	1.0	1.0	0.112	0.974	0.074	0.996	0.104	9.566	2.168	0.05654078869256222	0.06973574800231364	0.038	0.0	0.004								0.034	0.994	0.96
S5_two_by_two_none_highLD	0.4	0.5	5	1e-05	T_L02_NK_PF10	500	False	0.308	0.002	0.69	0.054	0.016	0.93	1.0	1.0	0.106	0.416	0.006	0.43	0.02	5.928	1.012	0.507380014754705	0.0658175565894233	0.002	0.01	0.246								-0.254	0.692	0.946
S5_two_by_two_none_highLD	0.4	0.5	5	1e-05	T_L04_B_IN_PF10	500	False	0.052	0.0	0.948	0.102	0.006	0.892	1.0	1.0	0.118	0.976	0.074	0.996	0.108	9.896	2.282	0.18266505502660194	0.1014102406930891	0.064	0.0	0.014								0.049999999999999996	0.948	0.898
S5_two_by_two_none_highLD	0.4	0.5	5	0.0001	T_L02_NK_PF10	500	False	0.66	0.0	0.34	0.064	0.006	0.93	1.0	1.0	0.096	0.38	0.004	0.392	0.016	5.584	0.994	0.8176657754696943	0.07763547630381328	0.006	0.004	0.598								-0.5960000000000001	0.33999999999999997	0.9359999999999999
S5_two_by_two_none_highLD	0.4	0.5	5	0.0001	T_L04_B_IN_PF10	500	False	0.21	0.0	0.79	0.088	0.002	0.91	1.0	1.0	0.104	0.962	0.064	0.99	0.09	10.028	2.112	0.5058181883485978	0.09574575371857366	0.016	0.002	0.136								-0.122	0.79	0.912
S5_two_by_two_none_highLD	0.4	0.5	10	1e-06	T_L02_NK_PF10	500	False	0.106	0.004	0.89	0.058	0.018	0.924	1.0	1.0	0.142	0.366	0.014	0.38	0.03	5.8	1.314	0.2520579481920192	0.07059806211616229	0.012	0.006	0.054								-0.047999999999999994	0.894	0.942
S5_two_by_two_none_highLD	0.4	0.5	10	1e-06	T_L04_B_IN_PF10	500	False	0.002	0.0	0.998	0.024	0.042	0.934	1.0	1.0	0.092	0.97	0.048	0.998	0.072	9.586	1.874	0.04377892415951792	0.04090237124542283	0.022	0.0	0.0								0.022	0.998	0.976
S5_two_by_two_none_highLD	0.4	0.5	10	1e-05	T_L02_NK_PF10	500	False	0.266	0.0	0.734	0.058	0.03	0.912	1.0	1.0	0.114	0.432	0.016	0.454	0.032	6.28	1.176	0.48972588372441944	0.0666706516189587	0.004	0.02	0.192								-0.20800000000000002	0.734	0.942
S5_two_by_two_none_highLD	0.4	0.5	10	1e-05	T_L04_B_IN_PF10	500	False	0.056	0.0	0.944	0.084	0.004	0.912	1.0	1.0	0.098	0.99	0.056	0.998	0.096	10.106	1.614	0.19972894217221804	0.08504239621707427	0.052	0.0	0.024								0.028000000000000004	0.944	0.916
S5_two_by_two_none_highLD	0.4	0.5	10	0.0001	T_L02_NK_PF10	500	False	0.636	0.0	0.364	0.08	0.008	0.912	1.0	1.0	0.11	0.41	0.002	0.434	0.022	6.16	0.868	0.8075775590662181	0.0920762742004162	0.0	0.006	0.55								-0.556	0.364	0.92
S5_two_by_two_none_highLD	0.4	0.5	10	0.0001	T_L04_B_IN_PF10	500	False	0.172	0.0	0.828	0.082	0.004	0.914	1.0	1.0	0.098	0.974	0.05	0.996	0.08	9.906	1.734	0.4736920039960149	0.0856553981923029	0.024	0.0	0.114								-0.08999999999999998	0.8280000000000001	0.918
S5_two_by_two_none_highLD	0.4	0.5	20	1e-06	T_L02_NK_PF10	500	False	0.112	0.002	0.886	0.074	0.024	0.902	1.0	1.0	0.158	0.398	0.016	0.428	0.036	5.982	1.51	0.26330849498432923	0.08998005303461573	0.018	0.018	0.038								-0.038000000000000006	0.888	0.926
S5_two_by_two_none_highLD	0.4	0.5	20	1e-06	T_L04_B_IN_PF10	500	False	0.004	0.0	0.996	0.024	0.044	0.932	1.0	1.0	0.086	0.982	0.058	0.994	0.076	9.834	1.744	0.045993952811318635	0.04894852520937793	0.02	0.0	0.0								0.02	0.996	0.976
S5_two_by_two_none_highLD	0.4	0.5	20	1e-05	T_L02_NK_PF10	500	False	0.274	0.0	0.726	0.06	0.018	0.922	1.0	1.0	0.12	0.402	0.01	0.428	0.028	6.086	1.132	0.49402894644683804	0.07263947311641851	0.006	0.01	0.21								-0.21400000000000002	0.726	0.94
S5_two_by_two_none_highLD	0.4	0.5	20	1e-05	T_L04_B_IN_PF10	500	False	0.054	0.002	0.944	0.07	0.004	0.926	1.0	1.0	0.092	0.97	0.046	0.994	0.078	9.938	1.6	0.20660828765663844	0.07324092585916167	0.042	0.002	0.024								0.016000000000000007	0.946	0.9299999999999999
S5_two_by_two_none_highLD	0.4	0.5	20	0.0001	T_L02_NK_PF10	500	False	0.64	0.002	0.358	0.07	0.006	0.924	1.0	1.0	0.1	0.382	0.01	0.406	0.036	5.972	0.902	0.805046596302871	0.08261429502203327	0.002	0.002	0.57								-0.5700000000000001	0.36	0.9299999999999999
S5_two_by_two_none_highLD	0.4	0.5	20	0.0001	T_L04_B_IN_PF10	500	False	0.246	0.0	0.754	0.088	0.0	0.912	1.0	1.0	0.1	0.974	0.06	0.992	0.086	9.978	1.916	0.4990144832407079	0.09150188215390696	0.024	0.0	0.182								-0.158	0.754	0.912
S5_two_by_two_none_highLD	0.4	0.8	5	1e-06	T_L02_NK_PF10	500	False	0.002	0.0	0.998	0.004	0.0	0.996	1.0	1.0	0.004	0.082	0.002	0.382	0.004	1.94	0.086	0.00943959928364497	0.003576713862103076	0.002	0.0	0.0								0.002	0.998	0.996
S5_two_by_two_none_highLD	0.4	0.8	5	1e-06	T_L04_B_IN_PF10	500	False	0.0	0.0	1.0	0.0	0.0	1.0	1.0	1.0	0.004	0.008	0.0	0.254	0.004	2.708	0.27	0.000946322117886063	0.0002291807152296546	0.0	0.0	0.0								0.0	1.0	1.0
S5_two_by_two_none_highLD	0.4	0.8	5	1e-05	T_L02_NK_PF10	500	False	0.008	0.0	0.992	0.0	0.0	1.0	1.0	1.0	0.0	0.072	0.006	0.34	0.006	1.752	0.072	0.038221173109203636	0.0	0.0	0.0	0.008								-0.008	0.992	1.0
S5_two_by_two_none_highLD	0.4	0.8	5	1e-05	T_L04_B_IN_PF10	500	False	0.0	0.0	1.0	0.0	0.0	1.0	1.0	1.0	0.01	0.022	0.004	0.336	0.004	3.546	0.29	0.01148206686689105	0.0001859394137096072	0.0	0.0	0.0								0.0	1.0	1.0
S5_two_by_two_none_highLD	0.4	0.8	5	0.0001	T_L02_NK_PF10	500	False	0.032	0.0	0.968	0.004	0.0	0.996	1.0	1.0	0.006	0.058	0.002	0.28	0.008	1.442	0.106	0.1144119209658715	0.0042529396813339206	0.0	0.0	0.028								-0.028	0.968	0.996
S5_two_by_two_none_highLD	0.4	0.8	5	0.0001	T_L04_B_IN_PF10	500	False	0.0	0.0	1.0	0.0	0.0	1.0	1.0	1.0	0.004	0.01	0.002	0.3	0.004	3.61	0.452	0.05573094736426897	0.000915185035487194	0.0	0.0	0.0								0.0	1.0	1.0
S5_two_by_two_none_highLD	0.4	0.8	10	1e-06	T_L02_NK_PF10	500	False	0.0	0.0	1.0	0.004	0.0	0.996	1.0	1.0	0.006	0.082	0.004	0.364	0.012	1.952	0.148	0.010233301400427188	0.0049812247899363735	0.004	0.0	0.0								0.004	1.0	0.996
S5_two_by_two_none_highLD	0.4	0.8	10	1e-06	T_L04_B_IN_PF10	500	False	0.0	0.0	1.0	0.0	0.0	1.0	1.0	1.0	0.012	0.008	0.0	0.304	0.004	2.954	0.424	0.0008626869580507593	4.79037549020972e-05	0.0	0.0	0.0								0.0	1.0	1.0
S5_two_by_two_none_highLD	0.4	0.8	10	1e-05	T_L02_NK_PF10	500	False	0.006	0.0	0.994	0.004	0.0	0.996	1.0	1.0	0.008	0.09	0.002	0.346	0.006	1.958	0.1	0.029204963375211748	0.0038403494810046123	0.0	0.0	0.002								-0.002	0.994	0.996
S5_two_by_two_none_highLD	0.4	0.8	10	1e-05	T_L04_B_IN_PF10	500	False	0.0	0.0	1.0	0.0	0.0	1.0	1.0	1.0	0.006	0.012	0.002	0.272	0.002	3.048	0.73	0.006325430040899957	0.0001441282410458688	0.0	0.0	0.0								0.0	1.0	1.0
S5_two_by_two_none_highLD	0.4	0.8	10	0.0001	T_L02_NK_PF10	500	False	0.024	0.0	0.976	0.0	0.0	1.0	1.0	1.0	0.0	0.094	0.002	0.35	0.002	1.958	0.054	0.11276782789148238	0.0	0.0	0.0	0.024								-0.024	0.976	1.0
S5_two_by_two_none_highLD	0.4	0.8	10	0.0001	T_L04_B_IN_PF10	500	False	0.002	0.0	0.998	0.0	0.002	0.998	1.0	1.0	0.004	0.01	0.0	0.262	0.002	2.884	0.61	0.054972704284063936	0.00038670367631802823	0.0	0.0	0.002								-0.002	0.998	1.0
S5_two_by_two_none_highLD	0.4	0.8	20	1e-06	T_L02_NK_PF10	500	False	0.0	0.0	1.0	0.0	0.0	1.0	1.0	1.0	0.008	0.106	0.006	0.408	0.01	2.236	0.1	0.009576757964721645	0.0026607261308210905	0.0	0.0	0.0								0.0	1.0	1.0
S5_two_by_two_none_highLD	0.4	0.8	20	1e-06	T_L04_B_IN_PF10	500	False	0.0	0.0	1.0	0.0	0.0	1.0	1.0	1.0	0.0	0.014	0.002	0.324	0.006	3.416	0.252	0.0015910416898078812	0.0	0.0	0.0	0.0								0.0	1.0	1.0
S5_two_by_two_none_highLD	0.4	0.8	20	1e-05	T_L02_NK_PF10	500	False	0.002	0.0	0.998	0.002	0.0	0.998	1.0	1.0	0.002	0.072	0.002	0.322	0.004	1.712	0.094	0.03699087929638406	0.0019955168416495458	0.0	0.0	0.0								0.0	0.998	0.998
S5_two_by_two_none_highLD	0.4	0.8	20	1e-05	T_L04_B_IN_PF10	500	False	0.0	0.0	1.0	0.002	0.0	0.998	1.0	1.0	0.002	0.018	0.0	0.304	0.002	2.99	0.448	0.010793231626966352	0.001655982081604978	0.002	0.0	0.0								0.002	1.0	0.998
S5_two_by_two_none_highLD	0.4	0.8	20	0.0001	T_L02_NK_PF10	500	False	0.056	0.0	0.944	0.004	0.0	0.996	1.0	1.0	0.004	0.092	0.006	0.4	0.01	2.102	0.092	0.1605211696844864	0.003993696263214848	0.0	0.0	0.052								-0.052000000000000005	0.944	0.996
S5_two_by_two_none_highLD	0.4	0.8	20	0.0001	T_L04_B_IN_PF10	500	False	0.004	0.0	0.996	0.002	0.0	0.998	1.0	1.0	0.006	0.008	0.0	0.282	0.002	2.682	0.636	0.059339562779276704	0.002243346734101708	0.002	0.0	0.004								-0.002	0.996	0.998
S6_matched_vs_mismatched_LD	0.05	0.2	5	1e-06	T_L02_NK_PF10	500	True	0.0	0.0	1.0	0.0	0.002	0.998	1.0	1.0	0.012	0.226	0.0	0.526	0.018	8.922	0.36	0.008100018409135061	0.002742642005175422	0.0	0.0	0.0	0.0	0.002	1.0	1.0	0.0027563698275058696	0.0	1.3727822330447202e-05	0.0	0.0	0.0
S6_matched_vs_mismatched_LD	0.05	0.2	5	1e-06	T_L04_B_IN_PF10	500	True	0.0	0.0	1.0	0.016	0.0	0.984	1.0	1.0	0.026	0.47	0.008	0.642	0.032	12.25	0.52	0.006748014747086986	0.016475111145302965	0.016	0.0	0.0	0.016	0.0	1.0	1.0	0.016415123268014475	0.0	5.9987877288490646e-05	0.016	0.0	0.016
S6_matched_vs_mismatched_LD	0.05	0.2	5	1e-05	T_L02_NK_PF10	500	True	0.004	0.0	0.996	0.002	0.0	0.998	1.0	1.0	0.012	0.256	0.0	0.534	0.012	9.042	0.332	0.07006182517675989	0.00229548119954753	0.0	0.0	0.002	0.002	0.0	1.0	1.0	0.00229690733732365	0.0	1.4261377761199124e-06	-0.002	0.004	0.002
S6_matched_vs_mismatched_LD	0.05	0.2	5	1e-05	T_L04_B_IN_PF10	500	True	0.002	0.0	0.998	0.01	0.0	0.99	1.0	1.0	0.014	0.496	0.002	0.626	0.016	12.816	0.312	0.036849789547710315	0.00997201796842139	0.008	0.0	0.0	0.01	0.0	1.0	1.0	0.009968292814015536	0.0	3.7251544058557184e-06	0.008	0.002	0.01
S6_matched_vs_mismatched_LD	0.05	0.2	5	0.0001	T_L02_NK_PF10	500	True	0.052	0.0	0.948	0.01	0.0	0.99	1.0	1.0	0.024	0.238	0.0	0.496	0.02	8.438	0.416	0.2610218817250187	0.01604961376579703	0.002	0.0	0.044	0.01	0.0	1.0	1.0	0.01605714064636389	0.0	2.2170602638119873e-05	-0.041999999999999996	0.052	0.01
S6_matched_vs_mismatched_LD	0.05	0.2	5	0.0001	T_L04_B_IN_PF10	500	True	0.028	0.0	0.972	0.008	0.0	0.992	1.0	1.0	0.02	0.478	0.004	0.616	0.02	12.33	0.458	0.16338424584786287	0.012271114212121964	0.002	0.0	0.022	0.008	0.0	1.0	1.0	0.012207331725251921	0.0	9.354247832086707e-05	-0.02	0.028	0.008
S6_matched_vs_mismatched_LD	0.05	0.2	10	1e-06	T_L02_NK_PF10	500	True	0.0	0.0	1.0	0.0	0.0	1.0	1.0	1.0	0.024	0.24	0.0	0.532	0.022	8.896	0.47	0.013239028930332547	0.008497653246102676	0.0	0.0	0.0	0.0	0.0	1.0	1.0	0.008535791165547202	0.0	3.813791944452476e-05	0.0	0.0	0.0
S6_matched_vs_mismatched_LD	0.05	0.2	10	1e-06	T_L04_B_IN_PF10	500	True	0.002	0.0	0.998	0.008	0.0	0.992	1.0	1.0	0.02	0.452	0.006	0.596	0.036	11.866	0.536	0.006829199100194702	0.010722905664888633	0.006	0.0	0.0	0.008	0.0	1.0	1.0	0.010674453691633954	0.0	5.0214373372881e-05	0.006	0.002	0.008
S6_matched_vs_mismatched_LD	0.05	0.2	10	1e-05	T_L02_NK_PF10	500	True	0.004	0.0	0.996	0.01	0.002	0.988	1.0	1.0	0.018	0.27	0.0	0.582	0.016	10.022	0.3	0.07297607555870571	0.010130881132593588	0.006	0.0	0.0	0.01	0.002	1.0	1.0	0.010127839708710923	0.0	7.216394044215688e-06	0.006	0.004	0.01
S6_matched_vs_mismatched_LD	0.05	0.2	10	1e-05	T_L04_B_IN_PF10	500	True	0.002	0.0	0.998	0.018	0.0	0.982	1.0	1.0	0.018	0.482	0.006	0.632	0.028	12.504	0.484	0.0361958246484959	0.017684439547805804	0.016	0.0	0.0	0.018	0.0	1.0	1.0	0.017673176678288237	0.0	1.126286951757005e-05	0.016	0.002	0.018
S6_matched_vs_mismatched_LD	0.05	0.2	10	0.0001	T_L02_NK_PF10	500	True	0.06	0.0	0.94	0.008	0.0	0.992	1.0	1.0	0.01	0.252	0.0	0.53	0.018	8.908	0.362	0.28126686862203903	0.008886285812737177	0.002	0.0	0.054	0.008	0.0	1.0	1.0	0.00888630234390639	0.0	1.653116921396247e-08	-0.052	0.06	0.008
S6_matched_vs_mismatched_LD	0.05	0.2	10	0.0001	T_L04_B_IN_PF10	500	True	0.038	0.0	0.962	0.024	0.0	0.976	1.0	1.0	0.024	0.49	0.006	0.624	0.03	12.366	0.41	0.1640528235670152	0.02346882397539944	0.01	0.0	0.024	0.024	0.0	1.0	1.0	0.02345688345538558	0.0	1.2040179625757875e-05	-0.013999999999999999	0.038	0.024
S6_matched_vs_mismatched_LD	0.05	0.2	20	1e-06	T_L02_NK_PF10	500	True	0.0	0.0	1.0	0.0	0.002	0.998	1.0	1.0	0.012	0.218	0.0	0.538	0.018	9.114	0.376	0.01273943240474041	0.003024557458569518	0.0	0.0	0.0	0.0	0.0	1.0	1.0	0.003024914302845682	0.002	3.5684427616400015e-07	0.0	0.0	0.0
S6_matched_vs_mismatched_LD	0.05	0.2	20	1e-06	T_L04_B_IN_PF10	500	True	0.0	0.0	1.0	0.004	0.002	0.994	1.0	1.0	0.008	0.476	0.0	0.598	0.016	12.076	0.322	0.004145631891288967	0.005416487861551445	0.004	0.0	0.0	0.004	0.002	1.0	1.0	0.005328993201382936	0.0	8.749466016850993e-05	0.004	0.0	0.004
S6_matched_vs_mismatched_LD	0.05	0.2	20	1e-05	T_L02_NK_PF10	500	True	0.002	0.0	0.998	0.014	0.0	0.986	1.0	1.0	0.02	0.222	0.0	0.53	0.026	8.904	0.518	0.07856315386864642	0.013514644105423341	0.012	0.0	0.0	0.014	0.0	1.0	1.0	0.013515841905437549	0.0	1.2467624745595429e-06	0.012	0.002	0.014
S6_matched_vs_mismatched_LD	0.05	0.2	20	1e-05	T_L04_B_IN_PF10	500	True	0.002	0.0	0.998	0.012	0.0	0.988	1.0	1.0	0.018	0.456	0.002	0.628	0.028	11.872	0.45	0.03560990164136988	0.011900407936233107	0.01	0.0	0.0	0.012	0.0	1.0	1.0	0.011898862650957279	0.0	1.5452852758279788e-06	0.01	0.002	0.012
S6_matched_vs_mismatched_LD	0.05	0.2	20	0.0001	T_L02_NK_PF10	500	True	0.068	0.0	0.932	0.014	0.002	0.984	1.0	1.0	0.026	0.234	0.0	0.53	0.024	8.832	0.526	0.2832118977556228	0.018911289759871792	0.004	0.0	0.058	0.014	0.002	1.0	1.0	0.018917344175702424	0.0	2.0909096081968115e-05	-0.054000000000000006	0.068	0.014
S6_matched_vs_mismatched_LD	0.05	0.2	20	0.0001	T_L04_B_IN_PF10	500	True	0.01	0.0	0.99	0.006	0.0	0.994	1.0	1.0	0.008	0.502	0.0	0.634	0.02	12.788	0.242	0.14443654887037422	0.006280384200583584	0.004	0.0	0.008	0.006	0.0	1.0	1.0	0.006280662858607144	0.0	3.263660157319936e-07	-0.004	0.01	0.006
S6_matched_vs_mismatched_LD	0.05	0.5	5	1e-06	T_L02_NK_PF10	500	True	0.0	0.0	1.0	0.0	0.0	1.0	1.0	1.0	0.0	0.012	0.0	0.042	0.0	1.322	0.028	0.0021195587124570327	0.0	0.0	0.0	0.0	0.0	0.0	1.0	1.0	0.0	0.0	0.0	0.0	0.0	0.0
S6_matched_vs_mismatched_LD	0.05	0.5	5	1e-06	T_L04_B_IN_PF10	500	True	0.0	0.0	1.0	0.0	0.0	1.0	1.0	1.0	0.0	0.036	0.0	0.062	0.002	1.232	0.042	0.0002568668105302273	0.0	0.0	0.0	0.0	0.0	0.0	1.0	1.0	0.0	0.0	0.0	0.0	0.0	0.0
S6_matched_vs_mismatched_LD	0.05	0.5	5	1e-05	T_L02_NK_PF10	500	True	0.0	0.0	1.0	0.002	0.0	0.998	1.0	1.0	0.002	0.022	0.0	0.046	0.002	1.6	0.054	0.016777662996008202	0.00171524365965955	0.002	0.0	0.0	0.002	0.0	1.0	1.0	0.001713294221233242	0.0	1.9494384263079034e-06	0.002	0.0	0.002
S6_matched_vs_mismatched_LD	0.05	0.5	5	1e-05	T_L04_B_IN_PF10	500	True	0.0	0.0	1.0	0.0	0.0	1.0	1.0	1.0	0.0	0.038	0.0	0.068	0.004	1.326	0.12	0.003379160427628325	0.0	0.0	0.0	0.0	0.0	0.0	1.0	1.0	0.0	0.0	0.0	0.0	0.0	0.0
S6_matched_vs_mismatched_LD	0.05	0.5	5	0.0001	T_L02_NK_PF10	500	True	0.012	0.0	0.988	0.002	0.0	0.998	1.0	1.0	0.002	0.012	0.0	0.034	0.002	1.492	0.122	0.10196057487708915	0.00198877246634133	0.0	0.0	0.01	0.002	0.0	1.0	1.0	0.00198877246634133	0.0	0.0	-0.01	0.012	0.002
S6_matched_vs_mismatched_LD	0.05	0.5	5	0.0001	T_L04_B_IN_PF10	500	True	0.0	0.0	1.0	0.0	0.002	0.998	1.0	1.0	0.002	0.044	0.0	0.088	0.0	1.504	0.19	0.027603614605513117	1.7685424910324e-06	0.0	0.0	0.0	0.0	0.002	1.0	1.0	9.127599590888e-07	0.0	8.557825319436e-07	0.0	0.0	0.0
S6_matched_vs_mismatched_LD	0.05	0.5	10	1e-06	T_L02_NK_PF10	500	True	0.0	0.0	1.0	0.0	0.0	1.0	1.0	1.0	0.0	0.006	0.0	0.024	0.002	0.97	0.162	0.0021147803989175163	0.0	0.0	0.0	0.0	0.0	0.0	1.0	1.0	0.0	0.0	0.0	0.0	0.0	0.0
S6_matched_vs_mismatched_LD	0.05	0.5	10	1e-06	T_L04_B_IN_PF10	500	True	0.0	0.0	1.0	0.0	0.0	1.0	1.0	1.0	0.0	0.054	0.0	0.094	0.002	1.706	0.168	0.0004857009477642559	0.0	0.0	0.0	0.0	0.0	0.0	1.0	1.0	0.0	0.0	0.0	0.0	0.0	0.0
S6_matched_vs_mismatched_LD	0.05	0.5	10	1e-05	T_L02_NK_PF10	500	True	0.0	0.0	1.0	0.0	0.0	1.0	1.0	1.0	0.0	0.008	0.0	0.022	0.002	1.12	0.078	0.018355950780522236	0.0	0.0	0.0	0.0	0.0	0.0	1.0	1.0	0.0	0.0	0.0	0.0	0.0	0.0
S6_matched_vs_mismatched_LD	0.05	0.5	10	1e-05	T_L04_B_IN_PF10	500	True	0.0	0.0	1.0	0.002	0.0	0.998	1.0	1.0	0.002	0.05	0.0	0.08	0.004	1.19	0.498	0.0054737765706727864	0.0019499553538200021	0.002	0.0	0.0	0.002	0.0	1.0	1.0	0.0019499553538200021	0.0	0.0	0.002	0.0	0.002
S6_matched_vs_mismatched_LD	0.05	0.5	10	0.0001	T_L02_NK_PF10	500	True	0.006	0.0	0.994	0.0	0.0	1.0	1.0	1.0	0.002	0.008	0.0	0.038	0.004	1.264	0.15	0.0916867429832139	0.000216341238518308	0.0	0.0	0.006	0.0	0.0	1.0	1.0	0.000216341238518308	0.0	0.0	-0.006	0.006	0.0
S6_matched_vs_mismatched_LD	0.05	0.5	10	0.0001	T_L04_B_IN_PF10	500	True	0.002	0.0	0.998	0.0	0.0	1.0	1.0	1.0	0.0	0.04	0.0	0.078	0.0	1.348	0.216	0.0283418599599345	0.0	0.0	0.0	0.002	0.0	0.0	1.0	1.0	0.0	0.0	0.0	-0.002	0.002	0.0
S6_matched_vs_mismatched_LD	0.05	0.5	20	1e-06	T_L02_NK_PF10	500	True	0.0	0.0	1.0	0.0	0.0	1.0	1.0	1.0	0.0	0.008	0.0	0.03	0.0	0.896	0.064	0.0013189936751064825	0.0	0.0	0.0	0.0	0.0	0.0	1.0	1.0	0.0	0.0	0.0	0.0	0.0	0.0
S6_matched_vs_mismatched_LD	0.05	0.5	20	1e-06	T_L04_B_IN_PF10	500	True	0.0	0.0	1.0	0.0	0.0	1.0	1.0	1.0	0.0	0.07	0.0	0.11	0.0	2.25	0.0	0.00044952534882036353	0.0	0.0	0.0	0.0	0.0	0.0	1.0	1.0	0.0	0.0	0.0	0.0	0.0	0.0
S6_matched_vs_mismatched_LD	0.05	0.5	20	1e-05	T_L02_NK_PF10	500	True	0.0	0.0	1.0	0.0	0.0	1.0	1.0	1.0	0.0	0.006	0.0	0.032	0.0	1.164	0.036	0.01646445060739427	0.0	0.0	0.0	0.0	0.0	0.0	1.0	1.0	0.0	0.0	0.0	0.0	0.0	0.0
S6_matched_vs_mismatched_LD	0.05	0.5	20	1e-05	T_L04_B_IN_PF10	500	True	0.0	0.0	1.0	0.0	0.0	1.0	1.0	1.0	0.0	0.036	0.0	0.08	0.0	1.556	0.024	0.004116329654641977	0.0	0.0	0.0	0.0	0.0	0.0	1.0	1.0	0.0	0.0	0.0	0.0	0.0	0.0
S6_matched_vs_mismatched_LD	0.05	0.5	20	0.0001	T_L02_NK_PF10	500	True	0.006	0.0	0.994	0.0	0.0	1.0	1.0	1.0	0.002	0.01	0.0	0.028	0.002	1.342	0.11	0.09123096919058442	0.000344673776341174	0.0	0.0	0.006	0.0	0.0	1.0	1.0	0.000344673776341174	0.0	0.0	-0.006	0.006	0.0
S6_matched_vs_mismatched_LD	0.05	0.5	20	0.0001	T_L04_B_IN_PF10	500	True	0.002	0.0	0.998	0.0	0.0	1.0	1.0	1.0	0.0	0.042	0.0	0.07	0.004	1.24	0.19	0.026394861496488793	0.0	0.0	0.0	0.002	0.0	0.0	1.0	1.0	0.0	0.0	0.0	-0.002	0.002	0.0
S6_matched_vs_mismatched_LD	0.05	0.8	5	1e-06	T_L02_NK_PF10	500	True	0.0	0.0	1.0	0.0	0.0	1.0	1.0	1.0	0.0	0.0	0.0	0.004	0.0	0.118	0.0	6.437356855389117e-05	0.0	0.0	0.0	0.0	0.0	0.0	1.0	1.0	0.0	0.0	0.0	0.0	0.0	0.0
S6_matched_vs_mismatched_LD	0.05	0.8	5	1e-06	T_L04_B_IN_PF10	500	True	0.0	0.0	1.0	0.0	0.0	1.0	1.0	1.0	0.0	0.004	0.002	0.012	0.002	0.248	0.144	8.465883975049885e-05	0.0	0.0	0.0	0.0	0.0	0.0	1.0	1.0	0.0	0.0	0.0	0.0	0.0	0.0
S6_matched_vs_mismatched_LD	0.05	0.8	5	1e-05	T_L02_NK_PF10	500	True	0.0	0.0	1.0	0.0	0.0	1.0	1.0	1.0	0.0	0.002	0.0	0.002	0.0	0.084	0.018	0.0006439913229180414	0.0	0.0	0.0	0.0	0.0	0.0	1.0	1.0	0.0	0.0	0.0	0.0	0.0	0.0
S6_matched_vs_mismatched_LD	0.05	0.8	5	1e-05	T_L04_B_IN_PF10	500	True	0.0	0.0	1.0	0.0	0.0	1.0	1.0	1.0	0.0	0.006	0.002	0.02	0.002	0.55	0.054	0.001149033645465051	0.0	0.0	0.0	0.0	0.0	0.0	1.0	1.0	0.0	0.0	0.0	0.0	0.0	0.0
S6_matched_vs_mismatched_LD	0.05	0.8	5	0.0001	T_L02_NK_PF10	500	True	0.0	0.0	1.0	0.0	0.0	1.0	1.0	1.0	0.0	0.002	0.004	0.002	0.004	0.09	0.08	0.009093560287108502	0.0	0.0	0.0	0.0	0.0	0.0	1.0	1.0	0.0	0.0	0.0	0.0	0.0	0.0
S6_matched_vs_mismatched_LD	0.05	0.8	5	0.0001	T_L04_B_IN_PF10	500	True	0.0	0.0	1.0	0.0	0.0	1.0	1.0	1.0	0.0	0.004	0.002	0.02	0.002	0.576	0.07	0.008538051952565781	0.0	0.0	0.0	0.0	0.0	0.0	1.0	1.0	0.0	0.0	0.0	0.0	0.0	0.0
S6_matched_vs_mismatched_LD	0.05	0.8	10	1e-06	T_L02_NK_PF10	500	True	0.0	0.0	1.0	0.0	0.0	1.0	1.0	1.0	0.0	0.002	0.002	0.006	0.002	0.036	0.026	6.208623191871791e-05	0.0	0.0	0.0	0.0	0.0	0.0	1.0	1.0	0.0	0.0	0.0	0.0	0.0	0.0
S6_matched_vs_mismatched_LD	0.05	0.8	10	1e-06	T_L04_B_IN_PF10	500	True	0.0	0.0	1.0	0.0	0.0	1.0	1.0	1.0	0.0	0.006	0.0	0.01	0.0	0.244	0.0	0.00010234490179472042	0.0	0.0	0.0	0.0	0.0	0.0	1.0	1.0	0.0	0.0	0.0	0.0	0.0	0.0
S6_matched_vs_mismatched_LD	0.05	0.8	10	1e-05	T_L02_NK_PF10	500	True	0.0	0.0	1.0	0.0	0.0	1.0	1.0	1.0	0.0	0.006	0.002	0.014	0.002	0.12	0.028	0.000889210064166544	0.0	0.0	0.0	0.0	0.0	0.0	1.0	1.0	0.0	0.0	0.0	0.0	0.0	0.0
S6_matched_vs_mismatched_LD	0.05	0.8	10	1e-05	T_L04_B_IN_PF10	500	True	0.0	0.0	1.0	0.0	0.0	1.0	1.0	1.0	0.0	0.004	0.004	0.012	0.004	0.396	0.31	0.0009890620523236493	0.0	0.0	0.0	0.0	0.0	0.0	1.0	1.0	0.0	0.0	0.0	0.0	0.0	0.0
S6_matched_vs_mismatched_LD	0.05	0.8	10	0.0001	T_L02_NK_PF10	500	True	0.0	0.0	1.0	0.0	0.0	1.0	1.0	1.0	0.0	0.004	0.0	0.006	0.0	0.034	0.0	0.007199110960575066	0.0	0.0	0.0	0.0	0.0	0.0	1.0	1.0	0.0	0.0	0.0	0.0	0.0	0.0
S6_matched_vs_mismatched_LD	0.05	0.8	10	0.0001	T_L04_B_IN_PF10	500	True	0.0	0.0	1.0	0.0	0.0	1.0	1.0	1.0	0.0	0.006	0.0	0.008	0.0	0.378	0.0	0.007768314255021912	0.0	0.0	0.0	0.0	0.0	0.0	1.0	1.0	0.0	0.0	0.0	0.0	0.0	0.0
S6_matched_vs_mismatched_LD	0.05	0.8	20	1e-06	T_L02_NK_PF10	500	True	0.0	0.0	1.0	0.0	0.0	1.0	1.0	1.0	0.0	0.002	0.002	0.01	0.002	0.082	0.056	8.480800295847264e-05	0.0	0.0	0.0	0.0	0.0	0.0	1.0	1.0	0.0	0.0	0.0	0.0	0.0	0.0
S6_matched_vs_mismatched_LD	0.05	0.8	20	1e-06	T_L04_B_IN_PF10	500	True	0.0	0.0	1.0	0.0	0.0	1.0	1.0	1.0	0.0	0.004	0.0	0.008	0.0	0.36	0.0	7.852098191492688e-05	0.0	0.0	0.0	0.0	0.0	0.0	1.0	1.0	0.0	0.0	0.0	0.0	0.0	0.0
S6_matched_vs_mismatched_LD	0.05	0.8	20	1e-05	T_L02_NK_PF10	500	True	0.0	0.0	1.0	0.0	0.0	1.0	1.0	1.0	0.0	0.004	0.0	0.006	0.0	0.092	0.04	0.0008211957579240642	0.0	0.0	0.0	0.0	0.0	0.0	1.0	1.0	0.0	0.0	0.0	0.0	0.0	0.0
S6_matched_vs_mismatched_LD	0.05	0.8	20	1e-05	T_L04_B_IN_PF10	500	True	0.0	0.0	1.0	0.0	0.0	1.0	1.0	1.0	0.0	0.004	0.0	0.01	0.0	0.21	0.026	0.0009473391454477295	0.0	0.0	0.0	0.0	0.0	0.0	1.0	1.0	0.0	0.0	0.0	0.0	0.0	0.0
S6_matched_vs_mismatched_LD	0.05	0.8	20	0.0001	T_L02_NK_PF10	500	True	0.0	0.0	1.0	0.0	0.0	1.0	1.0	1.0	0.0	0.002	0.0	0.008	0.0	0.076	0.0	0.006669344640064047	0.0	0.0	0.0	0.0	0.0	0.0	1.0	1.0	0.0	0.0	0.0	0.0	0.0	0.0
S6_matched_vs_mismatched_LD	0.05	0.8	20	0.0001	T_L04_B_IN_PF10	500	True	0.0	0.0	1.0	0.0	0.0	1.0	1.0	1.0	0.0	0.002	0.0	0.01	0.0	0.298	0.146	0.008038335092222149	0.0	0.0	0.0	0.0	0.0	0.0	1.0	1.0	0.0	0.0	0.0	0.0	0.0	0.0
S6_matched_vs_mismatched_LD	0.2	0.2	5	1e-06	T_L02_NK_PF10	500	True	0.066	0.096	0.838	0.042	0.132	0.826	1.0	1.0	0.384	0.964	0.0	0.998	0.14	14.428	3.404	0.2515570972731655	0.10260407358612739	0.01	0.018	0.016	0.042	0.136	1.0	1.0	0.10305993560323691	0.004	0.0006202228236624445	-0.024	0.066	0.042
S6_matched_vs_mismatched_LD	0.2	0.2	5	1e-06	T_L04_B_IN_PF10	500	True	0.116	0.002	0.882	0.378	0.0	0.622	1.0	1.0	0.416	0.982	0.238	1.0	0.414	20.374	7.194	0.262737702896933	0.38838595936917863	0.262	0.0	0.0	0.374	0.0	1.0	1.0	0.3823195503511807	0.004	0.007417433168621752	0.262	0.116	0.378
S6_matched_vs_mismatched_LD	0.2	0.2	5	1e-05	T_L02_NK_PF10	500	True	0.292	0.048	0.66	0.13	0.126	0.744	1.0	1.0	0.386	0.97	0.002	1.0	0.134	14.496	3.35	0.5259085478266039	0.15016986477806865	0.008	0.014	0.156	0.13	0.126	1.0	1.0	0.1503949410435285	0.0	0.0005144906261239354	-0.16199999999999998	0.292	0.13
S6_matched_vs_mismatched_LD	0.2	0.2	5	1e-05	T_L04_B_IN_PF10	500	True	0.374	0.0	0.626	0.468	0.0	0.532	1.0	1.0	0.468	0.962	0.284	1.0	0.468	20.166	7.826	0.5860672943751424	0.4649906311542133	0.146	0.0	0.052	0.466	0.0	1.0	1.0	0.46228935162799323	0.002	0.002703610044308445	0.09400000000000003	0.374	0.468
S6_matched_vs_mismatched_LD	0.2	0.2	5	0.0001	T_L02_NK_PF10	500	True	0.676	0.026	0.298	0.186	0.092	0.722	1.0	1.0	0.38	0.942	0.0	0.996	0.17	14.3	3.932	0.8142418161127225	0.24576502826211266	0.002	0.034	0.458	0.19	0.092	1.0	1.0	0.24992296171225062	0.004	0.004756204721151619	-0.49000000000000005	0.676	0.186
S6_matched_vs_mismatched_LD	0.2	0.2	5	0.0001	T_L04_B_IN_PF10	500	True	0.74	0.0	0.26	0.42	0.0	0.58	1.0	1.0	0.422	0.956	0.256	1.0	0.42	20.49	7.29	0.8518847291101629	0.42104587621612427	0.04	0.0	0.36	0.42	0.0	1.0	1.0	0.4210269104690492	0.0	3.678847402895102e-05	-0.32	0.74	0.42
S6_matched_vs_mismatched_LD	0.2	0.2	10	1e-06	T_L02_NK_PF10	500	True	0.044	0.098	0.858	0.05	0.152	0.798	1.0	1.0	0.39	0.962	0.002	0.998	0.154	14.466	3.452	0.23731125207020715	0.10831633743724554	0.016	0.002	0.008	0.052	0.152	1.0	1.0	0.10925229200699195	0.002	0.0009835495368321115	0.006000000000000005	0.044	0.05
S6_matched_vs_mismatched_LD	0.2	0.2	10	1e-06	T_L04_B_IN_PF10	500	True	0.122	0.002	0.876	0.372	0.004	0.624	1.0	1.0	0.402	0.972	0.254	1.0	0.402	20.128	7.274	0.2752507131653111	0.3801907284463591	0.25	0.0	0.0	0.372	0.002	1.0	1.0	0.37926634553258753	0.002	0.0009243835875554354	0.25	0.122	0.372
S6_matched_vs_mismatched_LD	0.2	0.2	10	1e-05	T_L02_NK_PF10	500	True	0.318	0.072	0.61	0.122	0.174	0.704	1.0	1.0	0.402	0.972	0.002	0.998	0.124	14.41	3.302	0.5181777382388998	0.14056261994008434	0.006	0.038	0.164	0.124	0.174	1.0	1.0	0.1426521043546643	0.002	0.0021954029712788516	-0.196	0.318	0.122
S6_matched_vs_mismatched_LD	0.2	0.2	10	1e-05	T_L04_B_IN_PF10	500	True	0.386	0.004	0.61	0.49	0.0	0.51	1.0	1.0	0.492	0.954	0.282	1.0	0.49	20.194	8.458	0.5792250691454192	0.48665782375626604	0.156	0.0	0.052	0.486	0.0	1.0	1.0	0.4820953811819035	0.004	0.0045668091353792545	0.10399999999999998	0.386	0.49
S6_matched_vs_mismatched_LD	0.2	0.2	10	0.0001	T_L02_NK_PF10	500	True	0.72	0.01	0.27	0.184	0.074	0.742	1.0	1.0	0.39	0.96	0.002	0.996	0.164	14.21	3.884	0.8379571508527531	0.2599727427291002	0.006	0.042	0.5	0.184	0.074	1.0	1.0	0.2599868887140245	0.0	0.0012666543729148087	-0.536	0.72	0.184
S6_matched_vs_mismatched_LD	0.2	0.2	10	0.0001	T_L04_B_IN_PF10	500	True	0.76	0.002	0.238	0.438	0.0	0.562	1.0	1.0	0.44	0.984	0.246	1.0	0.436	20.456	7.152	0.8579238510241153	0.43863115606173314	0.048	0.0	0.37	0.432	0.0	1.0	1.0	0.43259401923758095	0.01	0.010033808272386785	-0.322	0.76	0.438
S6_matched_vs_mismatched_LD	0.2	0.2	20	1e-06	T_L02_NK_PF10	500	True	0.068	0.122	0.81	0.052	0.156	0.792	1.0	1.0	0.396	0.972	0.004	1.0	0.152	14.188	3.732	0.24410265856230903	0.11214467396154458	0.016	0.006	0.026	0.052	0.156	1.0	1.0	0.1136618632517187	0.0	0.0015878900501263744	-0.016000000000000007	0.068	0.052
S6_matched_vs_mismatched_LD	0.2	0.2	20	1e-06	T_L04_B_IN_PF10	500	True	0.158	0.0	0.842	0.42	0.002	0.578	1.0	1.0	0.46	0.966	0.27	1.0	0.456	20.174	7.882	0.3159734370080422	0.43191259005780624	0.27	0.0	0.008	0.412	0.0	1.0	1.0	0.41967090765470244	0.01	0.012251197522206467	0.262	0.158	0.42
S6_matched_vs_mismatched_LD	0.2	0.2	20	1e-05	T_L02_NK_PF10	500	True	0.324	0.056	0.62	0.13	0.14	0.73	1.0	1.0	0.378	0.98	0.002	1.0	0.136	14.392	3.226	0.5309191302473447	0.14602391175871718	0.004	0.034	0.164	0.128	0.136	1.0	1.0	0.14535008468560512	0.006	0.003222949800741862	-0.194	0.324	0.13
S6_matched_vs_mismatched_LD	0.2	0.2	20	1e-05	T_L04_B_IN_PF10	500	True	0.372	0.006	0.622	0.416	0.0	0.584	1.0	1.0	0.42	0.976	0.258	1.0	0.42	20.72	7.296	0.5750915908552873	0.41717201907080026	0.116	0.0	0.072	0.41	0.0	1.0	1.0	0.4109812433875565	0.006	0.006204656399494787	0.043999999999999984	0.372	0.416
S6_matched_vs_mismatched_LD	0.2	0.2	20	0.0001	T_L02_NK_PF10	500	True	0.706	0.016	0.278	0.158	0.104	0.738	1.0	1.0	0.364	0.972	0.0	0.998	0.136	14.19	3.316	0.8289101963330144	0.22796164620864062	0.004	0.044	0.508	0.158	0.104	1.0	1.0	0.22660765551218343	0.0	0.002233362870106181	-0.5479999999999999	0.706	0.158
S6_matched_vs_mismatched_LD	0.2	0.2	20	0.0001	T_L04_B_IN_PF10	500	True	0.75	0.006	0.244	0.432	0.0	0.568	1.0	1.0	0.434	0.966	0.272	1.0	0.428	20.216	7.772	0.8542972797063489	0.43249780198052695	0.04	0.0	0.358	0.43	0.0	1.0	1.0	0.4304497487869251	0.002	0.002050453095900649	-0.318	0.75	0.432
S6_matched_vs_mismatched_LD	0.2	0.5	5	1e-06	T_L02_NK_PF10	500	True	0.016	0.0	0.984	0.014	0.006	0.98	1.0	1.0	0.042	0.264	0.002	0.28	0.008	5.476	0.414	0.09703769472467369	0.019710537002076967	0.0	0.002	0.0	0.014	0.006	1.0	1.0	0.01989580479905487	0.0	0.00023018572659086256	-0.002	0.016	0.014
S6_matched_vs_mismatched_LD	0.2	0.5	5	1e-06	T_L04_B_IN_PF10	500	True	0.008	0.0	0.992	0.014	0.0	0.986	1.0	1.0	0.018	0.85	0.004	0.892	0.022	11.72	0.21	0.037025745083726164	0.014820375943841791	0.006	0.0	0.0	0.014	0.0	1.0	1.0	0.014842035254685602	0.0	2.9749647154852594e-05	0.006	0.008	0.014
S6_matched_vs_mismatched_LD	0.2	0.5	5	1e-05	T_L02_NK_PF10	500	True	0.1	0.0	0.9	0.022	0.002	0.976	1.0	1.0	0.038	0.26	0.002	0.292	0.012	5.576	0.412	0.31206008805400065	0.025239444770041225	0.0	0.0	0.078	0.024	0.002	1.0	1.0	0.027263731021955638	0.002	0.0020850224714192957	-0.07800000000000001	0.1	0.022
S6_matched_vs_mismatched_LD	0.2	0.5	5	1e-05	T_L04_B_IN_PF10	500	True	0.04	0.0	0.96	0.03	0.002	0.968	1.0	1.0	0.04	0.85	0.012	0.894	0.034	12.482	0.856	0.13894511315741045	0.03221294984015765	0.012	0.0	0.022	0.03	0.002	1.0	1.0	0.03221488778026583	0.0	1.9895361250757665e-06	-0.010000000000000002	0.04	0.03
S6_matched_vs_mismatched_LD	0.2	0.5	5	0.0001	T_L02_NK_PF10	500	True	0.42	0.0	0.58	0.026	0.0	0.974	1.0	1.0	0.038	0.23	0.002	0.262	0.004	5.094	0.468	0.6557107591494651	0.030321160476645723	0.0	0.0	0.394	0.026	0.0	1.0	1.0	0.030316488097074726	0.0	2.076846805982424e-05	-0.39399999999999996	0.42	0.026
S6_matched_vs_mismatched_LD	0.2	0.5	5	0.0001	T_L04_B_IN_PF10	500	True	0.158	0.0	0.842	0.03	0.002	0.968	1.0	1.0	0.036	0.864	0.012	0.9	0.03	11.872	0.39	0.36521737236698015	0.032923638972314935	0.004	0.0	0.132	0.03	0.002	1.0	1.0	0.03296554117000491	0.0	7.546171715451366e-05	-0.128	0.158	0.03
S6_matched_vs_mismatched_LD	0.2	0.5	10	1e-06	T_L02_NK_PF10	500	True	0.012	0.0	0.988	0.008	0.002	0.99	1.0	1.0	0.034	0.252	0.0	0.276	0.01	5.278	0.48	0.08515460507225615	0.011952707499302878	0.002	0.0	0.006	0.008	0.002	1.0	1.0	0.011967540189151887	0.0	1.9127222076205202e-05	-0.004	0.012	0.008
S6_matched_vs_mismatched_LD	0.2	0.5	10	1e-06	T_L04_B_IN_PF10	500	True	0.002	0.002	0.996	0.012	0.002	0.986	1.0	1.0	0.018	0.846	0.01	0.886	0.016	11.966	0.568	0.03488416487208705	0.011813016940035205	0.01	0.0	0.0	0.012	0.002	1.0	1.0	0.011782113852520435	0.0	4.155517180797395e-05	0.01	0.002	0.012
S6_matched_vs_mismatched_LD	0.2	0.5	10	1e-05	T_L02_NK_PF10	500	True	0.108	0.0	0.892	0.022	0.004	0.974	1.0	1.0	0.052	0.286	0.004	0.316	0.018	5.528	0.514	0.32316861768659133	0.03244762004447688	0.002	0.002	0.086	0.022	0.004	1.0	1.0	0.03245511447732687	0.0	2.4372500403264998e-05	-0.086	0.108	0.022
S6_matched_vs_mismatched_LD	0.2	0.5	10	1e-05	T_L04_B_IN_PF10	500	True	0.044	0.0	0.956	0.02	0.004	0.976	1.0	1.0	0.03	0.82	0.004	0.874	0.024	12.136	0.796	0.14229336420865404	0.02071604101729573	0.01	0.0	0.034	0.02	0.004	1.0	1.0	0.020749996153677435	0.0	4.8022878277121605e-05	-0.023999999999999997	0.044	0.02
S6_matched_vs_mismatched_LD	0.2	0.5	10	0.0001	T_L02_NK_PF10	500	True	0.39	0.0	0.61	0.018	0.002	0.98	1.0	1.0	0.034	0.27	0.0	0.314	0.01	5.512	0.294	0.6581942714305026	0.025980296854430682	0.0	0.002	0.37	0.018	0.002	1.0	1.0	0.026068539472632088	0.0	0.00014325998615064372	-0.372	0.39	0.018
S6_matched_vs_mismatched_LD	0.2	0.5	10	0.0001	T_L04_B_IN_PF10	500	True	0.156	0.0	0.844	0.014	0.004	0.982	1.0	1.0	0.02	0.85	0.012	0.88	0.014	11.212	0.716	0.36656420877573376	0.017266236306143226	0.006	0.0	0.148	0.014	0.006	1.0	1.0	0.01722617214643837	0.002	5.15494350816697e-05	-0.142	0.156	0.014
S6_matched_vs_mismatched_LD	0.2	0.5	20	1e-06	T_L02_NK_PF10	500	True	0.026	0.0	0.974	0.012	0.0	0.988	1.0	1.0	0.034	0.244	0.0	0.274	0.004	5.13	0.404	0.09781206839618964	0.016483266400551116	0.002	0.0	0.016	0.012	0.0	1.0	1.0	0.016515042167516456	0.0	3.177576696533779e-05	-0.013999999999999999	0.026	0.012
S6_matched_vs_mismatched_LD	0.2	0.5	20	1e-06	T_L04_B_IN_PF10	500	True	0.002	0.0	0.998	0.022	0.004	0.974	1.0	1.0	0.03	0.848	0.014	0.874	0.026	11.62	0.74	0.03456832320583023	0.021677674248125698	0.022	0.0	0.002	0.022	0.004	1.0	1.0	0.02141124471258546	0.0	0.0002904203515463761	0.019999999999999997	0.002	0.022
S6_matched_vs_mismatched_LD	0.2	0.5	20	1e-05	T_L02_NK_PF10	500	True	0.104	0.0	0.896	0.026	0.004	0.97	1.0	1.0	0.042	0.23	0.002	0.26	0.008	5.176	0.468	0.29950084673883554	0.02823601719397004	0.002	0.004	0.076	0.026	0.004	1.0	1.0	0.028841036408895824	0.0	0.0006180909248927235	-0.078	0.104	0.026
S6_matched_vs_mismatched_LD	0.2	0.5	20	1e-05	T_L04_B_IN_PF10	500	True	0.034	0.0	0.966	0.018	0.002	0.98	1.0	1.0	0.02	0.866	0.012	0.9	0.024	11.608	0.502	0.1547199645370208	0.017903170747498705	0.006	0.0	0.022	0.018	0.002	1.0	1.0	0.017901982281882382	0.0	8.36803752981158e-06	-0.016000000000000004	0.034	0.018
S6_matched_vs_mismatched_LD	0.2	0.5	20	0.0001	T_L02_NK_PF10	500	True	0.402	0.0	0.598	0.018	0.0	0.982	1.0	1.0	0.032	0.268	0.004	0.306	0.014	5.336	0.41	0.643692099760321	0.025079486822148975	0.002	0.0	0.386	0.018	0.0	1.0	1.0	0.024677114420346355	0.0	0.00043970099380905204	-0.384	0.402	0.018
S6_matched_vs_mismatched_LD	0.2	0.5	20	0.0001	T_L04_B_IN_PF10	500	True	0.162	0.0	0.838	0.022	0.0	0.978	1.0	1.0	0.024	0.85	0.014	0.892	0.024	11.422	0.498	0.3556210845591796	0.02283797331512035	0.002	0.0	0.142	0.022	0.0	1.0	1.0	0.022769172304988344	0.0	6.93318765241595e-05	-0.14	0.162	0.022
S6_matched_vs_mismatched_LD	0.2	0.8	5	1e-06	T_L02_NK_PF10	500	True	0.0	0.0	1.0	0.0	0.0	1.0	1.0	1.0	0.0	0.016	0.002	0.116	0.004	0.534	0.022	0.0025926898681871207	0.0	0.0	0.0	0.0	0.0	0.0	1.0	1.0	0.0	0.0	0.0	0.0	0.0	0.0
S6_matched_vs_mismatched_LD	0.2	0.8	5	1e-06	T_L04_B_IN_PF10	500	True	0.0	0.0	1.0	0.0	0.0	1.0	1.0	1.0	0.0	0.004	0.002	0.148	0.006	2.24	0.302	0.002271377373849777	0.0	0.0	0.0	0.0	0.0	0.0	1.0	1.0	0.0	0.0	0.0	0.0	0.0	0.0
S6_matched_vs_mismatched_LD	0.2	0.8	5	1e-05	T_L02_NK_PF10	500	True	0.0	0.0	1.0	0.0	0.0	1.0	1.0	1.0	0.0	0.02	0.0	0.176	0.0	0.792	0.016	0.010069290221287353	0.0	0.0	0.0	0.0	0.0	0.0	1.0	1.0	0.0	0.0	0.0	0.0	0.0	0.0
S6_matched_vs_mismatched_LD	0.2	0.8	5	1e-05	T_L04_B_IN_PF10	500	True	0.0	0.0	1.0	0.0	0.0	1.0	1.0	1.0	0.0	0.012	0.004	0.118	0.004	1.648	0.336	0.007345620595479925	0.0	0.0	0.0	0.0	0.0	0.0	1.0	1.0	0.0	0.0	0.0	0.0	0.0	0.0
S6_matched_vs_mismatched_LD	0.2	0.8	5	0.0001	T_L02_NK_PF10	500	True	0.006	0.0	0.994	0.0	0.0	1.0	1.0	1.0	0.0	0.022	0.004	0.168	0.006	0.778	0.056	0.05121274776994247	0.0	0.0	0.0	0.006	0.0	0.0	1.0	1.0	0.0	0.0	0.0	-0.006	0.006	0.0
S6_matched_vs_mismatched_LD	0.2	0.8	5	0.0001	T_L04_B_IN_PF10	500	True	0.008	0.0	0.992	0.0	0.0	1.0	1.0	1.0	0.0	0.0	0.004	0.128	0.004	2.022	0.496	0.04467770863061538	0.0	0.0	0.0	0.008	0.0	0.0	1.0	1.0	0.0	0.0	0.0	-0.008	0.008	0.0
S6_matched_vs_mismatched_LD	0.2	0.8	10	1e-06	T_L02_NK_PF10	500	True	0.0	0.0	1.0	0.0	0.0	1.0	1.0	1.0	0.0	0.012	0.0	0.152	0.002	0.608	0.01	0.0016185092119633273	0.0	0.0	0.0	0.0	0.0	0.0	1.0	1.0	0.0	0.0	0.0	0.0	0.0	0.0
S6_matched_vs_mismatched_LD	0.2	0.8	10	1e-06	T_L04_B_IN_PF10	500	True	0.0	0.0	1.0	0.0	0.0	1.0	1.0	1.0	0.008	0.006	0.004	0.122	0.008	1.874	0.464	0.0027671831920139233	0.001645986633445823	0.0	0.0	0.0	0.0	0.0	1.0	1.0	0.0016458030343879351	0.0	1.8359905788800647e-07	0.0	0.0	0.0
S6_matched_vs_mismatched_LD	0.2	0.8	10	1e-05	T_L02_NK_PF10	500	True	0.0	0.0	1.0	0.0	0.0	1.0	1.0	1.0	0.0	0.018	0.0	0.166	0.0	0.694	0.0	0.009369583357002558	0.0	0.0	0.0	0.0	0.0	0.0	1.0	1.0	0.0	0.0	0.0	0.0	0.0	0.0
S6_matched_vs_mismatched_LD	0.2	0.8	10	1e-05	T_L04_B_IN_PF10	500	True	0.0	0.0	1.0	0.0	0.0	1.0	1.0	1.0	0.002	0.01	0.006	0.106	0.006	1.618	0.224	0.007385495051791837	2.0605659804435e-05	0.0	0.0	0.0	0.0	0.0	1.0	1.0	2.0605659804435e-05	0.0	0.0	0.0	0.0	0.0
S6_matched_vs_mismatched_LD	0.2	0.8	10	0.0001	T_L02_NK_PF10	500	True	0.012	0.0	0.988	0.0	0.0	1.0	1.0	1.0	0.0	0.012	0.002	0.126	0.002	0.544	0.044	0.04813899388610342	0.0	0.0	0.0	0.012	0.0	0.0	1.0	1.0	0.0	0.0	0.0	-0.012	0.012	0.0
S6_matched_vs_mismatched_LD	0.2	0.8	10	0.0001	T_L04_B_IN_PF10	500	True	0.004	0.0	0.996	0.0	0.0	1.0	1.0	1.0	0.0	0.002	0.002	0.108	0.004	1.536	0.082	0.03767130531170695	0.0	0.0	0.0	0.004	0.0	0.0	1.0	1.0	0.0	0.0	0.0	-0.004	0.004	0.0
S6_matched_vs_mismatched_LD	0.2	0.8	20	1e-06	T_L02_NK_PF10	500	True	0.0	0.0	1.0	0.0	0.0	1.0	1.0	1.0	0.0	0.012	0.0	0.122	0.0	0.588	0.036	0.0015685522988103536	0.0	0.0	0.0	0.0	0.0	0.0	1.0	1.0	0.0	0.0	0.0	0.0	0.0	0.0
S6_matched_vs_mismatched_LD	0.2	0.8	20	1e-06	T_L04_B_IN_PF10	500	True	0.0	0.0	1.0	0.0	0.0	1.0	1.0	1.0	0.0	0.008	0.006	0.144	0.006	2.158	0.274	0.000899650617026594	0.0	0.0	0.0	0.0	0.0	0.0	1.0	1.0	0.0	0.0	0.0	0.0	0.0	0.0
S6_matched_vs_mismatched_LD	0.2	0.8	20	1e-05	T_L02_NK_PF10	500	True	0.0	0.0	1.0	0.0	0.0	1.0	1.0	1.0	0.0	0.016	0.004	0.14	0.006	0.624	0.118	0.009143463885195054	0.0	0.0	0.0	0.0	0.0	0.0	1.0	1.0	0.0	0.0	0.0	0.0	0.0	0.0
S6_matched_vs_mismatched_LD	0.2	0.8	20	1e-05	T_L04_B_IN_PF10	500	True	0.0	0.0	1.0	0.0	0.0	1.0	1.0	1.0	0.002	0.012	0.004	0.134	0.006	1.958	0.122	0.008539936114573722	0.0015434791997003781	0.0	0.0	0.0	0.0	0.0	1.0	1.0	0.001550498444498996	0.0	7.01924479861793e-06	0.0	0.0	0.0
S6_matched_vs_mismatched_LD	0.2	0.8	20	0.0001	T_L02_NK_PF10	500	True	0.008	0.0	0.992	0.004	0.0	0.996	1.0	1.0	0.004	0.014	0.002	0.11	0.004	0.468	0.034	0.045977426993088974	0.003994451952331702	0.0	0.0	0.004	0.004	0.0	1.0	1.0	0.003994451952331702	0.0	0.0	-0.004	0.008	0.004
S6_matched_vs_mismatched_LD	0.2	0.8	20	0.0001	T_L04_B_IN_PF10	500	True	0.012	0.0	0.988	0.002	0.0	0.998	1.0	1.0	0.002	0.006	0.006	0.13	0.006	1.598	0.23	0.0552329172872154	0.0019479246777394398	0.0	0.0	0.01	0.002	0.0	1.0	1.0	0.0019486875251121221	0.0	7.628473726821739e-07	-0.01	0.012	0.002
S6_matched_vs_mismatched_LD	0.4	0.2	5	1e-06	T_L02_NK_PF10	500	True	0.098	0.318	0.584	0.078	0.332	0.59	1.0	1.0	0.676	0.956	0.006	1.0	0.246	13.1	5.998	0.2925728657078262	0.1777978606013259	0.012	0.014	0.018	0.082	0.332	1.0	1.0	0.1808572135940932	0.008	0.005649773581879278	-0.020000000000000004	0.098	0.078
S6_matched_vs_mismatched_LD	0.4	0.2	5	1e-06	T_L04_B_IN_PF10	500	True	0.322	0.012	0.666	0.754	0.008	0.238	1.0	1.0	0.78	0.954	0.618	1.0	0.78	19.462	15.566	0.5014292331702161	0.7575729151577477	0.436	0.0	0.004	0.744	0.012	1.0	1.0	0.7493115230900462	0.012	0.008261401769051787	0.432	0.322	0.754
S6_matched_vs_mismatched_LD	0.4	0.2	5	1e-05	T_L02_NK_PF10	500	True	0.364	0.218	0.418	0.252	0.324	0.424	1.0	1.0	0.708	0.97	0.002	1.0	0.254	12.942	5.986	0.5238787231157782	0.2697328911769363	0.024	0.026	0.11	0.252	0.324	1.0	1.0	0.26973658604717926	0.0	0.0010949343133142828	-0.11199999999999999	0.364	0.252
S6_matched_vs_mismatched_LD	0.4	0.2	5	1e-05	T_L04_B_IN_PF10	500	True	0.618	0.008	0.374	0.77	0.0	0.23	1.0	1.0	0.77	0.934	0.606	1.0	0.766	19.606	14.966	0.7525127568682661	0.7676745126082987	0.18	0.0	0.028	0.762	0.0	1.0	1.0	0.7595479994808793	0.008	0.008130741530454304	0.15200000000000002	0.618	0.77
S6_matched_vs_mismatched_LD	0.4	0.2	5	0.0001	T_L02_NK_PF10	500	True	0.66	0.14	0.2	0.272	0.34	0.388	1.0	1.0	0.71	0.958	0.008	1.0	0.256	12.98	6.188	0.7430620372000556	0.3721151589744353	0.004	0.08	0.312	0.27	0.338	1.0	1.0	0.3713741841922423	0.006	0.006940648081033473	-0.388	0.66	0.272
S6_matched_vs_mismatched_LD	0.4	0.2	5	0.0001	T_L04_B_IN_PF10	500	True	0.904	0.0	0.096	0.77	0.0	0.23	1.0	1.0	0.77	0.962	0.604	1.0	0.77	19.492	14.966	0.9388825565068146	0.7696703986697184	0.036	0.0	0.17	0.768	0.0	1.0	1.0	0.7676621681004064	0.002	0.0020082306960905838	-0.134	0.904	0.77
S6_matched_vs_mismatched_LD	0.4	0.2	10	1e-06	T_L02_NK_PF10	500	True	0.094	0.344	0.562	0.072	0.372	0.556	1.0	1.0	0.652	0.954	0.006	1.0	0.198	12.928	5.252	0.26749078072800353	0.14302304361945226	0.01	0.012	0.02	0.074	0.37	1.0	1.0	0.14435190574167553	0.004	0.0017795616552307677	-0.022000000000000006	0.094	0.072
S6_matched_vs_mismatched_LD	0.4	0.2	10	1e-06	T_L04_B_IN_PF10	500	True	0.394	0.008	0.598	0.794	0.004	0.202	1.0	1.0	0.81	0.952	0.656	1.0	0.808	19.556	16.342	0.553629855965335	0.7918946494804675	0.4	0.0	0.0	0.786	0.004	1.0	1.0	0.7831298643196167	0.008	0.008764798364143766	0.4	0.394	0.794
S6_matched_vs_mismatched_LD	0.4	0.2	10	1e-05	T_L02_NK_PF10	500	True	0.352	0.262	0.386	0.2	0.374	0.426	1.0	1.0	0.706	0.968	0.008	1.0	0.198	12.928	5.538	0.504024198697774	0.22305546990290873	0.014	0.026	0.14	0.202	0.374	1.0	1.0	0.22543330114591334	0.002	0.002651820383463528	-0.15199999999999997	0.352	0.2
S6_matched_vs_mismatched_LD	0.4	0.2	10	1e-05	T_L04_B_IN_PF10	500	True	0.658	0.002	0.34	0.778	0.0	0.222	1.0	1.0	0.78	0.954	0.602	1.0	0.78	19.572	15.042	0.7945845319685336	0.7767932868713121	0.144	0.0	0.024	0.772	0.0	1.0	1.0	0.7707079890970543	0.01	0.010063100849214763	0.12	0.658	0.778
S6_matched_vs_mismatched_LD	0.4	0.2	10	0.0001	T_L02_NK_PF10	500	True	0.67	0.082	0.248	0.282	0.33	0.388	1.0	1.0	0.722	0.964	0.002	1.0	0.248	13.122	6.236	0.7783363810475284	0.393454950926134	0.004	0.116	0.276	0.284	0.328	1.0	1.0	0.3958635396447414	0.008	0.008264952676000324	-0.38800000000000007	0.67	0.282
S6_matched_vs_mismatched_LD	0.4	0.2	10	0.0001	T_L04_B_IN_PF10	500	True	0.922	0.002	0.076	0.78	0.0	0.22	1.0	1.0	0.78	0.962	0.624	1.0	0.776	19.556	15.26	0.9424022791054498	0.7798017433849292	0.036	0.0	0.178	0.782	0.0	1.0	1.0	0.7817641683413917	0.002	0.001986881420514695	-0.14200000000000002	0.922	0.78
S6_matched_vs_mismatched_LD	0.4	0.2	20	1e-06	T_L02_NK_PF10	500	True	0.11	0.32	0.57	0.102	0.33	0.568	1.0	1.0	0.672	0.972	0.006	0.998	0.23	12.982	5.81	0.2927880530285198	0.1661635360956136	0.026	0.014	0.02	0.102	0.332	1.0	1.0	0.16798928144300765	0.002	0.002295763264389202	-0.008000000000000007	0.11	0.102
S6_matched_vs_mismatched_LD	0.4	0.2	20	1e-06	T_L04_B_IN_PF10	500	True	0.374	0.002	0.624	0.752	0.004	0.244	1.0	1.0	0.77	0.96	0.612	1.0	0.77	19.724	15.228	0.5382252863697786	0.7505788644714086	0.382	0.0	0.004	0.746	0.006	1.0	1.0	0.7466945420789283	0.006	0.0038843367786405786	0.378	0.374	0.752
S6_matched_vs_mismatched_LD	0.4	0.2	20	1e-05	T_L02_NK_PF10	500	True	0.432	0.176	0.392	0.272	0.266	0.462	1.0	1.0	0.676	0.972	0.004	1.0	0.274	13.118	6.216	0.585357948286904	0.28879918448631275	0.03	0.02	0.17	0.268	0.268	1.0	1.0	0.28603198536993923	0.006	0.0043984998869911595	-0.15999999999999998	0.432	0.272
S6_matched_vs_mismatched_LD	0.4	0.2	20	1e-05	T_L04_B_IN_PF10	500	True	0.618	0.008	0.374	0.756	0.0	0.244	1.0	1.0	0.764	0.96	0.616	1.0	0.76	19.514	15.338	0.7648480403890722	0.758746702310778	0.178	0.0	0.04	0.748	0.0	1.0	1.0	0.7525401749473261	0.008	0.009550578867006256	0.138	0.618	0.756
S6_matched_vs_mismatched_LD	0.4	0.2	20	0.0001	T_L02_NK_PF10	500	True	0.628	0.116	0.256	0.264	0.33	0.406	1.0	1.0	0.716	0.956	0.006	1.0	0.234	13.06	5.982	0.7507093941611047	0.37784239303548606	0.016	0.08	0.3	0.264	0.332	1.0	1.0	0.3795688396766958	0.012	0.0142106620332772	-0.364	0.628	0.264
S6_matched_vs_mismatched_LD	0.4	0.2	20	0.0001	T_L04_B_IN_PF10	500	True	0.892	0.0	0.108	0.742	0.0	0.258	1.0	1.0	0.744	0.944	0.598	1.0	0.74	19.476	15.06	0.9308768565717773	0.7431724599287852	0.038	0.0	0.188	0.74	0.0	1.0	1.0	0.7411483772148835	0.002	0.0020286204889474182	-0.15000000000000002	0.892	0.742
S6_matched_vs_mismatched_LD	0.4	0.5	5	1e-06	T_L02_NK_PF10	500	True	0.068	0.004	0.928	0.046	0.02	0.934	1.0	1.0	0.114	0.4	0.014	0.424	0.036	5.95	1.036	0.2076820124242691	0.04988666496379012	0.014	0.006	0.03	0.046	0.022	1.0	1.0	0.04981901061352429	0.002	0.00012719337134200936	-0.022000000000000006	0.068	0.046
S6_matched_vs_mismatched_LD	0.4	0.5	5	1e-06	T_L04_B_IN_PF10	500	True	0.032	0.0	0.968	0.066	0.002	0.932	1.0	1.0	0.076	0.964	0.038	0.992	0.068	9.506	1.048	0.12791531374749837	0.06588011859050508	0.042	0.0	0.008	0.066	0.002	1.0	1.0	0.06591358837079642	0.0	5.738259935791936e-05	0.034	0.032	0.066
S6_matched_vs_mismatched_LD	0.4	0.5	5	1e-05	T_L02_NK_PF10	500	True	0.29	0.0	0.71	0.084	0.014	0.902	1.0	1.0	0.14	0.414	0.01	0.444	0.028	6.04	1.22	0.5050995092105235	0.09878029689230894	0.002	0.008	0.2	0.084	0.014	1.0	1.0	0.09879528851528292	0.0	0.00022171086287926404	-0.20599999999999996	0.29	0.084
S6_matched_vs_mismatched_LD	0.4	0.5	5	1e-05	T_L04_B_IN_PF10	500	True	0.144	0.0	0.856	0.05	0.008	0.942	1.0	1.0	0.062	0.97	0.032	0.996	0.05	9.52	1.092	0.3253347469105307	0.0530145472702272	0.006	0.0	0.1	0.048	0.008	1.0	1.0	0.05134795068992818	0.002	0.0024524915165400007	-0.09399999999999999	0.144	0.05
S6_matched_vs_mismatched_LD	0.4	0.5	5	0.0001	T_L02_NK_PF10	500	True	0.616	0.0	0.384	0.074	0.008	0.918	1.0	1.0	0.11	0.422	0.008	0.442	0.018	6.052	1.01	0.7993934527274367	0.09195675886273406	0.004	0.008	0.538	0.074	0.006	1.0	1.0	0.0923068254674911	0.002	0.0009842160707691657	-0.542	0.616	0.074
S6_matched_vs_mismatched_LD	0.4	0.5	5	0.0001	T_L04_B_IN_PF10	500	True	0.414	0.0	0.586	0.082	0.0	0.918	1.0	1.0	0.082	0.964	0.046	0.996	0.084	10.054	1.192	0.6425342408947897	0.08196854985405096	0.002	0.0	0.334	0.08	0.0	1.0	1.0	0.07996928990392561	0.002	0.0020005614526268428	-0.33199999999999996	0.414	0.082
S6_matched_vs_mismatched_LD	0.4	0.5	10	1e-06	T_L02_NK_PF10	500	True	0.074	0.0	0.926	0.036	0.008	0.956	1.0	1.0	0.1	0.398	0.006	0.422	0.012	5.978	0.908	0.2320521686778036	0.053531962612497506	0.004	0.002	0.04	0.036	0.008	1.0	1.0	0.05354205057934929	0.0	3.8497005557783327e-05	-0.038	0.074	0.036
S6_matched_vs_mismatched_LD	0.4	0.5	10	1e-06	T_L04_B_IN_PF10	500	True	0.038	0.0	0.962	0.068	0.004	0.928	1.0	1.0	0.08	0.974	0.038	0.998	0.072	10.318	1.136	0.14105986091909886	0.06894288456011387	0.042	0.0	0.012	0.068	0.004	1.0	1.0	0.06898991635275527	0.0	7.611524273573974e-05	0.030000000000000006	0.038	0.068
S6_matched_vs_mismatched_LD	0.4	0.5	10	1e-05	T_L02_NK_PF10	500	True	0.274	0.002	0.724	0.072	0.02	0.908	1.0	1.0	0.126	0.408	0.008	0.448	0.03	6.018	1.126	0.4998497471454453	0.0831755752678874	0.01	0.012	0.2	0.072	0.018	1.0	1.0	0.08315285172643468	0.002	0.000146487273122536	-0.202	0.274	0.072
S6_matched_vs_mismatched_LD	0.4	0.5	10	1e-05	T_L04_B_IN_PF10	500	True	0.166	0.0	0.834	0.082	0.002	0.916	1.0	1.0	0.084	0.986	0.03	1.0	0.082	9.802	0.974	0.35753452887586906	0.08146958418002094	0.016	0.0	0.1	0.082	0.002	1.0	1.0	0.08148775376769743	0.0	2.1938504853581902e-05	-0.084	0.166	0.082
S6_matched_vs_mismatched_LD	0.4	0.5	10	0.0001	T_L02_NK_PF10	500	True	0.62	0.0	0.38	0.088	0.006	0.906	1.0	1.0	0.12	0.41	0.016	0.43	0.03	5.87	1.232	0.796809313180026	0.10235928430600431	0.004	0.004	0.532	0.088	0.006	1.0	1.0	0.10235857335307025	0.0	0.0001696445917441276	-0.532	0.62	0.088
S6_matched_vs_mismatched_LD	0.4	0.5	10	0.0001	T_L04_B_IN_PF10	500	True	0.386	0.0	0.614	0.078	0.0	0.922	1.0	1.0	0.084	0.972	0.026	0.992	0.076	10.35	1.162	0.6249132759439142	0.0822117252516646	0.006	0.0	0.314	0.074	0.0	1.0	1.0	0.07821618328830487	0.008	0.008003473603930682	-0.308	0.386	0.078
S6_matched_vs_mismatched_LD	0.4	0.5	20	1e-06	T_L02_NK_PF10	500	True	0.074	0.004	0.922	0.04	0.016	0.944	1.0	1.0	0.118	0.362	0.006	0.408	0.018	5.918	1.126	0.2272066718924973	0.05265615008569599	0.006	0.006	0.034	0.04	0.016	1.0	1.0	0.05255144754886367	0.0	0.00016856516070670274	-0.033999999999999996	0.074	0.04
S6_matched_vs_mismatched_LD	0.4	0.5	20	1e-06	T_L04_B_IN_PF10	500	True	0.042	0.0	0.958	0.072	0.002	0.926	1.0	1.0	0.082	0.972	0.038	0.996	0.072	9.468	1.394	0.14252224507842676	0.07098561131638297	0.042	0.0	0.012	0.072	0.002	1.0	1.0	0.07011835958538638	0.0	0.0008786634386491555	0.029999999999999992	0.042	0.072
S6_matched_vs_mismatched_LD	0.4	0.5	20	1e-05	T_L02_NK_PF10	500	True	0.302	0.002	0.696	0.056	0.026	0.918	1.0	1.0	0.112	0.39	0.01	0.422	0.024	5.912	0.998	0.5198924722565311	0.07259579489844953	0.002	0.016	0.232	0.058	0.026	1.0	1.0	0.07471581960276213	0.002	0.002168297056653762	-0.246	0.302	0.056
S6_matched_vs_mismatched_LD	0.4	0.5	20	1e-05	T_L04_B_IN_PF10	500	True	0.176	0.0	0.824	0.08	0.0	0.92	1.0	1.0	0.084	0.966	0.034	0.996	0.078	10.36	1.106	0.3524252430751217	0.08091709159934207	0.012	0.0	0.108	0.08	0.0	1.0	1.0	0.08092273690785257	0.0	9.947877578825537e-06	-0.09599999999999999	0.176	0.08
S6_matched_vs_mismatched_LD	0.4	0.5	20	0.0001	T_L02_NK_PF10	500	True	0.614	0.0	0.386	0.092	0.008	0.9	1.0	1.0	0.112	0.406	0.008	0.444	0.024	5.94	1.034	0.7984462164191914	0.097008816944059	0.0	0.008	0.514	0.09	0.008	1.0	1.0	0.0950186777654349	0.002	0.002093689857509779	-0.522	0.614	0.092
S6_matched_vs_mismatched_LD	0.4	0.5	20	0.0001	T_L04_B_IN_PF10	500	True	0.404	0.0	0.596	0.074	0.0	0.926	1.0	1.0	0.076	0.974	0.03	0.996	0.072	10.106	1.054	0.6342061357896182	0.07543021320559923	0.008	0.0	0.338	0.076	0.0	1.0	1.0	0.07544872052140754	0.002	1.8568300313480222e-05	-0.33	0.404	0.074
S6_matched_vs_mismatched_LD	0.4	0.8	5	1e-06	T_L02_NK_PF10	500	True	0.0	0.0	1.0	0.0	0.0	1.0	1.0	1.0	0.002	0.09	0.002	0.372	0.004	2.052	0.052	0.0078157433032897	0.0013907535199007219	0.0	0.0	0.0	0.0	0.0	1.0	1.0	0.0013907535199007219	0.0	0.0	0.0	0.0	0.0
S6_matched_vs_mismatched_LD	0.4	0.8	5	1e-06	T_L04_B_IN_PF10	500	True	0.0	0.0	1.0	0.002	0.0	0.998	1.0	1.0	0.006	0.014	0.01	0.328	0.014	3.582	0.41	0.005656258892739771	0.00346116739217916	0.002	0.0	0.0	0.002	0.0	1.0	1.0	0.003466619182429338	0.0	5.4517902501780565e-06	0.002	0.0	0.002
S6_matched_vs_mismatched_LD	0.4	0.8	5	1e-05	T_L02_NK_PF10	500	True	0.014	0.0	0.986	0.002	0.0	0.998	1.0	1.0	0.002	0.084	0.002	0.344	0.004	1.88	0.036	0.04814750802907106	0.001989941321486016	0.0	0.0	0.012	0.002	0.0	1.0	1.0	0.001989941321486016	0.0	0.0	-0.012	0.014	0.002
S6_matched_vs_mismatched_LD	0.4	0.8	5	1e-05	T_L04_B_IN_PF10	500	True	0.004	0.0	0.996	0.004	0.0	0.996	1.0	1.0	0.004	0.01	0.002	0.292	0.006	3.136	0.222	0.027718129684013784	0.0034789406445270717	0.002	0.0	0.002	0.004	0.0	1.0	1.0	0.0034796608641359077	0.0	7.202196088360591e-07	0.0	0.004	0.004
S6_matched_vs_mismatched_LD	0.4	0.8	5	0.0001	T_L02_NK_PF10	500	True	0.048	0.0	0.952	0.002	0.0	0.998	1.0	1.0	0.002	0.086	0.004	0.358	0.006	1.9	0.098	0.14596914957429505	0.00199790653617792	0.0	0.0	0.046	0.002	0.0	1.0	1.0	0.00199790653617792	0.0	0.0	-0.046	0.048	0.002
S6_matched_vs_mismatched_LD	0.4	0.8	5	0.0001	T_L04_B_IN_PF10	500	True	0.03	0.0	0.97	0.006	0.0	0.994	1.0	1.0	0.008	0.006	0.014	0.278	0.014	2.682	0.454	0.108009979431115	0.006404108980439277	0.0	0.0	0.024	0.006	0.0	1.0	1.0	0.006404108980439277	0.0	0.0	-0.024	0.03	0.006
S6_matched_vs_mismatched_LD	0.4	0.8	10	1e-06	T_L02_NK_PF10	500	True	0.0	0.0	1.0	0.0	0.0	1.0	1.0	1.0	0.0	0.084	0.002	0.362	0.004	1.944	0.032	0.00736367933188357	0.0	0.0	0.0	0.0	0.0	0.0	1.0	1.0	0.0	0.0	0.0	0.0	0.0	0.0
S6_matched_vs_mismatched_LD	0.4	0.8	10	1e-06	T_L04_B_IN_PF10	500	True	0.0	0.0	1.0	0.002	0.0	0.998	1.0	1.0	0.002	0.01	0.016	0.322	0.016	3.462	0.362	0.0072559164494893314	0.0016656011011454762	0.002	0.0	0.0	0.002	0.0	1.0	1.0	0.0016656011011454762	0.0	0.0	0.002	0.0	0.002
S6_matched_vs_mismatched_LD	0.4	0.8	10	1e-05	T_L02_NK_PF10	500	True	0.0	0.0	1.0	0.0	0.0	1.0	1.0	1.0	0.002	0.08	0.002	0.378	0.002	1.94	0.038	0.03318717659734894	0.0001143755355630032	0.0	0.0	0.0	0.0	0.0	1.0	1.0	0.0001143755355630032	0.0	0.0	0.0	0.0	0.0
S6_matched_vs_mismatched_LD	0.4	0.8	10	1e-05	T_L04_B_IN_PF10	500	True	0.004	0.0	0.996	0.0	0.0	1.0	1.0	1.0	0.004	0.018	0.008	0.322	0.008	3.546	0.6	0.03312678335875118	0.0015550629038996457	0.0	0.0	0.004	0.0	0.0	1.0	1.0	0.00155719058941064	0.0	2.127685510994598e-06	-0.004	0.004	0.0
S6_matched_vs_mismatched_LD	0.4	0.8	10	0.0001	T_L02_NK_PF10	500	True	0.032	0.0	0.968	0.0	0.0	1.0	1.0	1.0	0.002	0.08	0.002	0.336	0.002	1.754	0.056	0.12444155876185782	0.000467901282305956	0.0	0.0	0.032	0.0	0.0	1.0	1.0	0.000452405392162468	0.0	1.5495890143488013e-05	-0.032	0.032	0.0
S6_matched_vs_mismatched_LD	0.4	0.8	10	0.0001	T_L04_B_IN_PF10	500	True	0.03	0.0	0.97	0.008	0.0	0.992	1.0	1.0	0.008	0.006	0.014	0.306	0.018	3.134	0.62	0.12841362616831653	0.0078081710114113355	0.002	0.0	0.024	0.008	0.0	1.0	1.0	0.007808275781006172	0.0	1.0476959483596282e-07	-0.022	0.03	0.008
S6_matched_vs_mismatched_LD	0.4	0.8	20	1e-06	T_L02_NK_PF10	500	True	0.0	0.0	1.0	0.0	0.0	1.0	1.0	1.0	0.0	0.078	0.002	0.374	0.01	1.888	0.086	0.005990466478406667	0.0	0.0	0.0	0.0	0.0	0.0	1.0	1.0	0.0	0.0	0.0	0.0	0.0	0.0
S6_matched_vs_mismatched_LD	0.4	0.8	20	1e-06	T_L04_B_IN_PF10	500	True	0.0	0.0	1.0	0.0	0.0	1.0	1.0	1.0	0.002	0.01	0.002	0.302	0.006	3.012	0.308	0.008266540735418023	0.001515049712342996	0.0	0.0	0.0	0.0	0.0	1.0	1.0	0.001515049712342996	0.0	0.0	0.0	0.0	0.0
S6_matched_vs_mismatched_LD	0.4	0.8	20	1e-05	T_L02_NK_PF10	500	True	0.006	0.0	0.994	0.0	0.0	1.0	1.0	1.0	0.0	0.1	0.0	0.404	0.004	2.248	0.036	0.04104720293312099	0.0	0.0	0.0	0.006	0.0	0.0	1.0	1.0	0.0	0.0	0.0	-0.006	0.006	0.0
S6_matched_vs_mismatched_LD	0.4	0.8	20	1e-05	T_L04_B_IN_PF10	500	True	0.0	0.0	1.0	0.002	0.0	0.998	1.0	1.0	0.002	0.014	0.004	0.282	0.006	3.156	0.326	0.027909999950855077	0.0018789917588305919	0.002	0.0	0.0	0.002	0.0	1.0	1.0	0.0018789917588305919	0.0	0.0	0.002	0.0	0.002
S6_matched_vs_mismatched_LD	0.4	0.8	20	0.0001	T_L02_NK_PF10	500	True	0.048	0.0	0.952	0.002	0.0	0.998	1.0	1.0	0.002	0.088	0.0	0.39	0.002	2.018	0.006	0.14648409368342571	0.00199570063146343	0.0	0.0	0.046	0.002	0.0	1.0	1.0	0.00199570063146343	0.0	0.0	-0.046	0.048	0.002
S6_matched_vs_mismatched_LD	0.4	0.8	20	0.0001	T_L04_B_IN_PF10	500	True	0.026	0.0	0.974	0.008	0.0	0.992	1.0	1.0	0.012	0.016	0.012	0.322	0.016	3.308	0.47	0.12938371460266926	0.00952360277409518	0.0	0.0	0.018	0.008	0.0	1.0	1.0	0.009504570892301247	0.0	2.099913980132584e-05	-0.018	0.026	0.008
