grid_id	scenario	maf	causal_r2	susie_L	p12	replicates	true_shared	abf_h4_rate	abf_h3_rate	abf_uninformative_rate	matched_h4_rate	matched_h3_rate	matched_uninformative_rate	matched_fit_success_rate	matched_convergence_rate	matched_pair_rate	matched_d_cover_all_rate	matched_q_cover_all_rate	matched_d_cover_any_rate	matched_q_cover_any_rate	matched_mean_d_cs_size	matched_mean_q_cs_size	mean_abf_h4	mean_matched_best_h4_all	abf_to_matched_h4_rate	abf_h4_to_matched_h3_rate	abf_h4_to_uninformative_rate	mismatch_h4_rate	mismatch_h3_rate	mismatch_fit_success_rate	mismatch_convergence_rate	mismatch_mean_best_h4_all	mismatch_decision_flip_rate	mismatch_mean_abs_h4_delta	h4_rate_delta_matched_minus_abf	correct_h4_decision_rate_abf	correct_h4_decision_rate_matched
R7B1C_G001	S1_one_shared	0.05	0.2	5	1e-06	1000	True	0.015	0.0	0.985	0.04	0.0	0.96	1.0	1.0	0.095	0.91	0.094	0.91	0.094	8.579	1.271	0.10381305967194246	0.06928227509106585	0.026	0.0	0.001								0.025	0.015	0.04
R7B1C_G002	S1_one_shared	0.05	0.2	5	1e-05	1000	True	0.094	0.0	0.906	0.083	0.0	0.917	1.0	1.0	0.09	0.911	0.095	0.911	0.095	8.779	1.45	0.3403864049265142	0.0807294313030228	0.027	0.0	0.038								-0.010999999999999996	0.094	0.083
R7B1C_G003	S1_one_shared	0.05	0.2	5	0.0001	1000	True	0.472	0.0	0.528	0.089	0.0	0.911	1.0	1.0	0.091	0.908	0.093	0.908	0.093	8.608	1.329	0.7219804399460527	0.08969722758602822	0.0	0.0	0.383								-0.383	0.472	0.089
R7B1C_G004	S1_one_shared	0.05	0.2	10	1e-06	1000	True	0.006	0.0	0.994	0.03	0.0	0.97	1.0	1.0	0.103	0.897	0.106	0.897	0.106	8.659	1.594	0.09911941678746033	0.06596200217138405	0.025	0.0	0.001								0.024	0.006	0.03
R7B1C_G005	S1_one_shared	0.05	0.2	10	1e-05	1000	True	0.111	0.0	0.889	0.104	0.0	0.896	1.0	1.0	0.11	0.908	0.112	0.908	0.112	8.763	1.677	0.3512127362730893	0.1015971671655082	0.027	0.0	0.034								-0.007000000000000006	0.111	0.104
R7B1C_G006	S1_one_shared	0.05	0.2	10	0.0001	1000	True	0.46	0.0	0.54	0.091	0.0	0.909	1.0	1.0	0.093	0.912	0.098	0.912	0.098	8.575	1.482	0.7180084916626774	0.0908107913759365	0.001	0.0	0.37								-0.369	0.46	0.091
R7B1C_G007	S1_one_shared	0.05	0.2	20	1e-06	1000	True	0.01	0.0	0.99	0.032	0.0	0.968	1.0	1.0	0.099	0.935	0.102	0.935	0.102	8.768	1.413	0.10582670603826004	0.06688211646679242	0.025	0.0	0.003								0.022	0.01	0.032
R7B1C_G008	S1_one_shared	0.05	0.2	20	1e-05	1000	True	0.116	0.0	0.884	0.099	0.0	0.901	1.0	1.0	0.103	0.91	0.106	0.91	0.106	8.563	1.487	0.3401315586983985	0.09553970742324168	0.022	0.0	0.039								-0.017	0.116	0.099
R7B1C_G009	S1_one_shared	0.05	0.2	20	0.0001	1000	True	0.454	0.0	0.546	0.081	0.0	0.919	1.0	1.0	0.085	0.908	0.09	0.908	0.09	8.593	1.311	0.7140258949298606	0.08223957369209227	0.002	0.0	0.375								-0.373	0.454	0.081
R7B1C_G010	S1_one_shared	0.05	0.5	5	1e-06	1000	True	0.016	0.0	0.984	0.031	0.002	0.967	1.0	1.0	0.056	0.834	0.055	0.834	0.055	5.32	1.143	0.09244333776828795	0.037157617315329135	0.017	0.0	0.002								0.015	0.016	0.031
R7B1C_G011	S1_one_shared	0.05	0.5	5	1e-05	1000	True	0.094	0.0	0.906	0.051	0.0	0.949	1.0	1.0	0.07	0.823	0.06	0.823	0.06	5.086	1.444	0.32637117941029803	0.058097866572149874	0.008	0.0	0.051								-0.043000000000000003	0.094	0.051
R7B1C_G012	S1_one_shared	0.05	0.5	5	0.0001	1000	True	0.435	0.0	0.565	0.059	0.0	0.941	1.0	1.0	0.065	0.822	0.052	0.822	0.052	5.106	1.262	0.6944765395408627	0.061150532037417576	0.001	0.0	0.377								-0.376	0.435	0.059
R7B1C_G013	S1_one_shared	0.05	0.5	10	1e-06	1000	True	0.015	0.0	0.985	0.025	0.0	0.975	1.0	1.0	0.046	0.838	0.044	0.838	0.044	5.267	1.044	0.0894293489151105	0.030919158505134638	0.013	0.0	0.003								0.010000000000000002	0.015	0.025
R7B1C_G014	S1_one_shared	0.05	0.5	10	1e-05	1000	True	0.09	0.0	0.91	0.042	0.0	0.958	1.0	1.0	0.053	0.808	0.05	0.808	0.05	5.224	0.993	0.32357384275618883	0.046138280748548144	0.005	0.0	0.053								-0.047999999999999994	0.09	0.042
R7B1C_G015	S1_one_shared	0.05	0.5	10	0.0001	1000	True	0.407	0.0	0.593	0.045	0.0	0.955	1.0	1.0	0.052	0.832	0.038	0.832	0.038	5.278	1.184	0.6872701351042632	0.047713421526912735	0.003	0.0	0.365								-0.362	0.407	0.045
R7B1C_G016	S1_one_shared	0.05	0.5	20	1e-06	1000	True	0.01	0.0	0.99	0.019	0.001	0.98	1.0	1.0	0.052	0.828	0.049	0.828	0.049	5.109	1.141	0.08819518179169193	0.03135150524232159	0.011	0.0	0.002								0.009	0.01	0.019
R7B1C_G017	S1_one_shared	0.05	0.5	20	1e-05	1000	True	0.081	0.0	0.919	0.043	0.0	0.957	1.0	1.0	0.051	0.845	0.045	0.845	0.045	5.119	0.95	0.3237203335182118	0.04447689931367303	0.008	0.0	0.046								-0.038000000000000006	0.081	0.043
R7B1C_G018	S1_one_shared	0.05	0.5	20	0.0001	1000	True	0.42	0.0	0.58	0.048	0.0	0.952	1.0	1.0	0.053	0.818	0.049	0.818	0.049	5.403	1.07	0.6866584870147755	0.04925900827837652	0.0	0.0	0.372								-0.372	0.42	0.048
R7B1C_G019	S1_one_shared	0.05	0.8	5	1e-06	1000	True	0.008	0.0	0.992	0.023	0.0	0.977	1.0	1.0	0.101	0.912	0.099	0.912	0.099	12.881	2.192	0.08782314374552734	0.0625626114016621	0.015	0.0	0.0								0.015	0.008	0.023
R7B1C_G020	S1_one_shared	0.05	0.8	5	1e-05	1000	True	0.094	0.0	0.906	0.105	0.001	0.894	1.0	1.0	0.115	0.892	0.113	0.892	0.113	12.775	2.381	0.328587701625005	0.10406939144389189	0.028	0.0	0.017								0.010999999999999996	0.094	0.105
R7B1C_G021	S1_one_shared	0.05	0.8	5	0.0001	1000	True	0.435	0.0	0.565	0.125	0.0	0.875	1.0	1.0	0.126	0.889	0.118	0.889	0.118	13.07	2.497	0.7123215463153302	0.12418057063640194	0.002	0.0	0.312								-0.31	0.435	0.125
R7B1C_G022	S1_one_shared	0.05	0.8	10	1e-06	1000	True	0.01	0.0	0.99	0.031	0.0	0.969	1.0	1.0	0.13	0.893	0.119	0.893	0.119	12.849	2.54	0.09468389167449028	0.07865749067245764	0.021	0.0	0.0								0.020999999999999998	0.01	0.031
R7B1C_G023	S1_one_shared	0.05	0.8	10	1e-05	1000	True	0.093	0.0	0.907	0.109	0.0	0.891	1.0	1.0	0.123	0.908	0.118	0.908	0.118	12.982	2.324	0.31919344162631486	0.11137947373109147	0.028	0.0	0.012								0.016	0.093	0.109
R7B1C_G024	S1_one_shared	0.05	0.8	10	0.0001	1000	True	0.427	0.0	0.573	0.109	0.0	0.891	1.0	1.0	0.113	0.911	0.104	0.911	0.104	13.025	2.252	0.7016355663547529	0.1097263043806472	0.0	0.0	0.318								-0.318	0.427	0.109
R7B1C_G025	S1_one_shared	0.05	0.8	20	1e-06	1000	True	0.008	0.0	0.992	0.037	0.0	0.963	1.0	1.0	0.132	0.898	0.123	0.898	0.123	13.039	2.634	0.09890966724465408	0.08085069580037163	0.029	0.0	0.0								0.028999999999999998	0.008	0.037
R7B1C_G026	S1_one_shared	0.05	0.8	20	1e-05	1000	True	0.082	0.0	0.918	0.119	0.001	0.88	1.0	1.0	0.131	0.91	0.123	0.91	0.123	13.112	2.729	0.33086082452812254	0.11663114823357588	0.043	0.0	0.006								0.03699999999999999	0.082	0.119
R7B1C_G027	S1_one_shared	0.05	0.8	20	0.0001	1000	True	0.441	0.0	0.559	0.128	0.0	0.872	1.0	1.0	0.13	0.924	0.117	0.924	0.117	13.003	2.702	0.7178199561239298	0.1273998422537815	0.002	0.0	0.315								-0.313	0.441	0.128
R7B1C_G028	S1_one_shared	0.2	0.2	5	1e-06	1000	True	0.654	0.0	0.346	0.596	0.0	0.404	1.0	1.0	0.741	0.992	0.739	0.992	0.739	7.672	7.723	0.7707748489720946	0.6395401507069578	0.021	0.0	0.079								-0.05800000000000005	0.654	0.596
R7B1C_G029	S1_one_shared	0.2	0.2	5	1e-05	1000	True	0.882	0.0	0.118	0.697	0.0	0.303	1.0	1.0	0.699	0.991	0.695	0.991	0.695	7.67	7.224	0.9231095212965527	0.6858651385203011	0.0	0.0	0.185								-0.18500000000000005	0.882	0.697
R7B1C_G030	S1_one_shared	0.2	0.2	5	0.0001	1000	True	0.991	0.0	0.009	0.722	0.0	0.278	1.0	1.0	0.724	0.989	0.719	0.989	0.719	7.733	7.533	0.9892046296717649	0.7220534085086703	0.0	0.0	0.269								-0.269	0.991	0.722
R7B1C_G031	S1_one_shared	0.2	0.2	10	1e-06	1000	True	0.647	0.0	0.353	0.606	0.0	0.394	1.0	1.0	0.731	0.985	0.73	0.985	0.73	7.742	7.731	0.7591740274412571	0.6373836743117762	0.012	0.0	0.053								-0.041000000000000036	0.647	0.606
R7B1C_G032	S1_one_shared	0.2	0.2	10	1e-05	1000	True	0.907	0.0	0.093	0.728	0.001	0.271	1.0	1.0	0.73	0.989	0.726	0.989	0.726	7.776	7.711	0.9352501631177401	0.7150774914831232	0.0	0.001	0.178								-0.17900000000000005	0.907	0.728
R7B1C_G033	S1_one_shared	0.2	0.2	10	0.0001	1000	True	0.988	0.0	0.012	0.714	0.0	0.286	1.0	1.0	0.714	0.987	0.71	0.987	0.71	7.611	7.551	0.9861060527102445	0.7124195190155245	0.0	0.0	0.274								-0.274	0.988	0.714
R7B1C_G034	S1_one_shared	0.2	0.2	20	1e-06	1000	True	0.631	0.001	0.368	0.573	0.001	0.426	1.0	1.0	0.709	0.988	0.706	0.988	0.706	7.755	7.554	0.7530729204833614	0.6138170937610087	0.015	0.0	0.073								-0.05800000000000005	0.631	0.573
R7B1C_G035	S1_one_shared	0.2	0.2	20	1e-05	1000	True	0.903	0.0	0.097	0.711	0.0	0.289	1.0	1.0	0.712	0.988	0.708	0.988	0.708	7.74	7.605	0.9306133649576547	0.6981863141204802	0.0	0.0	0.192								-0.19200000000000006	0.903	0.711
R7B1C_G036	S1_one_shared	0.2	0.2	20	0.0001	1000	True	0.988	0.0	0.012	0.734	0.0	0.266	1.0	1.0	0.734	0.99	0.73	0.99	0.73	7.853	7.619	0.9876761225748936	0.732705982499096	0.0	0.0	0.254								-0.254	0.988	0.734
R7B1C_G037	S1_one_shared	0.2	0.5	5	1e-06	1000	True	0.657	0.0	0.343	0.509	0.002	0.489	1.0	1.0	0.584	0.995	0.565	0.995	0.565	2.483	6.044	0.7767997256627998	0.5320541828795051	0.007	0.0	0.155								-0.14800000000000002	0.657	0.509
R7B1C_G038	S1_one_shared	0.2	0.5	5	1e-05	1000	True	0.889	0.0	0.111	0.585	0.0	0.415	1.0	1.0	0.597	0.994	0.575	0.994	0.575	2.421	5.756	0.9299135299906846	0.5856776388345893	0.0	0.0	0.304								-0.30400000000000005	0.889	0.585
R7B1C_G039	S1_one_shared	0.2	0.5	5	0.0001	1000	True	0.986	0.0	0.014	0.609	0.0	0.391	1.0	1.0	0.613	0.996	0.594	0.996	0.594	2.447	6.401	0.9876787427002691	0.6100516648904468	0.0	0.0	0.377								-0.377	0.986	0.609
R7B1C_G040	S1_one_shared	0.2	0.5	10	1e-06	1000	True	0.651	0.001	0.348	0.523	0.003	0.474	1.0	1.0	0.577	0.995	0.561	0.995	0.561	2.543	5.571	0.7703376029904034	0.5327544211085772	0.003	0.0	0.131								-0.128	0.651	0.523
R7B1C_G041	S1_one_shared	0.2	0.5	10	1e-05	1000	True	0.9	0.0	0.1	0.57	0.0	0.43	1.0	1.0	0.585	0.999	0.556	0.999	0.556	2.527	5.756	0.9332924747639059	0.5697867906689119	0.0	0.0	0.33								-0.33000000000000007	0.9	0.57
R7B1C_G042	S1_one_shared	0.2	0.5	10	0.0001	1000	True	0.984	0.0	0.016	0.619	0.0	0.381	1.0	1.0	0.621	0.997	0.599	0.997	0.599	2.525	6.457	0.9872454088407971	0.619033228067161	0.0	0.0	0.365								-0.365	0.984	0.619
R7B1C_G043	S1_one_shared	0.2	0.5	20	1e-06	1000	True	0.693	0.0	0.307	0.566	0.001	0.433	1.0	1.0	0.621	0.996	0.601	0.996	0.601	2.43	6.091	0.7892353566486539	0.5728423297716844	0.003	0.0	0.13								-0.127	0.693	0.566
R7B1C_G044	S1_one_shared	0.2	0.5	20	1e-05	1000	True	0.892	0.0	0.108	0.612	0.0	0.388	1.0	1.0	0.62	0.994	0.6	0.994	0.6	2.558	6.25	0.9345113185930518	0.609246090945288	0.0	0.0	0.28								-0.28	0.892	0.612
R7B1C_G045	S1_one_shared	0.2	0.5	20	0.0001	1000	True	0.986	0.0	0.014	0.616	0.001	0.383	1.0	1.0	0.618	0.994	0.592	0.994	0.592	2.439	5.925	0.9862304524205842	0.6150387382493732	0.0	0.0	0.37								-0.37	0.986	0.616
R7B1C_G046	S1_one_shared	0.2	0.8	5	1e-06	1000	True	0.563	0.001	0.436	0.568	0.001	0.431	1.0	1.0	0.806	0.988	0.766	0.988	0.766	5.869	12.83	0.7364155582486858	0.6706282244880765	0.023	0.0	0.018								0.0050000000000000044	0.563	0.568
R7B1C_G047	S1_one_shared	0.2	0.8	5	1e-05	1000	True	0.905	0.0	0.095	0.792	0.0	0.208	1.0	1.0	0.804	0.993	0.761	0.993	0.761	5.779	13.135	0.9298815674794494	0.7812933846355175	0.0	0.0	0.113								-0.11299999999999999	0.905	0.792
R7B1C_G048	S1_one_shared	0.2	0.8	5	0.0001	1000	True	0.987	0.0	0.013	0.799	0.0	0.201	1.0	1.0	0.8	0.982	0.756	0.982	0.756	5.835	13.053	0.9872582350895848	0.7972430343945671	0.0	0.0	0.188								-0.18799999999999994	0.987	0.799
R7B1C_G049	S1_one_shared	0.2	0.8	10	1e-06	1000	True	0.593	0.001	0.406	0.594	0.002	0.404	1.0	1.0	0.812	0.989	0.772	0.989	0.772	5.686	12.893	0.7450229248107625	0.6806729641437105	0.016	0.0	0.015								0.0010000000000000009	0.593	0.594
R7B1C_G050	S1_one_shared	0.2	0.8	10	1e-05	1000	True	0.896	0.0	0.104	0.797	0.0	0.203	1.0	1.0	0.809	0.989	0.769	0.989	0.769	5.86	13.087	0.9281145812764812	0.7867676027263789	0.0	0.0	0.099								-0.09899999999999998	0.896	0.797
R7B1C_G051	S1_one_shared	0.2	0.8	10	0.0001	1000	True	0.99	0.0	0.01	0.786	0.0	0.214	1.0	1.0	0.789	0.992	0.734	0.992	0.734	5.863	12.808	0.9867668682491936	0.7857322520540492	0.0	0.0	0.204								-0.20399999999999996	0.99	0.786
R7B1C_G052	S1_one_shared	0.2	0.8	20	1e-06	1000	True	0.569	0.002	0.429	0.577	0.002	0.421	1.0	1.0	0.811	0.987	0.762	0.987	0.762	5.535	13.165	0.735766463416182	0.6739872413021676	0.02	0.0	0.012								0.008000000000000007	0.569	0.577
R7B1C_G053	S1_one_shared	0.2	0.8	20	1e-05	1000	True	0.901	0.0	0.099	0.817	0.001	0.182	1.0	1.0	0.83	0.988	0.777	0.988	0.777	5.824	13.563	0.9317913543302015	0.8041392952089407	0.001	0.0	0.085								-0.08400000000000007	0.901	0.817
R7B1C_G054	S1_one_shared	0.2	0.8	20	0.0001	1000	True	0.987	0.0	0.013	0.806	0.0	0.194	1.0	1.0	0.808	0.988	0.753	0.988	0.753	5.906	12.585	0.9875027934529864	0.8045485486905309	0.0	0.0	0.181								-0.18099999999999994	0.987	0.806
R7B1C_G055	S1_one_shared	0.4	0.2	5	1e-06	1000	True	0.92	0.0	0.08	0.899	0.0	0.101	1.0	1.0	0.943	0.981	0.94	0.981	0.94	7.202	8.758	0.8984470680417278	0.8605413645969815	0.003	0.0	0.024								-0.02100000000000002	0.92	0.899
R7B1C_G056	S1_one_shared	0.4	0.2	5	1e-05	1000	True	0.994	0.0	0.006	0.932	0.0	0.068	1.0	1.0	0.933	0.98	0.93	0.98	0.93	6.994	8.813	0.9853524710454145	0.9217353016601533	0.0	0.0	0.062								-0.061999999999999944	0.994	0.932
R7B1C_G057	S1_one_shared	0.4	0.2	5	0.0001	1000	True	1.0	0.0	0.0	0.928	0.0	0.072	1.0	1.0	0.928	0.993	0.927	0.993	0.927	7.073	8.651	0.9978970640262519	0.9269767815302214	0.0	0.0	0.072								-0.07199999999999995	1.0	0.928
R7B1C_G058	S1_one_shared	0.4	0.2	10	1e-06	1000	True	0.91	0.0	0.09	0.876	0.0	0.124	1.0	1.0	0.93	0.985	0.927	0.985	0.927	7.063	8.64	0.8948845659317667	0.8456869024606872	0.003	0.0	0.037								-0.03400000000000003	0.91	0.876
R7B1C_G059	S1_one_shared	0.4	0.2	10	1e-05	1000	True	0.99	0.0	0.01	0.938	0.0	0.062	1.0	1.0	0.939	0.985	0.937	0.985	0.937	7.193	8.822	0.9836027766496056	0.9286288736866302	0.0	0.0	0.052								-0.052000000000000046	0.99	0.938
R7B1C_G060	S1_one_shared	0.4	0.2	10	0.0001	1000	True	1.0	0.0	0.0	0.933	0.0	0.067	1.0	1.0	0.933	0.986	0.931	0.986	0.931	7.277	8.704	0.9982722147413199	0.9320172572504581	0.0	0.0	0.067								-0.06699999999999995	1.0	0.933
R7B1C_G061	S1_one_shared	0.4	0.2	20	1e-06	1000	True	0.903	0.0	0.097	0.866	0.0	0.134	1.0	1.0	0.923	0.986	0.92	0.986	0.92	7.101	8.75	0.8918151872320418	0.8378306925251434	0.003	0.0	0.04								-0.03700000000000003	0.903	0.866
R7B1C_G062	S1_one_shared	0.4	0.2	20	1e-05	1000	True	0.984	0.0	0.016	0.927	0.001	0.072	1.0	1.0	0.928	0.983	0.921	0.983	0.921	6.985	8.69	0.9801840910886709	0.91714137426464	0.0	0.0	0.057								-0.05699999999999994	0.984	0.927
R7B1C_G063	S1_one_shared	0.4	0.2	20	0.0001	1000	True	1.0	0.0	0.0	0.92	0.0	0.08	1.0	1.0	0.92	0.98	0.918	0.98	0.918	7.097	8.838	0.9979585899893978	0.9188812767994168	0.0	0.0	0.08								-0.07999999999999996	1.0	0.92
R7B1C_G064	S1_one_shared	0.4	0.5	5	1e-06	1000	True	0.911	0.002	0.087	0.826	0.003	0.171	1.0	1.0	0.87	0.995	0.856	0.995	0.856	2.233	6.226	0.9319600333737357	0.8308314907641448	0.0	0.0	0.085								-0.08500000000000008	0.911	0.826
R7B1C_G065	S1_one_shared	0.4	0.5	5	1e-05	1000	True	0.989	0.0	0.011	0.874	0.0	0.126	1.0	1.0	0.882	0.996	0.864	0.996	0.864	2.229	6.249	0.9885299107750991	0.8745625059648514	0.0	0.0	0.115								-0.11499999999999999	0.989	0.874
R7B1C_G066	S1_one_shared	0.4	0.5	5	0.0001	1000	True	0.999	0.0	0.001	0.865	0.0	0.135	1.0	1.0	0.867	0.997	0.847	0.997	0.847	2.218	5.902	0.9978823730693093	0.8656248956046919	0.0	0.0	0.134								-0.134	0.999	0.865
R7B1C_G067	S1_one_shared	0.4	0.5	10	1e-06	1000	True	0.917	0.003	0.08	0.843	0.003	0.154	1.0	1.0	0.885	0.998	0.863	0.998	0.863	2.235	6.527	0.938961871590622	0.8434020326539843	0.0	0.0	0.074								-0.07400000000000007	0.917	0.843
R7B1C_G068	S1_one_shared	0.4	0.5	10	1e-05	1000	True	0.991	0.0	0.009	0.876	0.0	0.124	1.0	1.0	0.882	0.998	0.862	0.998	0.862	2.437	6.197	0.9903284058966926	0.8743851945178476	0.0	0.0	0.115								-0.11499999999999999	0.991	0.876
R7B1C_G069	S1_one_shared	0.4	0.5	10	0.0001	1000	True	1.0	0.0	0.0	0.876	0.001	0.123	1.0	1.0	0.878	0.996	0.854	0.996	0.854	2.179	6.107	0.998118205031587	0.8759508984818745	0.0	0.001	0.123								-0.124	1.0	0.876
R7B1C_G070	S1_one_shared	0.4	0.5	20	1e-06	1000	True	0.919	0.001	0.08	0.838	0.001	0.161	1.0	1.0	0.874	0.999	0.86	0.999	0.86	2.169	6.602	0.9379516258495257	0.8352122607166136	0.001	0.0	0.082								-0.08100000000000007	0.919	0.838
R7B1C_G071	S1_one_shared	0.4	0.5	20	1e-05	1000	True	0.987	0.0	0.013	0.874	0.002	0.124	1.0	1.0	0.885	0.998	0.863	0.998	0.863	2.279	6.332	0.9890018408870541	0.8732170104948355	0.0	0.002	0.111								-0.11299999999999999	0.987	0.874
R7B1C_G072	S1_one_shared	0.4	0.5	20	0.0001	1000	True	1.0	0.0	0.0	0.888	0.0	0.112	1.0	1.0	0.888	0.995	0.87	0.995	0.87	2.29	6.189	0.9984521430119865	0.8871837580080615	0.0	0.0	0.112								-0.11199999999999999	1.0	0.888
R7B1C_G073	S1_one_shared	0.4	0.8	5	1e-06	1000	True	0.833	0.003	0.164	0.821	0.003	0.176	1.0	1.0	0.963	0.994	0.918	0.994	0.918	4.583	13.354	0.8775698483769798	0.8584102122899037	0.0	0.0	0.012								-0.01200000000000001	0.833	0.821
R7B1C_G074	S1_one_shared	0.4	0.8	5	1e-05	1000	True	0.988	0.0	0.012	0.955	0.0	0.045	1.0	1.0	0.961	0.994	0.923	0.994	0.923	4.642	13.381	0.9811296242728258	0.9469782622148464	0.0	0.0	0.033								-0.03300000000000003	0.988	0.955
R7B1C_G075	S1_one_shared	0.4	0.8	5	0.0001	1000	True	0.998	0.0	0.002	0.954	0.0	0.046	1.0	1.0	0.954	0.992	0.927	0.992	0.927	4.739	13.45	0.9972416407471734	0.9524453327713919	0.0	0.0	0.044								-0.04400000000000004	0.998	0.954
R7B1C_G076	S1_one_shared	0.4	0.8	10	1e-06	1000	True	0.842	0.003	0.155	0.837	0.003	0.16	1.0	1.0	0.964	0.995	0.928	0.995	0.928	4.644	13.431	0.8838729609741981	0.8645547150928783	0.003	0.0	0.008								-0.0050000000000000044	0.842	0.837
R7B1C_G077	S1_one_shared	0.4	0.8	10	1e-05	1000	True	0.988	0.0	0.012	0.962	0.0	0.038	1.0	1.0	0.965	0.992	0.931	0.992	0.931	4.542	13.499	0.9817039756549598	0.9509664167759572	0.0	0.0	0.026								-0.026000000000000023	0.988	0.962
R7B1C_G078	S1_one_shared	0.4	0.8	10	0.0001	1000	True	0.998	0.0	0.002	0.956	0.0	0.044	1.0	1.0	0.957	0.994	0.924	0.994	0.924	4.63	13.549	0.9972649816439316	0.9551053945755237	0.0	0.0	0.042								-0.04200000000000004	0.998	0.956
R7B1C_G079	S1_one_shared	0.4	0.8	20	1e-06	1000	True	0.844	0.003	0.153	0.839	0.003	0.158	1.0	1.0	0.967	0.997	0.93	0.997	0.93	4.527	13.513	0.8842791849638434	0.8659005039287272	0.003	0.0	0.008								-0.0050000000000000044	0.844	0.839
R7B1C_G080	S1_one_shared	0.4	0.8	20	1e-05	1000	True	0.982	0.001	0.017	0.953	0.001	0.046	1.0	1.0	0.963	0.994	0.923	0.994	0.923	4.493	13.292	0.978190913064991	0.9468914468797955	0.0	0.0	0.029								-0.029000000000000026	0.982	0.953
R7B1C_G081	S1_one_shared	0.4	0.8	20	0.0001	1000	True	0.999	0.0	0.001	0.96	0.0	0.04	1.0	1.0	0.96	0.995	0.917	0.995	0.917	4.391	12.996	0.9972705134557845	0.9581323975495256	0.0	0.0	0.039								-0.039000000000000035	0.999	0.96
R7B1C_G082	S2_distinct_correlated	0.05	0.2	5	1e-06	1000	False	0.0	0.002	0.998	0.0	0.014	0.986	1.0	1.0	0.074	0.919	0.077	0.919	0.077	8.649	1.673	0.017681039702750482	0.002701989340854241	0.0	0.0	0.0								0.0	1.0	1.0
R7B1C_G083	S2_distinct_correlated	0.05	0.2	5	1e-05	1000	False	0.001	0.003	0.996	0.001	0.01	0.989	1.0	1.0	0.072	0.907	0.078	0.907	0.078	8.709	1.665	0.10474886490743766	0.007672297278498331	0.001	0.0	0.001								0.0	0.999	0.999
R7B1C_G084	S2_distinct_correlated	0.05	0.2	5	0.0001	1000	False	0.075	0.001	0.924	0.011	0.004	0.985	1.0	1.0	0.083	0.901	0.099	0.901	0.099	8.679	2.222	0.47066998773371005	0.03472085086343477	0.002	0.0	0.066								-0.064	0.925	0.989
R7B1C_G085	S2_distinct_correlated	0.05	0.2	10	1e-06	1000	False	0.0	0.001	0.999	0.0	0.012	0.988	1.0	1.0	0.085	0.923	0.09	0.923	0.09	8.63	1.998	0.01566697789920177	0.0025814056848837063	0.0	0.0	0.0								0.0	1.0	1.0
R7B1C_G086	S2_distinct_correlated	0.05	0.2	10	1e-05	1000	False	0.002	0.003	0.995	0.001	0.009	0.99	1.0	1.0	0.071	0.901	0.085	0.901	0.085	8.707	1.671	0.1104250431333395	0.008445788914121318	0.0	0.0	0.001								-0.001	0.998	0.999
R7B1C_G087	S2_distinct_correlated	0.05	0.2	10	0.0001	1000	False	0.069	0.002	0.929	0.007	0.005	0.988	1.0	1.0	0.089	0.904	0.101	0.904	0.101	8.624	2.215	0.4625441632099517	0.0352756486178124	0.003	0.0	0.065								-0.062000000000000006	0.931	0.993
R7B1C_G088	S2_distinct_correlated	0.05	0.2	20	1e-06	1000	False	0.0	0.002	0.998	0.001	0.014	0.985	1.0	1.0	0.087	0.893	0.103	0.893	0.103	8.569	2.042	0.016717308592538983	0.003051382869877667	0.001	0.0	0.0								0.001	1.0	0.999
R7B1C_G089	S2_distinct_correlated	0.05	0.2	20	1e-05	1000	False	0.003	0.003	0.994	0.001	0.012	0.987	1.0	1.0	0.088	0.911	0.096	0.911	0.096	8.697	2.144	0.1150249610665368	0.011200669652955039	0.0	0.0	0.002								-0.002	0.997	0.999
R7B1C_G090	S2_distinct_correlated	0.05	0.2	20	0.0001	1000	False	0.069	0.001	0.93	0.009	0.011	0.98	1.0	1.0	0.087	0.903	0.098	0.903	0.098	8.722	2.35	0.46541897016599065	0.03355353608101997	0.002	0.0	0.062								-0.060000000000000005	0.931	0.991
R7B1C_G091	S2_distinct_correlated	0.05	0.5	5	1e-06	1000	False	0.0	0.0	1.0	0.0	0.006	0.994	1.0	1.0	0.086	0.829	0.086	0.829	0.086	5.361	2.159	0.04189661220041455	0.017870430119922974	0.0	0.0	0.0								0.0	1.0	1.0
R7B1C_G092	S2_distinct_correlated	0.05	0.5	5	1e-05	1000	False	0.018	0.0	0.982	0.02	0.0	0.98	1.0	1.0	0.1	0.814	0.113	0.814	0.113	5.118	2.66	0.20199981238323272	0.05068956909336392	0.011	0.0	0.009								0.0020000000000000018	0.982	0.98
R7B1C_G093	S2_distinct_correlated	0.05	0.5	5	0.0001	1000	False	0.203	0.0	0.797	0.051	0.001	0.948	1.0	1.0	0.094	0.806	0.088	0.806	0.088	5.576	2.204	0.5722543893049674	0.07369706854154924	0.002	0.0	0.154								-0.15200000000000002	0.7969999999999999	0.949
R7B1C_G094	S2_distinct_correlated	0.05	0.5	10	1e-06	1000	False	0.001	0.001	0.998	0.002	0.008	0.99	1.0	1.0	0.089	0.843	0.092	0.843	0.092	5.29	2.056	0.0394810140365265	0.013922910046190043	0.002	0.0	0.001								0.001	0.999	0.998
R7B1C_G095	S2_distinct_correlated	0.05	0.5	10	1e-05	1000	False	0.021	0.0	0.979	0.018	0.003	0.979	1.0	1.0	0.093	0.816	0.099	0.816	0.099	5.261	2.49	0.20866535171460604	0.04476944891611667	0.007	0.0	0.01								-0.0030000000000000027	0.979	0.982
R7B1C_G096	S2_distinct_correlated	0.05	0.5	10	0.0001	1000	False	0.244	0.0	0.756	0.073	0.0	0.927	1.0	1.0	0.101	0.832	0.101	0.832	0.101	5.665	2.343	0.5955471156235703	0.08678825890213336	0.002	0.0	0.173								-0.17099999999999999	0.756	0.927
R7B1C_G097	S2_distinct_correlated	0.05	0.5	20	1e-06	1000	False	0.002	0.0	0.998	0.003	0.007	0.99	1.0	1.0	0.107	0.833	0.104	0.833	0.104	5.375	2.556	0.04287327941392799	0.019751470295493876	0.001	0.0	0.0								0.001	0.998	0.997
R7B1C_G098	S2_distinct_correlated	0.05	0.5	20	1e-05	1000	False	0.023	0.0	0.977	0.016	0.002	0.982	1.0	1.0	0.084	0.812	0.097	0.812	0.097	5.43	2.179	0.20281642025015315	0.04184889562458683	0.008	0.0	0.015								-0.006999999999999999	0.977	0.984
R7B1C_G099	S2_distinct_correlated	0.05	0.5	20	0.0001	1000	False	0.227	0.0	0.773	0.056	0.001	0.943	1.0	1.0	0.093	0.809	0.093	0.809	0.093	5.199	2.127	0.585409354289161	0.07470356246680902	0.006	0.0	0.177								-0.171	0.773	0.944
R7B1C_G100	S2_distinct_correlated	0.05	0.8	5	1e-06	1000	False	0.002	0.0	0.998	0.014	0.001	0.985	1.0	1.0	0.138	0.907	0.141	0.907	0.141	13.236	2.75	0.07605890739825695	0.06830239078768811	0.012	0.0	0.0								0.012	0.998	0.986
R7B1C_G101	S2_distinct_correlated	0.05	0.8	5	1e-05	1000	False	0.068	0.0	0.932	0.102	0.0	0.898	1.0	1.0	0.127	0.906	0.118	0.906	0.118	13.17	2.269	0.2996132788766253	0.10940660213956994	0.041	0.0	0.007								0.03399999999999999	0.9319999999999999	0.898
R7B1C_G102	S2_distinct_correlated	0.05	0.8	5	0.0001	1000	False	0.426	0.0	0.574	0.145	0.0	0.855	1.0	1.0	0.148	0.903	0.142	0.903	0.142	12.909	2.817	0.7007192078224584	0.1437025633534481	0.002	0.0	0.283								-0.281	0.5740000000000001	0.855
R7B1C_G103	S2_distinct_correlated	0.05	0.8	10	1e-06	1000	False	0.003	0.0	0.997	0.016	0.0	0.984	1.0	1.0	0.146	0.929	0.137	0.929	0.137	13.094	2.666	0.07616438876647443	0.06798005230920177	0.013	0.0	0.0								0.013000000000000001	0.997	0.984
R7B1C_G104	S2_distinct_correlated	0.05	0.8	10	1e-05	1000	False	0.071	0.0	0.929	0.103	0.0	0.897	1.0	1.0	0.132	0.901	0.127	0.901	0.127	13.066	2.74	0.29816975524936207	0.11453160606752005	0.041	0.0	0.009								0.032	0.929	0.897
R7B1C_G105	S2_distinct_correlated	0.05	0.8	10	0.0001	1000	False	0.393	0.0	0.607	0.134	0.0	0.866	1.0	1.0	0.139	0.901	0.124	0.901	0.124	12.818	2.72	0.6846036101341351	0.13372121768056086	0.003	0.0	0.262								-0.259	0.607	0.866
R7B1C_G106	S2_distinct_correlated	0.05	0.8	20	1e-06	1000	False	0.002	0.0	0.998	0.013	0.001	0.986	1.0	1.0	0.156	0.917	0.147	0.917	0.147	13.071	2.92	0.08454644933980424	0.08061576104463074	0.011	0.0	0.0								0.011	0.998	0.987
R7B1C_G107	S2_distinct_correlated	0.05	0.8	20	1e-05	1000	False	0.066	0.0	0.934	0.095	0.0	0.905	1.0	1.0	0.123	0.9	0.117	0.9	0.117	13.046	2.428	0.2903452172012305	0.1038589749508185	0.032	0.0	0.003								0.028999999999999998	0.9339999999999999	0.905
R7B1C_G108	S2_distinct_correlated	0.05	0.8	20	0.0001	1000	False	0.398	0.0	0.602	0.136	0.0	0.864	1.0	1.0	0.137	0.898	0.138	0.898	0.138	13.053	2.571	0.6879674324525613	0.1337137021906106	0.004	0.0	0.266								-0.262	0.602	0.864
R7B1C_G109	S2_distinct_correlated	0.2	0.2	5	1e-06	1000	False	0.0	0.456	0.544	0.0	0.476	0.524	1.0	1.0	0.691	0.985	0.685	0.985	0.685	7.725	9.006	0.025047318265714828	0.006263519492056045	0.0	0.0	0.0								0.0	1.0	1.0
R7B1C_G110	S2_distinct_correlated	0.2	0.2	5	1e-05	1000	False	0.024	0.37	0.606	0.009	0.392	0.599	1.0	1.0	0.698	0.989	0.688	0.989	0.688	7.821	9.662	0.12815557766928065	0.04850421751148909	0.005	0.0	0.02								-0.015000000000000001	0.976	0.991
R7B1C_G111	S2_distinct_correlated	0.2	0.2	5	0.0001	1000	False	0.138	0.29	0.572	0.039	0.341	0.62	1.0	1.0	0.69	0.985	0.686	0.985	0.686	7.75	9.223	0.3748732300861165	0.15127632816554	0.002	0.0	0.101								-0.099	0.862	0.961
R7B1C_G112	S2_distinct_correlated	0.2	0.2	10	1e-06	1000	False	0.001	0.407	0.592	0.0	0.43	0.57	1.0	1.0	0.688	0.989	0.683	0.989	0.683	7.824	9.113	0.027999218849671804	0.005058034016405827	0.0	0.0	0.001								-0.001	0.999	1.0
R7B1C_G113	S2_distinct_correlated	0.2	0.2	10	1e-05	1000	False	0.02	0.374	0.606	0.002	0.394	0.604	1.0	1.0	0.711	0.984	0.701	0.984	0.701	7.773	9.643	0.12740279617728603	0.04538072941650566	0.001	0.0	0.019								-0.018000000000000002	0.98	0.998
R7B1C_G114	S2_distinct_correlated	0.2	0.2	10	0.0001	1000	False	0.14	0.266	0.594	0.041	0.312	0.647	1.0	1.0	0.674	0.988	0.667	0.988	0.667	7.663	9.419	0.38780381749014076	0.15482849031495002	0.003	0.0	0.102								-0.099	0.86	0.959
R7B1C_G115	S2_distinct_correlated	0.2	0.2	20	1e-06	1000	False	0.001	0.427	0.572	0.001	0.462	0.537	1.0	1.0	0.702	0.988	0.695	0.988	0.695	7.929	9.267	0.028017383656341408	0.0071267060068616675	0.0	0.0	0.0								0.0	0.999	0.999
R7B1C_G116	S2_distinct_correlated	0.2	0.2	20	1e-05	1000	False	0.022	0.369	0.609	0.002	0.401	0.597	1.0	1.0	0.691	0.982	0.686	0.982	0.686	7.817	9.216	0.12487522460012233	0.04422289177008708	0.001	0.0	0.021								-0.019999999999999997	0.978	0.998
R7B1C_G117	S2_distinct_correlated	0.2	0.2	20	0.0001	1000	False	0.15	0.263	0.587	0.048	0.316	0.636	1.0	1.0	0.689	0.986	0.682	0.986	0.682	7.779	9.435	0.3957671260740807	0.16546354719309295	0.001	0.001	0.102								-0.102	0.85	0.952
R7B1C_G118	S2_distinct_correlated	0.2	0.5	5	1e-06	1000	False	0.017	0.4	0.583	0.012	0.437	0.551	1.0	1.0	0.762	0.989	0.741	0.989	0.741	2.308	11.863	0.13679617725408888	0.08578607481016064	0.0	0.0	0.005								-0.005000000000000001	0.983	0.988
R7B1C_G119	S2_distinct_correlated	0.2	0.5	5	1e-05	1000	False	0.168	0.213	0.619	0.094	0.267	0.639	1.0	1.0	0.741	0.998	0.709	0.998	0.709	2.364	11.804	0.3978756587366227	0.24940944782227312	0.003	0.0	0.077								-0.07400000000000001	0.832	0.906
R7B1C_G120	S2_distinct_correlated	0.2	0.5	5	0.0001	1000	False	0.522	0.079	0.399	0.331	0.11	0.559	1.0	1.0	0.746	0.991	0.716	0.991	0.716	2.319	11.826	0.7187622453322928	0.4808496201978245	0.002	0.0	0.193								-0.191	0.478	0.669
R7B1C_G121	S2_distinct_correlated	0.2	0.5	10	1e-06	1000	False	0.016	0.352	0.632	0.013	0.371	0.616	1.0	1.0	0.716	0.993	0.697	0.993	0.697	2.363	11.424	0.1259502485817897	0.07898163115138047	0.001	0.0	0.004								-0.003000000000000001	0.984	0.987
R7B1C_G122	S2_distinct_correlated	0.2	0.5	10	1e-05	1000	False	0.138	0.214	0.648	0.074	0.246	0.68	1.0	1.0	0.744	0.995	0.713	0.995	0.713	2.373	11.712	0.39552718980384793	0.24288520339922606	0.001	0.0	0.065								-0.06400000000000002	0.862	0.926
R7B1C_G123	S2_distinct_correlated	0.2	0.5	10	0.0001	1000	False	0.515	0.082	0.403	0.309	0.102	0.589	1.0	1.0	0.715	0.999	0.688	0.999	0.688	2.403	11.39	0.71564055962807	0.45391069884846535	0.001	0.0	0.207								-0.20600000000000002	0.485	0.6910000000000001
R7B1C_G124	S2_distinct_correlated	0.2	0.5	20	1e-06	1000	False	0.03	0.394	0.576	0.02	0.428	0.552	1.0	1.0	0.717	0.993	0.681	0.993	0.681	2.42	11.235	0.13684409604492476	0.07833760939683368	0.0	0.0	0.01								-0.009999999999999998	0.97	0.98
R7B1C_G125	S2_distinct_correlated	0.2	0.5	20	1e-05	1000	False	0.156	0.203	0.641	0.085	0.242	0.673	1.0	1.0	0.703	0.994	0.672	0.994	0.672	2.386	11.462	0.3899969600247697	0.229196880421189	0.003	0.0	0.074								-0.071	0.844	0.915
R7B1C_G126	S2_distinct_correlated	0.2	0.5	20	0.0001	1000	False	0.521	0.08	0.399	0.311	0.104	0.585	1.0	1.0	0.716	0.997	0.691	0.997	0.691	2.299	11.374	0.7196745495168054	0.45661932762523805	0.002	0.0	0.212								-0.21000000000000002	0.479	0.6890000000000001
R7B1C_G127	S2_distinct_correlated	0.2	0.8	5	1e-06	1000	False	0.128	0.062	0.81	0.133	0.08	0.787	1.0	1.0	0.808	0.985	0.761	0.985	0.761	6.004	13.466	0.42790759862417965	0.3916366023942727	0.009	0.0	0.004								0.0050000000000000044	0.872	0.867
R7B1C_G128	S2_distinct_correlated	0.2	0.8	5	1e-05	1000	False	0.651	0.009	0.34	0.596	0.009	0.395	1.0	1.0	0.819	0.989	0.782	0.989	0.782	6.123	13.557	0.7942782583922706	0.6864457567235627	0.003	0.0	0.058								-0.05500000000000005	0.349	0.404
R7B1C_G129	S2_distinct_correlated	0.2	0.8	5	0.0001	1000	False	0.955	0.0	0.045	0.818	0.0	0.182	1.0	1.0	0.831	0.992	0.782	0.992	0.782	5.605	13.663	0.9572388446036375	0.8064832376570957	0.001	0.0	0.138								-0.137	0.04500000000000004	0.18200000000000005
R7B1C_G130	S2_distinct_correlated	0.2	0.8	10	1e-06	1000	False	0.124	0.078	0.798	0.126	0.099	0.775	1.0	1.0	0.819	0.984	0.775	0.984	0.775	5.819	13.449	0.4329508014041202	0.3972663023417516	0.005	0.0	0.003								0.0020000000000000018	0.876	0.874
R7B1C_G131	S2_distinct_correlated	0.2	0.8	10	1e-05	1000	False	0.648	0.006	0.346	0.615	0.009	0.376	1.0	1.0	0.835	0.984	0.79	0.984	0.79	5.897	13.828	0.7912116011616225	0.6967662150903224	0.003	0.0	0.036								-0.03300000000000003	0.352	0.385
R7B1C_G132	S2_distinct_correlated	0.2	0.8	10	0.0001	1000	False	0.964	0.0	0.036	0.803	0.0	0.197	1.0	1.0	0.821	0.991	0.78	0.991	0.78	5.754	13.574	0.9600239577055067	0.7969128764067384	0.0	0.0	0.161								-0.16099999999999992	0.03600000000000003	0.19699999999999995
R7B1C_G133	S2_distinct_correlated	0.2	0.8	20	1e-06	1000	False	0.111	0.073	0.816	0.113	0.085	0.802	1.0	1.0	0.804	0.985	0.762	0.985	0.762	5.738	13.312	0.4225075414951998	0.3839415972650694	0.004	0.0	0.002								0.0020000000000000018	0.889	0.887
R7B1C_G134	S2_distinct_correlated	0.2	0.8	20	1e-05	1000	False	0.638	0.007	0.355	0.592	0.013	0.395	1.0	1.0	0.838	0.992	0.799	0.992	0.799	5.562	13.582	0.7918697643277682	0.693882518170302	0.001	0.0	0.047								-0.04600000000000004	0.362	0.40800000000000003
R7B1C_G135	S2_distinct_correlated	0.2	0.8	20	0.0001	1000	False	0.954	0.0	0.046	0.788	0.0	0.212	1.0	1.0	0.81	0.992	0.768	0.992	0.768	5.722	13.331	0.9593882394682571	0.7849482579523713	0.0	0.0	0.166								-0.16599999999999993	0.04600000000000004	0.21199999999999997
R7B1C_G136	S2_distinct_correlated	0.4	0.2	5	1e-06	1000	False	0.001	0.77	0.229	0.002	0.771	0.227	1.0	1.0	0.919	0.987	0.912	0.987	0.912	7.231	10.484	0.01465429800145802	0.006767387236369696	0.001	0.0	0.0								0.001	0.999	0.998
R7B1C_G137	S2_distinct_correlated	0.4	0.2	5	1e-05	1000	False	0.01	0.767	0.223	0.001	0.767	0.232	1.0	1.0	0.911	0.987	0.904	0.987	0.904	7.093	10.208	0.05881351236617766	0.02759780577796302	0.0	0.0	0.009								-0.009000000000000001	0.99	0.999
R7B1C_G138	S2_distinct_correlated	0.4	0.2	5	0.0001	1000	False	0.072	0.661	0.267	0.034	0.673	0.293	1.0	1.0	0.931	0.983	0.927	0.983	0.927	7.096	10.227	0.18770995800759613	0.12754102008995005	0.002	0.0	0.04								-0.03799999999999999	0.928	0.966
R7B1C_G139	S2_distinct_correlated	0.4	0.2	10	1e-06	1000	False	0.001	0.783	0.216	0.0	0.785	0.215	1.0	1.0	0.925	0.986	0.92	0.986	0.92	7.038	10.47	0.014674847610431984	0.0061219523330314565	0.0	0.0	0.001								-0.001	0.999	1.0
R7B1C_G140	S2_distinct_correlated	0.4	0.2	10	1e-05	1000	False	0.015	0.766	0.219	0.002	0.764	0.234	1.0	1.0	0.923	0.99	0.916	0.99	0.916	7.052	10.384	0.06409560899238799	0.032288588800147976	0.0	0.0	0.013								-0.013	0.985	0.998
R7B1C_G141	S2_distinct_correlated	0.4	0.2	10	0.0001	1000	False	0.065	0.657	0.278	0.024	0.681	0.295	1.0	1.0	0.915	0.992	0.908	0.992	0.908	7.099	10.165	0.1788702159852842	0.10914266716796736	0.0	0.0	0.041								-0.041	0.935	0.976
R7B1C_G142	S2_distinct_correlated	0.4	0.2	20	1e-06	1000	False	0.001	0.808	0.191	0.0	0.81	0.19	1.0	1.0	0.913	0.983	0.904	0.983	0.904	7.059	10.266	0.01679883528486284	0.00569276952477667	0.0	0.0	0.001								-0.001	0.999	1.0
R7B1C_G143	S2_distinct_correlated	0.4	0.2	20	1e-05	1000	False	0.01	0.743	0.247	0.002	0.742	0.256	1.0	1.0	0.909	0.991	0.906	0.991	0.906	7.03	10.28	0.06097634466163142	0.033083475079001494	0.001	0.0	0.009								-0.008	0.99	0.998
R7B1C_G144	S2_distinct_correlated	0.4	0.2	20	0.0001	1000	False	0.065	0.649	0.286	0.022	0.662	0.316	1.0	1.0	0.917	0.985	0.914	0.985	0.914	6.983	10.362	0.19307120486970078	0.12413350086430805	0.002	0.0	0.045								-0.043000000000000003	0.935	0.978
R7B1C_G145	S2_distinct_correlated	0.4	0.5	5	1e-06	1000	False	0.028	0.709	0.263	0.02	0.714	0.266	1.0	1.0	0.932	0.999	0.892	0.999	0.892	2.274	12.832	0.11012895917261314	0.08727143266451243	0.0	0.0	0.008								-0.008	0.972	0.98
R7B1C_G146	S2_distinct_correlated	0.4	0.5	5	1e-05	1000	False	0.112	0.519	0.369	0.086	0.531	0.383	1.0	1.0	0.943	0.999	0.916	0.999	0.916	2.28	12.591	0.270460641831349	0.2319694639007912	0.002	0.0	0.028								-0.02600000000000001	0.888	0.914
R7B1C_G147	S2_distinct_correlated	0.4	0.5	5	0.0001	1000	False	0.324	0.303	0.373	0.273	0.318	0.409	1.0	1.0	0.944	0.998	0.915	0.998	0.915	2.156	12.897	0.5110390322456119	0.45469547775931857	0.004	0.0	0.055								-0.05099999999999999	0.6759999999999999	0.727
R7B1C_G148	S2_distinct_correlated	0.4	0.5	10	1e-06	1000	False	0.018	0.747	0.235	0.013	0.751	0.236	1.0	1.0	0.933	0.995	0.908	0.995	0.908	2.271	12.265	0.09056116781132122	0.06936007823305823	0.001	0.0	0.006								-0.004999999999999999	0.982	0.987
R7B1C_G149	S2_distinct_correlated	0.4	0.5	10	1e-05	1000	False	0.097	0.557	0.346	0.071	0.565	0.364	1.0	1.0	0.932	1.0	0.908	1.0	0.908	2.33	12.407	0.24938020356655557	0.20656885059480243	0.002	0.0	0.028								-0.02600000000000001	0.903	0.929
R7B1C_G150	S2_distinct_correlated	0.4	0.5	10	0.0001	1000	False	0.347	0.307	0.346	0.288	0.322	0.39	1.0	1.0	0.932	0.993	0.908	0.993	0.908	2.248	12.465	0.5164489340851595	0.4476705230487019	0.002	0.002	0.059								-0.059	0.653	0.712
R7B1C_G151	S2_distinct_correlated	0.4	0.5	20	1e-06	1000	False	0.019	0.763	0.218	0.012	0.764	0.224	1.0	1.0	0.934	0.995	0.914	0.995	0.914	2.346	12.237	0.09084843586548313	0.07026382400606507	0.001	0.001	0.007								-0.006999999999999999	0.981	0.988
R7B1C_G152	S2_distinct_correlated	0.4	0.5	20	1e-05	1000	False	0.096	0.565	0.339	0.071	0.569	0.36	1.0	1.0	0.935	0.997	0.913	0.997	0.913	2.42	12.227	0.24793477422695928	0.20695958352261923	0.002	0.0	0.027								-0.02500000000000001	0.904	0.929
R7B1C_G153	S2_distinct_correlated	0.4	0.5	20	0.0001	1000	False	0.299	0.329	0.372	0.26	0.339	0.401	1.0	1.0	0.943	0.996	0.908	0.996	0.908	2.212	12.175	0.4845093421239701	0.42982119124786844	0.006	0.0	0.045								-0.03899999999999998	0.7010000000000001	0.74
R7B1C_G154	S2_distinct_correlated	0.4	0.8	5	1e-06	1000	False	0.136	0.267	0.597	0.136	0.26	0.604	1.0	1.0	0.973	0.995	0.927	0.995	0.927	4.474	15.158	0.4190990156026928	0.4102933778737587	0.001	0.0	0.001								0.0	0.864	0.864
R7B1C_G155	S2_distinct_correlated	0.4	0.8	5	1e-05	1000	False	0.577	0.057	0.366	0.566	0.058	0.376	1.0	1.0	0.968	0.995	0.927	0.995	0.927	4.55	14.993	0.743602248022966	0.7250769810882582	0.004	0.0	0.015								-0.01100000000000001	0.42300000000000004	0.43400000000000005
R7B1C_G156	S2_distinct_correlated	0.4	0.8	5	0.0001	1000	False	0.912	0.009	0.079	0.888	0.009	0.103	1.0	1.0	0.971	0.993	0.924	0.993	0.924	4.614	15.021	0.9303018181900606	0.9042499727441278	0.004	0.0	0.028								-0.02400000000000002	0.08799999999999997	0.11199999999999999
R7B1C_G157	S2_distinct_correlated	0.4	0.8	10	1e-06	1000	False	0.139	0.27	0.591	0.137	0.271	0.592	1.0	1.0	0.966	0.99	0.919	0.99	0.919	4.439	15.022	0.4073003759089379	0.39926536630701115	0.002	0.0	0.004								-0.0020000000000000018	0.861	0.863
R7B1C_G158	S2_distinct_correlated	0.4	0.8	10	1e-05	1000	False	0.601	0.054	0.345	0.593	0.054	0.353	1.0	1.0	0.972	0.991	0.941	0.991	0.941	4.45	15.028	0.7628533818207295	0.744241113193878	0.006	0.0	0.014								-0.008000000000000007	0.399	0.40700000000000003
R7B1C_G159	S2_distinct_correlated	0.4	0.8	10	0.0001	1000	False	0.912	0.003	0.085	0.886	0.003	0.111	1.0	1.0	0.973	0.994	0.925	0.994	0.925	4.513	15.198	0.9356837821296192	0.9113538534461528	0.004	0.0	0.03								-0.026000000000000023	0.08799999999999997	0.11399999999999999
R7B1C_G160	S2_distinct_correlated	0.4	0.8	20	1e-06	1000	False	0.123	0.256	0.621	0.122	0.257	0.621	1.0	1.0	0.97	0.998	0.932	0.998	0.932	4.298	15.098	0.4162009165696474	0.4095600136554068	0.0	0.0	0.001								-0.0010000000000000009	0.877	0.878
R7B1C_G161	S2_distinct_correlated	0.4	0.8	20	1e-05	1000	False	0.578	0.053	0.369	0.574	0.054	0.372	1.0	1.0	0.972	0.996	0.932	0.996	0.932	4.558	15.072	0.7452355575184786	0.7266268386732267	0.009	0.0	0.013								-0.0040000000000000036	0.42200000000000004	0.42600000000000005
R7B1C_G162	S2_distinct_correlated	0.4	0.8	20	0.0001	1000	False	0.91	0.008	0.082	0.874	0.007	0.119	1.0	1.0	0.963	0.992	0.925	0.992	0.925	4.601	14.912	0.9333222971987087	0.8992166675829044	0.002	0.0	0.038								-0.03600000000000003	0.08999999999999997	0.126
R7B1C_G163	S3_disease2_qtl1_partial	0.05	0.2	5	1e-06	1000	True	0.002	0.0	0.998	0.024	0.0	0.976	1.0	1.0	0.071	0.39	0.094	0.623	0.094	11.37	1.272	0.029015966437367112	0.04533194117666436	0.022	0.0	0.0								0.022	0.002	0.024
R7B1C_G164	S3_disease2_qtl1_partial	0.05	0.2	5	1e-05	1000	True	0.03	0.0	0.97	0.055	0.0	0.945	1.0	1.0	0.062	0.384	0.107	0.616	0.107	11.187	1.57	0.12132603490210081	0.054516182079443025	0.032	0.0	0.007								0.025	0.03	0.055
R7B1C_G165	S3_disease2_qtl1_partial	0.05	0.2	5	0.0001	1000	True	0.14	0.0	0.86	0.04	0.0	0.96	1.0	1.0	0.045	0.364	0.087	0.566	0.087	10.682	1.341	0.3038590369524053	0.04070109779662989	0.008	0.0	0.108								-0.1	0.14	0.04
R7B1C_G166	S3_disease2_qtl1_partial	0.05	0.2	10	1e-06	1000	True	0.001	0.0	0.999	0.016	0.0	0.984	1.0	1.0	0.062	0.341	0.099	0.589	0.099	10.487	1.567	0.029777590889780353	0.036111606520968266	0.015	0.0	0.0								0.015	0.001	0.016
R7B1C_G167	S3_disease2_qtl1_partial	0.05	0.2	10	1e-05	1000	True	0.028	0.0	0.972	0.052	0.0	0.948	1.0	1.0	0.057	0.341	0.102	0.587	0.102	10.556	1.491	0.11689062445968824	0.051788418741522645	0.029	0.0	0.005								0.023999999999999997	0.028	0.052
R7B1C_G168	S3_disease2_qtl1_partial	0.05	0.2	10	0.0001	1000	True	0.145	0.0	0.855	0.064	0.0	0.936	1.0	1.0	0.067	0.357	0.109	0.601	0.109	11.02	1.687	0.33328045763271724	0.06465204351811853	0.012	0.0	0.093								-0.08099999999999999	0.145	0.064
R7B1C_G169	S3_disease2_qtl1_partial	0.05	0.2	20	1e-06	1000	True	0.001	0.0	0.999	0.016	0.0	0.984	1.0	1.0	0.048	0.361	0.086	0.598	0.086	11.264	1.382	0.025279912299519813	0.029142848344113504	0.015	0.0	0.0								0.015	0.001	0.016
R7B1C_G170	S3_disease2_qtl1_partial	0.05	0.2	20	1e-05	1000	True	0.017	0.0	0.983	0.057	0.0	0.943	1.0	1.0	0.061	0.366	0.094	0.595	0.094	10.872	1.292	0.11593442453210222	0.05627613742979478	0.043	0.0	0.003								0.04	0.017	0.057
R7B1C_G171	S3_disease2_qtl1_partial	0.05	0.2	20	0.0001	1000	True	0.133	0.0	0.867	0.05	0.0	0.95	1.0	1.0	0.053	0.37	0.078	0.597	0.078	11.113	1.261	0.3210599461191564	0.04999795486502258	0.011	0.0	0.094								-0.083	0.133	0.05
R7B1C_G172	S3_disease2_qtl1_partial	0.05	0.5	5	1e-06	1000	True	0.0	0.001	0.999	0.0	0.001	0.999	1.0	1.0	0.008	0.028	0.045	0.064	0.045	1.497	1.263	0.005204557752964475	0.0022701713586346264	0.0	0.0	0.0								0.0	0.0	0.0
R7B1C_G173	S3_disease2_qtl1_partial	0.05	0.5	5	1e-05	1000	True	0.0	0.0	1.0	0.001	0.0	0.999	1.0	1.0	0.009	0.029	0.048	0.058	0.048	1.422	1.271	0.02261882512364059	0.002510546078858419	0.001	0.0	0.0								0.001	0.0	0.001
R7B1C_G174	S3_disease2_qtl1_partial	0.05	0.5	5	0.0001	1000	True	0.014	0.0	0.986	0.005	0.0	0.995	1.0	1.0	0.007	0.034	0.047	0.052	0.047	1.447	1.271	0.09928621463501629	0.005258519813521133	0.002	0.0	0.011								-0.009000000000000001	0.014	0.005
R7B1C_G175	S3_disease2_qtl1_partial	0.05	0.5	10	1e-06	1000	True	0.0	0.0	1.0	0.001	0.0	0.999	1.0	1.0	0.008	0.031	0.042	0.06	0.042	1.242	1.152	0.0037760730696924315	0.0019402697339468724	0.001	0.0	0.0								0.001	0.0	0.001
R7B1C_G176	S3_disease2_qtl1_partial	0.05	0.5	10	1e-05	1000	True	0.001	0.0	0.999	0.003	0.0	0.997	1.0	1.0	0.009	0.032	0.043	0.051	0.043	1.57	1.148	0.021838276991448826	0.004877816219628479	0.003	0.0	0.001								0.002	0.001	0.003
R7B1C_G177	S3_disease2_qtl1_partial	0.05	0.5	10	0.0001	1000	True	0.015	0.0	0.985	0.002	0.0	0.998	1.0	1.0	0.002	0.024	0.048	0.042	0.048	1.303	1.231	0.1063071652347665	0.0019857619690148457	0.001	0.0	0.014								-0.013	0.015	0.002
R7B1C_G178	S3_disease2_qtl1_partial	0.05	0.5	20	1e-06	1000	True	0.0	0.0	1.0	0.003	0.001	0.996	1.0	1.0	0.012	0.034	0.045	0.062	0.045	1.292	1.255	0.004859665081725815	0.0036622638254921835	0.003	0.0	0.0								0.003	0.0	0.003
R7B1C_G179	S3_disease2_qtl1_partial	0.05	0.5	20	1e-05	1000	True	0.002	0.0	0.998	0.006	0.0	0.994	1.0	1.0	0.01	0.031	0.058	0.055	0.058	1.263	1.232	0.022436196168181585	0.006011614654991729	0.004	0.0	0.0								0.004	0.002	0.006
R7B1C_G180	S3_disease2_qtl1_partial	0.05	0.5	20	0.0001	1000	True	0.024	0.0	0.976	0.005	0.0	0.995	1.0	1.0	0.007	0.027	0.056	0.055	0.056	1.23	1.286	0.1036608686390872	0.005491534561490056	0.001	0.0	0.02								-0.019	0.024	0.005
R7B1C_G181	S3_disease2_qtl1_partial	0.05	0.8	5	1e-06	1000	True	0.0	0.0	1.0	0.0	0.0	1.0	1.0	1.0	0.001	0.005	0.129	0.011	0.129	0.274	2.684	0.0008291069239620605	9.027154428347e-07	0.0	0.0	0.0								0.0	0.0	0.0
R7B1C_G182	S3_disease2_qtl1_partial	0.05	0.8	5	1e-05	1000	True	0.001	0.0	0.999	0.003	0.0	0.997	1.0	1.0	0.004	0.006	0.126	0.012	0.126	0.323	2.856	0.0074815533481597885	0.0028343352271733174	0.002	0.0	0.0								0.002	0.001	0.003
R7B1C_G183	S3_disease2_qtl1_partial	0.05	0.8	5	0.0001	1000	True	0.004	0.0	0.996	0.001	0.0	0.999	1.0	1.0	0.001	0.006	0.101	0.014	0.101	0.276	2.253	0.026213448355016666	0.0009838678921264919	0.0	0.0	0.003								-0.003	0.004	0.001
R7B1C_G184	S3_disease2_qtl1_partial	0.05	0.8	10	1e-06	1000	True	0.0	0.0	1.0	0.0	0.0	1.0	1.0	1.0	0.006	0.002	0.127	0.011	0.127	0.162	2.721	0.000801441400295952	0.0010982804560527742	0.0	0.0	0.0								0.0	0.0	0.0
R7B1C_G185	S3_disease2_qtl1_partial	0.05	0.8	10	1e-05	1000	True	0.0	0.0	1.0	0.001	0.0	0.999	1.0	1.0	0.002	0.001	0.122	0.007	0.122	0.281	2.597	0.0047335496525593825	0.0012750647169992742	0.001	0.0	0.0								0.001	0.0	0.001
R7B1C_G186	S3_disease2_qtl1_partial	0.05	0.8	10	0.0001	1000	True	0.004	0.0	0.996	0.002	0.0	0.998	1.0	1.0	0.002	0.004	0.111	0.009	0.111	0.233	2.525	0.030370484691229497	0.0019408213381437	0.0	0.0	0.002								-0.002	0.004	0.002
R7B1C_G187	S3_disease2_qtl1_partial	0.05	0.8	20	1e-06	1000	True	0.0	0.0	1.0	0.0	0.0	1.0	1.0	1.0	0.002	0.002	0.117	0.01	0.117	0.23	2.656	0.000587659488340149	0.0001617674842934173	0.0	0.0	0.0								0.0	0.0	0.0
R7B1C_G188	S3_disease2_qtl1_partial	0.05	0.8	20	1e-05	1000	True	0.001	0.0	0.999	0.001	0.0	0.999	1.0	1.0	0.003	0.002	0.136	0.016	0.136	0.22	3.006	0.008128007211620868	0.0020602150218605357	0.0	0.0	0.0								0.0	0.001	0.001
R7B1C_G189	S3_disease2_qtl1_partial	0.05	0.8	20	0.0001	1000	True	0.005	0.0	0.995	0.001	0.0	0.999	1.0	1.0	0.001	0.001	0.111	0.004	0.111	0.137	2.396	0.03232890872686194	0.000896560982830132	0.0	0.0	0.004								-0.004	0.005	0.001
R7B1C_G190	S3_disease2_qtl1_partial	0.2	0.2	5	1e-06	1000	True	0.555	0.018	0.427	0.583	0.018	0.399	1.0	1.0	0.715	0.963	0.714	1.0	0.714	17.344	7.586	0.7015427647599299	0.6201316509251981	0.083	0.005	0.05								0.027999999999999914	0.555	0.583
R7B1C_G191	S3_disease2_qtl1_partial	0.2	0.2	5	1e-05	1000	True	0.854	0.006	0.14	0.726	0.003	0.271	1.0	1.0	0.731	0.965	0.729	0.997	0.729	17.324	7.704	0.8965587988357387	0.7132969877947306	0.031	0.0	0.159								-0.128	0.854	0.726
R7B1C_G192	S3_disease2_qtl1_partial	0.2	0.2	5	0.0001	1000	True	0.961	0.003	0.036	0.724	0.001	0.275	1.0	1.0	0.728	0.963	0.723	0.999	0.723	17.283	7.632	0.9705243910142651	0.7245591709372264	0.017	0.0	0.254								-0.237	0.961	0.724
R7B1C_G193	S3_disease2_qtl1_partial	0.2	0.2	10	1e-06	1000	True	0.55	0.018	0.432	0.572	0.019	0.409	1.0	1.0	0.721	0.963	0.714	0.999	0.714	17.504	7.575	0.692191777916216	0.61765233027131	0.09	0.004	0.064								0.02199999999999991	0.55	0.572
R7B1C_G194	S3_disease2_qtl1_partial	0.2	0.2	10	1e-05	1000	True	0.861	0.006	0.133	0.745	0.0	0.255	1.0	1.0	0.747	0.966	0.741	1.0	0.741	17.283	7.754	0.9054181382741168	0.7323563950349666	0.036	0.0	0.152								-0.11599999999999999	0.861	0.745
R7B1C_G195	S3_disease2_qtl1_partial	0.2	0.2	10	0.0001	1000	True	0.967	0.001	0.032	0.711	0.0	0.289	1.0	1.0	0.711	0.967	0.709	0.999	0.709	17.439	7.446	0.9732389717164951	0.7097369360816513	0.013	0.0	0.269								-0.256	0.967	0.711
R7B1C_G196	S3_disease2_qtl1_partial	0.2	0.2	20	1e-06	1000	True	0.557	0.02	0.423	0.594	0.019	0.387	1.0	1.0	0.732	0.962	0.729	1.0	0.729	17.393	7.853	0.7011508642833281	0.6317864761733538	0.094	0.004	0.053								0.03699999999999992	0.557	0.594
R7B1C_G197	S3_disease2_qtl1_partial	0.2	0.2	20	1e-05	1000	True	0.845	0.008	0.147	0.707	0.0	0.293	1.0	1.0	0.707	0.958	0.705	1.0	0.705	17.26	7.613	0.8976167961362909	0.6946726197231023	0.033	0.0	0.171								-0.138	0.845	0.707
R7B1C_G198	S3_disease2_qtl1_partial	0.2	0.2	20	0.0001	1000	True	0.965	0.0	0.035	0.701	0.0	0.299	1.0	1.0	0.702	0.96	0.702	0.998	0.702	17.352	7.328	0.9736214609862286	0.7001520395963093	0.011	0.0	0.275								-0.264	0.965	0.701
R7B1C_G199	S3_disease2_qtl1_partial	0.2	0.5	5	1e-06	1000	True	0.229	0.073	0.698	0.327	0.08	0.593	1.0	1.0	0.521	0.547	0.588	0.581	0.588	8.78	5.862	0.35586826724883075	0.3512330597029988	0.141	0.0	0.043								0.098	0.229	0.327
R7B1C_G200	S3_disease2_qtl1_partial	0.2	0.5	5	1e-05	1000	True	0.436	0.045	0.519	0.39	0.04	0.57	1.0	1.0	0.516	0.552	0.577	0.587	0.577	8.54	6.248	0.58157462780186	0.4174808648172825	0.103	0.001	0.148								-0.045999999999999985	0.436	0.39
R7B1C_G201	S3_disease2_qtl1_partial	0.2	0.5	5	0.0001	1000	True	0.685	0.022	0.293	0.441	0.017	0.542	1.0	1.0	0.528	0.567	0.586	0.594	0.586	8.538	6.114	0.8024840169827132	0.4726706987807157	0.047	0.0	0.291								-0.24400000000000005	0.685	0.441
R7B1C_G202	S3_disease2_qtl1_partial	0.2	0.5	10	1e-06	1000	True	0.19	0.083	0.727	0.305	0.087	0.608	1.0	1.0	0.53	0.543	0.583	0.575	0.583	8.753	5.894	0.34147539162003965	0.3427493656770812	0.147	0.0	0.032								0.11499999999999999	0.19	0.305
R7B1C_G203	S3_disease2_qtl1_partial	0.2	0.5	10	1e-05	1000	True	0.436	0.05	0.514	0.404	0.045	0.551	1.0	1.0	0.531	0.574	0.599	0.598	0.599	8.378	6.058	0.5925906150135697	0.43184878903533314	0.104	0.0	0.136								-0.03199999999999997	0.436	0.404
R7B1C_G204	S3_disease2_qtl1_partial	0.2	0.5	10	0.0001	1000	True	0.661	0.018	0.321	0.412	0.017	0.571	1.0	1.0	0.495	0.545	0.553	0.583	0.553	8.638	6.042	0.7915165220541492	0.44044618790535983	0.031	0.001	0.279								-0.24900000000000005	0.661	0.412
R7B1C_G205	S3_disease2_qtl1_partial	0.2	0.5	20	1e-06	1000	True	0.197	0.071	0.732	0.311	0.074	0.615	1.0	1.0	0.504	0.543	0.57	0.572	0.57	8.566	6.01	0.332158032467125	0.33496728362545947	0.146	0.0	0.032								0.11399999999999999	0.197	0.311
R7B1C_G206	S3_disease2_qtl1_partial	0.2	0.5	20	1e-05	1000	True	0.416	0.033	0.551	0.37	0.04	0.59	1.0	1.0	0.5	0.559	0.544	0.593	0.544	8.544	5.527	0.5723528373986001	0.39989472850596886	0.086	0.003	0.129								-0.045999999999999985	0.416	0.37
R7B1C_G207	S3_disease2_qtl1_partial	0.2	0.5	20	0.0001	1000	True	0.687	0.018	0.295	0.453	0.018	0.529	1.0	1.0	0.54	0.574	0.576	0.617	0.576	8.877	6.415	0.8033466660528078	0.48328670087004616	0.038	0.001	0.271								-0.23400000000000004	0.687	0.453
R7B1C_G208	S3_disease2_qtl1_partial	0.2	0.8	5	1e-06	1000	True	0.031	0.0	0.969	0.051	0.0	0.949	1.0	1.0	0.11	0.007	0.746	0.139	0.746	1.264	12.763	0.0936125165954588	0.07722121552022071	0.02	0.0	0.0								0.019999999999999997	0.031	0.051
R7B1C_G209	S3_disease2_qtl1_partial	0.2	0.8	5	1e-05	1000	True	0.1	0.0	0.9	0.087	0.0	0.913	1.0	1.0	0.096	0.004	0.758	0.128	0.758	1.145	12.977	0.21586179946437023	0.08823893494628944	0.017	0.0	0.03								-0.013000000000000012	0.1	0.087
R7B1C_G210	S3_disease2_qtl1_partial	0.2	0.8	5	0.0001	1000	True	0.242	0.0	0.758	0.09	0.0	0.91	1.0	1.0	0.091	0.01	0.732	0.113	0.732	1.11	12.447	0.42807225035704194	0.08898010022117721	0.006	0.0	0.158								-0.152	0.242	0.09
R7B1C_G211	S3_disease2_qtl1_partial	0.2	0.8	10	1e-06	1000	True	0.031	0.0	0.969	0.049	0.0	0.951	1.0	1.0	0.124	0.015	0.756	0.155	0.756	1.604	12.881	0.10160361977351695	0.08180208767267012	0.019	0.0	0.001								0.018000000000000002	0.031	0.049
R7B1C_G212	S3_disease2_qtl1_partial	0.2	0.8	10	1e-05	1000	True	0.104	0.0	0.896	0.096	0.0	0.904	1.0	1.0	0.108	0.007	0.725	0.134	0.725	1.144	12.645	0.22231847127475776	0.09775952974049187	0.019	0.0	0.027								-0.007999999999999993	0.104	0.096
R7B1C_G213	S3_disease2_qtl1_partial	0.2	0.8	10	0.0001	1000	True	0.268	0.0	0.732	0.116	0.0	0.884	1.0	1.0	0.118	0.006	0.778	0.136	0.778	1.264	12.963	0.45509483766669295	0.11600915872412979	0.003	0.0	0.155								-0.15200000000000002	0.268	0.116
R7B1C_G214	S3_disease2_qtl1_partial	0.2	0.8	20	1e-06	1000	True	0.023	0.0	0.977	0.045	0.001	0.954	1.0	1.0	0.117	0.011	0.736	0.145	0.736	1.293	12.562	0.087244960704172	0.07296533432417517	0.023	0.0	0.001								0.022	0.023	0.045
R7B1C_G215	S3_disease2_qtl1_partial	0.2	0.8	20	1e-05	1000	True	0.099	0.0	0.901	0.087	0.0	0.913	1.0	1.0	0.098	0.011	0.771	0.13	0.771	1.148	13.282	0.219823871024705	0.09068898101327495	0.018	0.0	0.03								-0.01200000000000001	0.099	0.087
R7B1C_G216	S3_disease2_qtl1_partial	0.2	0.8	20	0.0001	1000	True	0.26	0.0	0.74	0.1	0.0	0.9	1.0	1.0	0.103	0.009	0.751	0.122	0.751	1.207	12.586	0.4541148025417162	0.10113652459947219	0.003	0.0	0.163								-0.16	0.26	0.1
R7B1C_G217	S3_disease2_qtl1_partial	0.4	0.2	5	1e-06	1000	True	0.84	0.019	0.141	0.864	0.025	0.111	1.0	1.0	0.929	0.952	0.927	1.0	0.927	16.363	8.699	0.8598839327916104	0.8431952146236622	0.063	0.004	0.035								0.02400000000000002	0.84	0.864
R7B1C_G218	S3_disease2_qtl1_partial	0.4	0.2	5	1e-05	1000	True	0.967	0.008	0.025	0.932	0.0	0.068	1.0	1.0	0.932	0.963	0.93	1.0	0.93	16.355	8.622	0.9680076540090108	0.9221067805005941	0.023	0.0	0.058								-0.03499999999999992	0.967	0.932
R7B1C_G219	S3_disease2_qtl1_partial	0.4	0.2	5	0.0001	1000	True	0.988	0.002	0.01	0.929	0.0	0.071	1.0	1.0	0.929	0.955	0.928	1.0	0.928	16.154	8.737	0.9911051763489714	0.9279579299975506	0.01	0.0	0.069								-0.05899999999999994	0.988	0.929
R7B1C_G220	S3_disease2_qtl1_partial	0.4	0.2	10	1e-06	1000	True	0.864	0.017	0.119	0.877	0.026	0.097	1.0	1.0	0.939	0.958	0.937	1.0	0.937	16.458	8.828	0.8703055448160494	0.8519205184027752	0.051	0.003	0.035								0.013000000000000012	0.864	0.877
R7B1C_G221	S3_disease2_qtl1_partial	0.4	0.2	10	1e-05	1000	True	0.973	0.008	0.019	0.938	0.002	0.06	1.0	1.0	0.94	0.961	0.938	0.999	0.938	16.345	8.755	0.9706591513043255	0.9275716663839486	0.015	0.0	0.05								-0.03500000000000003	0.973	0.938
R7B1C_G222	S3_disease2_qtl1_partial	0.4	0.2	10	0.0001	1000	True	0.987	0.002	0.011	0.938	0.0	0.062	1.0	1.0	0.938	0.96	0.935	1.0	0.935	16.103	8.809	0.9903872037885274	0.9368458692177789	0.012	0.0	0.061								-0.049000000000000044	0.987	0.938
R7B1C_G223	S3_disease2_qtl1_partial	0.4	0.2	20	1e-06	1000	True	0.847	0.011	0.142	0.86	0.026	0.114	1.0	1.0	0.922	0.967	0.918	1.0	0.918	16.425	8.772	0.8676436851785205	0.8364593805618054	0.056	0.007	0.036								0.013000000000000012	0.847	0.86
R7B1C_G224	S3_disease2_qtl1_partial	0.4	0.2	20	1e-05	1000	True	0.975	0.006	0.019	0.942	0.0	0.058	1.0	1.0	0.942	0.97	0.942	1.0	0.942	16.374	8.86	0.9724550592909247	0.9316356530330607	0.018	0.0	0.051								-0.03300000000000003	0.975	0.942
R7B1C_G225	S3_disease2_qtl1_partial	0.4	0.2	20	0.0001	1000	True	0.991	0.002	0.007	0.933	0.0	0.067	1.0	1.0	0.933	0.966	0.933	1.0	0.933	16.153	8.793	0.9915743644800707	0.9318857156431737	0.008	0.0	0.066								-0.05799999999999994	0.991	0.933
R7B1C_G226	S3_disease2_qtl1_partial	0.4	0.5	5	1e-06	1000	True	0.487	0.217	0.296	0.609	0.171	0.22	1.0	1.0	0.855	0.688	0.855	0.713	0.855	7.877	5.976	0.5587194339298204	0.6217312895592197	0.155	0.001	0.032								0.122	0.487	0.609
R7B1C_G227	S3_disease2_qtl1_partial	0.4	0.5	5	1e-05	1000	True	0.647	0.159	0.194	0.651	0.131	0.218	1.0	1.0	0.862	0.694	0.858	0.713	0.858	7.847	6.541	0.7136654064180962	0.6827835980826753	0.087	0.001	0.082								0.0040000000000000036	0.647	0.651
R7B1C_G228	S3_disease2_qtl1_partial	0.4	0.5	5	0.0001	1000	True	0.763	0.088	0.149	0.688	0.065	0.247	1.0	1.0	0.846	0.697	0.849	0.72	0.849	8.307	6.252	0.8279514253692828	0.7299945612130735	0.052	0.003	0.124								-0.07500000000000007	0.763	0.688
R7B1C_G229	S3_disease2_qtl1_partial	0.4	0.5	10	1e-06	1000	True	0.467	0.232	0.301	0.59	0.189	0.221	1.0	1.0	0.859	0.674	0.859	0.701	0.859	7.972	6.14	0.5494968648505494	0.613222787723275	0.153	0.0	0.03								0.12299999999999994	0.467	0.59
R7B1C_G230	S3_disease2_qtl1_partial	0.4	0.5	10	1e-05	1000	True	0.618	0.162	0.22	0.636	0.126	0.238	1.0	1.0	0.853	0.69	0.857	0.71	0.857	8.02	5.961	0.6962822258676062	0.6723651067874027	0.108	0.002	0.088								0.018000000000000016	0.618	0.636
R7B1C_G231	S3_disease2_qtl1_partial	0.4	0.5	10	0.0001	1000	True	0.74	0.086	0.174	0.691	0.074	0.235	1.0	1.0	0.855	0.679	0.851	0.698	0.851	8.094	6.375	0.8166202506401974	0.7334658080180642	0.054	0.001	0.102								-0.049000000000000044	0.74	0.691
R7B1C_G232	S3_disease2_qtl1_partial	0.4	0.5	20	1e-06	1000	True	0.485	0.243	0.272	0.587	0.201	0.212	1.0	1.0	0.85	0.687	0.842	0.708	0.842	7.791	6.433	0.5557345013886029	0.6021951648371902	0.15	0.002	0.046								0.10199999999999998	0.485	0.587
R7B1C_G233	S3_disease2_qtl1_partial	0.4	0.5	20	1e-05	1000	True	0.637	0.159	0.204	0.643	0.126	0.231	1.0	1.0	0.838	0.692	0.839	0.711	0.839	8.009	5.846	0.7024859751249173	0.6697743211405757	0.081	0.003	0.072								0.006000000000000005	0.637	0.643
R7B1C_G234	S3_disease2_qtl1_partial	0.4	0.5	20	0.0001	1000	True	0.754	0.097	0.149	0.706	0.075	0.219	1.0	1.0	0.87	0.678	0.872	0.703	0.872	7.987	6.529	0.8256128732435642	0.7479562474161683	0.062	0.001	0.109								-0.04800000000000004	0.754	0.706
R7B1C_G235	S3_disease2_qtl1_partial	0.4	0.8	5	1e-06	1000	True	0.139	0.0	0.861	0.216	0.0	0.784	1.0	1.0	0.309	0.058	0.922	0.322	0.922	2.532	13.639	0.26177034554216044	0.2519384579178049	0.077	0.0	0.0								0.07699999999999999	0.139	0.216
R7B1C_G236	S3_disease2_qtl1_partial	0.4	0.8	5	1e-05	1000	True	0.318	0.0	0.682	0.289	0.0	0.711	1.0	1.0	0.305	0.07	0.923	0.317	0.923	2.565	13.386	0.47819212612719536	0.2919190483807688	0.03	0.0	0.059								-0.029000000000000026	0.318	0.289
R7B1C_G237	S3_disease2_qtl1_partial	0.4	0.8	5	0.0001	1000	True	0.582	0.0	0.418	0.315	0.0	0.685	1.0	1.0	0.319	0.053	0.936	0.323	0.936	2.594	13.564	0.7215166442632512	0.31556455456957794	0.002	0.0	0.269								-0.26699999999999996	0.582	0.315
R7B1C_G238	S3_disease2_qtl1_partial	0.4	0.8	10	1e-06	1000	True	0.142	0.001	0.857	0.221	0.001	0.778	1.0	1.0	0.319	0.041	0.911	0.327	0.911	2.374	13.728	0.27031833691324725	0.2581532125666911	0.081	0.0	0.002								0.07900000000000001	0.142	0.221
R7B1C_G239	S3_disease2_qtl1_partial	0.4	0.8	10	1e-05	1000	True	0.316	0.001	0.683	0.306	0.001	0.693	1.0	1.0	0.327	0.048	0.916	0.335	0.916	2.71	13.605	0.4842286949310632	0.30763526075088465	0.038	0.0	0.048								-0.010000000000000009	0.316	0.306
R7B1C_G240	S3_disease2_qtl1_partial	0.4	0.8	10	0.0001	1000	True	0.563	0.0	0.437	0.307	0.0	0.693	1.0	1.0	0.31	0.045	0.913	0.319	0.913	2.476	13.239	0.710976573389941	0.307910923635926	0.003	0.0	0.259								-0.25599999999999995	0.563	0.307
R7B1C_G241	S3_disease2_qtl1_partial	0.4	0.8	20	1e-06	1000	True	0.145	0.0	0.855	0.232	0.001	0.767	1.0	1.0	0.346	0.049	0.932	0.352	0.932	2.551	13.731	0.2766720598624218	0.2784856166689899	0.09	0.0	0.003								0.08700000000000002	0.145	0.232
R7B1C_G242	S3_disease2_qtl1_partial	0.4	0.8	20	1e-05	1000	True	0.3	0.0	0.7	0.296	0.0	0.704	1.0	1.0	0.312	0.05	0.925	0.314	0.925	2.681	13.561	0.4571940435441555	0.2953796210810149	0.045	0.0	0.049								-0.0040000000000000036	0.3	0.296
R7B1C_G243	S3_disease2_qtl1_partial	0.4	0.8	20	0.0001	1000	True	0.548	0.0	0.452	0.288	0.0	0.712	1.0	1.0	0.29	0.037	0.926	0.299	0.926	2.19	13.427	0.7020791956118403	0.2876406265467679	0.004	0.0	0.264								-0.26000000000000006	0.548	0.288
R7B1C_G244	S4_two_by_two_one_shared	0.05	0.2	5	1e-06	1000	True	0.0	0.0	1.0	0.007	0.001	0.992	1.0	1.0	0.025	0.378	0.004	0.599	0.026	11.312	0.464	0.010960884989811532	0.013120250237451277	0.007	0.0	0.0								0.007	0.0	0.007
R7B1C_G245	S4_two_by_two_one_shared	0.05	0.2	5	1e-05	1000	True	0.004	0.0	0.996	0.014	0.0	0.986	1.0	1.0	0.024	0.357	0.003	0.572	0.023	10.814	0.504	0.05411822540793086	0.015129357122837132	0.011	0.0	0.001								0.01	0.004	0.014
R7B1C_G246	S4_two_by_two_one_shared	0.05	0.2	5	0.0001	1000	True	0.036	0.0	0.964	0.012	0.001	0.987	1.0	1.0	0.019	0.376	0.004	0.614	0.023	11.529	0.434	0.21738305503706795	0.014621988481819623	0.004	0.0	0.028								-0.023999999999999997	0.036	0.012
R7B1C_G247	S4_two_by_two_one_shared	0.05	0.2	10	1e-06	1000	True	0.0	0.0	1.0	0.002	0.0	0.998	1.0	1.0	0.012	0.343	0.002	0.573	0.023	10.5	0.316	0.010033504122821729	0.006276541602771022	0.002	0.0	0.0								0.002	0.0	0.002
R7B1C_G248	S4_two_by_two_one_shared	0.05	0.2	10	1e-05	1000	True	0.003	0.0	0.997	0.018	0.001	0.981	1.0	1.0	0.027	0.373	0.003	0.587	0.034	10.949	0.571	0.05185725226394103	0.01817469553791889	0.015	0.0	0.0								0.015	0.003	0.018
R7B1C_G249	S4_two_by_two_one_shared	0.05	0.2	10	0.0001	1000	True	0.039	0.0	0.961	0.018	0.0	0.982	1.0	1.0	0.025	0.396	0.004	0.62	0.032	11.482	0.618	0.23290927122282631	0.020615763324393518	0.011	0.0	0.032								-0.021	0.039	0.018
R7B1C_G250	S4_two_by_two_one_shared	0.05	0.2	20	1e-06	1000	True	0.001	0.0	0.999	0.005	0.002	0.993	1.0	1.0	0.014	0.394	0.003	0.613	0.022	11.596	0.326	0.009249623138558842	0.008173494727189127	0.004	0.0	0.0								0.004	0.001	0.005
R7B1C_G251	S4_two_by_two_one_shared	0.05	0.2	20	1e-05	1000	True	0.002	0.0	0.998	0.008	0.0	0.992	1.0	1.0	0.018	0.363	0.004	0.597	0.025	11.163	0.491	0.05267868933141956	0.008463630660811305	0.006	0.0	0.0								0.006	0.002	0.008
R7B1C_G252	S4_two_by_two_one_shared	0.05	0.2	20	0.0001	1000	True	0.05	0.0	0.95	0.012	0.0	0.988	1.0	1.0	0.016	0.36	0.001	0.556	0.02	10.363	0.322	0.2191190827916098	0.013295550113902248	0.006	0.0	0.044								-0.038000000000000006	0.05	0.012
R7B1C_G253	S4_two_by_two_one_shared	0.05	0.5	5	1e-06	1000	True	0.0	0.0	1.0	0.0	0.0	1.0	1.0	1.0	0.0	0.021	0.0	0.041	0.0	1.183	0.119	0.0011774723070656994	0.0	0.0	0.0	0.0								0.0	0.0	0.0
R7B1C_G254	S4_two_by_two_one_shared	0.05	0.5	5	1e-05	1000	True	0.0	0.0	1.0	0.0	0.0	1.0	1.0	1.0	0.0	0.028	0.0	0.059	0.0	1.41	0.15	0.009435273198324726	0.0	0.0	0.0	0.0								0.0	0.0	0.0
R7B1C_G255	S4_two_by_two_one_shared	0.05	0.5	5	0.0001	1000	True	0.005	0.0	0.995	0.0	0.0	1.0	1.0	1.0	0.0	0.023	0.0	0.063	0.001	1.505	0.08	0.06244078592558703	0.0	0.0	0.0	0.005								-0.005	0.005	0.0
R7B1C_G256	S4_two_by_two_one_shared	0.05	0.5	10	1e-06	1000	True	0.0	0.0	1.0	0.001	0.0	0.999	1.0	1.0	0.001	0.038	0.0	0.071	0.003	1.665	0.237	0.0025043645633954794	0.000905711319888614	0.001	0.0	0.0								0.001	0.0	0.001
R7B1C_G257	S4_two_by_two_one_shared	0.05	0.5	10	1e-05	1000	True	0.001	0.0	0.999	0.002	0.0	0.998	1.0	1.0	0.003	0.033	0.0	0.07	0.001	1.326	0.12	0.011684296640460364	0.0019907908976942866	0.001	0.0	0.0								0.001	0.001	0.002
R7B1C_G258	S4_two_by_two_one_shared	0.05	0.5	10	0.0001	1000	True	0.007	0.0	0.993	0.0	0.0	1.0	1.0	1.0	0.0	0.03	0.0	0.063	0.0	1.441	0.074	0.06126414039911323	0.0	0.0	0.0	0.007								-0.007	0.007	0.0
R7B1C_G259	S4_two_by_two_one_shared	0.05	0.5	20	1e-06	1000	True	0.0	0.0	1.0	0.0	0.0	1.0	1.0	1.0	0.0	0.03	0.0	0.057	0.0	1.435	0.099	0.0010922018179142388	0.0	0.0	0.0	0.0								0.0	0.0	0.0
R7B1C_G260	S4_two_by_two_one_shared	0.05	0.5	20	1e-05	1000	True	0.001	0.0	0.999	0.0	0.0	1.0	1.0	1.0	0.0	0.028	0.001	0.055	0.002	1.186	0.264	0.009655944487607841	0.0	0.0	0.0	0.001								-0.001	0.001	0.0
R7B1C_G261	S4_two_by_two_one_shared	0.05	0.5	20	0.0001	1000	True	0.008	0.0	0.992	0.0	0.0	1.0	1.0	1.0	0.0	0.037	0.001	0.062	0.001	1.466	0.054	0.06557958896649808	0.0	0.0	0.0	0.008								-0.008	0.008	0.0
R7B1C_G262	S4_two_by_two_one_shared	0.05	0.8	5	1e-06	1000	True	0.0	0.0	1.0	0.0	0.0	1.0	1.0	1.0	0.0	0.008	0.002	0.014	0.002	0.366	0.165	0.0001201881466983628	0.0	0.0	0.0	0.0								0.0	0.0	0.0
R7B1C_G263	S4_two_by_two_one_shared	0.05	0.8	5	1e-05	1000	True	0.0	0.0	1.0	0.0	0.0	1.0	1.0	1.0	0.0	0.002	0.001	0.007	0.001	0.186	0.078	0.0009094099446850705	0.0	0.0	0.0	0.0								0.0	0.0	0.0
R7B1C_G264	S4_two_by_two_one_shared	0.05	0.8	5	0.0001	1000	True	0.0	0.0	1.0	0.0	0.0	1.0	1.0	1.0	0.0	0.002	0.0	0.013	0.0	0.24	0.11	0.008801652407099406	0.0	0.0	0.0	0.0								0.0	0.0	0.0
R7B1C_G265	S4_two_by_two_one_shared	0.05	0.8	10	1e-06	1000	True	0.0	0.0	1.0	0.0	0.0	1.0	1.0	1.0	0.0	0.003	0.002	0.012	0.002	0.237	0.061	0.00011752523330723282	0.0	0.0	0.0	0.0								0.0	0.0	0.0
R7B1C_G266	S4_two_by_two_one_shared	0.05	0.8	10	1e-05	1000	True	0.0	0.0	1.0	0.0	0.0	1.0	1.0	1.0	0.0	0.002	0.001	0.009	0.001	0.289	0.125	0.0013559801431565516	0.0	0.0	0.0	0.0								0.0	0.0	0.0
R7B1C_G267	S4_two_by_two_one_shared	0.05	0.8	10	0.0001	1000	True	0.0	0.0	1.0	0.0	0.0	1.0	1.0	1.0	0.0	0.004	0.002	0.013	0.002	0.345	0.089	0.00846600934409304	0.0	0.0	0.0	0.0								0.0	0.0	0.0
R7B1C_G268	S4_two_by_two_one_shared	0.05	0.8	20	1e-06	1000	True	0.0	0.0	1.0	0.0	0.0	1.0	1.0	1.0	0.0	0.0	0.002	0.011	0.002	0.105	0.062	0.00010299645029286409	0.0	0.0	0.0	0.0								0.0	0.0	0.0
R7B1C_G269	S4_two_by_two_one_shared	0.05	0.8	20	1e-05	1000	True	0.0	0.0	1.0	0.0	0.0	1.0	1.0	1.0	0.0	0.003	0.002	0.013	0.003	0.223	0.14	0.000811731031153503	0.0	0.0	0.0	0.0								0.0	0.0	0.0
R7B1C_G270	S4_two_by_two_one_shared	0.05	0.8	20	0.0001	1000	True	0.0	0.0	1.0	0.0	0.0	1.0	1.0	1.0	0.0	0.005	0.001	0.014	0.001	0.318	0.051	0.008255755662331964	0.0	0.0	0.0	0.0								0.0	0.0	0.0
R7B1C_G271	S4_two_by_two_one_shared	0.2	0.2	5	1e-06	1000	True	0.095	0.043	0.862	0.249	0.058	0.693	1.0	1.0	0.403	0.956	0.156	1.0	0.304	17.225	5.916	0.2676559264627605	0.27391333044575156	0.167	0.004	0.009								0.154	0.095	0.249
R7B1C_G272	S4_two_by_two_one_shared	0.2	0.2	5	1e-05	1000	True	0.32	0.027	0.653	0.285	0.076	0.639	1.0	1.0	0.428	0.957	0.139	0.999	0.287	17.314	5.689	0.5519612795105074	0.2957858867160841	0.084	0.018	0.101								-0.03500000000000003	0.32	0.285
R7B1C_G273	S4_two_by_two_one_shared	0.2	0.2	5	0.0001	1000	True	0.719	0.015	0.266	0.325	0.062	0.613	1.0	1.0	0.449	0.958	0.139	1.0	0.317	17.484	5.973	0.8361331435824315	0.36258832362909127	0.023	0.019	0.398								-0.39399999999999996	0.719	0.325
R7B1C_G274	S4_two_by_two_one_shared	0.2	0.2	10	1e-06	1000	True	0.093	0.052	0.855	0.226	0.075	0.699	1.0	1.0	0.402	0.963	0.129	0.998	0.291	17.369	5.16	0.258763124695432	0.2593609066768909	0.145	0.002	0.01								0.133	0.093	0.226
R7B1C_G275	S4_two_by_two_one_shared	0.2	0.2	10	1e-05	1000	True	0.345	0.029	0.626	0.291	0.054	0.655	1.0	1.0	0.395	0.969	0.127	0.999	0.293	17.29	5.35	0.5553084838727923	0.29840043127876015	0.088	0.011	0.131								-0.05399999999999999	0.345	0.291
R7B1C_G276	S4_two_by_two_one_shared	0.2	0.2	10	0.0001	1000	True	0.696	0.009	0.295	0.322	0.058	0.62	1.0	1.0	0.429	0.961	0.142	0.998	0.314	17.299	6.0	0.8361142835856453	0.35544819614080675	0.028	0.024	0.378								-0.37399999999999994	0.696	0.322
R7B1C_G277	S4_two_by_two_one_shared	0.2	0.2	20	1e-06	1000	True	0.095	0.053	0.852	0.241	0.074	0.685	1.0	1.0	0.406	0.966	0.146	1.0	0.298	17.221	5.709	0.26911750719316807	0.2684328191755553	0.158	0.004	0.008								0.146	0.095	0.241
R7B1C_G278	S4_two_by_two_one_shared	0.2	0.2	20	1e-05	1000	True	0.336	0.03	0.634	0.304	0.066	0.63	1.0	1.0	0.417	0.978	0.145	0.998	0.307	17.46	5.7	0.5520872994427399	0.3102020763781747	0.079	0.005	0.106								-0.03200000000000003	0.336	0.304
R7B1C_G279	S4_two_by_two_one_shared	0.2	0.2	20	0.0001	1000	True	0.694	0.014	0.292	0.305	0.065	0.63	1.0	1.0	0.418	0.973	0.134	1.0	0.295	17.261	5.607	0.8322691213904074	0.34125996388746643	0.026	0.024	0.391								-0.38899999999999996	0.694	0.305
R7B1C_G280	S4_two_by_two_one_shared	0.2	0.5	5	1e-06	1000	True	0.007	0.0	0.993	0.016	0.002	0.982	1.0	1.0	0.041	0.561	0.004	0.589	0.013	8.708	0.626	0.06845696865231188	0.020920849463127493	0.01	0.0	0.001								0.009000000000000001	0.007	0.016
R7B1C_G281	S4_two_by_two_one_shared	0.2	0.5	5	1e-05	1000	True	0.076	0.0	0.924	0.032	0.004	0.964	1.0	1.0	0.049	0.567	0.008	0.599	0.02	8.788	0.646	0.21941963422802432	0.03513297986303166	0.008	0.002	0.05								-0.044	0.076	0.032
R7B1C_G282	S4_two_by_two_one_shared	0.2	0.5	5	0.0001	1000	True	0.289	0.0	0.711	0.029	0.0	0.971	1.0	1.0	0.033	0.552	0.006	0.59	0.021	8.529	0.562	0.5191058426081347	0.030491280362239442	0.004	0.0	0.264								-0.25999999999999995	0.289	0.029
R7B1C_G283	S4_two_by_two_one_shared	0.2	0.5	10	1e-06	1000	True	0.005	0.001	0.994	0.01	0.002	0.988	1.0	1.0	0.028	0.587	0.003	0.619	0.007	8.617	0.445	0.06236543339840965	0.012636893873299197	0.007	0.0	0.002								0.005	0.005	0.01
R7B1C_G284	S4_two_by_two_one_shared	0.2	0.5	10	1e-05	1000	True	0.07	0.0	0.93	0.025	0.001	0.974	1.0	1.0	0.039	0.565	0.006	0.604	0.018	8.879	0.577	0.22917331158557405	0.030315435026196613	0.006	0.001	0.05								-0.045000000000000005	0.07	0.025
R7B1C_G285	S4_two_by_two_one_shared	0.2	0.5	10	0.0001	1000	True	0.28	0.0	0.72	0.022	0.0	0.978	1.0	1.0	0.027	0.574	0.003	0.614	0.013	8.728	0.384	0.5141957296837528	0.02455465476608127	0.0	0.0	0.258								-0.258	0.28	0.022
R7B1C_G286	S4_two_by_two_one_shared	0.2	0.5	20	1e-06	1000	True	0.017	0.0	0.983	0.02	0.001	0.979	1.0	1.0	0.04	0.579	0.002	0.611	0.018	8.605	0.421	0.06737414010374816	0.023816105748919084	0.008	0.0	0.005								0.002999999999999999	0.017	0.02
R7B1C_G287	S4_two_by_two_one_shared	0.2	0.5	20	1e-05	1000	True	0.077	0.0	0.923	0.018	0.001	0.981	1.0	1.0	0.027	0.57	0.002	0.605	0.021	8.739	0.422	0.2314539922694164	0.01930025720145217	0.006	0.0	0.065								-0.059	0.077	0.018
R7B1C_G288	S4_two_by_two_one_shared	0.2	0.5	20	0.0001	1000	True	0.281	0.0	0.719	0.027	0.002	0.971	1.0	1.0	0.03	0.569	0.006	0.611	0.018	8.702	0.412	0.5113423374132392	0.027869925097782165	0.002	0.001	0.255								-0.254	0.281	0.027
R7B1C_G289	S4_two_by_two_one_shared	0.2	0.8	5	1e-06	1000	True	0.0	0.0	1.0	0.0	0.0	1.0	1.0	1.0	0.0	0.01	0.002	0.123	0.003	1.342	0.085	0.0012140872095353589	0.0	0.0	0.0	0.0								0.0	0.0	0.0
R7B1C_G290	S4_two_by_two_one_shared	0.2	0.8	5	1e-05	1000	True	0.0	0.0	1.0	0.0	0.0	1.0	1.0	1.0	0.0	0.008	0.002	0.139	0.005	1.288	0.163	0.010445050199227039	0.0	0.0	0.0	0.0								0.0	0.0	0.0
R7B1C_G291	S4_two_by_two_one_shared	0.2	0.8	5	0.0001	1000	True	0.01	0.0	0.99	0.0	0.0	1.0	1.0	1.0	0.0	0.004	0.005	0.121	0.005	0.995	0.121	0.04919275537276819	0.0	0.0	0.0	0.01								-0.01	0.01	0.0
R7B1C_G292	S4_two_by_two_one_shared	0.2	0.8	10	1e-06	1000	True	0.0	0.0	1.0	0.001	0.0	0.999	1.0	1.0	0.002	0.007	0.002	0.131	0.004	1.273	0.132	0.0029833668293276724	0.001244630494383631	0.001	0.0	0.0								0.001	0.0	0.001
R7B1C_G293	S4_two_by_two_one_shared	0.2	0.8	10	1e-05	1000	True	0.0	0.0	1.0	0.0	0.0	1.0	1.0	1.0	0.0	0.016	0.002	0.124	0.004	1.183	0.069	0.010340154779897531	0.0	0.0	0.0	0.0								0.0	0.0	0.0
R7B1C_G294	S4_two_by_two_one_shared	0.2	0.8	10	0.0001	1000	True	0.007	0.0	0.993	0.0	0.0	1.0	1.0	1.0	0.0	0.012	0.003	0.153	0.003	1.374	0.136	0.053189133905425526	0.0	0.0	0.0	0.007								-0.007	0.007	0.0
R7B1C_G295	S4_two_by_two_one_shared	0.2	0.8	20	1e-06	1000	True	0.0	0.0	1.0	0.0	0.0	1.0	1.0	1.0	0.0	0.015	0.003	0.137	0.006	1.315	0.11	0.0018537684606936397	0.0	0.0	0.0	0.0								0.0	0.0	0.0
R7B1C_G296	S4_two_by_two_one_shared	0.2	0.8	20	1e-05	1000	True	0.001	0.0	0.999	0.0	0.0	1.0	1.0	1.0	0.0	0.011	0.001	0.149	0.002	1.39	0.045	0.011165757978363736	0.0	0.0	0.0	0.001								-0.001	0.001	0.0
R7B1C_G297	S4_two_by_two_one_shared	0.2	0.8	20	0.0001	1000	True	0.008	0.0	0.992	0.001	0.0	0.999	1.0	1.0	0.001	0.007	0.003	0.152	0.004	1.46	0.101	0.05190423680538041	0.000977620475854466	0.0	0.0	0.007								-0.007	0.008	0.001
R7B1C_G298	S4_two_by_two_one_shared	0.4	0.2	5	1e-06	1000	True	0.249	0.154	0.597	0.437	0.177	0.386	1.0	1.0	0.735	0.964	0.287	1.0	0.524	16.353	10.38	0.4231086356576908	0.47819662384265826	0.202	0.007	0.007								0.188	0.249	0.437
R7B1C_G299	S4_two_by_two_one_shared	0.4	0.2	5	1e-05	1000	True	0.509	0.096	0.395	0.478	0.161	0.361	1.0	1.0	0.702	0.967	0.263	1.0	0.476	16.25	9.458	0.6626056709478644	0.4876279693468249	0.081	0.017	0.095								-0.031000000000000028	0.509	0.478
R7B1C_G300	S4_two_by_two_one_shared	0.4	0.2	5	0.0001	1000	True	0.776	0.044	0.18	0.523	0.148	0.329	1.0	1.0	0.729	0.956	0.323	1.0	0.508	16.157	10.799	0.8506741835586787	0.5770860642658321	0.032	0.039	0.246								-0.253	0.776	0.523
R7B1C_G301	S4_two_by_two_one_shared	0.4	0.2	10	1e-06	1000	True	0.25	0.178	0.572	0.412	0.179	0.409	1.0	1.0	0.714	0.96	0.308	1.0	0.497	16.387	10.614	0.4185137532436107	0.4523584225884618	0.182	0.008	0.012								0.16199999999999998	0.25	0.412
R7B1C_G302	S4_two_by_two_one_shared	0.4	0.2	10	1e-05	1000	True	0.501	0.108	0.391	0.483	0.167	0.35	1.0	1.0	0.709	0.978	0.296	1.0	0.483	16.225	10.157	0.6531841353457326	0.49124633550043056	0.088	0.019	0.087								-0.018000000000000016	0.501	0.483
R7B1C_G303	S4_two_by_two_one_shared	0.4	0.2	10	0.0001	1000	True	0.772	0.056	0.172	0.514	0.145	0.341	1.0	1.0	0.718	0.963	0.32	1.0	0.501	16.26	10.607	0.8456068834294974	0.5641077527451374	0.033	0.039	0.252								-0.258	0.772	0.514
R7B1C_G304	S4_two_by_two_one_shared	0.4	0.2	20	1e-06	1000	True	0.24	0.149	0.611	0.414	0.169	0.417	1.0	1.0	0.716	0.963	0.301	1.0	0.499	16.282	10.376	0.422660724281797	0.45896832245228325	0.195	0.009	0.012								0.174	0.24	0.414
R7B1C_G305	S4_two_by_two_one_shared	0.4	0.2	20	1e-05	1000	True	0.533	0.103	0.364	0.525	0.168	0.307	1.0	1.0	0.753	0.968	0.328	0.998	0.53	16.277	11.225	0.6663586552759128	0.535671678313993	0.088	0.015	0.081								-0.008000000000000007	0.533	0.525
R7B1C_G306	S4_two_by_two_one_shared	0.4	0.2	20	0.0001	1000	True	0.777	0.058	0.165	0.524	0.151	0.325	1.0	1.0	0.733	0.964	0.311	1.0	0.511	16.239	10.576	0.8470835716616054	0.5781709099297923	0.03	0.038	0.245								-0.253	0.777	0.524
R7B1C_G307	S4_two_by_two_one_shared	0.4	0.5	5	1e-06	1000	True	0.071	0.001	0.928	0.052	0.013	0.935	1.0	1.0	0.104	0.684	0.019	0.707	0.046	7.987	1.136	0.18596099510579103	0.058170823285323456	0.023	0.005	0.037								-0.018999999999999996	0.071	0.052
R7B1C_G308	S4_two_by_two_one_shared	0.4	0.5	5	1e-05	1000	True	0.2	0.0	0.8	0.063	0.005	0.932	1.0	1.0	0.085	0.689	0.019	0.712	0.043	7.842	0.978	0.41678861758867536	0.06864688421234262	0.008	0.004	0.141								-0.137	0.2	0.063
R7B1C_G309	S4_two_by_two_one_shared	0.4	0.5	5	0.0001	1000	True	0.553	0.0	0.447	0.07	0.007	0.923	1.0	1.0	0.085	0.676	0.032	0.697	0.052	7.854	1.02	0.7377587805603019	0.07756751724841626	0.001	0.007	0.477								-0.48300000000000004	0.553	0.07
R7B1C_G310	S4_two_by_two_one_shared	0.4	0.5	10	1e-06	1000	True	0.054	0.0	0.946	0.058	0.012	0.93	1.0	1.0	0.099	0.702	0.032	0.723	0.052	8.117	1.2	0.1874529907442507	0.06397863409670598	0.03	0.004	0.022								0.0040000000000000036	0.054	0.058
R7B1C_G311	S4_two_by_two_one_shared	0.4	0.5	10	1e-05	1000	True	0.206	0.0	0.794	0.048	0.008	0.944	1.0	1.0	0.077	0.691	0.024	0.714	0.047	7.877	0.942	0.4174088295248405	0.05475906899594344	0.004	0.007	0.155								-0.15799999999999997	0.206	0.048
R7B1C_G312	S4_two_by_two_one_shared	0.4	0.5	10	0.0001	1000	True	0.538	0.0	0.462	0.085	0.005	0.91	1.0	1.0	0.11	0.688	0.019	0.714	0.044	8.128	1.245	0.7294344108010499	0.09591319208045988	0.002	0.004	0.451								-0.453	0.538	0.085
R7B1C_G313	S4_two_by_two_one_shared	0.4	0.5	20	1e-06	1000	True	0.065	0.002	0.933	0.06	0.009	0.931	1.0	1.0	0.1	0.69	0.022	0.715	0.048	8.276	1.078	0.19510805750189258	0.0709915127758211	0.024	0.001	0.028								-0.0050000000000000044	0.065	0.06
R7B1C_G314	S4_two_by_two_one_shared	0.4	0.5	20	1e-05	1000	True	0.203	0.001	0.796	0.061	0.01	0.929	1.0	1.0	0.086	0.688	0.025	0.714	0.05	7.945	1.025	0.4158222665866595	0.06713846629199417	0.01	0.006	0.146								-0.14200000000000002	0.203	0.061
R7B1C_G315	S4_two_by_two_one_shared	0.4	0.5	20	0.0001	1000	True	0.526	0.0	0.474	0.083	0.004	0.913	1.0	1.0	0.099	0.683	0.018	0.71	0.046	7.609	1.277	0.7215404732678078	0.0892406317109175	0.007	0.003	0.447								-0.443	0.526	0.083
R7B1C_G316	S4_two_by_two_one_shared	0.4	0.8	5	1e-06	1000	True	0.0	0.0	1.0	0.0	0.0	1.0	1.0	1.0	0.0	0.047	0.006	0.326	0.011	2.437	0.15	0.00772156781489866	0.0	0.0	0.0	0.0								0.0	0.0	0.0
R7B1C_G317	S4_two_by_two_one_shared	0.4	0.8	5	1e-05	1000	True	0.006	0.0	0.994	0.003	0.0	0.997	1.0	1.0	0.003	0.034	0.007	0.289	0.009	2.221	0.173	0.029878379797698897	0.0027860137109648768	0.0	0.0	0.003								-0.003	0.006	0.003
R7B1C_G318	S4_two_by_two_one_shared	0.4	0.8	5	0.0001	1000	True	0.033	0.0	0.967	0.002	0.0	0.998	1.0	1.0	0.002	0.045	0.003	0.329	0.005	2.489	0.088	0.12265293627255587	0.001990575921152664	0.0	0.0	0.031								-0.031	0.033	0.002
R7B1C_G319	S4_two_by_two_one_shared	0.4	0.8	10	1e-06	1000	True	0.0	0.0	1.0	0.0	0.0	1.0	1.0	1.0	0.001	0.041	0.004	0.312	0.005	2.315	0.082	0.005396152734383921	0.000716451011967721	0.0	0.0	0.0								0.0	0.0	0.0
R7B1C_G320	S4_two_by_two_one_shared	0.4	0.8	10	1e-05	1000	True	0.008	0.0	0.992	0.003	0.0	0.997	1.0	1.0	0.003	0.05	0.007	0.32	0.01	2.297	0.184	0.03902521116856914	0.00275073996397808	0.001	0.0	0.006								-0.005	0.008	0.003
R7B1C_G321	S4_two_by_two_one_shared	0.4	0.8	10	0.0001	1000	True	0.038	0.0	0.962	0.004	0.0	0.996	1.0	1.0	0.005	0.06	0.006	0.346	0.009	2.86	0.249	0.12499320378371835	0.004621418900605058	0.0	0.0	0.034								-0.034	0.038	0.004
R7B1C_G322	S4_two_by_two_one_shared	0.4	0.8	20	1e-06	1000	True	0.001	0.0	0.999	0.001	0.0	0.999	1.0	1.0	0.001	0.049	0.002	0.313	0.003	2.242	0.077	0.0064528236819125905	0.000841709962598987	0.0	0.0	0.0								0.0	0.001	0.001
R7B1C_G323	S4_two_by_two_one_shared	0.4	0.8	20	1e-05	1000	True	0.005	0.0	0.995	0.002	0.0	0.998	1.0	1.0	0.002	0.057	0.004	0.321	0.008	2.382	0.162	0.03519640648057396	0.001924488425836644	0.0	0.0	0.003								-0.003	0.005	0.002
R7B1C_G324	S4_two_by_two_one_shared	0.4	0.8	20	0.0001	1000	True	0.022	0.0	0.978	0.001	0.0	0.999	1.0	1.0	0.002	0.04	0.006	0.322	0.008	2.224	0.222	0.11169196528170532	0.001155800881312196	0.0	0.0	0.021								-0.020999999999999998	0.022	0.001
R7B1C_G325	S5_two_by_two_none_highLD	0.05	0.2	5	1e-06	1000	False	0.0	0.0	1.0	0.0	0.003	0.997	1.0	1.0	0.019	0.402	0.004	0.616	0.025	11.544	1.011	0.0028627675803874096	6.67863080195407e-05	0.0	0.0	0.0								0.0	1.0	1.0
R7B1C_G326	S5_two_by_two_none_highLD	0.05	0.2	5	1e-05	1000	False	0.0	0.0	1.0	0.002	0.006	0.992	1.0	1.0	0.035	0.359	0.007	0.569	0.035	10.506	1.704	0.024751475752358275	0.003824131721745134	0.002	0.0	0.0								0.002	1.0	0.998
R7B1C_G327	S5_two_by_two_none_highLD	0.05	0.2	5	0.0001	1000	False	0.005	0.0	0.995	0.0	0.005	0.995	1.0	1.0	0.028	0.372	0.006	0.595	0.03	10.819	1.241	0.15270619721529194	0.007810348169901733	0.0	0.0	0.005								-0.005	0.995	1.0
R7B1C_G328	S5_two_by_two_none_highLD	0.05	0.2	10	1e-06	1000	False	0.0	0.001	0.999	0.0	0.006	0.994	1.0	1.0	0.033	0.372	0.007	0.586	0.035	10.779	1.5	0.002945825001270331	0.0007025911599298007	0.0	0.0	0.0								0.0	1.0	1.0
R7B1C_G329	S5_two_by_two_none_highLD	0.05	0.2	10	1e-05	1000	False	0.001	0.0	0.999	0.001	0.003	0.996	1.0	1.0	0.033	0.381	0.006	0.602	0.039	11.127	1.618	0.02671275467628674	0.002120528969095851	0.0	0.0	0.0								0.0	0.999	0.999
R7B1C_G330	S5_two_by_two_none_highLD	0.05	0.2	10	0.0001	1000	False	0.007	0.0	0.993	0.002	0.004	0.994	1.0	1.0	0.022	0.377	0.005	0.585	0.031	11.036	1.188	0.15055534616288818	0.006624424879477942	0.002	0.0	0.007								-0.005	0.993	0.998
R7B1C_G331	S5_two_by_two_none_highLD	0.05	0.2	20	1e-06	1000	False	0.0	0.0	1.0	0.0	0.009	0.991	1.0	1.0	0.028	0.376	0.01	0.594	0.037	10.962	1.678	0.002619261727793737	0.0001680043484663456	0.0	0.0	0.0								0.0	1.0	1.0
R7B1C_G332	S5_two_by_two_none_highLD	0.05	0.2	20	1e-05	1000	False	0.0	0.0	1.0	0.002	0.002	0.996	1.0	1.0	0.018	0.377	0.002	0.591	0.021	10.894	0.889	0.025470890046793683	0.002862973072364172	0.002	0.0	0.0								0.002	1.0	0.998
R7B1C_G333	S5_two_by_two_none_highLD	0.05	0.2	20	0.0001	1000	False	0.002	0.0	0.998	0.002	0.004	0.994	1.0	1.0	0.034	0.349	0.007	0.563	0.032	10.392	1.53	0.13802146207553176	0.010517468822689651	0.002	0.0	0.002								0.0	0.998	0.998
R7B1C_G334	S5_two_by_two_none_highLD	0.05	0.5	5	1e-06	1000	False	0.0	0.0	1.0	0.0	0.0	1.0	1.0	1.0	0.0	0.022	0.0	0.052	0.0	1.212	0.073	0.0013114314711935356	0.0	0.0	0.0	0.0								0.0	1.0	1.0
R7B1C_G335	S5_two_by_two_none_highLD	0.05	0.5	5	1e-05	1000	False	0.0	0.0	1.0	0.0	0.0	1.0	1.0	1.0	0.0	0.034	0.0	0.061	0.001	1.387	0.119	0.011523115629870528	0.0	0.0	0.0	0.0								0.0	1.0	1.0
R7B1C_G336	S5_two_by_two_none_highLD	0.05	0.5	5	0.0001	1000	False	0.005	0.0	0.995	0.001	0.0	0.999	1.0	1.0	0.001	0.019	0.0	0.056	0.001	1.108	0.223	0.061370669044807334	0.000985303611509419	0.0	0.0	0.004								-0.004	0.995	0.999
R7B1C_G337	S5_two_by_two_none_highLD	0.05	0.5	10	1e-06	1000	False	0.0	0.0	1.0	0.0	0.0	1.0	1.0	1.0	0.002	0.026	0.0	0.058	0.002	1.283	0.12	0.0014183718359982674	0.000991670716476947	0.0	0.0	0.0								0.0	1.0	1.0
R7B1C_G338	S5_two_by_two_none_highLD	0.05	0.5	10	1e-05	1000	False	0.0	0.0	1.0	0.0	0.0	1.0	1.0	1.0	0.0	0.029	0.001	0.059	0.003	1.138	0.206	0.00909972629398346	0.0	0.0	0.0	0.0								0.0	1.0	1.0
R7B1C_G339	S5_two_by_two_none_highLD	0.05	0.5	10	0.0001	1000	False	0.005	0.0	0.995	0.002	0.0	0.998	1.0	1.0	0.003	0.031	0.001	0.064	0.002	1.354	0.061	0.05985243694863701	0.002166215232839664	0.001	0.0	0.004								-0.003	0.995	0.998
R7B1C_G340	S5_two_by_two_none_highLD	0.05	0.5	20	1e-06	1000	False	0.0	0.0	1.0	0.0	0.0	1.0	1.0	1.0	0.001	0.023	0.0	0.046	0.002	1.448	0.146	0.0014168049654647707	8.36712941246139e-05	0.0	0.0	0.0								0.0	1.0	1.0
R7B1C_G341	S5_two_by_two_none_highLD	0.05	0.5	20	1e-05	1000	False	0.0	0.0	1.0	0.0	0.0	1.0	1.0	1.0	0.0	0.031	0.002	0.058	0.005	1.297	0.111	0.011158573590190481	0.0	0.0	0.0	0.0								0.0	1.0	1.0
R7B1C_G342	S5_two_by_two_none_highLD	0.05	0.5	20	0.0001	1000	False	0.004	0.0	0.996	0.0	0.0	1.0	1.0	1.0	0.0	0.02	0.0	0.063	0.0	1.189	0.145	0.06323405737573048	0.0	0.0	0.0	0.004								-0.004	0.996	1.0
R7B1C_G343	S5_two_by_two_none_highLD	0.05	0.8	5	1e-06	1000	False	0.0	0.0	1.0	0.0	0.0	1.0	1.0	1.0	0.0	0.003	0.003	0.007	0.003	0.217	0.115	9.492152312540391e-05	0.0	0.0	0.0	0.0								0.0	1.0	1.0
R7B1C_G344	S5_two_by_two_none_highLD	0.05	0.8	5	1e-05	1000	False	0.0	0.0	1.0	0.0	0.0	1.0	1.0	1.0	0.0	0.001	0.001	0.007	0.001	0.198	0.109	0.0007227912633788338	0.0	0.0	0.0	0.0								0.0	1.0	1.0
R7B1C_G345	S5_two_by_two_none_highLD	0.05	0.8	5	0.0001	1000	False	0.0	0.0	1.0	0.0	0.0	1.0	1.0	1.0	0.001	0.006	0.0	0.013	0.0	0.328	0.251	0.0077810546215181875	0.000136087175430686	0.0	0.0	0.0								0.0	1.0	1.0
R7B1C_G346	S5_two_by_two_none_highLD	0.05	0.8	10	1e-06	1000	False	0.0	0.0	1.0	0.0	0.0	1.0	1.0	1.0	0.0	0.0	0.001	0.008	0.001	0.214	0.079	8.938297356786878e-05	0.0	0.0	0.0	0.0								0.0	1.0	1.0
R7B1C_G347	S5_two_by_two_none_highLD	0.05	0.8	10	1e-05	1000	False	0.0	0.0	1.0	0.0	0.0	1.0	1.0	1.0	0.0	0.003	0.001	0.01	0.001	0.166	0.154	0.0009210247641059199	0.0	0.0	0.0	0.0								0.0	1.0	1.0
R7B1C_G348	S5_two_by_two_none_highLD	0.05	0.8	10	0.0001	1000	False	0.0	0.0	1.0	0.0	0.0	1.0	1.0	1.0	0.0	0.002	0.001	0.011	0.001	0.345	0.013	0.0075550892518241085	0.0	0.0	0.0	0.0								0.0	1.0	1.0
R7B1C_G349	S5_two_by_two_none_highLD	0.05	0.8	20	1e-06	1000	False	0.0	0.0	1.0	0.0	0.0	1.0	1.0	1.0	0.0	0.004	0.001	0.01	0.002	0.238	0.155	9.144291105079024e-05	0.0	0.0	0.0	0.0								0.0	1.0	1.0
R7B1C_G350	S5_two_by_two_none_highLD	0.05	0.8	20	1e-05	1000	False	0.0	0.0	1.0	0.0	0.0	1.0	1.0	1.0	0.0	0.001	0.0	0.008	0.001	0.205	0.103	0.0008768779458603922	0.0	0.0	0.0	0.0								0.0	1.0	1.0
R7B1C_G351	S5_two_by_two_none_highLD	0.05	0.8	20	0.0001	1000	False	0.0	0.0	1.0	0.0	0.0	1.0	1.0	1.0	0.001	0.005	0.0	0.01	0.001	0.192	0.1	0.007720109339069134	0.000129149198203745	0.0	0.0	0.0								0.0	1.0	1.0
R7B1C_G352	S5_two_by_two_none_highLD	0.2	0.2	5	1e-06	1000	False	0.001	0.078	0.921	0.001	0.238	0.761	1.0	1.0	0.378	0.961	0.117	0.999	0.264	17.389	10.9	0.017166612420289547	0.008723991234771624	0.001	0.0	0.001								0.0	0.999	0.999
R7B1C_G353	S5_two_by_two_none_highLD	0.2	0.2	5	1e-05	1000	False	0.012	0.066	0.922	0.01	0.25	0.74	1.0	1.0	0.414	0.955	0.149	0.998	0.289	17.235	12.058	0.10803532258348232	0.02293282852586614	0.008	0.003	0.007								-0.002	0.988	0.99
R7B1C_G354	S5_two_by_two_none_highLD	0.2	0.2	5	0.0001	1000	False	0.081	0.031	0.888	0.016	0.205	0.779	1.0	1.0	0.37	0.974	0.121	1.0	0.266	17.422	10.393	0.408982209902825	0.07964380417978198	0.009	0.02	0.054								-0.065	0.919	0.984
R7B1C_G355	S5_two_by_two_none_highLD	0.2	0.2	10	1e-06	1000	False	0.0	0.077	0.923	0.001	0.241	0.758	1.0	1.0	0.387	0.964	0.122	0.999	0.267	17.271	10.917	0.016477563864539902	0.006277853183389462	0.001	0.0	0.0								0.001	1.0	0.999
R7B1C_G356	S5_two_by_two_none_highLD	0.2	0.2	10	1e-05	1000	False	0.011	0.074	0.915	0.011	0.225	0.764	1.0	1.0	0.383	0.967	0.123	0.999	0.268	17.406	11.094	0.1119333105238945	0.027206420315521597	0.009	0.001	0.008								0.0	0.989	0.989
R7B1C_G357	S5_two_by_two_none_highLD	0.2	0.2	10	0.0001	1000	False	0.085	0.048	0.867	0.016	0.236	0.748	1.0	1.0	0.384	0.975	0.133	0.999	0.274	17.546	11.015	0.41758681957190275	0.08004394419933189	0.011	0.024	0.056								-0.069	0.915	0.984
R7B1C_G358	S5_two_by_two_none_highLD	0.2	0.2	20	1e-06	1000	False	0.0	0.079	0.921	0.0	0.227	0.773	1.0	1.0	0.348	0.973	0.119	1.0	0.245	17.354	10.228	0.01606118660432791	0.005139363126715409	0.0	0.0	0.0								0.0	1.0	1.0
R7B1C_G359	S5_two_by_two_none_highLD	0.2	0.2	20	1e-05	1000	False	0.008	0.082	0.91	0.005	0.255	0.74	1.0	1.0	0.393	0.974	0.119	0.998	0.268	17.323	11.102	0.10422252477983253	0.019996772208742405	0.005	0.002	0.006								-0.003	0.992	0.995
R7B1C_G360	S5_two_by_two_none_highLD	0.2	0.2	20	0.0001	1000	False	0.072	0.047	0.881	0.009	0.225	0.766	1.0	1.0	0.348	0.962	0.118	0.998	0.248	17.263	10.288	0.4075808102741644	0.06893379766129414	0.005	0.015	0.053								-0.063	0.928	0.991
R7B1C_G361	S5_two_by_two_none_highLD	0.2	0.5	5	1e-06	1000	False	0.008	0.0	0.992	0.012	0.005	0.983	1.0	1.0	0.032	0.556	0.004	0.594	0.015	8.303	0.418	0.05667523352992435	0.014133568258367417	0.008	0.0	0.004								0.004	0.992	0.988
R7B1C_G362	S5_two_by_two_none_highLD	0.2	0.5	5	1e-05	1000	False	0.049	0.0	0.951	0.017	0.004	0.979	1.0	1.0	0.035	0.565	0.007	0.601	0.017	8.521	0.553	0.19437087322545626	0.02309354960017231	0.009	0.001	0.04								-0.032	0.951	0.983
R7B1C_G363	S5_two_by_two_none_highLD	0.2	0.5	5	0.0001	1000	False	0.256	0.0	0.744	0.035	0.002	0.963	1.0	1.0	0.041	0.558	0.004	0.596	0.022	8.758	0.648	0.48114145842111317	0.03672095381989283	0.011	0.001	0.231								-0.221	0.744	0.965
R7B1C_G364	S5_two_by_two_none_highLD	0.2	0.5	10	1e-06	1000	False	0.008	0.0	0.992	0.004	0.008	0.988	1.0	1.0	0.031	0.571	0.008	0.605	0.015	8.67	0.635	0.05820162607693358	0.012002676913317516	0.001	0.0	0.005								-0.004	0.992	0.996
R7B1C_G365	S5_two_by_two_none_highLD	0.2	0.5	10	1e-05	1000	False	0.07	0.0	0.93	0.024	0.006	0.97	1.0	1.0	0.044	0.579	0.008	0.613	0.02	8.754	0.767	0.20485748106914953	0.028298188333929136	0.01	0.003	0.053								-0.046000000000000006	0.9299999999999999	0.976
R7B1C_G366	S5_two_by_two_none_highLD	0.2	0.5	10	0.0001	1000	False	0.256	0.0	0.744	0.023	0.002	0.975	1.0	1.0	0.037	0.568	0.011	0.595	0.022	8.769	0.6	0.48147062193096885	0.02834685529442948	0.004	0.001	0.236								-0.233	0.744	0.977
R7B1C_G367	S5_two_by_two_none_highLD	0.2	0.5	20	1e-06	1000	False	0.006	0.0	0.994	0.01	0.004	0.986	1.0	1.0	0.042	0.57	0.007	0.609	0.023	8.831	0.683	0.055687481378536546	0.01659675921306993	0.008	0.0	0.004								0.004	0.994	0.99
R7B1C_G368	S5_two_by_two_none_highLD	0.2	0.5	20	1e-05	1000	False	0.054	0.0	0.946	0.015	0.002	0.983	1.0	1.0	0.031	0.574	0.007	0.592	0.013	8.787	0.625	0.18875018946387961	0.020125197087804768	0.008	0.0	0.047								-0.039	0.946	0.985
R7B1C_G369	S5_two_by_two_none_highLD	0.2	0.5	20	0.0001	1000	False	0.219	0.0	0.781	0.027	0.003	0.97	1.0	1.0	0.039	0.56	0.009	0.601	0.017	8.855	0.75	0.4584983310793434	0.03193679272025781	0.007	0.0	0.199								-0.192	0.781	0.973
R7B1C_G370	S5_two_by_two_none_highLD	0.2	0.8	5	1e-06	1000	False	0.0	0.0	1.0	0.0	0.0	1.0	1.0	1.0	0.002	0.008	0.002	0.119	0.002	1.138	0.185	0.0007706234257253339	5.3269552407901e-06	0.0	0.0	0.0								0.0	1.0	1.0
R7B1C_G371	S5_two_by_two_none_highLD	0.2	0.8	5	1e-05	1000	False	0.0	0.0	1.0	0.0	0.0	1.0	1.0	1.0	0.003	0.01	0.002	0.124	0.004	1.2	0.448	0.006847093135419887	6.626140037483339e-05	0.0	0.0	0.0								0.0	1.0	1.0
R7B1C_G372	S5_two_by_two_none_highLD	0.2	0.8	5	0.0001	1000	False	0.002	0.0	0.998	0.001	0.0	0.999	1.0	1.0	0.002	0.005	0.001	0.135	0.001	1.211	0.117	0.03770006954557795	0.001411998461670502	0.001	0.0	0.002								-0.001	0.998	0.999
R7B1C_G373	S5_two_by_two_none_highLD	0.2	0.8	10	1e-06	1000	False	0.0	0.0	1.0	0.0	0.0	1.0	1.0	1.0	0.001	0.007	0.001	0.144	0.001	1.389	0.125	0.001178351003698304	3.8082962997026e-06	0.0	0.0	0.0								0.0	1.0	1.0
R7B1C_G374	S5_two_by_two_none_highLD	0.2	0.8	10	1e-05	1000	False	0.001	0.0	0.999	0.0	0.0	1.0	1.0	1.0	0.001	0.005	0.0	0.141	0.001	1.195	0.383	0.010619705117914588	0.000748001528965679	0.0	0.0	0.001								-0.001	0.999	1.0
R7B1C_G375	S5_two_by_two_none_highLD	0.2	0.8	10	0.0001	1000	False	0.005	0.0	0.995	0.0	0.0	1.0	1.0	1.0	0.0	0.013	0.001	0.112	0.001	1.077	0.237	0.03789128528425895	0.0	0.0	0.0	0.005								-0.005	0.995	1.0
R7B1C_G376	S5_two_by_two_none_highLD	0.2	0.8	20	1e-06	1000	False	0.0	0.0	1.0	0.0	0.0	1.0	1.0	1.0	0.0	0.01	0.001	0.13	0.002	1.204	0.16	0.0008320415911830793	0.0	0.0	0.0	0.0								0.0	1.0	1.0
R7B1C_G377	S5_two_by_two_none_highLD	0.2	0.8	20	1e-05	1000	False	0.001	0.0	0.999	0.001	0.0	0.999	1.0	1.0	0.001	0.005	0.002	0.126	0.005	1.075	0.197	0.007470004499039577	0.000992989015982121	0.0	0.0	0.0								0.0	0.999	0.999
R7B1C_G378	S5_two_by_two_none_highLD	0.2	0.8	20	0.0001	1000	False	0.003	0.0	0.997	0.0	0.0	1.0	1.0	1.0	0.003	0.009	0.002	0.149	0.002	1.369	0.343	0.03874588046660822	0.0005430222844266367	0.0	0.0	0.003								-0.003	0.997	1.0
R7B1C_G379	S5_two_by_two_none_highLD	0.4	0.2	5	1e-06	1000	False	0.0	0.259	0.741	0.0	0.478	0.522	1.0	1.0	0.639	0.956	0.286	1.0	0.439	16.454	18.006	0.012068670228266352	0.005922214766926528	0.0	0.0	0.0								0.0	1.0	1.0
R7B1C_G380	S5_two_by_two_none_highLD	0.4	0.2	5	1e-05	1000	False	0.007	0.257	0.736	0.013	0.502	0.485	1.0	1.0	0.674	0.953	0.289	1.0	0.469	16.275	18.661	0.07870905801898838	0.03426294138100605	0.012	0.003	0.003								0.005999999999999999	0.993	0.987
R7B1C_G381	S5_two_by_two_none_highLD	0.4	0.2	5	0.0001	1000	False	0.062	0.183	0.755	0.023	0.484	0.493	1.0	1.0	0.668	0.974	0.317	1.0	0.455	16.156	18.719	0.31902529020642345	0.1099641136679329	0.019	0.03	0.028								-0.039	0.938	0.977
R7B1C_G382	S5_two_by_two_none_highLD	0.4	0.2	10	1e-06	1000	False	0.001	0.26	0.739	0.001	0.474	0.525	1.0	1.0	0.647	0.966	0.265	1.0	0.441	16.429	18.085	0.014735224612297338	0.009091934049354032	0.001	0.001	0.0								0.0	0.999	0.999
R7B1C_G383	S5_two_by_two_none_highLD	0.4	0.2	10	1e-05	1000	False	0.009	0.216	0.775	0.003	0.469	0.528	1.0	1.0	0.617	0.973	0.296	1.0	0.447	16.203	17.415	0.08543336008979986	0.01822315036717656	0.002	0.005	0.003								-0.005999999999999999	0.991	0.997
R7B1C_G384	S5_two_by_two_none_highLD	0.4	0.2	10	0.0001	1000	False	0.096	0.164	0.74	0.011	0.469	0.52	1.0	1.0	0.62	0.958	0.281	1.0	0.444	16.248	17.55	0.3481977251981133	0.0910377810084687	0.007	0.041	0.051								-0.085	0.904	0.989
R7B1C_G385	S5_two_by_two_none_highLD	0.4	0.2	20	1e-06	1000	False	0.001	0.279	0.72	0.0	0.482	0.518	1.0	1.0	0.639	0.971	0.265	1.0	0.436	16.391	17.142	0.015677072955869127	0.005411735530874813	0.0	0.0	0.001								-0.001	0.999	1.0
R7B1C_G386	S5_two_by_two_none_highLD	0.4	0.2	20	1e-05	1000	False	0.01	0.261	0.729	0.007	0.473	0.52	1.0	1.0	0.604	0.966	0.285	1.0	0.434	16.257	17.332	0.08276714147752993	0.0199128710900781	0.005	0.004	0.004								-0.003	0.99	0.993
R7B1C_G387	S5_two_by_two_none_highLD	0.4	0.2	20	0.0001	1000	False	0.067	0.189	0.744	0.015	0.456	0.529	1.0	1.0	0.627	0.965	0.262	1.0	0.437	16.38	17.248	0.3230554425448983	0.09950485593099824	0.013	0.027	0.038								-0.052000000000000005	0.933	0.985
R7B1C_G388	S5_two_by_two_none_highLD	0.4	0.5	5	1e-06	1000	False	0.041	0.001	0.958	0.033	0.038	0.929	1.0	1.0	0.109	0.684	0.04	0.704	0.065	7.678	1.555	0.13103985046510813	0.053027836567766315	0.022	0.006	0.024								-0.008	0.959	0.967
R7B1C_G389	S5_two_by_two_none_highLD	0.4	0.5	5	1e-05	1000	False	0.18	0.001	0.819	0.078	0.011	0.911	1.0	1.0	0.112	0.696	0.04	0.713	0.064	7.912	1.647	0.34502253489065343	0.08361389864125619	0.033	0.005	0.13								-0.102	0.8200000000000001	0.922
R7B1C_G390	S5_two_by_two_none_highLD	0.4	0.5	5	0.0001	1000	False	0.435	0.0	0.565	0.076	0.004	0.92	1.0	1.0	0.1	0.671	0.034	0.691	0.053	7.806	1.553	0.661741981909146	0.08669061501119348	0.011	0.003	0.367								-0.359	0.565	0.924
R7B1C_G391	S5_two_by_two_none_highLD	0.4	0.5	10	1e-06	1000	False	0.054	0.002	0.944	0.041	0.03	0.929	1.0	1.0	0.117	0.668	0.031	0.689	0.051	7.693	1.594	0.14791843617576853	0.05575021668079256	0.017	0.003	0.027								-0.012999999999999998	0.946	0.959
R7B1C_G392	S5_two_by_two_none_highLD	0.4	0.5	10	1e-05	1000	False	0.161	0.0	0.839	0.071	0.017	0.912	1.0	1.0	0.106	0.711	0.036	0.726	0.064	8.193	1.395	0.3447274129483187	0.07585652391801648	0.028	0.01	0.108								-0.09000000000000001	0.839	0.929
R7B1C_G393	S5_two_by_two_none_highLD	0.4	0.5	10	0.0001	1000	False	0.404	0.0	0.596	0.081	0.006	0.913	1.0	1.0	0.104	0.692	0.026	0.715	0.051	8.033	1.301	0.6406347815311164	0.08886583619635954	0.012	0.003	0.332								-0.323	0.596	0.919
R7B1C_G394	S5_two_by_two_none_highLD	0.4	0.5	20	1e-06	1000	False	0.058	0.001	0.941	0.049	0.034	0.917	1.0	1.0	0.122	0.69	0.037	0.711	0.056	7.908	1.627	0.1546512238978239	0.06946428912199684	0.019	0.009	0.019								-0.009000000000000001	0.942	0.951
R7B1C_G395	S5_two_by_two_none_highLD	0.4	0.5	20	1e-05	1000	False	0.164	0.001	0.835	0.065	0.011	0.924	1.0	1.0	0.106	0.686	0.028	0.711	0.053	8.012	1.366	0.3503186170517382	0.0729401994877901	0.024	0.006	0.117								-0.099	0.836	0.935
R7B1C_G396	S5_two_by_two_none_highLD	0.4	0.5	20	0.0001	1000	False	0.443	0.001	0.556	0.079	0.003	0.918	1.0	1.0	0.1	0.678	0.035	0.699	0.061	7.975	1.409	0.6520305397717896	0.08705808858797012	0.013	0.001	0.376								-0.364	0.5569999999999999	0.921
R7B1C_G397	S5_two_by_two_none_highLD	0.4	0.8	5	1e-06	1000	False	0.001	0.0	0.999	0.002	0.0	0.998	1.0	1.0	0.004	0.045	0.001	0.318	0.004	2.324	0.178	0.005192960700765518	0.0019029472886663652	0.001	0.0	0.0								0.001	0.999	0.998
R7B1C_G398	S5_two_by_two_none_highLD	0.4	0.8	5	1e-05	1000	False	0.004	0.0	0.996	0.0	0.0	1.0	1.0	1.0	0.005	0.047	0.005	0.338	0.005	2.649	0.181	0.024851619988047344	9.29697068548036e-05	0.0	0.0	0.004								-0.004	0.996	1.0
R7B1C_G399	S5_two_by_two_none_highLD	0.4	0.8	5	0.0001	1000	False	0.016	0.0	0.984	0.002	0.0	0.998	1.0	1.0	0.005	0.034	0.002	0.29	0.006	2.526	0.279	0.08507143416507022	0.002584062358410557	0.0	0.0	0.014								-0.014	0.984	0.998
R7B1C_G400	S5_two_by_two_none_highLD	0.4	0.8	10	1e-06	1000	False	0.0	0.0	1.0	0.002	0.0	0.998	1.0	1.0	0.009	0.045	0.002	0.334	0.008	2.453	0.286	0.005547994179238975	0.002514564272419236	0.002	0.0	0.0								0.002	1.0	0.998
R7B1C_G401	S5_two_by_two_none_highLD	0.4	0.8	10	1e-05	1000	False	0.003	0.0	0.997	0.002	0.0	0.998	1.0	1.0	0.007	0.051	0.002	0.309	0.004	2.503	0.415	0.017765196708055854	0.001992238861025241	0.0	0.0	0.001								-0.001	0.997	0.998
R7B1C_G402	S5_two_by_two_none_highLD	0.4	0.8	10	0.0001	1000	False	0.013	0.0	0.987	0.0	0.001	0.999	1.0	1.0	0.002	0.052	0.001	0.306	0.002	2.421	0.332	0.08387026608777316	0.00019335183815901412	0.0	0.0	0.013								-0.013	0.987	1.0
R7B1C_G403	S5_two_by_two_none_highLD	0.4	0.8	20	1e-06	1000	False	0.0	0.0	1.0	0.0	0.0	1.0	1.0	1.0	0.004	0.06	0.004	0.366	0.008	2.826	0.176	0.005583899827264764	0.0013303630654105452	0.0	0.0	0.0								0.0	1.0	1.0
R7B1C_G404	S5_two_by_two_none_highLD	0.4	0.8	20	1e-05	1000	False	0.001	0.0	0.999	0.002	0.0	0.998	1.0	1.0	0.002	0.045	0.001	0.313	0.003	2.351	0.271	0.023892055461675207	0.0018257494616272618	0.001	0.0	0.0								0.001	0.999	0.998
R7B1C_G405	S5_two_by_two_none_highLD	0.4	0.8	20	0.0001	1000	False	0.03	0.0	0.97	0.003	0.0	0.997	1.0	1.0	0.005	0.05	0.003	0.341	0.006	2.392	0.364	0.10993036623188156	0.0031185214986582783	0.001	0.0	0.028								-0.027	0.97	0.997
R7B1C_G406	S6_matched_vs_mismatched_LD	0.05	0.2	5	1e-06	1000	True	0.0	0.0	1.0	0.008	0.001	0.991	1.0	1.0	0.019	0.348	0.004	0.584	0.025	10.586	0.44	0.007424016578111024	0.009608876575239194	0.008	0.0	0.0	0.008	0.001	1.0	1.0	0.009585746547760171	0.0	3.685784980946892e-05	0.008	0.0	0.008
R7B1C_G407	S6_matched_vs_mismatched_LD	0.05	0.2	5	1e-05	1000	True	0.003	0.0	0.997	0.006	0.0	0.994	1.0	1.0	0.013	0.376	0.001	0.58	0.014	10.929	0.322	0.053455807362235104	0.006133749583984461	0.004	0.0	0.001	0.006	0.0	1.0	1.0	0.006132600075669593	0.0	2.5756460909878154e-06	0.003	0.003	0.006
R7B1C_G408	S6_matched_vs_mismatched_LD	0.05	0.2	5	0.0001	1000	True	0.04	0.0	0.96	0.009	0.0	0.991	1.0	1.0	0.022	0.358	0.002	0.556	0.02	10.384	0.437	0.2122030637864408	0.014160363988959496	0.002	0.0	0.033	0.009	0.0	1.0	1.0	0.014132236185807907	0.0	5.785654047949347e-05	-0.031	0.04	0.009
R7B1C_G409	S6_matched_vs_mismatched_LD	0.05	0.2	10	1e-06	1000	True	0.001	0.0	0.999	0.004	0.0	0.996	1.0	1.0	0.022	0.346	0.003	0.564	0.029	10.381	0.503	0.010034114015263622	0.009610279455495656	0.003	0.0	0.0	0.004	0.0	1.0	1.0	0.009605122428590577	0.0	4.4176146408702875e-05	0.003	0.001	0.004
R7B1C_G410	S6_matched_vs_mismatched_LD	0.05	0.2	10	1e-05	1000	True	0.003	0.0	0.997	0.014	0.001	0.985	1.0	1.0	0.018	0.376	0.003	0.607	0.022	11.263	0.392	0.0545859501036008	0.013907660340199695	0.011	0.0	0.0	0.014	0.001	1.0	1.0	0.01390050819349958	0.0	9.23963178089287e-06	0.011	0.003	0.014
R7B1C_G411	S6_matched_vs_mismatched_LD	0.05	0.2	10	0.0001	1000	True	0.049	0.0	0.951	0.016	0.0	0.984	1.0	1.0	0.017	0.371	0.003	0.577	0.024	10.637	0.386	0.2226598460945271	0.016177554894068313	0.006	0.0	0.039	0.016	0.0	1.0	1.0	0.016171592899645988	0.0	6.028355397485919e-06	-0.033	0.049	0.016
R7B1C_G412	S6_matched_vs_mismatched_LD	0.05	0.2	20	1e-06	1000	True	0.0	0.0	1.0	0.002	0.002	0.996	1.0	1.0	0.01	0.347	0.0	0.568	0.017	10.595	0.349	0.008442532148014688	0.004220522660060483	0.002	0.0	0.0	0.002	0.001	1.0	1.0	0.00417695375211431	0.001	4.392575222233697e-05	0.002	0.0	0.002
R7B1C_G413	S6_matched_vs_mismatched_LD	0.05	0.2	20	1e-05	1000	True	0.002	0.0	0.998	0.013	0.0	0.987	1.0	1.0	0.019	0.339	0.001	0.579	0.027	10.388	0.484	0.05708652775500815	0.012707526020828223	0.011	0.0	0.0	0.013	0.0	1.0	1.0	0.012707352278197411	0.0	1.3960238751937609e-06	0.011	0.002	0.013
R7B1C_G414	S6_matched_vs_mismatched_LD	0.05	0.2	20	0.0001	1000	True	0.039	0.0	0.961	0.01	0.001	0.989	1.0	1.0	0.017	0.368	0.0	0.582	0.022	10.81	0.384	0.21382422331299847	0.012595836980227688	0.004	0.0	0.033	0.01	0.001	1.0	1.0	0.012599003517154785	0.0	1.0617731048850053e-05	-0.028999999999999998	0.039	0.01
R7B1C_G415	S6_matched_vs_mismatched_LD	0.05	0.5	5	1e-06	1000	True	0.0	0.0	1.0	0.0	0.0	1.0	1.0	1.0	0.0	0.024	0.0	0.052	0.001	1.277	0.035	0.00118821276149363	0.0	0.0	0.0	0.0	0.0	0.0	1.0	1.0	0.0	0.0	0.0	0.0	0.0	0.0
R7B1C_G416	S6_matched_vs_mismatched_LD	0.05	0.5	5	1e-05	1000	True	0.0	0.0	1.0	0.001	0.0	0.999	1.0	1.0	0.001	0.03	0.0	0.057	0.003	1.463	0.087	0.010078411711818263	0.000857621829829775	0.001	0.0	0.0	0.001	0.0	1.0	1.0	0.000856647110616621	0.0	9.747192131539517e-07	0.001	0.0	0.001
R7B1C_G417	S6_matched_vs_mismatched_LD	0.05	0.5	5	0.0001	1000	True	0.006	0.0	0.994	0.001	0.001	0.998	1.0	1.0	0.002	0.028	0.0	0.061	0.001	1.498	0.156	0.06478209474130113	0.000995270504416181	0.0	0.0	0.005	0.001	0.001	1.0	1.0	0.0009948426131502093	0.0	4.278912659718e-07	-0.005	0.006	0.001
R7B1C_G418	S6_matched_vs_mismatched_LD	0.05	0.5	10	1e-06	1000	True	0.0	0.0	1.0	0.0	0.0	1.0	1.0	1.0	0.0	0.03	0.0	0.059	0.002	1.338	0.165	0.0013002406733408861	0.0	0.0	0.0	0.0	0.0	0.0	1.0	1.0	0.0	0.0	0.0	0.0	0.0	0.0
R7B1C_G419	S6_matched_vs_mismatched_LD	0.05	0.5	10	1e-05	1000	True	0.0	0.0	1.0	0.001	0.0	0.999	1.0	1.0	0.001	0.029	0.0	0.051	0.003	1.155	0.288	0.011914863675597511	0.0009749776769100011	0.001	0.0	0.0	0.001	0.0	1.0	1.0	0.0009749776769100011	0.0	0.0	0.001	0.0	0.001
R7B1C_G420	S6_matched_vs_mismatched_LD	0.05	0.5	10	0.0001	1000	True	0.004	0.0	0.996	0.0	0.0	1.0	1.0	1.0	0.001	0.024	0.0	0.058	0.002	1.306	0.183	0.0600143014715742	0.000108170619259154	0.0	0.0	0.004	0.0	0.0	1.0	1.0	0.000108170619259154	0.0	0.0	-0.004	0.004	0.0
R7B1C_G421	S6_matched_vs_mismatched_LD	0.05	0.5	20	1e-06	1000	True	0.0	0.0	1.0	0.0	0.0	1.0	1.0	1.0	0.0	0.039	0.0	0.07	0.0	1.573	0.032	0.0008842595119634231	0.0	0.0	0.0	0.0	0.0	0.0	1.0	1.0	0.0	0.0	0.0	0.0	0.0	0.0
R7B1C_G422	S6_matched_vs_mismatched_LD	0.05	0.5	20	1e-05	1000	True	0.0	0.0	1.0	0.0	0.0	1.0	1.0	1.0	0.0	0.021	0.0	0.056	0.0	1.36	0.03	0.010290390131018125	0.0	0.0	0.0	0.0	0.0	0.0	1.0	1.0	0.0	0.0	0.0	0.0	0.0	0.0
R7B1C_G423	S6_matched_vs_mismatched_LD	0.05	0.5	20	0.0001	1000	True	0.004	0.0	0.996	0.0	0.0	1.0	1.0	1.0	0.001	0.026	0.0	0.049	0.003	1.291	0.15	0.05881291534353661	0.000172336888170587	0.0	0.0	0.004	0.0	0.0	1.0	1.0	0.000172336888170587	0.0	0.0	-0.004	0.004	0.0
R7B1C_G424	S6_matched_vs_mismatched_LD	0.05	0.8	5	1e-06	1000	True	0.0	0.0	1.0	0.0	0.0	1.0	1.0	1.0	0.0	0.002	0.001	0.008	0.001	0.183	0.072	7.4516204152195e-05	0.0	0.0	0.0	0.0	0.0	0.0	1.0	1.0	0.0	0.0	0.0	0.0	0.0	0.0
R7B1C_G425	S6_matched_vs_mismatched_LD	0.05	0.8	5	1e-05	1000	True	0.0	0.0	1.0	0.0	0.0	1.0	1.0	1.0	0.0	0.004	0.001	0.011	0.001	0.317	0.036	0.0008965124841915461	0.0	0.0	0.0	0.0	0.0	0.0	1.0	1.0	0.0	0.0	0.0	0.0	0.0	0.0
R7B1C_G426	S6_matched_vs_mismatched_LD	0.05	0.8	5	0.0001	1000	True	0.0	0.0	1.0	0.0	0.0	1.0	1.0	1.0	0.0	0.003	0.003	0.011	0.003	0.333	0.075	0.008815806119837141	0.0	0.0	0.0	0.0	0.0	0.0	1.0	1.0	0.0	0.0	0.0	0.0	0.0	0.0
R7B1C_G427	S6_matched_vs_mismatched_LD	0.05	0.8	10	1e-06	1000	True	0.0	0.0	1.0	0.0	0.0	1.0	1.0	1.0	0.0	0.004	0.001	0.008	0.001	0.14	0.013	8.221556685671917e-05	0.0	0.0	0.0	0.0	0.0	0.0	1.0	1.0	0.0	0.0	0.0	0.0	0.0	0.0
R7B1C_G428	S6_matched_vs_mismatched_LD	0.05	0.8	10	1e-05	1000	True	0.0	0.0	1.0	0.0	0.0	1.0	1.0	1.0	0.0	0.005	0.003	0.013	0.003	0.258	0.169	0.0009391360582450967	0.0	0.0	0.0	0.0	0.0	0.0	1.0	1.0	0.0	0.0	0.0	0.0	0.0	0.0
R7B1C_G429	S6_matched_vs_mismatched_LD	0.05	0.8	10	0.0001	1000	True	0.0	0.0	1.0	0.0	0.0	1.0	1.0	1.0	0.0	0.005	0.0	0.007	0.0	0.206	0.0	0.007483712607798489	0.0	0.0	0.0	0.0	0.0	0.0	1.0	1.0	0.0	0.0	0.0	0.0	0.0	0.0
R7B1C_G430	S6_matched_vs_mismatched_LD	0.05	0.8	20	1e-06	1000	True	0.0	0.0	1.0	0.0	0.0	1.0	1.0	1.0	0.0	0.003	0.001	0.009	0.001	0.221	0.028	8.166449243669977e-05	0.0	0.0	0.0	0.0	0.0	0.0	1.0	1.0	0.0	0.0	0.0	0.0	0.0	0.0
R7B1C_G431	S6_matched_vs_mismatched_LD	0.05	0.8	20	1e-05	1000	True	0.0	0.0	1.0	0.0	0.0	1.0	1.0	1.0	0.0	0.004	0.0	0.008	0.0	0.151	0.033	0.0008842674516858968	0.0	0.0	0.0	0.0	0.0	0.0	1.0	1.0	0.0	0.0	0.0	0.0	0.0	0.0
R7B1C_G432	S6_matched_vs_mismatched_LD	0.05	0.8	20	0.0001	1000	True	0.0	0.0	1.0	0.0	0.0	1.0	1.0	1.0	0.0	0.002	0.0	0.009	0.0	0.187	0.073	0.0073538398661430965	0.0	0.0	0.0	0.0	0.0	0.0	1.0	1.0	0.0	0.0	0.0	0.0	0.0	0.0
R7B1C_G433	S6_matched_vs_mismatched_LD	0.2	0.2	5	1e-06	1000	True	0.091	0.049	0.86	0.21	0.066	0.724	1.0	1.0	0.4	0.973	0.119	0.999	0.277	17.401	5.299	0.2571474000850492	0.24549501647765298	0.136	0.009	0.008	0.208	0.068	1.0	1.0	0.2426897429772088	0.004	0.0040188279961420985	0.119	0.091	0.21
R7B1C_G434	S6_matched_vs_mismatched_LD	0.2	0.2	5	1e-05	1000	True	0.333	0.024	0.643	0.299	0.063	0.638	1.0	1.0	0.427	0.966	0.143	1.0	0.301	17.331	5.588	0.5559879211008731	0.307580247966141	0.077	0.007	0.104	0.298	0.063	1.0	1.0	0.30634214633576085	0.001	0.0016090503352161898	-0.03400000000000003	0.333	0.299
R7B1C_G435	S6_matched_vs_mismatched_LD	0.2	0.2	5	0.0001	1000	True	0.708	0.013	0.279	0.303	0.046	0.651	1.0	1.0	0.401	0.949	0.128	0.998	0.295	17.395	5.611	0.8330632726114428	0.3334054522391185	0.021	0.017	0.409	0.305	0.046	1.0	1.0	0.3354749360906499	0.002	0.0023964965975902855	-0.40499999999999997	0.708	0.303
R7B1C_G436	S6_matched_vs_mismatched_LD	0.2	0.2	10	1e-06	1000	True	0.083	0.05	0.867	0.211	0.078	0.711	1.0	1.0	0.396	0.967	0.128	0.999	0.278	17.297	5.363	0.2562809826177591	0.24425353294180235	0.133	0.001	0.004	0.212	0.077	1.0	1.0	0.24425931876978974	0.002	0.0009539665621937734	0.128	0.083	0.211
R7B1C_G437	S6_matched_vs_mismatched_LD	0.2	0.2	10	1e-05	1000	True	0.352	0.038	0.61	0.306	0.087	0.607	1.0	1.0	0.447	0.963	0.142	0.999	0.307	17.302	5.88	0.5487014036921595	0.31361022184817516	0.081	0.019	0.108	0.305	0.087	1.0	1.0	0.31237374276828395	0.003	0.0033811060533290535	-0.045999999999999985	0.352	0.306
R7B1C_G438	S6_matched_vs_mismatched_LD	0.2	0.2	10	0.0001	1000	True	0.74	0.006	0.254	0.311	0.037	0.652	1.0	1.0	0.415	0.972	0.124	0.998	0.3	17.333	5.518	0.8479405009384341	0.3493019493954166	0.027	0.021	0.435	0.308	0.037	1.0	1.0	0.3462904539758027	0.005	0.005650231322650796	-0.429	0.74	0.311
R7B1C_G439	S6_matched_vs_mismatched_LD	0.2	0.2	20	1e-06	1000	True	0.113	0.061	0.826	0.236	0.079	0.685	1.0	1.0	0.428	0.969	0.137	1.0	0.304	17.181	5.807	0.28003804778517566	0.2720286320096755	0.143	0.003	0.017	0.232	0.078	1.0	1.0	0.26666638545321053	0.005	0.006919543786166421	0.12299999999999998	0.113	0.236
R7B1C_G440	S6_matched_vs_mismatched_LD	0.2	0.2	20	1e-05	1000	True	0.348	0.031	0.621	0.273	0.07	0.657	1.0	1.0	0.399	0.978	0.13	1.0	0.278	17.556	5.261	0.5530053605513159	0.2815979654147588	0.06	0.017	0.118	0.269	0.068	1.0	1.0	0.27816566403658083	0.006	0.004713803100118325	-0.07499999999999996	0.348	0.273
R7B1C_G441	S6_matched_vs_mismatched_LD	0.2	0.2	20	0.0001	1000	True	0.728	0.011	0.261	0.295	0.052	0.653	1.0	1.0	0.399	0.969	0.136	0.999	0.282	17.203	5.544	0.8416037380196819	0.33022972409458384	0.022	0.022	0.433	0.294	0.052	1.0	1.0	0.32852870214955426	0.001	0.0021419079830034145	-0.433	0.728	0.295
R7B1C_G442	S6_matched_vs_mismatched_LD	0.2	0.5	5	1e-06	1000	True	0.012	0.0	0.988	0.014	0.003	0.983	1.0	1.0	0.03	0.557	0.003	0.586	0.015	8.598	0.312	0.06703171990419991	0.01726545647295938	0.003	0.001	0.0	0.014	0.003	1.0	1.0	0.017368920026870235	0.0	0.00012996768687285757	0.002	0.012	0.014
R7B1C_G443	S6_matched_vs_mismatched_LD	0.2	0.5	5	1e-05	1000	True	0.07	0.0	0.93	0.026	0.002	0.972	1.0	1.0	0.039	0.555	0.007	0.593	0.023	9.029	0.634	0.2255026006057055	0.028726197305099434	0.006	0.0	0.05	0.027	0.002	1.0	1.0	0.02973930940111073	0.001	0.0010435060037721857	-0.04400000000000001	0.07	0.026
R7B1C_G444	S6_matched_vs_mismatched_LD	0.2	0.5	5	0.0001	1000	True	0.289	0.0	0.711	0.028	0.001	0.971	1.0	1.0	0.037	0.547	0.007	0.581	0.017	8.483	0.429	0.5104640657582227	0.031622399724480325	0.002	0.0	0.263	0.028	0.001	1.0	1.0	0.03164101463353981	0.0	4.811509260716895e-05	-0.26099999999999995	0.289	0.028
R7B1C_G445	S6_matched_vs_mismatched_LD	0.2	0.5	10	1e-06	1000	True	0.007	0.001	0.992	0.01	0.002	0.988	1.0	1.0	0.026	0.549	0.005	0.581	0.013	8.622	0.524	0.06001938497217161	0.011882862219669041	0.006	0.0	0.003	0.01	0.002	1.0	1.0	0.01187482702083616	0.0	3.0341196942089582e-05	0.003	0.007	0.01
R7B1C_G446	S6_matched_vs_mismatched_LD	0.2	0.5	10	1e-05	1000	True	0.076	0.0	0.924	0.021	0.004	0.975	1.0	1.0	0.041	0.553	0.004	0.595	0.021	8.832	0.655	0.2327309909476227	0.026581830530886308	0.006	0.001	0.06	0.021	0.004	1.0	1.0	0.026602555315502152	0.0	3.61976893401933e-05	-0.05499999999999999	0.076	0.021
R7B1C_G447	S6_matched_vs_mismatched_LD	0.2	0.5	10	0.0001	1000	True	0.273	0.0	0.727	0.016	0.003	0.981	1.0	1.0	0.027	0.56	0.006	0.597	0.012	8.362	0.505	0.5123792401031182	0.021623266580286956	0.003	0.001	0.259	0.016	0.004	1.0	1.0	0.02164735580953523	0.001	9.740471061615672e-05	-0.257	0.273	0.016
R7B1C_G448	S6_matched_vs_mismatched_LD	0.2	0.5	20	1e-06	1000	True	0.014	0.0	0.986	0.017	0.002	0.981	1.0	1.0	0.032	0.546	0.007	0.574	0.015	8.375	0.572	0.06619019580100993	0.019080470324338406	0.012	0.0	0.009	0.017	0.002	1.0	1.0	0.018963143440050956	0.0	0.00016109805925585693	0.003000000000000001	0.014	0.017
R7B1C_G449	S6_matched_vs_mismatched_LD	0.2	0.5	20	1e-05	1000	True	0.069	0.0	0.931	0.022	0.003	0.975	1.0	1.0	0.031	0.548	0.007	0.58	0.016	8.392	0.485	0.22711040563792817	0.023069593970734374	0.004	0.002	0.049	0.022	0.003	1.0	1.0	0.02337150934538911	0.0	0.00031322948121126755	-0.04700000000000001	0.069	0.022
R7B1C_G450	S6_matched_vs_mismatched_LD	0.2	0.5	20	0.0001	1000	True	0.282	0.0	0.718	0.02	0.0	0.98	1.0	1.0	0.028	0.559	0.009	0.599	0.019	8.379	0.454	0.4996565921597503	0.023958730068634665	0.002	0.0	0.264	0.02	0.0	1.0	1.0	0.02372314336266735	0.0	0.00025451643516660575	-0.26199999999999996	0.282	0.02
R7B1C_G451	S6_matched_vs_mismatched_LD	0.2	0.8	5	1e-06	1000	True	0.0	0.0	1.0	0.0	0.0	1.0	1.0	1.0	0.0	0.01	0.002	0.132	0.005	1.387	0.162	0.0024320336210184486	0.0	0.0	0.0	0.0	0.0	0.0	1.0	1.0	0.0	0.0	0.0	0.0	0.0	0.0
R7B1C_G452	S6_matched_vs_mismatched_LD	0.2	0.8	5	1e-05	1000	True	0.0	0.0	1.0	0.0	0.0	1.0	1.0	1.0	0.0	0.016	0.002	0.147	0.002	1.22	0.176	0.008707455408383637	0.0	0.0	0.0	0.0	0.0	0.0	1.0	1.0	0.0	0.0	0.0	0.0	0.0	0.0
R7B1C_G453	S6_matched_vs_mismatched_LD	0.2	0.8	5	0.0001	1000	True	0.007	0.0	0.993	0.0	0.0	1.0	1.0	1.0	0.0	0.011	0.004	0.148	0.005	1.4	0.276	0.047945228200278925	0.0	0.0	0.0	0.007	0.0	0.0	1.0	1.0	0.0	0.0	0.0	-0.007	0.007	0.0
R7B1C_G454	S6_matched_vs_mismatched_LD	0.2	0.8	10	1e-06	1000	True	0.0	0.0	1.0	0.0	0.0	1.0	1.0	1.0	0.004	0.009	0.002	0.137	0.005	1.241	0.237	0.002192846201988625	0.0008229933167229115	0.0	0.0	0.0	0.0	0.0	1.0	1.0	0.0008229015171939676	0.0	9.179952894400323e-08	0.0	0.0	0.0
R7B1C_G455	S6_matched_vs_mismatched_LD	0.2	0.8	10	1e-05	1000	True	0.0	0.0	1.0	0.0	0.0	1.0	1.0	1.0	0.001	0.014	0.003	0.136	0.003	1.156	0.112	0.008377539204397199	1.03028299022175e-05	0.0	0.0	0.0	0.0	0.0	1.0	1.0	1.03028299022175e-05	0.0	0.0	0.0	0.0	0.0
R7B1C_G456	S6_matched_vs_mismatched_LD	0.2	0.8	10	0.0001	1000	True	0.008	0.0	0.992	0.0	0.0	1.0	1.0	1.0	0.0	0.007	0.002	0.117	0.003	1.04	0.063	0.042905149598905186	0.0	0.0	0.0	0.008	0.0	0.0	1.0	1.0	0.0	0.0	0.0	-0.008	0.008	0.0
R7B1C_G457	S6_matched_vs_mismatched_LD	0.2	0.8	20	1e-06	1000	True	0.0	0.0	1.0	0.0	0.0	1.0	1.0	1.0	0.0	0.01	0.003	0.133	0.003	1.373	0.155	0.0012341014579184738	0.0	0.0	0.0	0.0	0.0	0.0	1.0	1.0	0.0	0.0	0.0	0.0	0.0	0.0
R7B1C_G458	S6_matched_vs_mismatched_LD	0.2	0.8	20	1e-05	1000	True	0.0	0.0	1.0	0.0	0.0	1.0	1.0	1.0	0.001	0.014	0.004	0.137	0.006	1.291	0.12	0.008841699999884387	0.0007717395998501891	0.0	0.0	0.0	0.0	0.0	1.0	1.0	0.000775249222249498	0.0	3.509622399308965e-06	0.0	0.0	0.0
R7B1C_G459	S6_matched_vs_mismatched_LD	0.2	0.8	20	0.0001	1000	True	0.01	0.0	0.99	0.003	0.0	0.997	1.0	1.0	0.003	0.01	0.004	0.12	0.005	1.033	0.132	0.050605172140152185	0.0029711883150355706	0.0	0.0	0.007	0.003	0.0	1.0	1.0	0.0029715697387219116	0.0	3.8142368634108695e-07	-0.007	0.01	0.003
R7B1C_G460	S6_matched_vs_mismatched_LD	0.4	0.2	5	1e-06	1000	True	0.21	0.165	0.625	0.416	0.17	0.414	1.0	1.0	0.728	0.955	0.312	1.0	0.513	16.281	10.782	0.3970010494390212	0.46768538787953684	0.224	0.007	0.011	0.413	0.172	1.0	1.0	0.4650843683420696	0.01	0.006955587675465532	0.206	0.21	0.416
R7B1C_G461	S6_matched_vs_mismatched_LD	0.4	0.2	5	1e-05	1000	True	0.491	0.113	0.396	0.511	0.162	0.327	1.0	1.0	0.739	0.952	0.304	1.0	0.51	16.274	10.476	0.6381957399920223	0.5187037018926175	0.102	0.013	0.069	0.507	0.162	1.0	1.0	0.5146422927640293	0.004	0.004612837921884295	0.020000000000000018	0.491	0.511
R7B1C_G462	S6_matched_vs_mismatched_LD	0.4	0.2	5	0.0001	1000	True	0.782	0.07	0.148	0.521	0.17	0.309	1.0	1.0	0.74	0.96	0.306	1.0	0.513	16.236	10.577	0.840972296853435	0.5708927788220769	0.02	0.04	0.241	0.519	0.169	1.0	1.0	0.5695181761463244	0.004	0.004474439388562029	-0.261	0.782	0.521
R7B1C_G463	S6_matched_vs_mismatched_LD	0.4	0.2	10	1e-06	1000	True	0.244	0.176	0.58	0.433	0.188	0.379	1.0	1.0	0.731	0.953	0.331	1.0	0.503	16.242	10.797	0.4105603183466693	0.46745884654995984	0.205	0.006	0.01	0.43	0.187	1.0	1.0	0.46374088503064614	0.006	0.005272180009687268	0.189	0.244	0.433
R7B1C_G464	S6_matched_vs_mismatched_LD	0.4	0.2	10	1e-05	1000	True	0.505	0.132	0.363	0.489	0.187	0.324	1.0	1.0	0.743	0.961	0.305	1.0	0.489	16.25	10.29	0.6493043653331539	0.49992437838711046	0.079	0.013	0.082	0.487	0.187	1.0	1.0	0.49807064512148397	0.006	0.006357460616339145	-0.016000000000000014	0.505	0.489
R7B1C_G465	S6_matched_vs_mismatched_LD	0.4	0.2	10	0.0001	1000	True	0.796	0.042	0.162	0.531	0.165	0.304	1.0	1.0	0.751	0.963	0.313	1.0	0.512	16.339	10.748	0.8603693300764892	0.5866283471555316	0.02	0.058	0.227	0.533	0.164	1.0	1.0	0.5888138539930667	0.005	0.005125917048257511	-0.265	0.796	0.531
R7B1C_G466	S6_matched_vs_mismatched_LD	0.4	0.2	20	1e-06	1000	True	0.242	0.161	0.597	0.427	0.167	0.406	1.0	1.0	0.721	0.966	0.309	0.999	0.5	16.353	10.519	0.4155066696991492	0.45837120028351114	0.204	0.007	0.012	0.424	0.169	1.0	1.0	0.45734191176096795	0.004	0.003090050021514891	0.185	0.242	0.427
R7B1C_G467	S6_matched_vs_mismatched_LD	0.4	0.2	20	1e-05	1000	True	0.525	0.092	0.383	0.514	0.133	0.353	1.0	1.0	0.72	0.966	0.31	1.0	0.517	16.316	10.777	0.6751029943379883	0.5237729433985453	0.104	0.01	0.105	0.508	0.134	1.0	1.0	0.5192860801586326	0.007	0.0069745393769987075	-0.01100000000000001	0.525	0.514
R7B1C_G468	S6_matched_vs_mismatched_LD	0.4	0.2	20	0.0001	1000	True	0.76	0.058	0.182	0.503	0.165	0.332	1.0	1.0	0.73	0.95	0.302	1.0	0.487	16.268	10.521	0.840793125366441	0.5605074264821357	0.027	0.04	0.244	0.502	0.166	1.0	1.0	0.5603586084457896	0.007	0.008119641261112306	-0.257	0.76	0.503
R7B1C_G469	S6_matched_vs_mismatched_LD	0.4	0.5	5	1e-06	1000	True	0.05	0.002	0.948	0.056	0.011	0.933	1.0	1.0	0.095	0.682	0.026	0.708	0.052	7.728	1.042	0.16779866308588373	0.0578833917771476	0.028	0.003	0.019	0.056	0.012	1.0	1.0	0.05786629949216035	0.001	9.228798534996435e-05	0.005999999999999998	0.05	0.056
R7B1C_G470	S6_matched_vs_mismatched_LD	0.4	0.5	5	1e-05	1000	True	0.217	0.0	0.783	0.067	0.011	0.922	1.0	1.0	0.101	0.692	0.021	0.72	0.039	7.78	1.156	0.41521712806052713	0.07589742208126807	0.004	0.004	0.15	0.066	0.011	1.0	1.0	0.07507161960260555	0.001	0.0013371011897096326	-0.15	0.217	0.067
R7B1C_G471	S6_matched_vs_mismatched_LD	0.4	0.5	5	0.0001	1000	True	0.515	0.0	0.485	0.078	0.004	0.918	1.0	1.0	0.096	0.693	0.027	0.719	0.051	8.053	1.101	0.7209638468111131	0.08696265435839251	0.003	0.004	0.436	0.077	0.003	1.0	1.0	0.08613805768570836	0.002	0.0014923887616980042	-0.437	0.515	0.078
R7B1C_G472	S6_matched_vs_mismatched_LD	0.4	0.5	10	1e-06	1000	True	0.056	0.0	0.944	0.052	0.006	0.942	1.0	1.0	0.09	0.686	0.022	0.71	0.042	8.148	1.022	0.18655601479845124	0.0612374235863057	0.023	0.001	0.026	0.052	0.006	1.0	1.0	0.06126598346605228	0.0	5.730612414676153e-05	-0.0040000000000000036	0.056	0.052
R7B1C_G473	S6_matched_vs_mismatched_LD	0.4	0.5	10	1e-05	1000	True	0.22	0.001	0.779	0.077	0.011	0.912	1.0	1.0	0.105	0.697	0.019	0.724	0.056	7.91	1.05	0.4286921380106572	0.08232257972395417	0.013	0.006	0.15	0.077	0.01	1.0	1.0	0.08232030274706605	0.001	8.421288898805895e-05	-0.14300000000000002	0.22	0.077
R7B1C_G474	S6_matched_vs_mismatched_LD	0.4	0.5	10	0.0001	1000	True	0.503	0.0	0.497	0.083	0.003	0.914	1.0	1.0	0.102	0.691	0.021	0.711	0.053	8.11	1.197	0.7108612945619701	0.09228550477883445	0.005	0.002	0.423	0.081	0.003	1.0	1.0	0.09028737832068756	0.004	0.004086559097837405	-0.42	0.503	0.083
R7B1C_G475	S6_matched_vs_mismatched_LD	0.4	0.5	20	1e-06	1000	True	0.058	0.002	0.94	0.056	0.009	0.935	1.0	1.0	0.1	0.667	0.022	0.702	0.045	7.693	1.26	0.184864458485462	0.06182088070103948	0.024	0.003	0.023	0.056	0.009	1.0	1.0	0.061334903567125024	0.0	0.0005236142996779291	-0.0020000000000000018	0.058	0.056
R7B1C_G476	S6_matched_vs_mismatched_LD	0.4	0.5	20	1e-05	1000	True	0.239	0.001	0.76	0.068	0.013	0.919	1.0	1.0	0.098	0.678	0.022	0.709	0.051	8.136	1.052	0.4361588576658264	0.0767564432488958	0.007	0.008	0.17	0.069	0.013	1.0	1.0	0.07781927825530735	0.001	0.0010891224671162939	-0.17099999999999999	0.239	0.068
R7B1C_G477	S6_matched_vs_mismatched_LD	0.4	0.5	20	0.0001	1000	True	0.509	0.0	0.491	0.083	0.004	0.913	1.0	1.0	0.094	0.69	0.019	0.72	0.048	8.023	1.044	0.7163261761044047	0.0862195150748291	0.004	0.004	0.426	0.083	0.004	1.0	1.0	0.08523369914342122	0.002	0.0010561290789116297	-0.426	0.509	0.083
R7B1C_G478	S6_matched_vs_mismatched_LD	0.4	0.8	5	1e-06	1000	True	0.0	0.0	1.0	0.001	0.0	0.999	1.0	1.0	0.004	0.052	0.006	0.35	0.009	2.817	0.231	0.006736001098014738	0.0024259604560399406	0.001	0.0	0.0	0.001	0.0	1.0	1.0	0.00242868635116503	0.0	2.7258951250890283e-06	0.001	0.0	0.001
R7B1C_G479	S6_matched_vs_mismatched_LD	0.4	0.8	5	1e-05	1000	True	0.009	0.0	0.991	0.003	0.0	0.997	1.0	1.0	0.003	0.047	0.002	0.318	0.005	2.508	0.129	0.03793281885654243	0.002734440983006544	0.001	0.0	0.007	0.003	0.0	1.0	1.0	0.0027348010928109614	0.0	3.6010980441802954e-07	-0.005999999999999999	0.009	0.003
R7B1C_G480	S6_matched_vs_mismatched_LD	0.4	0.8	5	0.0001	1000	True	0.039	0.0	0.961	0.004	0.0	0.996	1.0	1.0	0.005	0.046	0.009	0.318	0.01	2.291	0.276	0.12698956450270504	0.004201007758308599	0.0	0.0	0.035	0.004	0.0	1.0	1.0	0.004201007758308599	0.0	0.0	-0.035	0.039	0.004
R7B1C_G481	S6_matched_vs_mismatched_LD	0.4	0.8	10	1e-06	1000	True	0.0	0.0	1.0	0.001	0.0	0.999	1.0	1.0	0.001	0.047	0.009	0.342	0.01	2.703	0.197	0.007309797890686451	0.0008328005505727381	0.001	0.0	0.0	0.001	0.0	1.0	1.0	0.0008328005505727381	0.0	0.0	0.001	0.0	0.001
R7B1C_G482	S6_matched_vs_mismatched_LD	0.4	0.8	10	1e-05	1000	True	0.002	0.0	0.998	0.0	0.0	1.0	1.0	1.0	0.003	0.049	0.005	0.35	0.005	2.743	0.319	0.03315697997805006	0.0008347192197313244	0.0	0.0	0.002	0.0	0.0	1.0	1.0	0.0008357830624868217	0.0	1.063842755497299e-06	-0.002	0.002	0.0
R7B1C_G483	S6_matched_vs_mismatched_LD	0.4	0.8	10	0.0001	1000	True	0.031	0.0	0.969	0.004	0.0	0.996	1.0	1.0	0.005	0.043	0.008	0.321	0.01	2.444	0.338	0.1264275924650872	0.004138036146858645	0.001	0.0	0.028	0.004	0.0	1.0	1.0	0.004130340586584319	0.0	7.800329869161988e-06	-0.027	0.031	0.004
R7B1C_G484	S6_matched_vs_mismatched_LD	0.4	0.8	20	1e-06	1000	True	0.0	0.0	1.0	0.0	0.0	1.0	1.0	1.0	0.001	0.044	0.002	0.338	0.008	2.45	0.197	0.0071285036069123455	0.000757524856171498	0.0	0.0	0.0	0.0	0.0	1.0	1.0	0.000757524856171498	0.0	0.0	0.0	0.0	0.0
R7B1C_G485	S6_matched_vs_mismatched_LD	0.4	0.8	20	1e-05	1000	True	0.003	0.0	0.997	0.001	0.0	0.999	1.0	1.0	0.001	0.057	0.002	0.343	0.005	2.702	0.181	0.034478601441988034	0.0009394958794152959	0.001	0.0	0.003	0.001	0.0	1.0	1.0	0.0009394958794152959	0.0	0.0	-0.002	0.003	0.001
R7B1C_G486	S6_matched_vs_mismatched_LD	0.4	0.8	20	0.0001	1000	True	0.037	0.0	0.963	0.005	0.0	0.995	1.0	1.0	0.007	0.052	0.006	0.356	0.009	2.663	0.238	0.1379339041430475	0.0057596517027793045	0.0	0.0	0.032	0.005	0.0	1.0	1.0	0.0057501357618823384	0.0	1.049956990066292e-05	-0.032	0.037	0.005
