comparison_id	locus_index	chromosome	gene	cell_type	gene_tss_GRCh37	gene_min_source_qval	cell_source_qval	source_cell_q_lt_0_05	qtl_N	expression_gene_row_zero_based	n_variants	variant_set_sha256	model	implementation	classification	sdY_estimate	disease_min_p	qtl_min_p	qtl_top_variant	PP_H0	PP_H1	PP_H2	PP_H3	PP_H4	H3_plus_H4	H4_over_H3H4	H4_p12_1e_6	H4ratio_p12_1e_6	H4_p12_1e_4	H4ratio_p12_1e_4	shared_top_variant	shared_top_SNP_PP_H4_conditional
R7B1_000124	1	1	MMEL1	CD4_NC	2543280	1.1947660949287634e-11	1.1947660949287634e-11	True	980	105	243	97067c6c6095eb166e49cd7d35ae77499e453a6853e1a78e01ee8ffe0950b433	CURRENT_RELEASE_PF10	TensorQTL_1.0.10_formula_compatible_numpy	ROBUST_H4_TRIGGER	0.9391409817383031	2.9856939143257903e-09	4.1217387405755906e-17	1:2523706	7.824277147434897e-17	4.830631538997277e-13	1.0084263634038572e-05	0.061320579716936274	0.9386693360189438	0.99998991573588	0.938678801903906	0.6048220788451708	0.6048613808834357	0.9935086253142298	0.9935096857279252	1:2523706	0.16716276761280704
R7B1_000126	1	1	MMEL1	CD8_NC	2543280	1.1947660949287634e-11	0.0998841992598295	False	980	105	243	97067c6c6095eb166e49cd7d35ae77499e453a6853e1a78e01ee8ffe0950b433	CURRENT_RELEASE_PF10	TensorQTL_1.0.10_formula_compatible_numpy	ROBUST_H4_TRIGGER	0.9722970098032843	2.9856939143257903e-09	1.8148773336817885e-05	1:2512650	8.877941445694584e-06	0.05481153484319378	1.4982455807595157e-05	0.09164668649938276	0.8535179182601699	0.9451646047595527	0.9030362689865037	0.36815927937198073	0.48221765878180894	0.9831274133740414	0.9893765461491884	1:2523723	0.055462260096648425
R7B1_000128	1	1	MMEL1	Mono_C	2543280	1.1947660949287634e-11	0.6400061200572174	False	851	105	243	97067c6c6095eb166e49cd7d35ae77499e453a6853e1a78e01ee8ffe0950b433	CURRENT_RELEASE_PF10	TensorQTL_1.0.10_formula_compatible_numpy	ROBUST_H4_TRIGGER	1.0014784591239214	2.9856939143257903e-09	0.0001291611142489311	1:2520302	1.1582106213088402e-05	0.07150678140191301	9.062095396992539e-06	0.05507508568646156	0.8733974887100151	0.9284725743964767	0.940682054370576	0.4082398157581425	0.6132770447853925	0.9857117086621254	0.993733670208158	1:2523723	0.06760302327834482
R7B1_000129	1	1	MMEL1	Mono_NC	2543280	1.1947660949287634e-11	0.0537292445494511	False	690	105	243	97067c6c6095eb166e49cd7d35ae77499e453a6853e1a78e01ee8ffe0950b433	CURRENT_RELEASE_PF10	TensorQTL_1.0.10_formula_compatible_numpy	ROBUST_H4_TRIGGER	0.9885717775563188	2.9856939143257903e-09	1.8763539355131256e-06	1:2520302	2.383769996793739e-07	0.0014717160845973303	8.651739165286556e-06	0.052468933814585124	0.946050459984652	0.9985193937992372	0.9474532651639868	0.6368369266612134	0.6432480178935814	0.9943297283036636	0.99448448651424	1:2523723	0.07747811488377648
R7B1_000130	1	1	MMEL1	NK	2543280	1.1947660949287634e-11	0.0318494053360395	True	980	105	243	97067c6c6095eb166e49cd7d35ae77499e453a6853e1a78e01ee8ffe0950b433	CURRENT_RELEASE_PF10	TensorQTL_1.0.10_formula_compatible_numpy	ROBUST_H4_TRIGGER	0.9914330797735597	2.9856939143257903e-09	2.251646027390376e-05	1:2537464	1.8275284080676964e-06	0.011282980139985821	1.0230705915225756e-05	0.06223690119278634	0.9264680604329044	0.9887049616256908	0.9370520998595451	0.5575129701634969	0.598170121935914	0.9921256943744382	0.9933271736180855	1:2523723	0.06782994176735045
R7B1_000214	1	1	TNFRSF14	CD4_NC	2491950	1.149459557905241e-16	1.149459557905241e-16	True	980	101	243	97067c6c6095eb166e49cd7d35ae77499e453a6853e1a78e01ee8ffe0950b433	CURRENT_RELEASE_PF10	TensorQTL_1.0.10_formula_compatible_numpy	H3_H4_AMBIGUITY_TRIGGER	0.509874949918585	2.9856939143257903e-09	3.975310831478638e-09	1:2504234	6.16530779011885e-08	0.00038064002204136495	7.444184699023241e-05	0.4590561323005738	0.5404887241773166	0.9995448564778904	0.5407348361351626	0.10524350965104408	0.10533686461975658	0.9216439206094298	0.9217154561331207	1:2513216	0.25403806754035196
R7B1_000216	1	1	TNFRSF14	CD8_ET	2491950	1.149459557905241e-16	3.282425677073353e-07	True	980	101	243	97067c6c6095eb166e49cd7d35ae77499e453a6853e1a78e01ee8ffe0950b433	CURRENT_RELEASE_PF10	TensorQTL_1.0.10_formula_compatible_numpy	H3_H4_AMBIGUITY_TRIGGER	0.6873148269546168	2.9856939143257903e-09	1.0952563174648834e-10	1:2504234	2.1744496656804492e-09	1.342483776720723e-05	7.41010166991065e-05	0.4569494053572446	0.5429630666138391	0.9999124719710837	0.543010595260923	0.10618575599805616	0.10620393557336205	0.9223606691461442	0.9223743838005514	1:2513216	0.27206121351321516
R7B1_000217	1	1	TNFRSF14	CD8_NC	2491950	1.149459557905241e-16	9.395243509705436e-06	True	980	101	243	97067c6c6095eb166e49cd7d35ae77499e453a6853e1a78e01ee8ffe0950b433	CURRENT_RELEASE_PF10	TensorQTL_1.0.10_formula_compatible_numpy	H3_H4_AMBIGUITY_TRIGGER	0.7634834248182788	2.9856939143257903e-09	2.6327056152373928e-06	1:2512650	1.6566058158129446e-05	0.10227720913715112	6.463915084253053e-05	0.3985766769523812	0.499064908701467	0.8976415856538482	0.5559734716812889	0.09060044209745997	0.11127840340687112	0.9087813142741622	0.926041941011767	1:2513216	0.2913930577474322
R7B1_000222	1	1	TNFRSF14	NK	2491950	1.149459557905241e-16	2.4678021046277133e-07	True	980	101	243	97067c6c6095eb166e49cd7d35ae77499e453a6853e1a78e01ee8ffe0950b433	CURRENT_RELEASE_PF10	TensorQTL_1.0.10_formula_compatible_numpy	H3_H4_AMBIGUITY_TRIGGER	0.7303994752867018	2.9856939143257903e-09	6.443444869735683e-11	1:2512650	1.0818015109218219e-09	6.678935828988455e-06	7.057632702577652e-05	0.43516652580744863	0.5647562178478945	0.9999227436553432	0.5647998522199398	0.11485335199836325	0.11487139998344809	0.928446873865601	0.9284586660094185	1:2513216	0.31057699012627854
R7B1_000258	2	1	IL12RB2	NK	67817816	7.532897580397461e-09	7.532897580397461e-09	True	980	977	1098	507965d37f85d8eefdbfc3ba8d5da185e798d55b80117d43cc73672d61f96067	CURRENT_RELEASE_PF10	TensorQTL_1.0.10_formula_compatible_numpy	ROBUST_H4_TRIGGER	0.9722905225640063	6.61382e-63	4.791455538541093e-12	1:67825399	1.0404015679307889e-63	2.9436657319247678e-08	1.0043476065689267e-58	0.0018434997930486703	0.998156470770289	0.9999999705633377	0.9981565001526849	0.9818655895445709	0.9818658738558501	0.9998153406946769	0.9998153436426986	1:67820194	0.8340130929801916
R7B1_000391	4	1	FCRL1	B_IN	157777045	0.0014925943339169	0.0014925943339169	True	975	1707	958	633f5f7225b29e0a6557918c37fb08b2cd24aff6a8cd771e43fad8a0db9ffecb	CURRENT_RELEASE_PF10	TensorQTL_1.0.10_formula_compatible_numpy	ROBUST_H4_TRIGGER	0.8127523831863633	2.07942377761228e-08	0.00010194090075968572	1:157634137	0.00024754934881778814	0.11132627841858572	0.0001685351774293135	0.07497926228600958	0.8132783747691568	0.8882576370551664	0.9155883843176539	0.3034060828004109	0.5203080192791472	0.9775561626730153	0.9908648358639421	1:157632501	0.08645055787562614
R7B1_000410	4	1	FCRL3	B_IN	157657380	2.0685041981175383e-21	2.140505413738482e-18	True	975	1704	958	633f5f7225b29e0a6557918c37fb08b2cd24aff6a8cd771e43fad8a0db9ffecb	CURRENT_RELEASE_PF10	TensorQTL_1.0.10_formula_compatible_numpy	ROBUST_H4_TRIGGER	0.9422975742472842	2.07942377761228e-08	1.1843050494833785e-25	1:157668993	1.1112395184697109e-24	4.997393877773947e-22	1.811383032669301e-05	0.007153204939163857	0.9928286812305126	0.9999818861696764	0.9928466654865485	0.9326346949911005	0.9327934154900419	0.9992782095526058	0.9992800313899788	1:157669278	0.3448435707245189
R7B1_000411	4	1	FCRL3	B_MEM	157657380	2.0685041981175383e-21	0.0003259732029312	True	970	1704	958	633f5f7225b29e0a6557918c37fb08b2cd24aff6a8cd771e43fad8a0db9ffecb	CURRENT_RELEASE_PF10	TensorQTL_1.0.10_formula_compatible_numpy	ROBUST_H4_TRIGGER	0.8734789699176252	2.07942377761228e-08	2.021709147137068e-09	1:157668993	9.569964842038382e-09	4.303742165143139e-06	2.5001608222613943e-05	0.010253843325927615	0.989716841753719	0.9999706850796466	0.9897458560746599	0.9058791535610496	0.9061222814803472	0.9989620783742807	0.9989650341879105	1:157669278	0.32770609871238515
R7B1_000412	4	1	FCRL3	CD4_ET	157657380	2.0685041981175383e-21	0.2718002287847751	False	980	1704	958	633f5f7225b29e0a6557918c37fb08b2cd24aff6a8cd771e43fad8a0db9ffecb	CURRENT_RELEASE_PF10	TensorQTL_1.0.10_formula_compatible_numpy	ROBUST_H4_TRIGGER	0.9854273298652982	2.07942377761228e-08	6.908614341939958e-05	1:157674997	0.000100685965488356	0.045279835638151314	3.534031561743892e-05	0.014953385466643241	0.9396307526140999	0.9545841380807432	0.9843351833849784	0.6088360082297224	0.8627077544873643	0.9936162302221324	0.9984111177442546	1:157669278	0.27750385385487514
R7B1_000413	4	1	FCRL3	CD4_NC	157657380	2.0685041981175383e-21	0.0021097397331734	True	980	1704	958	633f5f7225b29e0a6557918c37fb08b2cd24aff6a8cd771e43fad8a0db9ffecb	CURRENT_RELEASE_PF10	TensorQTL_1.0.10_formula_compatible_numpy	ROBUST_H4_TRIGGER	0.942674129809424	2.07942377761228e-08	3.786209439437924e-07	1:157668993	1.1554804746009513e-06	0.0005196351419908148	2.3070174379050412e-05	0.009384897095934867	0.9900712421072201	0.9994561392031549	0.990609996049034	0.9088568642300443	0.9134170856599895	0.9989981719937708	0.999052996474744	1:157669278	0.3243999663908945
R7B1_000414	4	1	FCRL3	CD8_ET	157657380	2.0685041981175383e-21	2.0685041981175383e-21	True	980	1704	958	633f5f7225b29e0a6557918c37fb08b2cd24aff6a8cd771e43fad8a0db9ffecb	CURRENT_RELEASE_PF10	TensorQTL_1.0.10_formula_compatible_numpy	ROBUST_H4_TRIGGER	0.923744220549614	2.07942377761228e-08	1.5228848362899446e-28	1:157670757	5.594508974133961e-26	2.5159260836034163e-23	0.00013224954437983505	0.05853306776947964	0.9413346826861387	0.9998677504556184	0.9414591902351013	0.6160616258157726	0.6165952979055325	0.9938064567041375	0.9938203325611572	1:157669278	0.3463777738019124
R7B1_000420	4	1	FCRL3	NK	157657380	2.0685041981175383e-21	7.614622221089763e-17	True	980	1704	958	633f5f7225b29e0a6557918c37fb08b2cd24aff6a8cd771e43fad8a0db9ffecb	CURRENT_RELEASE_PF10	TensorQTL_1.0.10_formula_compatible_numpy	ROBUST_H4_TRIGGER	0.915446720519237	2.07942377761228e-08	1.3757841820214796e-23	1:157668701	1.4498671430324147e-21	6.520247942724047e-19	0.00014343095906803408	0.06356654530711531	0.9362900237338174	0.9998565690409327	0.9364243359744202	0.5950782392446373	0.5956212103645873	0.9932414754803109	0.9932565884150628	1:157668701	0.33945956845669234
R7B1_000421	4	1	FCRL3	NK_R	157657380	2.0685041981175383e-21	0.0030254649237514	True	750	1704	958	633f5f7225b29e0a6557918c37fb08b2cd24aff6a8cd771e43fad8a0db9ffecb	CURRENT_RELEASE_PF10	TensorQTL_1.0.10_formula_compatible_numpy	ROBUST_H4_TRIGGER	0.9779651012606915	2.07942377761228e-08	2.5451390282864418e-09	1:157625122	1.6116181070915655e-08	7.247663827488828e-06	6.160108760582687e-05	0.026729637804995977	0.9732014973273879	0.9999311351323839	0.9732685213352646	0.7840896420218022	0.7845249207148774	0.997253917933911	0.9972609552898176	1:157625122	0.1562581211249288
R7B1_000688	7	2	LINC00299	NK	8335827	0.0017692266252861	0.0017692266252861	True	980	2563	356	98d78d87264fa3be2ccbf869eec7c8be1cde8f36f4602be91e33afdd479e11c5	CURRENT_RELEASE_PF10	TensorQTL_1.0.10_formula_compatible_numpy	ROBUST_H4_TRIGGER	0.9992993693249171	5.39495132678702e-07	1.8100583622008167e-06	2:8509580	0.00042270443757259327	0.0032495771203166425	0.004447998099068278	0.033235728172332384	0.9586439921707098	0.9918797203430422	0.9664921789500468	0.6986161991538368	0.7425585176063864	0.9957045196915303	0.9965450261129387	2:8442248	0.4051471567573343
R7B1_000829	9	2	TMEM163	NK	135344951	0.0001113418771003	0.0001113418771003	True	980	3483	706	b19ec6234ce26eeb1d6f7e93856f99bb40c676bc3e6fa526046e366462ab7417	CURRENT_RELEASE_PF10	TensorQTL_1.0.10_formula_compatible_numpy	ROBUST_H4_TRIGGER	0.9873215038384647	1.5432203293031e-09	2.9547032444582575e-09	2:135357502	1.4234523552702802e-09	4.834346887913758e-06	1.2778071505510526e-05	0.042439505139232316	0.9575428810189207	0.999982386158153	0.9575597473248691	0.6928103122805891	0.6928986161832702	0.9955856079710502	0.9955874312531817	2:135357502	0.07961082414420383
R7B1_001020	11	2	CTLA4	CD4_ET	204735597	3.484696638679302e-85	1.819708782818894e-27	True	980	3876	744	bb12cce31fa8a261a08f7a09e89ef7a7d47ad7870498b97ed48101c95180f03f	CURRENT_RELEASE_PF10	TensorQTL_1.0.10_formula_compatible_numpy	ROBUST_H4_TRIGGER	0.961887713377815	1.57225770196501e-05	1.8981505826235862e-36	2:204697133	1.8818462389604916e-33	2.8958629395962893e-33	0.015924087966593357	0.023544114349602907	0.9605317976838053	0.9840759120334082	0.9760749002574879	0.7087677109759308	0.803138402726933	0.9959078198745881	0.9975548393853152	2:204697133	0.17409895450843596
R7B1_001021	11	2	CTLA4	CD4_NC	204735597	3.484696638679302e-85	3.484696638679302e-85	True	980	3876	744	bb12cce31fa8a261a08f7a09e89ef7a7d47ad7870498b97ed48101c95180f03f	CURRENT_RELEASE_PF10	TensorQTL_1.0.10_formula_compatible_numpy	ROBUST_H4_TRIGGER	0.8499927677146968	1.57225770196501e-05	9.687104741106077e-107	2:204738919	1.711469036461279e-125	2.6336794432750893e-125	0.04111828840648563	0.062378021651593306	0.8965036899419296	0.958881711593523	0.934947115063932	0.4641569269225305	0.5896949156231703	0.9885873153168885	0.9930901567949427	2:204738919	0.9999999993683559
R7B1_001022	11	2	CTLA4	CD8_ET	204735597	3.484696638679302e-85	2.60287448507222e-08	True	980	3876	744	bb12cce31fa8a261a08f7a09e89ef7a7d47ad7870498b97ed48101c95180f03f	CURRENT_RELEASE_PF10	TensorQTL_1.0.10_formula_compatible_numpy	ROBUST_H4_TRIGGER	0.999659469723197	1.57225770196501e-05	1.7051759239905077e-14	2:204738919	2.5413257478889123e-10	3.910697323931471e-10	0.02545462670559415	0.03823432286912376	0.936311049780081	0.9745453726492047	0.9607670161470394	0.5951631841230185	0.7100504393505799	0.9932438416059352	0.9959331006788453	2:204738919	0.21906609567963814
R7B1_001023	11	2	CTLA4	CD8_NC	204735597	3.484696638679302e-85	1.8195545478305048e-31	True	980	3876	744	bb12cce31fa8a261a08f7a09e89ef7a7d47ad7870498b97ed48101c95180f03f	CURRENT_RELEASE_PF10	TensorQTL_1.0.10_formula_compatible_numpy	ROBUST_H4_TRIGGER	0.9223419171144877	1.57225770196501e-05	5.523306955556752e-43	2:204738919	1.368096216286427e-39	2.105283124903038e-39	0.04108972130549964	0.06233398881338975	0.8965762898811059	0.9589102786944956	0.934994972732742	0.46435160126181113	0.5898853521330529	0.9885961426775568	0.9930955560635556	2:204738919	0.9983302842743907
R7B1_001024	11	2	CTLA4	CD8_S100B	204735597	3.484696638679302e-85	0.0026442133462322	True	959	3876	744	bb12cce31fa8a261a08f7a09e89ef7a7d47ad7870498b97ed48101c95180f03f	CURRENT_RELEASE_PF10	TensorQTL_1.0.10_formula_compatible_numpy	ROBUST_H4_TRIGGER	1.003581095138811	1.57225770196501e-05	5.259006242248337e-09	2:204697133	6.526143483154534e-06	1.0042699908253092e-05	0.01938390423789599	0.028877032238338287	0.9517224946803738	0.9805995269187121	0.9705516559557427	0.6634535528409451	0.7672132249287011	0.9949529566730796	0.9969749922741517	2:204691538	0.12160790594717366
R7B1_001288	16	4	MANBA	CD4_ET	103617406	1.2408666065975496e-37	5.878291438778886e-05	True	980	6114	654	f3922913256ddc217298f22b1497b81d3623f0e65d922b7860f538c99a817069	CURRENT_RELEASE_PF10	TensorQTL_1.0.10_formula_compatible_numpy	H3_H4_AMBIGUITY_TRIGGER	0.9778658381765293	1.5634e-22	5.216383178110159e-08	4:103625590	1.0432371694055028e-19	0.002328724511723803	2.6344099170148845e-17	0.587645608045918	0.41002566744235674	0.9976712754882748	0.41098273300660504	0.06498267494357021	0.06522339265189572	0.8742120949523644	0.8746463614987391	4:103558951	0.0588157526578603
R7B1_001289	16	4	MANBA	CD4_NC	103617406	1.2408666065975496e-37	1.2408666065975496e-37	True	980	6114	654	f3922913256ddc217298f22b1497b81d3623f0e65d922b7860f538c99a817069	CURRENT_RELEASE_PF10	TensorQTL_1.0.10_formula_compatible_numpy	H3_H4_AMBIGUITY_TRIGGER	0.8504949960913458	1.5634e-22	2.729530445772964e-47	4:103578637	5.1348585199147305e-61	1.146208288032281e-44	1.0504333165303103e-17	0.2337124948727495	0.7662875051272645	1.000000000000014	0.7662875051272537	0.24691771284717948	0.24691771284717942	0.9704033554358705	0.970403355435877	4:103554975	0.051505736097212165
R7B1_001292	16	4	MANBA	CD8_NC	103617406	1.2408666065975496e-37	2.4293324806577693e-08	True	980	6114	654	f3922913256ddc217298f22b1497b81d3623f0e65d922b7860f538c99a817069	CURRENT_RELEASE_PF10	TensorQTL_1.0.10_formula_compatible_numpy	H3_H4_AMBIGUITY_TRIGGER	0.969813604724953	1.5634e-22	7.68596466538217e-11	4:103625590	5.860558808948763e-22	1.3081998371065568e-05	3.518413329485338e-17	0.7851689473928667	0.21481797060876295	0.9999869180016296	0.21482078089386852	0.026630420698741376	0.02663085258220847	0.7323268999201514	0.7323301659142222	4:103540780	0.3373432981975713
R7B1_001303	16	4	UBE2D3	CD4_NC	103752797	9.344077301157386e-10	9.344077301157386e-10	True	980	6115	654	f3922913256ddc217298f22b1497b81d3623f0e65d922b7860f538c99a817069	CURRENT_RELEASE_PF10	TensorQTL_1.0.10_formula_compatible_numpy	H3_H4_AMBIGUITY_TRIGGER	0.5431132433184719	1.5634e-22	1.1881822139860497e-12	4:103573749	4.060974303814696e-24	9.06494772244635e-08	1.9347295053949725e-17	0.43130357153162596	0.5686963378188947	0.9999999093505207	0.5686963893709263	0.11649476579767812	0.11649478742973342	0.9295055839610739	0.9295055977328152	4:103540780	0.10934401317933745
R7B1_001447	20	5	NDFIP1	CD4_NC	141511038	1.1801631469623855e-05	1.1801631469623855e-05	True	980	7335	803	3e35cbb381f8a429409682b4709e714cefc79f5f5dbe7fbfcb85218479e0c71c	CURRENT_RELEASE_PF10	TensorQTL_1.0.10_formula_compatible_numpy	ROBUST_H4_TRIGGER	0.660514873116992	7.36265091116906e-08	1.3660198676352915e-06	5:141466926	2.0843716687777186e-05	0.009872069158589458	0.00016967382363041814	0.0794509839539094	0.9104864293471836	0.989937413301093	0.9197414069956521	0.5042508126462388	0.5340108045760849	0.990264314565308	0.991349275198643	5:141509537	0.0422021931564588
R7B1_001688	24	6	CCR6	B_IN	167539240	0.0072488093856502	0.0072488093856502	True	975	8889	1050	db7c8cd7a84d648bf54d19deb1e82c23b0d8d084f228d6d9cfcbeb24fcbf67e5	CURRENT_RELEASE_PF10	TensorQTL_1.0.10_formula_compatible_numpy	ROBUST_H4_TRIGGER	0.8056857937937815	2.36825822386155e-06	4.543194789403455e-07	6:167538897	0.00014023807535973212	0.0005654252946024883	0.0019541099682890283	0.006888315689561677	0.9904519109721865	0.9973402266617483	0.9930933140914029	0.9120747709543398	0.934975099961278	0.9990369150383596	0.9993050113476416	6:167538897	0.3372832947254841
R7B1_001689	24	6	CCR6	B_MEM	167539240	0.0072488093856502	0.0123260815053651	True	970	8889	1050	db7c8cd7a84d648bf54d19deb1e82c23b0d8d084f228d6d9cfcbeb24fcbf67e5	CURRENT_RELEASE_PF10	TensorQTL_1.0.10_formula_compatible_numpy	ROBUST_H4_TRIGGER	0.8975786843017782	2.36825822386155e-06	1.7342265980647617e-07	6:167533062	5.628598435077223e-05	0.00022693921890962288	0.0034891471427574983	0.01308473450779805	0.9831428931461844	0.9962276276539824	0.9868657180903412	0.853634605339307	0.8825417489415643	0.998288320750613	0.9986708602423877	6:167532793	0.17479754141204645
R7B1_001720	24	6	RNASET2	Mono_NC	167356836	1.727755767471187e-190	2.297362523705338e-05	True	690	8886	1050	db7c8cd7a84d648bf54d19deb1e82c23b0d8d084f228d6d9cfcbeb24fcbf67e5	CURRENT_RELEASE_PF10	TensorQTL_1.0.10_formula_compatible_numpy	H3_H4_AMBIGUITY_TRIGGER	0.7806403506238119	2.36825822386155e-06	1.6620103878923653e-09	6:167390242	1.570061470209693e-05	6.330324108200364e-05	0.14765505314430136	0.595072582161991	0.25719336083792294	0.852265942999914	0.3017759455840991	0.03346579935123746	0.0414298822646875	0.7759080399397656	0.8121024884828859	6:167511800	0.3069480669389506
R7B1_001774	26	7	AOAH	CD8_S100B	36658306	2.7036559858611473e-28	7.567134852785335e-06	True	959	9198	893	552ff3022903b2e6997e22b8074568204a0c34923012519fa961c171ee80996e	CURRENT_RELEASE_PF10	TensorQTL_1.0.10_formula_compatible_numpy	H3_H4_AMBIGUITY_TRIGGER	0.9573777200486784	4.70290473231216e-13	1.4594530482878414e-06	7:36824768	2.0244852980168712e-08	0.15962002168497258	7.913347617984294e-08	0.6237091832587587	0.21667069567794064	0.8403798789366993	0.2578247065506683	0.02691573561144849	0.03357277165513734	0.7344679064963122	0.776481660097397	7:37382465	0.23644623569354073
R7B1_002124	28	7	ZC3HAV1	B_IN	138761366	3.73159606731581e-105	1.5097604314585186e-11	True	975	9842	711	0c3ceb1a12189d914dad85d5f2ccef8a4a40b9b54981788432c2ffd87d6f771b	CURRENT_RELEASE_PF10	TensorQTL_1.0.10_formula_compatible_numpy	ROBUST_H4_TRIGGER	0.9724998716885697	5.44364820997956e-08	2.3484816936204168e-17	7:138735512	1.0461561508957475e-15	2.1499665144208477e-13	0.0001547692324586998	0.030837780376063852	0.9690074503912636	0.9998452307673275	0.9691574461455424	0.7576686901837053	0.7585866888956847	0.9968118160858128	0.9968276865921417	7:138735734	0.22132678512418635
R7B1_002125	28	7	ZC3HAV1	B_MEM	138761366	3.73159606731581e-105	1.2665789446823746e-07	True	970	9842	711	0c3ceb1a12189d914dad85d5f2ccef8a4a40b9b54981788432c2ffd87d6f771b	CURRENT_RELEASE_PF10	TensorQTL_1.0.10_formula_compatible_numpy	ROBUST_H4_TRIGGER	0.957131510079783	5.44364820997956e-08	1.1714317640332055e-12	7:138735512	2.5851200792449177e-11	5.312707478108958e-09	0.0001578161619490468	0.03146458792172641	0.9683775905777654	0.9998421784994919	0.968530445505963	0.7538349062094307	0.7547621796290834	0.9967451247600656	0.996761316619786	7:138735734	0.14874145277583373
R7B1_002126	28	7	ZC3HAV1	CD4_ET	138761366	3.73159606731581e-105	1.6843207656063942e-20	True	980	9842	711	0c3ceb1a12189d914dad85d5f2ccef8a4a40b9b54981788432c2ffd87d6f771b	CURRENT_RELEASE_PF10	TensorQTL_1.0.10_formula_compatible_numpy	ROBUST_H4_TRIGGER	0.9017001811904816	5.44364820997956e-08	9.43669705538959e-28	7:138735512	3.6547094668011e-26	7.510831883778942e-24	0.00014546824156993934	0.028924401270973326	0.9709301304874566	0.9998545317584299	0.9710713905350767	0.7695846121903439	0.7704729824277372	0.9970149146102584	0.9970298078783777	7:138735734	0.27986048706481015
R7B1_002127	28	7	ZC3HAV1	CD4_NC	138761366	3.73159606731581e-105	3.73159606731581e-105	True	980	9842	711	0c3ceb1a12189d914dad85d5f2ccef8a4a40b9b54981788432c2ffd87d6f771b	CURRENT_RELEASE_PF10	TensorQTL_1.0.10_formula_compatible_numpy	ROBUST_H4_TRIGGER	0.7453244337308446	5.44364820997956e-08	2.46791225039851e-124	7:138730361	6.876480222959898e-157	1.413192686749692e-154	0.00033996526656191747	0.06893589553784812	0.9307241391955738	0.9996600347334219	0.9310406606819777	0.5732885925508306	0.5744916062100379	0.9926117705607762	0.9926477610838482	7:138730361	0.5193445198306137
R7B1_002128	28	7	ZC3HAV1	CD4_SOX4	138761366	3.73159606731581e-105	0.7623981795337621	False	295	9842	711	0c3ceb1a12189d914dad85d5f2ccef8a4a40b9b54981788432c2ffd87d6f771b	CURRENT_RELEASE_PF10	TensorQTL_1.0.10_formula_compatible_numpy	ROBUST_H4_TRIGGER	1.0025663472250974	5.44364820997956e-08	4.9333487428338364e-05	7:138730361	0.0004188112196371947	0.08607033446323946	0.0002514293845306936	0.050809067036480214	0.8624503578961128	0.913259424932593	0.9443651325687327	0.3853757229680603	0.6292773000677547	0.9843016655304937	0.9941432581037963	7:138725878	0.11822123400107319
R7B1_002129	28	7	ZC3HAV1	CD8_ET	138761366	3.73159606731581e-105	1.3397655995815354e-43	True	980	9842	711	0c3ceb1a12189d914dad85d5f2ccef8a4a40b9b54981788432c2ffd87d6f771b	CURRENT_RELEASE_PF10	TensorQTL_1.0.10_formula_compatible_numpy	ROBUST_H4_TRIGGER	0.8909846154482773	5.44364820997956e-08	1.997389794811712e-53	7:138734838	1.1080514129900342e-54	2.2771681188754767e-52	0.00023479087818008024	0.047299654891308905	0.9524655542305173	0.9997652091218262	0.9526892369730929	0.6670814367985213	0.6681802007433381	0.995034109662604	0.995058516894734	7:138734838	0.24196852227559346
R7B1_002130	28	7	ZC3HAV1	CD8_NC	138761366	3.73159606731581e-105	5.177421087762454e-40	True	980	9842	711	0c3ceb1a12189d914dad85d5f2ccef8a4a40b9b54981788432c2ffd87d6f771b	CURRENT_RELEASE_PF10	TensorQTL_1.0.10_formula_compatible_numpy	ROBUST_H4_TRIGGER	0.8367381517986754	5.44364820997956e-08	6.098559753432097e-50	7:138730361	4.54967221069984e-50	9.350079236470021e-48	0.00031497922016886324	0.06379582179096402	0.9358891989888657	0.9996850207798297	0.9361840775195387	0.5934628124820023	0.5946505289776877	0.9931963512657492	0.9932295515816741	7:138730361	0.40094133090976614
R7B1_002131	28	7	ZC3HAV1	CD8_S100B	138761366	3.73159606731581e-105	1.2181615237229002e-12	True	959	9842	711	0c3ceb1a12189d914dad85d5f2ccef8a4a40b9b54981788432c2ffd87d6f771b	CURRENT_RELEASE_PF10	TensorQTL_1.0.10_formula_compatible_numpy	ROBUST_H4_TRIGGER	0.9499469221831812	5.44364820997956e-08	6.806066440944113e-18	7:138735512	3.350140992171797e-16	6.88491000659018e-14	0.00016982533104713984	0.03393508740365281	0.9658950872652287	0.9998301746688815	0.9660591485800164	0.739048443281338	0.7400100179600756	0.9964815107340891	0.9964989697038118	7:138735734	0.24088465096760914
R7B1_002132	28	7	ZC3HAV1	DC	138761366	3.73159606731581e-105	0.0008303777704498	True	726	9842	711	0c3ceb1a12189d914dad85d5f2ccef8a4a40b9b54981788432c2ffd87d6f771b	CURRENT_RELEASE_PF10	TensorQTL_1.0.10_formula_compatible_numpy	ROBUST_H4_TRIGGER	0.9646662679374861	5.44364820997956e-08	2.4342281273256903e-08	7:138730361	7.393586133004895e-07	0.00015194636664742886	0.00021461627455621136	0.04314953326029621	0.9564831647398863	0.9996326980001825	0.9568346120063708	0.687300773808236	0.6891195840360508	0.9954709349542572	0.995508990655898	7:138732876	0.15103631334992898
R7B1_002135	28	7	ZC3HAV1	NK	138761366	3.73159606731581e-105	5.185106124525495e-32	True	980	9842	711	0c3ceb1a12189d914dad85d5f2ccef8a4a40b9b54981788432c2ffd87d6f771b	CURRENT_RELEASE_PF10	TensorQTL_1.0.10_formula_compatible_numpy	ROBUST_H4_TRIGGER	0.915916093780871	5.44364820997956e-08	1.914068058015353e-40	7:138734838	8.97199932291017e-40	1.8438450220980096e-37	0.00018907031018295888	0.03789412159654425	0.9619168080932765	0.9998109296898208	0.9620987123952521	0.7163788642178773	0.7173890082572612	0.996056518482252	0.9960760197250651	7:138734838	0.17009531041461384
R7B1_002136	28	7	ZC3HAV1	NK_R	138761366	3.73159606731581e-105	0.0210028104608864	True	750	9842	711	0c3ceb1a12189d914dad85d5f2ccef8a4a40b9b54981788432c2ffd87d6f771b	CURRENT_RELEASE_PF10	TensorQTL_1.0.10_formula_compatible_numpy	ROBUST_H4_TRIGGER	0.994446033185071	5.44364820997956e-08	3.5163145127005943e-06	7:138707177	6.634771008933184e-05	0.013635187718241541	0.000487005499578541	0.0991983996354799	0.8866130594366106	0.9858114590720906	0.8993738622912216	0.43881254837105116	0.4719548860695416	0.9873727134979889	0.9889353307946813	7:138725878	0.20525552030594932
R7B1_002144	30	9	ANP32B	CD4_ET	100761935	0.0033920216286724	0.1853639254172833	False	980	12221	1168	d22a5da17cff5da22e61461d4aa8f2d0dce3c5831d6f9f267487c7e35887a99d	CURRENT_RELEASE_PF10	TensorQTL_1.0.10_formula_compatible_numpy	ROBUST_H4_TRIGGER	0.7333014293293	3.10147675319783e-08	7.712981511233299e-05	9:100780790	0.00017487246044977175	0.049551690844131205	4.185129264949098e-05	0.010919629752272068	0.939311955650497	0.9502315854027691	0.988508454233666	0.6075000473224369	0.8958555669998327	0.9935805712458102	0.9988388362132486	9:100771440	0.3105043858579376
R7B1_002145	30	9	ANP32B	CD4_NC	100761935	0.0033920216286724	0.0033920216286724	True	980	12221	1168	d22a5da17cff5da22e61461d4aa8f2d0dce3c5831d6f9f267487c7e35887a99d	CURRENT_RELEASE_PF10	TensorQTL_1.0.10_formula_compatible_numpy	H3_H4_AMBIGUITY_TRIGGER	0.4401559030194921	3.10147675319783e-08	3.046540487063997e-06	9:100707255	0.00022034359228184232	0.06243634667318708	0.0014669411425841336	0.4151502938039774	0.5207260747879703	0.9358763685919477	0.5564047691164777	0.09800121817882712	0.11145131656823791	0.9157177520643786	0.9261615184791511	9:100740124	0.27003474652132387
R7B1_002147	30	9	ANP32B	CD8_ET	100761935	0.0033920216286724	0.0393251492802508	True	980	12221	1168	d22a5da17cff5da22e61461d4aa8f2d0dce3c5831d6f9f267487c7e35887a99d	CURRENT_RELEASE_PF10	TensorQTL_1.0.10_formula_compatible_numpy	ROBUST_H4_TRIGGER	0.6496447306492169	3.10147675319783e-08	4.3002374151209426e-06	9:100740124	1.559713007506871e-05	0.004419587655756087	3.1367607735163205e-05	0.007900662129657844	0.9876327854767766	0.9955334476064345	0.9920638908229016	0.8887144816739555	0.9259293995750842	0.9987493582887773	0.999200679940154	9:100740124	0.31866386399588054
R7B1_002148	30	9	ANP32B	CD8_NC	100761935	0.0033920216286724	0.0186030374894849	True	980	12221	1168	d22a5da17cff5da22e61461d4aa8f2d0dce3c5831d6f9f267487c7e35887a99d	CURRENT_RELEASE_PF10	TensorQTL_1.0.10_formula_compatible_numpy	ROBUST_H4_TRIGGER	0.6513462214730912	3.10147675319783e-08	3.1348690873709175e-06	9:100740124	1.147890303773691e-05	0.0032526508353159064	3.059479652939132e-05	0.0076802868925795	0.9890249885725376	0.9967052754651171	0.9922943250310424	0.9001159436628664	0.9279406440866882	0.998891550132285	0.9992240512148867	9:100740124	0.30774000490319087
R7B1_002183	30	9	NANS	CD4_NC	100832190	0.0004118040966205	0.0004118040966205	True	980	12223	1168	d22a5da17cff5da22e61461d4aa8f2d0dce3c5831d6f9f267487c7e35887a99d	CURRENT_RELEASE_PF10	TensorQTL_1.0.10_formula_compatible_numpy	H3_H4_AMBIGUITY_TRIGGER	0.6188675170717428	3.10147675319783e-08	3.113936596824559e-05	9:100664382	0.0004605914773610022	0.1305127544550645	0.0022691768669738034	0.6427677672181277	0.22398970998247297	0.8667574772006006	0.25842258748767993	0.028054497977328407	0.03367421987802561	0.742694257578607	0.7770230682842082	9:100740124	0.13941719192394694
R7B1_002227	30	9	TRIM14	CD4_NC	100856526	0.0121919767197169	0.0121919767197169	True	980	12224	1168	d22a5da17cff5da22e61461d4aa8f2d0dce3c5831d6f9f267487c7e35887a99d	CURRENT_RELEASE_PF10	TensorQTL_1.0.10_formula_compatible_numpy	ROBUST_H4_TRIGGER	0.6547089523206745	3.10147675319783e-08	0.0001261351862492387	9:100828082	0.00021782796645345638	0.06172352137749968	6.413254624449571e-05	0.017251793398934408	0.9207427247108684	0.9379945181098028	0.9816077886748215	0.5374040780857606	0.8421987175551967	0.9914654928679908	0.998129821826518	9:100740124	0.23446366508315353
R7B1_002289	31	9	TNFSF8	CD4_NC	117674351	2.328182613661056e-10	2.328182613661056e-10	True	980	12342	1140	700d626d42ed03a4eadcd5cd269b301aea1421795036dc0d370c336196181e13	CURRENT_RELEASE_PF10	TensorQTL_1.0.10_formula_compatible_numpy	H3_H4_AMBIGUITY_TRIGGER	0.8543098281021453	2.79158016391889e-06	2.6875128553062986e-10	9:117576967	4.592121437176275e-06	1.2677793882292483e-05	0.11258568815626227	0.3102461075678859	0.5771509343605322	0.8873970419284181	0.6503863626886962	0.12009862230900008	0.15685103015911564	0.9317364224504046	0.9489874083134933	9:117568766	0.11874603216402822
R7B1_002291	31	9	TNFSF8	CD8_ET	117674351	2.328182613661056e-10	0.477408377007847	False	980	12342	1140	700d626d42ed03a4eadcd5cd269b301aea1421795036dc0d370c336196181e13	CURRENT_RELEASE_PF10	TensorQTL_1.0.10_formula_compatible_numpy	ROBUST_H4_TRIGGER	0.9264613059922902	2.79158016391889e-06	0.00020242818985618657	9:117592778	0.03853309744986802	0.10638104279230637	0.008171883354582873	0.021735516900340146	0.8251784595029026	0.8469139764032427	0.9743356261604648	0.32065766181175237	0.7915125583864204	0.9792536238569335	0.9973728816022336	9:117568766	0.3199872891451011
R7B1_002292	31	9	TNFSF8	CD8_NC	117674351	2.328182613661056e-10	0.0002122826514948	True	980	12342	1140	700d626d42ed03a4eadcd5cd269b301aea1421795036dc0d370c336196181e13	CURRENT_RELEASE_PF10	TensorQTL_1.0.10_formula_compatible_numpy	H3_H4_AMBIGUITY_TRIGGER	0.9763092313398719	2.79158016391889e-06	1.4780208178084602e-07	9:117599640	0.0018623919237585774	0.005141636879702376	0.17430141693121942	0.480868402271338	0.33782615199398125	0.8186945542653192	0.412640038014104	0.04854127662498189	0.06564179230699584	0.8361132433253922	0.8753946065656644	9:117586409	0.09815268506109914
R7B1_002495	33	11	IFITM2	CD4_ET	311452	8.267135215964558e-59	3.317293101655924e-22	True	980	13674	635	326ced6a415bd40cc41d9576a38b55cd06fe14229ef6b632598ad12031521609	CURRENT_RELEASE_PF10	TensorQTL_1.0.10_formula_compatible_numpy	ROBUST_H4_TRIGGER	0.9193553797133169	4.66321162795325e-08	2.90436428765346e-30	11:308180	5.781713315634275e-27	9.104307465522872e-25	0.0001089790208812441	0.01617691734295478	0.9837141036361622	0.999891020979117	0.9838213195202874	0.85796023970327	0.8587764861622963	0.9983471845404588	0.9983582263945037	11:308180	0.9402690024985562
R7B1_002496	33	11	IFITM2	CD4_NC	311452	8.267135215964558e-59	8.267135215964558e-59	True	980	13674	635	326ced6a415bd40cc41d9576a38b55cd06fe14229ef6b632598ad12031521609	CURRENT_RELEASE_PF10	TensorQTL_1.0.10_formula_compatible_numpy	ROBUST_H4_TRIGGER	0.7537049595452207	4.66321162795325e-08	2.0558613617997765e-67	11:308180	6.27565450608778e-69	9.88210328871169e-67	0.00010704382901491257	0.015871880946124177	0.9840210752248663	0.9998929561709904	0.9841264198850803	0.86030092180353	0.861106791153231	0.9983787928906953	0.9983896359703126	11:308180	0.9998895130742079
R7B1_002498	33	11	IFITM2	CD8_ET	311452	8.267135215964558e-59	9.127372645199536e-27	True	980	13674	635	326ced6a415bd40cc41d9576a38b55cd06fe14229ef6b632598ad12031521609	CURRENT_RELEASE_PF10	TensorQTL_1.0.10_formula_compatible_numpy	ROBUST_H4_TRIGGER	0.8056974858829732	4.66321162795325e-08	7.841605060304929e-26	11:309508	1.1501046381983424e-22	1.8110386440931574e-20	0.0001234956404985495	0.018465112854346953	0.9814113915051557	0.9998765043595026	0.9815326065030648	0.8407551727832059	0.8416456018706706	0.9981095117593196	0.9981220478572366	11:309508	0.5081566649103312
R7B1_002499	33	11	IFITM2	CD8_NC	311452	8.267135215964558e-59	2.7929964189320374e-37	True	980	13674	635	326ced6a415bd40cc41d9576a38b55cd06fe14229ef6b632598ad12031521609	CURRENT_RELEASE_PF10	TensorQTL_1.0.10_formula_compatible_numpy	ROBUST_H4_TRIGGER	0.8103314423280924	4.66321162795325e-08	6.370508392145769e-47	11:308180	9.417344228334477e-45	1.4829237058776215e-42	0.00011192628228054079	0.01664148213025091	0.9832465915874753	0.9998880737177263	0.9833566550420233	0.8544170164992158	0.8552488415835571	0.9982990115398034	0.9983103563137486	11:308180	0.8493965461669017
R7B1_002500	33	11	IFITM2	CD8_S100B	311452	8.267135215964558e-59	2.1817053243313147e-15	True	959	13674	635	326ced6a415bd40cc41d9576a38b55cd06fe14229ef6b632598ad12031521609	CURRENT_RELEASE_PF10	TensorQTL_1.0.10_formula_compatible_numpy	ROBUST_H4_TRIGGER	0.884837782426102	4.66321162795325e-08	2.9122066348362075e-23	11:308180	5.966876922379514e-20	9.395879585274176e-18	0.00010774959248675977	0.015983127562138145	0.9839091228453747	0.9998922504075128	0.9840151500767966	0.8594459674900877	0.8602556350762435	0.9983672673947359	0.9983781829558311	11:308180	0.9781502534929595
R7B1_002505	33	11	IFITM2	NK_R	311452	8.267135215964558e-59	2.4516135783434256e-06	True	750	13674	635	326ced6a415bd40cc41d9576a38b55cd06fe14229ef6b632598ad12031521609	CURRENT_RELEASE_PF10	TensorQTL_1.0.10_formula_compatible_numpy	ROBUST_H4_TRIGGER	0.9228854885802525	4.66321162795325e-08	1.3926617760496067e-11	11:309508	4.068132772092655e-09	6.405978564787798e-07	0.0001218640994295201	0.01820794033887938	0.9816695508957021	0.9998774912345815	0.9817898287555233	0.8426535833039376	0.8435406513419887	0.9981362073488721	0.9981486406620308	11:308180	0.5423536643835877
R7B1_002509	33	11	IFITM3	CD4_ET	323604	7.2017382446877e-109	8.727849415089094e-40	True	980	13678	635	326ced6a415bd40cc41d9576a38b55cd06fe14229ef6b632598ad12031521609	CURRENT_RELEASE_PF10	TensorQTL_1.0.10_formula_compatible_numpy	ROBUST_H4_TRIGGER	0.9853496871993508	4.66321162795325e-08	1.9043718831497228e-14	11:309508	9.234780591550368e-12	1.4541759041349884e-09	0.00012722734490774702	0.01905332619363225	0.9808194449980485	0.9998727711916807	0.980944249365923	0.8364306143613834	0.8373391201400131	0.9980482524588489	0.998061173725585	11:309508	0.6237710697970682
R7B1_002510	33	11	IFITM3	CD4_NC	323604	7.2017382446877e-109	7.2017382446877e-109	True	980	13678	635	326ced6a415bd40cc41d9576a38b55cd06fe14229ef6b632598ad12031521609	CURRENT_RELEASE_PF10	TensorQTL_1.0.10_formula_compatible_numpy	ROBUST_H4_TRIGGER	0.939670976538866	4.66321162795325e-08	4.692206993442971e-37	11:309508	7.075660719084649e-34	1.1141851418691771e-31	0.00013481541800921631	0.020249403190024287	0.9796157813919671	0.9998651845819915	0.9797478665101337	0.8277571390932343	0.8287011666570199	0.9979234827762655	0.9979371879403361	11:309508	0.8592931701491283
R7B1_002512	33	11	IFITM3	CD8_ET	323604	7.2017382446877e-109	7.978069667663663e-58	True	980	13678	635	326ced6a415bd40cc41d9576a38b55cd06fe14229ef6b632598ad12031521609	CURRENT_RELEASE_PF10	TensorQTL_1.0.10_formula_compatible_numpy	ROBUST_H4_TRIGGER	0.9635320081770716	4.66321162795325e-08	2.927098034956406e-20	11:309508	5.35089624001456e-17	8.425911477393701e-15	0.00013779461123557092	0.02071900126091301	0.9791432041278442	0.9998622053887571	0.9792781433789097	0.8243950505430959	0.8253525993489346	0.9978744209207133	0.997888434332993	11:309508	0.9519159790392303
R7B1_002513	33	11	IFITM3	CD8_NC	323604	7.2017382446877e-109	4.382067931246983e-47	True	980	13678	635	326ced6a415bd40cc41d9576a38b55cd06fe14229ef6b632598ad12031521609	CURRENT_RELEASE_PF10	TensorQTL_1.0.10_formula_compatible_numpy	ROBUST_H4_TRIGGER	0.9375285078213834	4.66321162795325e-08	1.156589705846797e-16	11:309508	8.158102434532152e-14	1.2846343089749515e-11	0.00012683037969614822	0.018990754185796932	0.9808824154215793	0.9998731696073762	0.9810068369038705	0.8368887860680807	0.8377953785158537	0.9980547722924602	0.9980676524372104	11:309508	0.6114658147133055
R7B1_002514	33	11	IFITM3	CD8_S100B	323604	7.2017382446877e-109	3.1254736606467868e-27	True	959	13678	635	326ced6a415bd40cc41d9576a38b55cd06fe14229ef6b632598ad12031521609	CURRENT_RELEASE_PF10	TensorQTL_1.0.10_formula_compatible_numpy	ROBUST_H4_TRIGGER	0.9758555437596476	4.66321162795325e-08	9.22095316725187e-19	11:308180	1.021691160001097e-15	1.6088294157207394e-13	0.00011212218101984364	0.016672360849111008	0.9832155169697097	0.9998878778188207	0.983325769599807	0.8541824234492773	0.8550152744613347	0.9982958081151787	0.9983071730317744	11:308180	0.8433533676125635
R7B1_002516	33	11	IFITM3	Mono_C	323604	7.2017382446877e-109	2.7128065522572043e-36	True	851	13678	635	326ced6a415bd40cc41d9576a38b55cd06fe14229ef6b632598ad12031521609	CURRENT_RELEASE_PF10	TensorQTL_1.0.10_formula_compatible_numpy	ROBUST_H4_TRIGGER	0.8064718940511508	4.66321162795325e-08	1.2934042685881607e-10	11:309508	3.96068268842039e-08	6.236779826361394e-06	0.00012947234852463954	0.019407203233639796	0.9804570480311829	0.9998642512648227	0.980590161905389	0.8338024048805888	0.8347660900182559	0.9980107159690781	0.998024506583912	11:309508	0.6933278541266648
R7B1_002517	33	11	IFITM3	Mono_NC	323604	7.2017382446877e-109	2.69536918065834e-43	True	690	13678	635	326ced6a415bd40cc41d9576a38b55cd06fe14229ef6b632598ad12031521609	CURRENT_RELEASE_PF10	TensorQTL_1.0.10_formula_compatible_numpy	ROBUST_H4_TRIGGER	0.886952870275094	4.66321162795325e-08	7.928628376688896e-17	11:309508	1.8735642942839085e-13	2.950250982777206e-11	0.00013432702579010186	0.020172419917567692	0.9796932530269509	0.9998656729445186	0.9798248700166277	0.8283106076966636	0.829252396094553	0.9979315216427364	0.9979451762999454	11:309508	0.8441168029697671
R7B1_002519	33	11	IFITM3	NK_R	323604	7.2017382446877e-109	3.218218286869041e-26	True	750	13678	635	326ced6a415bd40cc41d9576a38b55cd06fe14229ef6b632598ad12031521609	CURRENT_RELEASE_PF10	TensorQTL_1.0.10_formula_compatible_numpy	ROBUST_H4_TRIGGER	0.9635817690171219	4.66321162795325e-08	4.1955123192737705e-08	11:309508	6.450999068092182e-06	0.0010158213624479847	0.00013003321464698437	0.019496627284731165	0.9793510671391057	0.9988476944238368	0.9804808807252868	0.8258708934614382	0.8339747986267778	0.9978960060062664	0.998013185286496	11:309508	0.7035102278953255
R7B1_002523	33	11	IRF7	CD4_ET	614277	3.419937150995414e-05	0.30189892602468	False	980	13698	635	326ced6a415bd40cc41d9576a38b55cd06fe14229ef6b632598ad12031521609	CURRENT_RELEASE_PF10	TensorQTL_1.0.10_formula_compatible_numpy	ROBUST_H4_TRIGGER	0.9054410306247247	4.66321162795325e-08	9.413872352835839e-05	11:683761	0.0007461821624801002	0.11749928544774789	0.00043749734822006787	0.06807828450738525	0.8132387505341669	0.8813170350415522	0.9227539219139506	0.303350941978794	0.5443286448635335	0.9775504375543347	0.9916982417521141	11:646232	0.23258391414871188
R7B1_002524	33	11	IRF7	CD4_NC	614277	3.419937150995414e-05	3.419937150995414e-05	True	980	13698	635	326ced6a415bd40cc41d9576a38b55cd06fe14229ef6b632598ad12031521609	CURRENT_RELEASE_PF10	TensorQTL_1.0.10_formula_compatible_numpy	H3_H4_AMBIGUITY_TRIGGER	0.7499253422519759	4.66321162795325e-08	1.003710620835564e-08	11:589564	1.0445554803229404e-05	0.00164483324206705	0.003421408126834208	0.5383032570119678	0.456620056064328	0.9949233130762958	0.4589500015357586	0.07751910647777872	0.07819301682722048	0.8936546858497046	0.894543470581782	11:590648	0.1486605094634875
R7B1_002527	33	11	IRF7	CD8_NC	614277	3.419937150995414e-05	0.0030825079888646	True	980	13698	635	326ced6a415bd40cc41d9576a38b55cd06fe14229ef6b632598ad12031521609	CURRENT_RELEASE_PF10	TensorQTL_1.0.10_formula_compatible_numpy	H3_H4_AMBIGUITY_TRIGGER	0.8660967598985503	4.66321162795325e-08	2.1285967211790105e-07	11:589564	0.0003876316269836956	0.061039303105489134	0.003804838650234878	0.5988016772139508	0.3359665494033414	0.9347682266172923	0.35941160582567705	0.04815826420574774	0.05312578043317428	0.8349694001130828	0.848728901539618	11:589564	0.38420804716287876
R7B1_002528	33	11	IRF7	CD8_S100B	614277	3.419937150995414e-05	0.0577037589148025	False	959	13698	635	326ced6a415bd40cc41d9576a38b55cd06fe14229ef6b632598ad12031521609	CURRENT_RELEASE_PF10	TensorQTL_1.0.10_formula_compatible_numpy	H3_H4_AMBIGUITY_TRIGGER	0.9450045893442143	4.66321162795325e-08	2.566590901861454e-06	11:589564	0.0010603287964391006	0.16696710560216246	0.002064349287791798	0.3245621487434876	0.5053460675701187	0.8299082163136062	0.6089180196514143	0.0926919829099497	0.13472419053473952	0.910842877739956	0.939650284251629	11:646232	0.12442899043815682
R7B1_002628	33	11	RP11-326C3.11	CD4_ET	322136	1.1945264640358517e-130	1.0674066809426539e-48	True	980	13677	635	326ced6a415bd40cc41d9576a38b55cd06fe14229ef6b632598ad12031521609	CURRENT_RELEASE_PF10	TensorQTL_1.0.10_formula_compatible_numpy	ROBUST_H4_TRIGGER	0.9652046365315328	4.66321162795325e-08	1.3327366271836504e-20	11:309508	2.0322081851108073e-17	3.2000632236763348e-15	0.00013215963180677936	0.019830782448567928	0.9800370579196213	0.9998678403681892	0.9801665963761116	0.8307746940306255	0.831706466038294	0.9979671828826224	0.997980613460125	11:309508	0.7767958581150781
R7B1_002629	33	11	RP11-326C3.11	CD4_NC	322136	1.1945264640358517e-130	1.1945264640358517e-130	True	980	13677	635	326ced6a415bd40cc41d9576a38b55cd06fe14229ef6b632598ad12031521609	CURRENT_RELEASE_PF10	TensorQTL_1.0.10_formula_compatible_numpy	ROBUST_H4_TRIGGER	0.9254761386782671	4.66321162795325e-08	7.298311164798066e-31	11:309508	2.052768120399211e-27	3.232438397282872e-25	0.00013906358840336933	0.020919024953477937	0.9789419114581218	0.9998609364115998	0.9790780655672435	0.8229702818880933	0.8239335181702663	0.9978535102721402	0.997867655053685	11:309508	0.9914027135661296
R7B1_002631	33	11	RP11-326C3.11	CD8_ET	322136	1.1945264640358517e-130	8.90704561698665e-70	True	980	13677	635	326ced6a415bd40cc41d9576a38b55cd06fe14229ef6b632598ad12031521609	CURRENT_RELEASE_PF10	TensorQTL_1.0.10_formula_compatible_numpy	ROBUST_H4_TRIGGER	0.9610633209959165	4.66321162795325e-08	4.699078432875245e-17	11:309508	3.578369280811331e-14	5.634761251408435e-12	0.00012676651232092773	0.018980687032061294	0.9808925464499479	0.9998732334820093	0.9810169065472809	0.8369625406350788	0.837868826445472	0.9980558211689577	0.9980686947209907	11:309508	0.6094860944562258
R7B1_002632	33	11	RP11-326C3.11	CD8_NC	322136	1.1945264640358517e-130	1.823204269258369e-61	True	980	13677	635	326ced6a415bd40cc41d9576a38b55cd06fe14229ef6b632598ad12031521609	CURRENT_RELEASE_PF10	TensorQTL_1.0.10_formula_compatible_numpy	ROBUST_H4_TRIGGER	0.9470579780875139	4.66321162795325e-08	4.866673937799112e-15	11:309508	3.3192527754442004e-12	5.226737503867218e-10	0.00013246532123979975	0.019878967026975503	0.9799885671257925	0.9998675341527681	0.9801183993399487	0.830426372613116	0.8313595687777791	0.99796215452545	0.9979756167526183	11:309508	0.7862879418473548
R7B1_002633	33	11	RP11-326C3.11	CD8_S100B	322136	1.1945264640358517e-130	1.4913206546965808e-19	True	959	13677	635	326ced6a415bd40cc41d9576a38b55cd06fe14229ef6b632598ad12031521609	CURRENT_RELEASE_PF10	TensorQTL_1.0.10_formula_compatible_numpy	ROBUST_H4_TRIGGER	0.971098690547894	4.66321162795325e-08	4.3038396201936384e-16	11:309508	4.728302343658469e-13	7.445529720440071e-11	0.0001380579663435977	0.020760512851976425	0.9791014291067531	0.9998619419587296	0.9792366205965329	0.8240990056694152	0.8250577388440608	0.9978700818905292	0.9978841225703954	11:309508	0.9601134637809929
R7B1_002637	33	11	RP11-326C3.11	NK	322136	1.1945264640358517e-130	1.9083103632769686e-68	True	980	13677	635	326ced6a415bd40cc41d9576a38b55cd06fe14229ef6b632598ad12031521609	CURRENT_RELEASE_PF10	TensorQTL_1.0.10_formula_compatible_numpy	ROBUST_H4_TRIGGER	0.9831107097779987	4.66321162795325e-08	1.633343322500596e-19	11:309508	2.811010169697405e-16	4.4264216291099914e-14	0.00013869134783359738	0.020860350191490396	0.9790009584606295	0.9998613086521199	0.9791367562571138	0.8233877721812518	0.8243493445208678	0.9978596449825358	0.9978737512238847	11:309508	0.9798195093480008
R7B1_002638	33	11	RP11-326C3.11	NK_R	322136	1.1945264640358517e-130	2.194041225156925e-07	True	750	13677	635	326ced6a415bd40cc41d9576a38b55cd06fe14229ef6b632598ad12031521609	CURRENT_RELEASE_PF10	TensorQTL_1.0.10_formula_compatible_numpy	ROBUST_H4_TRIGGER	0.9955815646816208	4.66321162795325e-08	9.668811950051903e-06	11:309508	0.00046399994787446386	0.07306481589138195	0.00013662233591689863	0.02060782270446585	0.9057267391203608	0.9263345618248267	0.9777533695127714	0.48999007748865664	0.8146453439981566	0.9896986458932276	0.9977298847782251	11:309508	0.57820113167064
R7B1_002692	33	11	TMEM80	B_MEM	700229	1.5818357552567947e-26	0.0004772096880652	True	970	13705	635	326ced6a415bd40cc41d9576a38b55cd06fe14229ef6b632598ad12031521609	CURRENT_RELEASE_PF10	TensorQTL_1.0.10_formula_compatible_numpy	H3_H4_AMBIGUITY_TRIGGER	0.9311249035182368	4.66321162795325e-08	8.386269068261823e-08	11:654091	1.9272357795653678e-05	0.003034766017933365	0.0018921582438479368	0.2972552386228977	0.6977985647575249	0.9950538033804226	0.7012671700635137	0.18758969343170692	0.1901176683308646	0.9584898805752239	0.9591415262707218	11:654091	0.15078150909504495
R7B1_002694	33	11	TMEM80	CD4_NC	700229	1.5818357552567947e-26	1.5818357552567947e-26	True	980	13705	635	326ced6a415bd40cc41d9576a38b55cd06fe14229ef6b632598ad12031521609	CURRENT_RELEASE_PF10	TensorQTL_1.0.10_formula_compatible_numpy	H3_H4_AMBIGUITY_TRIGGER	0.744806736953585	4.66321162795325e-08	7.809541826040962e-34	11:679915	3.29569950891067e-31	5.189648812568909e-29	0.0022388950929062706	0.35190689609359627	0.6458542088134996	0.9977611049070959	0.6473034533387998	0.1542407611852074	0.1550698974483959	0.9480167303332048	0.9483283852638007	11:679915	0.2814310947257046
R7B1_002696	33	11	TMEM80	CD8_ET	700229	1.5818357552567947e-26	2.422352633290149e-09	True	980	13705	635	326ced6a415bd40cc41d9576a38b55cd06fe14229ef6b632598ad12031521609	CURRENT_RELEASE_PF10	TensorQTL_1.0.10_formula_compatible_numpy	H3_H4_AMBIGUITY_TRIGGER	0.8498430549363817	4.66321162795325e-08	2.114142407424189e-14	11:654091	1.7964815120311875e-11	2.8288708119497996e-09	0.0021377779648601865	0.3359682158375712	0.6618940033507315	0.9978622191883026	0.6633120190572402	0.16371544377893812	0.16458571881592438	0.9514009257400807	0.9516933647731131	11:654091	0.2226861309261791
R7B1_002697	33	11	TMEM80	CD8_NC	700229	1.5818357552567947e-26	8.795388912980431e-15	True	980	13705	635	326ced6a415bd40cc41d9576a38b55cd06fe14229ef6b632598ad12031521609	CURRENT_RELEASE_PF10	TensorQTL_1.0.10_formula_compatible_numpy	H3_H4_AMBIGUITY_TRIGGER	0.8996394801431218	4.66321162795325e-08	3.7646625270819575e-21	11:679915	4.5086390714985894e-18	7.099631911356642e-16	0.0023168500118491172	0.36419461185100477	0.6334885381371482	0.997683149988153	0.6349596443967913	0.14737078884336693	0.14816938838072022	0.9453081991058488	0.9456351301642223	11:679915	0.2575956540280518
R7B1_002702	33	11	TMEM80	NK	700229	1.5818357552567947e-26	1.9771310514704383e-11	True	980	13705	635	326ced6a415bd40cc41d9576a38b55cd06fe14229ef6b632598ad12031521609	CURRENT_RELEASE_PF10	TensorQTL_1.0.10_formula_compatible_numpy	H3_H4_AMBIGUITY_TRIGGER	0.8606853860262939	4.66321162795325e-08	7.228062360472084e-17	11:680647	8.724685754257145e-14	1.3738526507710472e-11	0.0021853170767653887	0.3434616120485042	0.6543530708609046	0.9978146829094088	0.6557861715894524	0.15917814325172136	0.16002885818895488	0.9498275487563008	0.9501289393022425	11:680647	0.28942350204791517
R7B1_002774	34	11	AP003774.1	B_IN	64094750	2.1590908887117642e-73	4.874587780341228e-16	True	975	14296	675	409de8c68eb1a0c103cd5a50e35f7212ea5f9a0fea9b3638d1b799fba431f434	CURRENT_RELEASE_PF10	TensorQTL_1.0.10_formula_compatible_numpy	ROBUST_H4_TRIGGER	0.9614480939184596	1.75816361469572e-10	2.5912928792559986e-22	11:64107477	7.115721762126818e-23	3.910877237311087e-18	4.13156004332409e-07	0.02172922814696514	0.978270358697031	0.9999995868439961	0.9782707628754701	0.8182481997924246	0.8182510274498401	0.997783692254614	0.9977837343009316	11:64087642	0.24706532012715438
R7B1_002775	34	11	AP003774.1	B_MEM	64094750	2.1590908887117642e-73	1.7804144946108222e-08	True	970	14296	675	409de8c68eb1a0c103cd5a50e35f7212ea5f9a0fea9b3638d1b799fba431f434	CURRENT_RELEASE_PF10	TensorQTL_1.0.10_formula_compatible_numpy	ROBUST_H4_TRIGGER	0.9952157695562296	1.75816361469572e-10	1.1160265624732408e-13	11:64107477	5.40204569796455e-15	2.9690224352967493e-10	2.688862941229409e-07	0.013792072356750116	0.9862076584600459	0.9999997308167959	0.9862079239306547	0.8773066427867929	0.8773087435807477	0.9986034300735342	0.9986034572921305	11:64106317	0.1551133607910114
R7B1_002776	34	11	AP003774.1	CD4_ET	64094750	2.1590908887117642e-73	6.452983408530115e-17	True	980	14296	675	409de8c68eb1a0c103cd5a50e35f7212ea5f9a0fea9b3638d1b799fba431f434	CURRENT_RELEASE_PF10	TensorQTL_1.0.10_formula_compatible_numpy	ROBUST_H4_TRIGGER	0.9850492587079666	1.75816361469572e-10	7.025557147573213e-24	11:64107477	7.037720411582002e-24	3.8680068558483267e-19	8.403973205693546e-07	0.04523437612426794	0.9547647834784122	0.9999991596026802	0.9547655858608517	0.6785255371732731	0.6785295896754436	0.9952845024504483	0.9952845896436808	11:64107477	0.3427226865348079
R7B1_002777	34	11	AP003774.1	CD4_NC	64094750	2.1590908887117642e-73	2.1590908887117642e-73	True	980	14296	675	409de8c68eb1a0c103cd5a50e35f7212ea5f9a0fea9b3638d1b799fba431f434	CURRENT_RELEASE_PF10	TensorQTL_1.0.10_formula_compatible_numpy	ROBUST_H4_TRIGGER	0.8702821456304434	1.75816361469572e-10	8.11514730524927e-92	11:64104488	8.845808159518202e-109	4.861751335024179e-104	2.0728794437326474e-07	0.01040317181945336	0.9895966208926146	0.999999792712068	0.9895968260240942	0.9048729900562118	0.9048747051659543	0.9989498292977169	0.9989498502004505	11:64106317	0.2022752160237086
R7B1_002779	34	11	AP003774.1	CD8_ET	64094750	2.1590908887117642e-73	6.305867570669257e-44	True	980	14296	675	409de8c68eb1a0c103cd5a50e35f7212ea5f9a0fea9b3638d1b799fba431f434	CURRENT_RELEASE_PF10	TensorQTL_1.0.10_formula_compatible_numpy	ROBUST_H4_TRIGGER	0.952128023444032	1.75816361469572e-10	2.4835501674765396e-56	11:64107477	1.0679012706860343e-59	5.869300277380904e-55	1.3839557572892655e-06	0.07513883761676773	0.9248597784274867	0.9999986160442544	0.9248610583942622	0.5517393949476074	0.5517439502570886	0.9919409767278619	0.9919411239652197	11:64107477	0.69367417470384
R7B1_002780	34	11	AP003774.1	CD8_NC	64094750	2.1590908887117642e-73	3.6039925368756006e-32	True	980	14296	675	409de8c68eb1a0c103cd5a50e35f7212ea5f9a0fea9b3638d1b799fba431f434	CURRENT_RELEASE_PF10	TensorQTL_1.0.10_formula_compatible_numpy	ROBUST_H4_TRIGGER	0.9687684651016362	1.75816361469572e-10	1.3658915231135165e-41	11:64107735	1.0485032978202572e-42	5.76268693151552e-38	9.187779648837059e-07	0.049546572939389674	0.9504525082826496	0.9999990812220393	0.9504533815382692	0.6573307149096925	0.6573348917777919	0.9948139925324283	0.9948140881998212	11:64107735	0.2814514802079412
R7B1_002781	34	11	AP003774.1	CD8_S100B	64094750	2.1590908887117642e-73	7.920404947253161e-08	True	959	14296	675	409de8c68eb1a0c103cd5a50e35f7212ea5f9a0fea9b3638d1b799fba431f434	CURRENT_RELEASE_PF10	TensorQTL_1.0.10_formula_compatible_numpy	ROBUST_H4_TRIGGER	0.9883623533006843	1.75816361469572e-10	6.131776183119989e-13	11:64087642	2.3364609769073154e-14	1.2841440904964975e-09	2.3611444773782697e-07	0.01198909341001803	0.9880106691913658	0.9999997626013839	0.9880109037437871	0.8917836648795793	0.8917855757731669	0.9987879888366334	0.9987880128063655	11:64087642	0.12715006946708948
R7B1_002782	34	11	AP003774.1	DC	64094750	2.1590908887117642e-73	0.6626518942789821	False	726	14296	675	409de8c68eb1a0c103cd5a50e35f7212ea5f9a0fea9b3638d1b799fba431f434	CURRENT_RELEASE_PF10	TensorQTL_1.0.10_formula_compatible_numpy	ROBUST_H4_TRIGGER	1.012918024022912	1.75816361469572e-10	0.0004007139560246492	11:64110668	2.607763164854536e-06	0.14332546918866132	4.027564594350835e-07	0.021300557366485545	0.8353709629252292	0.8566715202917147	0.975135677022119	0.33661763254732807	0.7968234062566201	0.9806735745638346	0.9974566529601936	11:64110668	0.17000024542322045
R7B1_002783	34	11	AP003774.1	Mono_C	64094750	2.1590908887117642e-73	0.0940466974234177	False	851	14296	675	409de8c68eb1a0c103cd5a50e35f7212ea5f9a0fea9b3638d1b799fba431f434	CURRENT_RELEASE_PF10	TensorQTL_1.0.10_formula_compatible_numpy	ROBUST_H4_TRIGGER	1.015439228750506	1.75816361469572e-10	6.449912423528297e-06	11:64097233	8.155436949688462e-08	0.004482315890514718	2.5544621384643907e-07	0.013057138534684463	0.9824602085742191	0.9955173471089036	0.9868840672916409	0.8485151930110283	0.8826885184032747	0.9982178887843025	0.9986727392932596	11:64106317	0.13566703497375787
R7B1_002785	34	11	AP003774.1	NK	64094750	2.1590908887117642e-73	5.128686715280094e-59	True	980	14296	675	409de8c68eb1a0c103cd5a50e35f7212ea5f9a0fea9b3638d1b799fba431f434	CURRENT_RELEASE_PF10	TensorQTL_1.0.10_formula_compatible_numpy	ROBUST_H4_TRIGGER	0.9374607231926089	1.75816361469572e-10	1.1037417314426525e-72	11:64052447	1.0571152639924972e-81	5.810019224145017e-77	1.8668712189941783e-07	0.009269795054848748	0.9907300182580406	0.9999998133128893	0.9907302032145997	0.9144385595014344	0.9144401351844369	0.9990652028283507	0.9990652216365382	11:64052447	0.5559033129159193
R7B1_002786	34	11	AP003774.1	NK_R	64094750	2.1590908887117642e-73	0.0001597691377904	True	750	14296	675	409de8c68eb1a0c103cd5a50e35f7212ea5f9a0fea9b3638d1b799fba431f434	CURRENT_RELEASE_PF10	TensorQTL_1.0.10_formula_compatible_numpy	ROBUST_H4_TRIGGER	1.0032056330034924	1.75816361469572e-10	1.042170728667634e-09	11:64109118	3.9093885936269493e-11	2.1486420315076368e-06	3.3988747381069836e-07	0.017698282010395895	0.9822992294210047	0.9999975114314006	0.9823016739461056	0.8473159260815242	0.8473341149580635	0.9982012678921642	0.9982015203228559	11:64110668	0.2063532957427852
R7B1_002833	34	11	CCDC88B	B_IN	64116351	3.172492439968823e-18	0.0192901346515344	True	975	14297	675	409de8c68eb1a0c103cd5a50e35f7212ea5f9a0fea9b3638d1b799fba431f434	CURRENT_RELEASE_PF10	TensorQTL_1.0.10_formula_compatible_numpy	ROBUST_H4_TRIGGER	0.966753504351177	1.75816361469572e-10	1.1329550828369356e-05	11:64059921	1.8837463118050542e-07	0.010353272398758268	6.342827202017435e-07	0.03390511993131948	0.955740785012571	0.9896459049438905	0.9657401503285745	0.6834858574577581	0.7381423399143547	0.9953904655631886	0.9964650178721968	11:64052447	0.13655494012634534
R7B1_002836	34	11	CCDC88B	CD4_NC	64116351	3.172492439968823e-18	3.172492439968823e-18	True	980	14297	675	409de8c68eb1a0c103cd5a50e35f7212ea5f9a0fea9b3638d1b799fba431f434	CURRENT_RELEASE_PF10	TensorQTL_1.0.10_formula_compatible_numpy	ROBUST_H4_TRIGGER	0.7992009213249207	1.75816361469572e-10	1.6879277088683114e-24	11:64115137	2.1552748388570983e-25	1.184562239673098e-20	5.282280728757711e-07	0.028060043768893227	0.9719394280030345	0.9999994717719277	0.9719399414089961	0.7759715724228928	0.775974844893329	0.9971212411421315	0.9971212951775129	11:64110668	0.29617292865841627
R7B1_002838	34	11	CCDC88B	CD8_ET	64116351	3.172492439968823e-18	2.979391081619138e-05	True	980	14297	675	409de8c68eb1a0c103cd5a50e35f7212ea5f9a0fea9b3638d1b799fba431f434	CURRENT_RELEASE_PF10	TensorQTL_1.0.10_formula_compatible_numpy	ROBUST_H4_TRIGGER	0.8734569063601969	1.75816361469572e-10	1.875125929018258e-09	11:64111928	1.4566808415228726e-09	8.006074626836204e-05	3.545748652044467e-06	0.19407231665193533	0.8058440753964636	0.999916392048399	0.8059114560024718	0.2933111673521937	0.29340045388233915	0.9764733535194147	0.9764832463770415	11:64110668	0.18312992268125922
R7B1_002839	34	11	CCDC88B	CD8_NC	64116351	3.172492439968823e-18	0.0033427755265042	True	980	14297	675	409de8c68eb1a0c103cd5a50e35f7212ea5f9a0fea9b3638d1b799fba431f434	CURRENT_RELEASE_PF10	TensorQTL_1.0.10_formula_compatible_numpy	ROBUST_H4_TRIGGER	0.9281551866476925	1.75816361469572e-10	6.542471517634066e-07	11:64117878	1.988486355160064e-08	0.0010928934945841407	7.70394065877517e-07	0.04138416456290233	0.9575221516635835	0.9989063162264857	0.9585705246922084	0.6927018098666841	0.6982262136086399	0.9955833670065497	0.9956965933786999	11:64106317	0.13957691016936774
R7B1_002844	34	11	CCDC88B	NK	64116351	3.172492439968823e-18	7.919674534042639e-06	True	980	14297	675	409de8c68eb1a0c103cd5a50e35f7212ea5f9a0fea9b3638d1b799fba431f434	CURRENT_RELEASE_PF10	TensorQTL_1.0.10_formula_compatible_numpy	H3_H4_AMBIGUITY_TRIGGER	0.8935306778385043	1.75816361469572e-10	4.475625995069643e-10	11:64128423	2.1270764232007858e-10	1.1690640870464088e-05	5.60692420381963e-06	0.3074700740085726	0.6925126282136442	0.9999827022222169	0.6925246073504115	0.1838177889386705	0.1838262292338026	0.9574859951741549	0.9574882851374201	11:64133552	0.0815688921117512
R7B1_003057	34	11	PRDX5	B_MEM	64087422	3.0930732824049933e-53	0.0260832178141931	True	970	14295	675	409de8c68eb1a0c103cd5a50e35f7212ea5f9a0fea9b3638d1b799fba431f434	CURRENT_RELEASE_PF10	TensorQTL_1.0.10_formula_compatible_numpy	ROBUST_H4_TRIGGER	0.9083308717290502	1.75816361469572e-10	2.602998841314623e-06	11:64078943	4.18378560349839e-07	0.022994535803239714	5.45553978475039e-07	0.029036265374390982	0.9479682348898307	0.9770045002642217	0.9702803156315674	0.6456291951956435	0.7655209472613019	0.994541195372855	0.9969463534938549	11:64110668	0.15273583154563333
R7B1_003058	34	11	PRDX5	CD4_ET	64087422	3.0930732824049933e-53	0.141049412809179	False	980	14295	675	409de8c68eb1a0c103cd5a50e35f7212ea5f9a0fea9b3638d1b799fba431f434	CURRENT_RELEASE_PF10	TensorQTL_1.0.10_formula_compatible_numpy	ROBUST_H4_TRIGGER	0.9195496796645044	1.75816361469572e-10	5.140540572782391e-05	11:64107477	1.134394730440731e-06	0.062347554861114894	6.775112896273424e-07	0.03633543420181825	0.9013151990310461	0.9376506332328644	0.961248429943955	0.47735026022553384	0.712688310879436	0.9891696039745358	0.9959848074816484	11:64110668	0.11259805811369913
R7B1_003219	35	11	COLCA2	B_IN	111174513	4.746527336693936e-05	0.0052519000537652	True	975	14769	988	5136b246f7bb673aa31c1f340a4a925499604cd7f46c4210bc51581bcb1447e9	CURRENT_RELEASE_PF10	TensorQTL_1.0.10_formula_compatible_numpy	ROBUST_H4_TRIGGER	0.9993441390466172	8.64504234865393e-09	1.018169783060173e-07	11:111185445	9.063325723554985e-06	0.002699780531814738	0.0006346364843750233	0.188236890840614	0.8084196288174732	0.9966565196580872	0.811131631482037	0.29675233185056615	0.3004396732162425	0.9768504662380035	0.9772452811927071	11:111239349	0.8433865004272595
R7B1_003322	36	11	DDX6	B_IN	118640947	8.321565409168922e-11	0.3249322323878174	False	975	14870	782	5ca0f92977ce771a90bedfc3a563267b5a7f55a15fb063e7b0de6c76d3e6e7e9	CURRENT_RELEASE_PF10	TensorQTL_1.0.10_formula_compatible_numpy	ROBUST_H4_TRIGGER	0.9525121348504815	5.39268e-35	5.783484733531781e-05	11:118745243	4.933041929869559e-30	0.047947920971237915	2.9388483513541558e-30	0.0276404516964439	0.9244116273323205	0.9520520790287644	0.970967500302461	0.5501482969209531	0.769819452980196	0.9918894025573914	0.997018854946673	11:118740864	0.34542490379648966
R7B1_003323	36	11	DDX6	B_MEM	118640947	8.321565409168922e-11	0.2197721053580887	False	970	14870	782	5ca0f92977ce771a90bedfc3a563267b5a7f55a15fb063e7b0de6c76d3e6e7e9	CURRENT_RELEASE_PF10	TensorQTL_1.0.10_formula_compatible_numpy	ROBUST_H4_TRIGGER	0.9331347155785326	5.39268e-35	2.7085709324260992e-05	11:118740864	1.3383678981786626e-30	0.013008597762721463	2.184579828360159e-30	0.02026683932214697	0.9667245629151366	0.9869914022372837	0.9794660426866874	0.7439324623101885	0.826689230375529	0.9965697268365644	0.9979079418593677	11:118740864	0.40082190093525655
R7B1_003325	36	11	DDX6	CD4_NC	118640947	8.321565409168922e-11	8.321565409168922e-11	True	980	14870	782	5ca0f92977ce771a90bedfc3a563267b5a7f55a15fb063e7b0de6c76d3e6e7e9	CURRENT_RELEASE_PF10	TensorQTL_1.0.10_formula_compatible_numpy	ROBUST_H4_TRIGGER	0.619803390973597	5.39268e-35	9.19335914613775e-16	11:118615340	3.759293535740814e-39	3.6539383188286085e-11	1.2491614324301333e-29	0.12053587045302641	0.8794641295104394	0.9999999999634658	0.8794641295425699	0.4218411823760392	0.4218411824499744	0.9864796999262376	0.9864796999302828	11:118740864	0.6058224018861544
R7B1_003327	36	11	DDX6	CD8_ET	118640947	8.321565409168922e-11	2.6633972559253703e-10	True	980	14870	782	5ca0f92977ce771a90bedfc3a563267b5a7f55a15fb063e7b0de6c76d3e6e7e9	CURRENT_RELEASE_PF10	TensorQTL_1.0.10_formula_compatible_numpy	H3_H4_AMBIGUITY_TRIGGER	0.7456394411469857	5.39268e-35	2.278660645009158e-15	11:118609790	3.4995702316606705e-38	3.4014938305095564e-10	4.6009766362304366e-29	0.44664995225723897	0.5533500474026114	0.9999999996598503	0.5533500475908333	0.11023239627286455	0.11023239634755923	0.9253112512673705	0.9253112513200049	11:118741157	0.24888540138543247
R7B1_003328	36	11	DDX6	CD8_NC	118640947	8.321565409168922e-11	0.0001743583684493	True	980	14870	782	5ca0f92977ce771a90bedfc3a563267b5a7f55a15fb063e7b0de6c76d3e6e7e9	CURRENT_RELEASE_PF10	TensorQTL_1.0.10_formula_compatible_numpy	ROBUST_H4_TRIGGER	0.8325460410906862	5.39268e-35	1.3937581611944046e-08	11:118603736	1.2129922535026082e-32	0.00011789978179083661	1.7968156828146935e-29	0.17381988157076447	0.82606221864744	0.9998821002182045	0.8261596226866831	0.3219963079580335	0.32214435565651883	0.9793779661279242	0.9793916562389702	11:118740864	0.3385862595675255
R7B1_003664	38	12	TPI1	DC	6978198	2.463780373981053e-19	0.6225625304085171	False	726	15128	603	a2d00f31a21f40e420eaaa22e5a4b494544591ea93487592c764ea1f8066c458	CURRENT_RELEASE_PF10	TensorQTL_1.0.10_formula_compatible_numpy	ROBUST_H4_TRIGGER	0.7267301104465503	1.19059e-16	0.00014458683948377767	12:6965740	2.2585882287867678e-11	0.13054544708077126	3.4843518492333216e-12	0.01928924142710593	0.8501653114660521	0.8694545528931581	0.97781454894575	0.36200165901733783	0.8150702405902367	0.9826810495555899	0.997736254909256	12:6440009	0.999999999999929
R7B1_004212	43	14	ZFP36L1	B_MEM	69258784	1.4680109320133272e-08	0.0042524166736292	True	970	17212	1001	4e973d1fc442fe25ff43aff3cbf791768c1a64b9a4bdb766243787f0ba672308	CURRENT_RELEASE_PF10	TensorQTL_1.0.10_formula_compatible_numpy	H3_H4_AMBIGUITY_TRIGGER	0.9838679305272894	8.30621e-17	1.7432289358897467e-07	14:69250891	1.5145072506427646e-12	0.07118729639371713	1.5394466232310894e-11	0.7233899446699791	0.20542275891939496	0.9288127035893741	0.2211670427477399	0.025201550771641577	0.02761310146833435	0.7210840024432181	0.7395645959709677	14:68749927	0.2489564417300363
R7B1_004888	48	16	DPEP2	NK	68027894	0.0137796112246943	0.0137796112246943	True	980	19323	598	d14bdd9c6c543607f31de4ca7a1c273c2e18e4abe451a191855a8dcf6022d396	CURRENT_RELEASE_PF10	TensorQTL_1.0.10_formula_compatible_numpy	H3_H4_AMBIGUITY_TRIGGER	0.9358016119571803	1.2300382934427e-11	6.97486456181566e-06	16:67866783	9.834831692142037e-08	0.0676125316076659	4.009413196779684e-07	0.2749818584591191	0.6574051106435801	0.9323869691026991	0.7050775401507883	0.16099635494893183	0.19294451126382023	0.9504680607385659	0.9598509950428691	16:68024995	0.12003922813504453
R7B1_004926	48	16	NFATC3	B_MEM	68190909	0.0002747388727481	0.2113735833161699	False	970	19327	598	d14bdd9c6c543607f31de4ca7a1c273c2e18e4abe451a191855a8dcf6022d396	CURRENT_RELEASE_PF10	TensorQTL_1.0.10_formula_compatible_numpy	ROBUST_H4_TRIGGER	0.9565060280696699	1.2300382934427e-11	0.00016202019893922701	16:67801309	1.748208908100551e-07	0.1201859205686186	1.119609786137056e-07	0.07616732204523452	0.8036464706042774	0.879813792649512	0.9134279063574796	0.29042055744091205	0.5134072453032262	0.9761499010690506	0.9906112687249312	16:68036939	0.1852719548511452
R7B1_004928	48	16	NFATC3	CD4_NC	68190909	0.0002747388727481	0.0002747388727481	True	980	19327	598	d14bdd9c6c543607f31de4ca7a1c273c2e18e4abe451a191855a8dcf6022d396	CURRENT_RELEASE_PF10	TensorQTL_1.0.10_formula_compatible_numpy	ROBUST_H4_TRIGGER	0.7247762336915132	1.2300382934427e-11	7.993355306362177e-08	16:68099821	8.514616723483192e-10	0.0005853631362127367	1.8821533618543716e-07	0.1285234470544077	0.8708910007425832	0.9994144477969908	0.8714012516652007	0.4028208404397313	0.4039148056735693	0.9853916359356328	0.9854569261860466	16:68104422	0.0762703162757139
R7B1_004932	48	16	NFATC3	CD8_S100B	68190909	0.0002747388727481	0.3631493451995581	False	959	19327	598	d14bdd9c6c543607f31de4ca7a1c273c2e18e4abe451a191855a8dcf6022d396	CURRENT_RELEASE_PF10	TensorQTL_1.0.10_formula_compatible_numpy	ROBUST_H4_TRIGGER	0.9766281809143914	1.2300382934427e-11	0.00015575227812578902	16:68046637	1.2269267715165285e-07	0.0843487999756353	1.1939456385197318e-07	0.08124700806529227	0.8344039498718308	0.915650957937123	0.9112685818094547	0.3350529475657035	0.5066592431516815	0.9805401712943383	0.9903567661467801	16:68036939	0.1159336111100544
R7B1_005144	50	17	GSDMB	B_MEM	38068478	0.0003593271250762	0.6092518218314354	False	970	20372	513	55d3add5072d7aaa760157a8d4d2ccd6d53fd897e5d3590fe3fe3881060fd8e4	CURRENT_RELEASE_PF10	TensorQTL_1.0.10_formula_compatible_numpy	ROBUST_H4_TRIGGER	0.9621610121959391	1.75175e-33	5.9859522350560806e-05	17:37983492	6.099107547094301e-29	0.05697508609581076	4.4541741996258985e-29	0.04070654925243608	0.9023183646517506	0.9430249139041867	0.9568340680588084	0.48017758170508273	0.6891167625953005	0.9892903104771853	0.9955089317750745	17:38051348	0.20656989167408998
R7B1_005146	50	17	GSDMB	CD4_NC	38068478	0.0003593271250762	0.0003593271250762	True	980	20372	513	55d3add5072d7aaa760157a8d4d2ccd6d53fd897e5d3590fe3fe3881060fd8e4	CURRENT_RELEASE_PF10	TensorQTL_1.0.10_formula_compatible_numpy	H3_H4_AMBIGUITY_TRIGGER	0.9560409309328549	1.75175e-33	1.1598992535049926e-06	17:38031857	3.9553143595894095e-29	0.03694874609662608	6.553495763794749e-28	0.6118465348479829	0.3512047190553879	0.9630512539033709	0.36467915662007594	0.051352044106570044	0.05428479588437291	0.8440711741939696	0.8516337773014834	17:38051348	0.19752161296963833
R7B1_005148	50	17	GSDMB	CD8_ET	38068478	0.0003593271250762	0.0036119010008686	True	980	20372	513	55d3add5072d7aaa760157a8d4d2ccd6d53fd897e5d3590fe3fe3881060fd8e4	CURRENT_RELEASE_PF10	TensorQTL_1.0.10_formula_compatible_numpy	ROBUST_H4_TRIGGER	0.998454212659098	1.75175e-33	1.6411877263625038e-06	17:37983492	1.3048640324880174e-30	0.0012189445754198984	3.7553101518797174e-29	0.034115732516896057	0.9646653229076791	0.9987810554245752	0.9658426315441139	0.7319093105616743	0.7387414549200414	0.9963504729158086	0.9964759274131794	17:38051348	0.206718240463758
R7B1_005152	50	17	GSDMB	NK	38068478	0.0003593271250762	0.0135201593876888	True	980	20372	513	55d3add5072d7aaa760157a8d4d2ccd6d53fd897e5d3590fe3fe3881060fd8e4	CURRENT_RELEASE_PF10	TensorQTL_1.0.10_formula_compatible_numpy	ROBUST_H4_TRIGGER	1.0076141069692512	1.75175e-33	2.715700188079375e-06	17:38103016	5.127588537685058e-30	0.004789959779241479	1.0247656921873165e-28	0.09482856425843704	0.9003814759623198	0.9952100402207568	0.9047150245415508	0.4747428435843785	0.48704359315383017	0.9890570380499786	0.9895777248450286	17:38049102	0.14277167459138712
R7B1_005195	50	17	ORMDL3	B_IN	38080575	2.7358361106095193e-79	2.0719277255074733e-36	True	975	20373	513	55d3add5072d7aaa760157a8d4d2ccd6d53fd897e5d3590fe3fe3881060fd8e4	CURRENT_RELEASE_PF10	TensorQTL_1.0.10_formula_compatible_numpy	ROBUST_H4_TRIGGER	0.8585478940321969	1.75175e-33	3.3106555456518536e-45	17:37921742	5.520952069384228e-69	5.1574220827417264e-42	6.298476427681816e-29	0.05789539481069884	0.9421046051893117	1.0000000000000107	0.9421046051893017	0.6193743187253887	0.6193743187253847	0.9938922088361603	0.9938922088361639	17:38051348	0.42226294172701984
R7B1_005196	50	17	ORMDL3	B_MEM	38080575	2.7358361106095193e-79	2.140172401155645e-23	True	970	20373	513	55d3add5072d7aaa760157a8d4d2ccd6d53fd897e5d3590fe3fe3881060fd8e4	CURRENT_RELEASE_PF10	TensorQTL_1.0.10_formula_compatible_numpy	ROBUST_H4_TRIGGER	0.8986774710402853	1.75175e-33	1.531139277901616e-31	17:38049589	4.1945928094331036e-55	3.918397644392689e-28	1.8857284257859846e-29	0.01663224872751236	0.9833677512724868	0.9999999999999991	0.9833677512724877	0.8553327829544465	0.855332782954444	0.9983114999294108	0.9983114999294134	17:38051348	0.35573796538990665
R7B1_005197	50	17	ORMDL3	CD4_ET	38080575	2.7358361106095193e-79	2.747515782842839e-11	True	980	20373	513	55d3add5072d7aaa760157a8d4d2ccd6d53fd897e5d3590fe3fe3881060fd8e4	CURRENT_RELEASE_PF10	TensorQTL_1.0.10_formula_compatible_numpy	ROBUST_H4_TRIGGER	0.8544941031393631	1.75175e-33	2.681554637957323e-17	17:38020419	2.073720780196279e-40	1.937175547046114e-13	2.642509455228311e-29	0.02370882916162011	0.9762911708381885	0.9999999999998086	0.9762911708383754	0.8046049904799015	0.8046049904811917	0.9975774242936147	0.9975774242936396	17:38051348	0.17518985666852344
R7B1_005198	50	17	ORMDL3	CD4_NC	38080575	2.7358361106095193e-79	1.3123294357262795e-69	True	980	20373	513	55d3add5072d7aaa760157a8d4d2ccd6d53fd897e5d3590fe3fe3881060fd8e4	CURRENT_RELEASE_PF10	TensorQTL_1.0.10_formula_compatible_numpy	H3_H4_AMBIGUITY_TRIGGER	0.6143248826483789	1.75175e-33	2.9828261030213696e-49	17:38087429	9.99837958250967e-72	9.340031031318246e-45	4.78438397650586e-28	0.4463817520041759	0.5536182479958237	0.9999999999999996	0.5536182479958239	0.11033888097233405	0.11033888097233366	0.9253862165625615	0.9253862165625684	17:38051348	0.392569115031073
R7B1_005200	50	17	ORMDL3	CD8_ET	38080575	2.7358361106095193e-79	2.7358361106095193e-79	True	980	20373	513	55d3add5072d7aaa760157a8d4d2ccd6d53fd897e5d3590fe3fe3881060fd8e4	CURRENT_RELEASE_PF10	TensorQTL_1.0.10_formula_compatible_numpy	ROBUST_H4_TRIGGER	0.719613232236216	1.75175e-33	2.25568648122335e-96	17:38062217	2.2791112559982264e-136	2.1290419791710833e-109	1.349065663753198e-28	0.12514872142898031	0.874851278571012	0.9999999999999922	0.8748512785710187	0.41143556470823084	0.41143556470822096	0.9858966085952177	0.9858966085951897	17:38051348	0.19486690017594235
R7B1_005201	50	17	ORMDL3	CD8_NC	38080575	2.7358361106095193e-79	4.0475587632866497e-29	True	980	20373	513	55d3add5072d7aaa760157a8d4d2ccd6d53fd897e5d3590fe3fe3881060fd8e4	CURRENT_RELEASE_PF10	TensorQTL_1.0.10_formula_compatible_numpy	ROBUST_H4_TRIGGER	0.765840283542925	1.75175e-33	4.2180782463855195e-30	17:38051348	1.0058460243421373e-53	9.396155649579361e-27	1.6727349270326837e-29	0.014640568747134578	0.9853594312528614	0.999999999999996	0.9853594312528653	0.8706395125197179	0.8706395125197148	0.9985163943781986	0.9985163943781968	17:38051348	0.41987481615945976
R7B1_005202	50	17	ORMDL3	CD8_S100B	38080575	2.7358361106095193e-79	7.897186373413739e-12	True	959	20373	513	55d3add5072d7aaa760157a8d4d2ccd6d53fd897e5d3590fe3fe3881060fd8e4	CURRENT_RELEASE_PF10	TensorQTL_1.0.10_formula_compatible_numpy	ROBUST_H4_TRIGGER	0.8845522822150419	1.75175e-33	5.1750281697169734e-18	17:37983492	9.283036061228894e-40	8.671789679639415e-13	1.9176027452361104e-28	0.1783120306341726	0.8216879693649667	0.9999999999991394	0.8216879693656739	0.3154504602221825	0.3154504602232337	0.9787602193623257	0.978760219362425	17:37983492	0.2494470878254995
R7B1_005207	50	17	ORMDL3	NK_R	38080575	2.7358361106095193e-79	0.0844637240476688	False	750	20373	513	55d3add5072d7aaa760157a8d4d2ccd6d53fd897e5d3590fe3fe3881060fd8e4	CURRENT_RELEASE_PF10	TensorQTL_1.0.10_formula_compatible_numpy	H3_H4_AMBIGUITY_TRIGGER	0.9697358335504606	1.75175e-33	1.3120619134502967e-05	17:38089717	1.3106230630549189e-28	0.12243243995965344	2.598326778599591e-28	0.24208837963446242	0.6354791804058826	0.877567560040345	0.7241370457867281	0.14845260224262788	0.20792006225697662	0.9457502813143551	0.96330259563712	17:38051348	0.18071504357812537
R7B1_005348	51	17	ARL17A	CD4_ET	44625579	5.9428911806283535e-22	9.535788553646072e-05	True	980	20568	1717	7b91845933db83401e0ceb5e067b45d45aaf3abb19439a75eebe5bff26d05e85	CURRENT_RELEASE_PF10	TensorQTL_1.0.10_formula_compatible_numpy	H3_H4_AMBIGUITY_TRIGGER	1.0287897322242623	1.11961551141349e-10	1.312398389698648e-07	17:44070583	2.3692124927238463e-09	0.011680637132593564	1.53323263839263e-07	0.755678200419018	0.23264100675591362	0.9883192071749316	0.23539055506257744	0.02942502041049	0.029866269482218953	0.7519662980129272	0.75481617179162	17:44187492	0.0020404114132706913
R7B1_005360	51	17	ARL17B	B_IN	44395641	3.0808643233354265e-13	3.167408982204159e-05	True	975	20565	1724	896495f56a8f74b164ea60fb441f2dafc22a2b12ce02c218408e2831efb818d3	CURRENT_RELEASE_PF10	TensorQTL_1.0.10_formula_compatible_numpy	H3_H4_AMBIGUITY_TRIGGER	1.0204414406708	1.11961551141349e-10	3.507197976042822e-10	17:43964539	3.007141780725954e-13	1.482618488914862e-06	1.2682556954628694e-07	0.6249161344123602	0.3750822561432822	0.9999983905556424	0.37508285981827455	0.056622516844076834	0.05662265441569381	0.85718582451036	0.8571861397926427	17:43964539	0.0044107886932016095
R7B1_005361	51	17	ARL17B	B_MEM	44395641	3.0808643233354265e-13	0.0022830946361765	True	970	20565	1724	896495f56a8f74b164ea60fb441f2dafc22a2b12ce02c218408e2831efb818d3	CURRENT_RELEASE_PF10	TensorQTL_1.0.10_formula_compatible_numpy	H3_H4_AMBIGUITY_TRIGGER	1.0250426566205006	1.11961551141349e-10	1.2377073232723236e-05	17:44073889	1.470873945894788e-09	0.007251885897180138	1.2280787510486685e-07	0.605095026243074	0.3876529635809981	0.9927479898240721	0.39048476305622665	0.059537032869212046	0.060207618014865835	0.8635856849872108	0.8649831095034455	17:44073889	0.002255935651472582
R7B1_005370	51	17	ARL17B	Mono_NC	44395641	3.0808643233354265e-13	0.4814466769418608	False	690	20565	1724	896495f56a8f74b164ea60fb441f2dafc22a2b12ce02c218408e2831efb818d3	CURRENT_RELEASE_PF10	TensorQTL_1.0.10_formula_compatible_numpy	H3_H4_AMBIGUITY_TRIGGER	1.0344383216337074	1.11961551141349e-10	0.0005781706396850924	17:44161470	3.183720806705163e-08	0.15696776792561143	1.0494027033075342e-07	0.5170636206072698	0.3259684746896392	0.843032095296909	0.3866619984080627	0.04613011410899529	0.05930360533849225	0.8286527348012718	0.8630929121314384	17:44161470	0.0025810676229716845
R7B1_005371	51	17	ARL17B	NK	44395641	3.0808643233354265e-13	0.019005631409383	True	980	20565	1724	896495f56a8f74b164ea60fb441f2dafc22a2b12ce02c218408e2831efb818d3	CURRENT_RELEASE_PF10	TensorQTL_1.0.10_formula_compatible_numpy	H3_H4_AMBIGUITY_TRIGGER	1.006702931904487	1.11961551141349e-10	0.00018509246472639884	17:44063244	1.9023771095887037e-08	0.09379336530264064	1.1353590234169506e-07	0.5594220600012164	0.3467844421364701	0.9062065021376865	0.3826770623676022	0.05041248231403594	0.058371342841185704	0.8414933145462601	0.8610913723763628	17:43849415	0.0034419090554123435
R7B1_005377	51	17	CRHR1	CD4_NC	43806231	6.670506811402378e-13	6.670506811402378e-13	True	980	20558	1724	896495f56a8f74b164ea60fb441f2dafc22a2b12ce02c218408e2831efb818d3	CURRENT_RELEASE_PF10	TensorQTL_1.0.10_formula_compatible_numpy	H3_H4_AMBIGUITY_TRIGGER	1.0134922280742609	1.11961551141349e-10	7.832001366273128e-19	17:43903842	2.5155343246938718e-21	1.2402400589142601e-14	1.246974396127465e-07	0.6144132588359484	0.38558661646659803	0.9999998753025465	0.3855866645482732	0.05905101440602583	0.059051025682944194	0.8625559370708987	0.8625559611317033	17:43903842	0.006729818220482696
R7B1_005379	51	17	CRHR1	CD8_NC	43806231	6.670506811402378e-13	1.124619965225769e-06	True	980	20558	1724	896495f56a8f74b164ea60fb441f2dafc22a2b12ce02c218408e2831efb818d3	CURRENT_RELEASE_PF10	TensorQTL_1.0.10_formula_compatible_numpy	H3_H4_AMBIGUITY_TRIGGER	1.0175836765340227	1.11961551141349e-10	3.3827603363367884e-12	17:44098967	3.2357440728064003e-15	1.5953268377593107e-08	1.2182842155333241e-07	0.6002539093818969	0.39974595283640696	0.999999862218304	0.39974600791408993	0.062437998916825554	0.062438012353923475	0.8694450975896848	0.8694451236447286	17:44098967	0.003090677749875523
R7B1_005381	51	17	CRHR1	NK	43806231	6.670506811402378e-13	0.0115669829453385	True	980	20558	1724	896495f56a8f74b164ea60fb441f2dafc22a2b12ce02c218408e2831efb818d3	CURRENT_RELEASE_PF10	TensorQTL_1.0.10_formula_compatible_numpy	H3_H4_AMBIGUITY_TRIGGER	1.0466528189081052	1.11961551141349e-10	1.942378249180491e-06	17:44095467	4.1177071154551865e-10	0.002030163240203573	1.2437814329085896e-07	0.612839480732774	0.38513023123710743	0.9979697119698814	0.38591374729890665	0.05894404260710146	0.05912777320373451	0.8623273448508119	0.8627195306207615	17:44187492	0.001949533549034095
R7B1_005459	51	17	KANSL1	B_IN	44205008	0.0001310232466497	0.2565712921419903	False	975	20562	1724	896495f56a8f74b164ea60fb441f2dafc22a2b12ce02c218408e2831efb818d3	CURRENT_RELEASE_PF10	TensorQTL_1.0.10_formula_compatible_numpy	H3_H4_AMBIGUITY_TRIGGER	1.0190504914679204	1.11961551141349e-10	0.00016101211878510242	17:43803189	2.141705295210142e-08	0.1055930215474863	1.1255579441776953e-07	0.5545967842429422	0.339810060236724	0.8944068444796662	0.3799278397007497	0.04895192780670151	0.05773409494143435	0.8373231455684064	0.8596915650255322	17:43793828	0.001965914317749882
R7B1_005462	51	17	KANSL1	CD4_NC	44205008	0.0001310232466497	0.0001310232466497	True	980	20562	1724	896495f56a8f74b164ea60fb441f2dafc22a2b12ce02c218408e2831efb818d3	CURRENT_RELEASE_PF10	TensorQTL_1.0.10_formula_compatible_numpy	H3_H4_AMBIGUITY_TRIGGER	0.8174277103985649	1.11961551141349e-10	6.904445840271465e-08	17:43740565	6.770761428346063e-11	0.0003338205116246328	1.3126126628379366e-07	0.6468077828393703	0.35285826532003084	0.9996660481594012	0.3529761423524569	0.05170633271220246	0.05173164804244839	0.8450228811656628	0.8450904669281997	17:44081224	0.002206582375132849
R7B1_005464	51	17	KANSL1	CD8_ET	44205008	0.0001310232466497	0.086837462542437	False	980	20562	1724	896495f56a8f74b164ea60fb441f2dafc22a2b12ce02c218408e2831efb818d3	CURRENT_RELEASE_PF10	TensorQTL_1.0.10_formula_compatible_numpy	H3_H4_AMBIGUITY_TRIGGER	0.9616902586631437	1.11961551141349e-10	0.0006978749607025827	17:44124640	2.7935478384460967e-08	0.1377309743589299	1.0799564687557032e-07	0.5321234415635937	0.33014544814635205	0.8622688897099458	0.3828799253761875	0.04697111449504569	0.05841855548626968	0.831326510670935	0.8611940458110188	17:44187492	0.0021996266556275432
R7B1_005473	51	17	KANSL1-AS1	B_IN	44272516	4.6116055505812086e-234	3.907086886491053e-82	True	975	20564	1724	896495f56a8f74b164ea60fb441f2dafc22a2b12ce02c218408e2831efb818d3	CURRENT_RELEASE_PF10	TensorQTL_1.0.10_formula_compatible_numpy	H3_H4_AMBIGUITY_TRIGGER	0.8263461921516485	1.11961551141349e-10	7.765910531108872e-100	17:43852605	1.669524850350309e-115	8.231299324485669e-109	1.2393575356624127e-07	0.6106541403168192	0.3893457357474503	0.9999998760642694	0.3893457840013045	0.05993725770438161	0.05993726913987721	0.8644229283069235	0.8644229520924892	17:43852605	0.04007486848246666
R7B1_005474	51	17	KANSL1-AS1	B_MEM	44272516	4.6116055505812086e-234	2.913813832945599e-69	True	970	20564	1724	896495f56a8f74b164ea60fb441f2dafc22a2b12ce02c218408e2831efb818d3	CURRENT_RELEASE_PF10	TensorQTL_1.0.10_formula_compatible_numpy	H3_H4_AMBIGUITY_TRIGGER	0.851577818741633	1.11961551141349e-10	6.772788158140308e-87	17:43692935	2.0049865906013196e-98	9.885234571594774e-92	1.4076842738046647e-07	0.693727758577347	0.30627210065423	0.9999998592315771	0.30627214376767664	0.0422820377291454	0.042282045946077706	0.8153234832348336	0.8153235137880976	17:43710371	0.008468936644108416
R7B1_005475	51	17	KANSL1-AS1	CD4_ET	44272516	4.6116055505812086e-234	5.9496515663918205e-133	True	980	20564	1724	896495f56a8f74b164ea60fb441f2dafc22a2b12ce02c218408e2831efb818d3	CURRENT_RELEASE_PF10	TensorQTL_1.0.10_formula_compatible_numpy	H3_H4_AMBIGUITY_TRIGGER	0.7337826359823513	1.11961551141349e-10	7.283968131790407e-162	17:43757450	3.895788426723778e-217	1.92075012471369e-210	1.407101479534934e-07	0.69344013446479	0.3065597248250546	0.9999998592898447	0.30655976796112716	0.042336875217462	0.04233688344458547	0.8155271739498345	0.8155272044770435	17:43757450	0.9999999997471605
R7B1_005476	51	17	KANSL1-AS1	CD4_NC	44272516	4.6116055505812086e-234	4.6116055505812086e-234	True	980	20564	1724	896495f56a8f74b164ea60fb441f2dafc22a2b12ce02c218408e2831efb818d3	CURRENT_RELEASE_PF10	TensorQTL_1.0.10_formula_compatible_numpy	H3_H4_AMBIGUITY_TRIGGER	0.5464500536781178	1.11961551141349e-10	9.20296178619945e-280	17:43757450	0.0	0.0	1.4071014795378133e-07	0.6934401344660513	0.3065597248238697	0.9999998592899211	0.3065597679599188	0.04233687521723819	0.04233688344435961	0.8155271739489074	0.8155272044762055	17:43757450	1.0
R7B1_005477	51	17	KANSL1-AS1	CD4_SOX4	44272516	4.6116055505812086e-234	8.740192545062965e-08	True	295	20564	1724	896495f56a8f74b164ea60fb441f2dafc22a2b12ce02c218408e2831efb818d3	CURRENT_RELEASE_PF10	TensorQTL_1.0.10_formula_compatible_numpy	H3_H4_AMBIGUITY_TRIGGER	0.9632365012520128	1.11961551141349e-10	4.819515258908208e-13	17:43705356	5.5465440962415444e-15	2.7346262418940758e-08	1.2847477761363014e-07	0.6330554032183817	0.36694444096057	0.9999998441789517	0.36694449813824637	0.05478827013702027	0.054788282883817555	0.8528633204757993	0.852863351363436	17:43710371	0.0021676798285067524
R7B1_005478	51	17	KANSL1-AS1	CD8_ET	44272516	4.6116055505812086e-234	8.877186862608594e-181	True	980	20564	1724	896495f56a8f74b164ea60fb441f2dafc22a2b12ce02c218408e2831efb818d3	CURRENT_RELEASE_PF10	TensorQTL_1.0.10_formula_compatible_numpy	H3_H4_AMBIGUITY_TRIGGER	0.6339396399664912	1.11961551141349e-10	2.567896478074126e-213	17:43778828	0.0	1e-323	1.4057987407452823e-07	0.6927971990279383	0.30720266039224187	0.9999998594201802	0.3072027035787426	0.042459597112017106	0.04245960536194213	0.8159814774876054	0.815981507956621	17:43710371	0.008715667014966648
R7B1_005479	51	17	KANSL1-AS1	CD8_NC	44272516	4.6116055505812086e-234	1.5201551697915343e-172	True	980	20564	1724	896495f56a8f74b164ea60fb441f2dafc22a2b12ce02c218408e2831efb818d3	CURRENT_RELEASE_PF10	TensorQTL_1.0.10_formula_compatible_numpy	H3_H4_AMBIGUITY_TRIGGER	0.6478994891921362	1.11961551141349e-10	2.5060686209902467e-211	17:43757450	1.5e-323	6.4248613e-317	1.40752464564819e-07	0.6936489779350525	0.3063508813124613	0.9999998592475139	0.30635092443211553	0.042297053895185795	0.042297062114910834	0.8153793023140001	0.8153793328601666	17:43757450	0.9891094168943708
R7B1_005480	51	17	KANSL1-AS1	CD8_S100B	44272516	4.6116055505812086e-234	1.6119454185891743e-75	True	959	20564	1724	896495f56a8f74b164ea60fb441f2dafc22a2b12ce02c218408e2831efb818d3	CURRENT_RELEASE_PF10	TensorQTL_1.0.10_formula_compatible_numpy	H3_H4_AMBIGUITY_TRIGGER	0.8545321393538469	1.11961551141349e-10	7.958946196051124e-94	17:43757450	9.838275744503056e-106	4.850589224403559e-99	1.4046292873047876e-07	0.6922200433736465	0.3077798161634143	0.9999998595370608	0.307779859395078	0.04256993044658852	0.04256993871700815	0.8163881126286218	0.8163881430455305	17:43757450	0.9738426192719073
R7B1_005481	51	17	KANSL1-AS1	DC	44272516	4.6116055505812086e-234	2.215515014123144e-26	True	726	20564	1724	896495f56a8f74b164ea60fb441f2dafc22a2b12ce02c218408e2831efb818d3	CURRENT_RELEASE_PF10	TensorQTL_1.0.10_formula_compatible_numpy	H3_H4_AMBIGUITY_TRIGGER	0.9450373112490411	1.11961551141349e-10	6.773328367229018e-37	17:43757450	2.3085841424479342e-38	1.1382069028959045e-31	1.2765149831541304e-07	0.6289923059732694	0.3710075663752296	0.999999872348499	0.37100761373490837	0.055699048091023495	0.055699058765308444	0.8550397413663536	0.8550397665208603	17:43757450	0.015423055352042005
R7B1_005482	51	17	KANSL1-AS1	Mono_C	44272516	4.6116055505812086e-234	5.431002667243644e-40	True	851	20564	1724	896495f56a8f74b164ea60fb441f2dafc22a2b12ce02c218408e2831efb818d3	CURRENT_RELEASE_PF10	TensorQTL_1.0.10_formula_compatible_numpy	H3_H4_AMBIGUITY_TRIGGER	0.9080931090267709	1.11961551141349e-10	1.2178647446900007e-52	17:43780948	3.194854948326792e-56	1.575167172412779e-49	1.2427759381862264e-07	0.6123412107695464	0.38765866495285495	0.9999998757224013	0.38765871313014894	0.059538377710232016	0.059538389074394384	0.8635885144178789	0.8635885383266373	17:43780948	0.005731414954802598
R7B1_005483	51	17	KANSL1-AS1	Mono_NC	44272516	4.6116055505812086e-234	3.523384695978712e-46	True	690	20564	1724	896495f56a8f74b164ea60fb441f2dafc22a2b12ce02c218408e2831efb818d3	CURRENT_RELEASE_PF10	TensorQTL_1.0.10_formula_compatible_numpy	H3_H4_AMBIGUITY_TRIGGER	0.8696810820594355	1.11961551141349e-10	5.989460195794648e-60	17:43827244	1.9859500957903554e-65	9.791378474247565e-59	1.2867291792981408e-07	0.6340332771265536	0.3659665942005391	0.9999998713270927	0.36596664129053086	0.054570561801571035	0.0545705722719565	0.8523340004875702	0.8523340260301872	17:43844559	0.013610720616335219
R7B1_005484	51	17	KANSL1-AS1	NK	44272516	4.6116055505812086e-234	1.5043009589113045e-165	True	980	20564	1724	896495f56a8f74b164ea60fb441f2dafc22a2b12ce02c218408e2831efb818d3	CURRENT_RELEASE_PF10	TensorQTL_1.0.10_formula_compatible_numpy	H3_H4_AMBIGUITY_TRIGGER	0.663956218270816	1.11961551141349e-10	1.7459321188521348e-199	17:43757450	1.9306077460334685e-295	9.518522729648568e-289	1.4075121030722452e-07	0.6936427878480361	0.3063570714007894	0.9999998592488255	0.3063571145209131	0.04229823389558606	0.042298242115530335	0.8153836873333152	0.8153837178788466	17:43757450	0.9978180927349981
R7B1_005485	51	17	KANSL1-AS1	NK_R	44272516	4.6116055505812086e-234	5.308906211948063e-21	True	750	20564	1724	896495f56a8f74b164ea60fb441f2dafc22a2b12ce02c218408e2831efb818d3	CURRENT_RELEASE_PF10	TensorQTL_1.0.10_formula_compatible_numpy	H3_H4_AMBIGUITY_TRIGGER	0.9789929161960537	1.11961551141349e-10	1.5475689110906967e-29	17:43987723	2.297664491276225e-31	1.1328231604919235e-24	1.246345868959817e-07	0.614103064350101	0.38589681101530854	0.9999998753654096	0.38589685911140553	0.059123797531958684	0.059123808821911275	0.862711066308496	0.862711090346486	17:43987723	0.006285656808965273
R7B1_005486	51	17	KANSL1-AS1	Plasma	44272516	4.6116055505812086e-234	4.5825768796805225e-07	True	253	20564	1724	896495f56a8f74b164ea60fb441f2dafc22a2b12ce02c218408e2831efb818d3	CURRENT_RELEASE_PF10	TensorQTL_1.0.10_formula_compatible_numpy	H3_H4_AMBIGUITY_TRIGGER	0.9544071205550769	1.11961551141349e-10	3.203585696233957e-13	17:43780948	1.0228565115614375e-13	5.043014550454107e-07	1.3144407267505441e-07	0.6477096462218788	0.352289718032491	0.9999993642543697	0.3522899419992822	0.05158434166543671	0.05158438968515466	0.8446964170510808	0.8446965458122141	17:43780948	0.010520684299615458
R7B1_005493	51	17	LRRC37A2	B_MEM	44610947	1.4278473639070692e-19	0.0257316210984933	True	970	20567	1717	7b91845933db83401e0ceb5e067b45d45aaf3abb19439a75eebe5bff26d05e85	CURRENT_RELEASE_PF10	TensorQTL_1.0.10_formula_compatible_numpy	H3_H4_AMBIGUITY_TRIGGER	1.0400637971315667	1.11961551141349e-10	8.537606051268944e-07	17:43828764	4.3712858462608135e-10	0.002155121329548307	1.2577329349790995e-07	0.6197064707738998	0.37813828168612945	0.9978447524600293	0.37895502356843486	0.05732185825326348	0.05750975023802133	0.8587719320727832	0.8591924793448398	17:43828764	0.003145182721115601
R7B1_005494	51	17	LRRC37A2	CD4_ET	44610947	1.4278473639070692e-19	0.0420614597377749	True	980	20567	1717	7b91845933db83401e0ceb5e067b45d45aaf3abb19439a75eebe5bff26d05e85	CURRENT_RELEASE_PF10	TensorQTL_1.0.10_formula_compatible_numpy	H3_H4_AMBIGUITY_TRIGGER	1.0362771550357246	1.11961551141349e-10	4.934885073331117e-06	17:44096553	8.813867883338913e-10	0.004345392943692464	1.2408705824618294e-07	0.6113869030846698	0.3842675790031936	0.9956544820878634	0.3859447086477166	0.058742213118685764	0.05913504163958645	0.8618941129092513	0.8627350028032796	17:44161470	0.0027057932638282958
R7B1_005495	51	17	LRRC37A2	CD4_NC	44610947	1.4278473639070692e-19	1.4278473639070692e-19	True	980	20567	1717	7b91845933db83401e0ceb5e067b45d45aaf3abb19439a75eebe5bff26d05e85	CURRENT_RELEASE_PF10	TensorQTL_1.0.10_formula_compatible_numpy	H3_H4_AMBIGUITY_TRIGGER	0.946323950510204	1.11961551141349e-10	9.199508517154695e-27	17:43747615	1.470777567067532e-28	7.251193852993544e-22	1.3801625800640973e-07	0.6801247169387388	0.31987514504500825	0.999999861983747	0.3198751891929833	0.04491919516688054	0.04491920387278242	0.8246593081591059	0.8246593375017213	17:43776741	0.005844959910537661
R7B1_005496	51	17	LRRC37A2	CD8_ET	44610947	1.4278473639070692e-19	1.5474266034302599e-12	True	980	20567	1717	7b91845933db83401e0ceb5e067b45d45aaf3abb19439a75eebe5bff26d05e85	CURRENT_RELEASE_PF10	TensorQTL_1.0.10_formula_compatible_numpy	H3_H4_AMBIGUITY_TRIGGER	1.0138500814007039	1.11961551141349e-10	5.00223039231936e-18	17:43692935	1.0827122694039422e-20	5.337963216365859e-14	1.2544661475370035e-07	0.6180921172405911	0.3819077573127387	0.9999998745533298	0.3819078052218012	0.058192539894302786	0.0581925510176466	0.8607012423810534	0.8607012667146093	17:43840016	0.003015698163948074
R7B1_005497	51	17	LRRC37A2	CD8_NC	44610947	1.4278473639070692e-19	1.0935492533848821e-08	True	980	20567	1717	7b91845933db83401e0ceb5e067b45d45aaf3abb19439a75eebe5bff26d05e85	CURRENT_RELEASE_PF10	TensorQTL_1.0.10_formula_compatible_numpy	H3_H4_AMBIGUITY_TRIGGER	1.0201732409093234	1.11961551141349e-10	4.129549604384085e-14	17:44161470	5.589713262556031e-17	2.755827621865116e-10	1.23089486989829e-07	0.6064594272691683	0.3935404493657632	0.9999998766349316	0.39354049791491363	0.06093715772860544	0.06093716936898912	0.8664734248493342	0.8664734483842894	17:44161470	0.004249216426973903
R7B1_005498	51	17	LRRC37A2	CD8_S100B	44610947	1.4278473639070692e-19	0.6493966810355244	False	959	20567	1717	7b91845933db83401e0ceb5e067b45d45aaf3abb19439a75eebe5bff26d05e85	CURRENT_RELEASE_PF10	TensorQTL_1.0.10_formula_compatible_numpy	H3_H4_AMBIGUITY_TRIGGER	1.0487973417443734	1.11961551141349e-10	0.0003278106865269927	17:44110271	2.3781545954561412e-08	0.11724723282543849	1.1094016916604399e-07	0.5466185453419525	0.3361340871108951	0.8827526324528476	0.3807794785917557	0.048192695711711996	0.05793098514532484	0.8350728425858125	0.8601268623617454	17:43903842	0.0025377682945636913
R7B1_005502	51	17	LRRC37A2	NK	44610947	1.4278473639070692e-19	3.48005723387694e-08	True	980	20567	1717	7b91845933db83401e0ceb5e067b45d45aaf3abb19439a75eebe5bff26d05e85	CURRENT_RELEASE_PF10	TensorQTL_1.0.10_formula_compatible_numpy	H3_H4_AMBIGUITY_TRIGGER	1.001454448760851	1.11961551141349e-10	1.7155902356117571e-13	17:43946291	5.602350584642735e-16	2.7620580454373297e-09	1.2388752185089225e-07	0.6103978188462009	0.3896020545042157	0.9999998733504166	0.3896021038471598	0.059998023269056386	0.0599980349709591	0.8645492098043231	0.8645492341018428	17:43946318	0.0035196083722945455
R7B1_005503	51	17	LRRC37A2	NK_R	44610947	1.4278473639070692e-19	0.6365237072953135	False	750	20567	1717	7b91845933db83401e0ceb5e067b45d45aaf3abb19439a75eebe5bff26d05e85	CURRENT_RELEASE_PF10	TensorQTL_1.0.10_formula_compatible_numpy	H3_H4_AMBIGUITY_TRIGGER	1.0586305079732194	1.11961551141349e-10	0.0007816974386922125	17:43849415	3.446472933613188e-08	0.16991721868965007	1.0348456372629898e-07	0.5098770187374474	0.32020562462360963	0.8300826433610571	0.3857514997869089	0.044984392375332145	0.059089694387387245	0.824878790649082	0.8626384198367103	17:44187492	0.001958438999021381
R7B1_005523	51	17	RP11-669E14.6	B_IN	44112908	3.0332786034508518e-33	0.047807999993044	True	975	20563	1724	896495f56a8f74b164ea60fb441f2dafc22a2b12ce02c218408e2831efb818d3	CURRENT_RELEASE_PF10	TensorQTL_1.0.10_formula_compatible_numpy	H3_H4_AMBIGUITY_TRIGGER	1.040083697505217	1.11961551141349e-10	5.960033589627877e-06	17:44065263	1.7874901205429282e-09	0.008812906389900328	1.2489195067347286e-07	0.6153820431828818	0.3758049237477773	0.9911869669306591	0.37914635309572997	0.05678736743447129	0.05755382633504731	0.8575626935502983	0.8592907939575712	17:43988205	0.003045939633324653
R7B1_005524	51	17	RP11-669E14.6	CD4_NC	44112908	3.0332786034508518e-33	3.0332786034508518e-33	True	980	20563	1724	896495f56a8f74b164ea60fb441f2dafc22a2b12ce02c218408e2831efb818d3	CURRENT_RELEASE_PF10	TensorQTL_1.0.10_formula_compatible_numpy	H3_H4_AMBIGUITY_TRIGGER	0.9426434945676925	1.11961551141349e-10	4.456449972595937e-44	17:44018488	1.3779518909651283e-46	6.793750010306786e-40	1.2171942084819097e-07	0.5997159625685937	0.40028391571198196	0.9999998782805757	0.4002839644343157	0.06256934304502984	0.0625693549496356	0.8696993185671026	0.8696993415672122	17:44165049	0.010056543128347521
R7B1_005525	51	17	RP11-669E14.6	CD8_ET	44112908	3.0332786034508518e-33	2.932281608753374e-07	True	980	20563	1724	896495f56a8f74b164ea60fb441f2dafc22a2b12ce02c218408e2831efb818d3	CURRENT_RELEASE_PF10	TensorQTL_1.0.10_formula_compatible_numpy	H3_H4_AMBIGUITY_TRIGGER	1.0240448250644265	1.11961551141349e-10	1.6465690935080515e-13	17:43987723	1.3165444863620503e-16	6.490991577018616e-10	1.237151416183904e-07	0.6095653630416706	0.39043451259409107	0.9999998756357618	0.3904345611501878	0.06019567251069841	0.06019568405261526	0.8649584496415268	0.8649584734722859	17:43987723	0.0026935374203767345
R7B1_005526	51	17	RP11-669E14.6	CD8_NC	44112908	3.0332786034508518e-33	9.613907356414936e-11	True	980	20563	1724	896495f56a8f74b164ea60fb441f2dafc22a2b12ce02c218408e2831efb818d3	CURRENT_RELEASE_PF10	TensorQTL_1.0.10_formula_compatible_numpy	H3_H4_AMBIGUITY_TRIGGER	1.0143989769744746	1.11961551141349e-10	1.6552898534049232e-16	17:44091886	3.822560645619247e-19	1.8846464521620433e-12	1.2122988449215892e-07	0.5972999734741319	0.4026999052941022	0.999999878768234	0.4026999541141288	0.06316166875136205	0.0631616807613393	0.870834460393887	0.8708344832239	17:43987723	0.0034145639507331214
R7B1_005527	51	17	RP11-669E14.6	NK	44112908	3.0332786034508518e-33	2.0130166974361102e-14	True	980	20563	1724	896495f56a8f74b164ea60fb441f2dafc22a2b12ce02c218408e2831efb818d3	CURRENT_RELEASE_PF10	TensorQTL_1.0.10_formula_compatible_numpy	H3_H4_AMBIGUITY_TRIGGER	1.0018293001265057	1.11961551141349e-10	8.615770470676076e-23	17:44077850	6.503920972112391e-25	3.2066441115280775e-18	1.2374066865818236e-07	0.6096913456141153	0.3903085306452183	0.9999998762593336	0.39030857894226195	0.06016573149350343	0.06016574296983007	0.8648966036557938	0.8648966273713216	17:44077850	0.007442524224892007
R7B1_005528	51	17	RP11-798G7.5	CD4_NC	43596352	0.0004299453700921	0.0004299453700921	True	980	20555	1724	896495f56a8f74b164ea60fb441f2dafc22a2b12ce02c218408e2831efb818d3	CURRENT_RELEASE_PF10	TensorQTL_1.0.10_formula_compatible_numpy	H3_H4_AMBIGUITY_TRIGGER	1.0295629513391014	1.11961551141349e-10	4.458880369241977e-08	17:44096553	1.193966973153458e-11	5.8866446567201385e-05	1.2368468557484146e-07	0.6094151134792695	0.39052589637753676	0.9999410098568062	0.3905489349151316	0.060217397438850226	0.06022287532599953	0.8650032915514648	0.8650145939549525	17:44187492	0.0020277053838751143
R7B1_005574	53	19	C19orf38	DC	10963859	0.0244349079722601	0.5284916386593669	False	726	22595	492	de8d3a7f545b4a9a1a1cd606062e0cd88c3645daa95e4792fe39433bc974a06a	CURRENT_RELEASE_PF10	TensorQTL_1.0.10_formula_compatible_numpy	ROBUST_H4_TRIGGER	0.8587593377629871	4.42846e-17	0.00012263850565038	19:10466123	1.5206282061334781e-12	0.04705455284300517	2.773415546539862e-13	0.007636791022400793	0.9453086561327946	0.9529454471551954	0.9919861194098795	0.6334905905923008	0.9252523619129994	0.9942477259762965	0.9991927899444916	19:10475652	0.49200696197512955
R7B1_006025	54	19	IL12RB1	CD4_NC	18189780	8.855396261111063e-06	0.0002198852846936	True	980	22842	478	9f55ed19add222a65a2094e05e2e79384e7f9221757107b03695fa7e541071e0	CURRENT_RELEASE_PF10	TensorQTL_1.0.10_formula_compatible_numpy	ROBUST_H4_TRIGGER	0.614144094259738	6.55478933353493e-08	2.3063948383522665e-08	19:18195178	9.369422945154192e-07	0.00013230362504374282	0.00035158404274220095	0.04869561398590969	0.9508195614040091	0.9995151753899189	0.951280765730332	0.659090377046236	0.6613128602526118	0.9948541902793049	0.9949046595986037	19:18194543	0.1787853194141473
R7B1_006027	54	19	IL12RB1	CD8_ET	18189780	8.855396261111063e-06	0.0100673098832289	True	980	22842	478	9f55ed19add222a65a2094e05e2e79384e7f9221757107b03695fa7e541071e0	CURRENT_RELEASE_PF10	TensorQTL_1.0.10_formula_compatible_numpy	ROBUST_H4_TRIGGER	0.7402182602978917	6.55478933353493e-08	9.03318317974216e-07	19:18188408	9.931783376925978e-05	0.014024459687734461	0.0004576992812251594	0.06370903077886257	0.9217094924184089	0.9854185231972715	0.9353482512464314	0.5407143113725327	0.5912943357421465	0.9915774866834408	0.9931353974194451	19:18194543	0.13731139382556257
R7B1_006029	54	19	IL12RB1	CD8_S100B	18189780	8.855396261111063e-06	0.2455528540721177	False	959	22842	478	9f55ed19add222a65a2094e05e2e79384e7f9221757107b03695fa7e541071e0	CURRENT_RELEASE_PF10	TensorQTL_1.0.10_formula_compatible_numpy	ROBUST_H4_TRIGGER	0.9057912981714928	6.55478933353493e-08	1.0902121152492992e-05	19:18180265	0.00015386136495086807	0.021726435508716505	0.0003760311092997185	0.052172981034984287	0.925570690982048	0.9777436720170323	0.9466394081310143	0.5542791582306306	0.6395152147949121	0.9920226985681447	0.9943947513669315	19:18193191	0.10295364132349286
R7B1_006033	54	19	IL12RB1	NK	18189780	8.855396261111063e-06	8.855396261111063e-06	True	980	22842	478	9f55ed19add222a65a2094e05e2e79384e7f9221757107b03695fa7e541071e0	CURRENT_RELEASE_PF10	TensorQTL_1.0.10_formula_compatible_numpy	ROBUST_H4_TRIGGER	0.7568769179063473	6.55478933353493e-08	2.680757784877027e-10	19:18181779	2.5413238038166815e-08	3.58854919479107e-06	0.0005698302881886253	0.07954463892762073	0.9198819168217568	0.9994265557493776	0.9204097204841855	0.5344848219902513	0.5362716359029304	0.9913655970497941	0.9914268678636676	19:18185192	0.14485683038939126
R7B1_006100	54	19	MAST3	B_IN	18235553	1.4275152901545783e-19	0.0265941101515603	True	975	22843	478	9f55ed19add222a65a2094e05e2e79384e7f9221757107b03695fa7e541071e0	CURRENT_RELEASE_PF10	TensorQTL_1.0.10_formula_compatible_numpy	H3_H4_AMBIGUITY_TRIGGER	0.9549970290945549	6.55478933353493e-08	2.548892214244016e-06	19:18257750	0.000633922012102936	0.08951477661665277	0.002393985792870973	0.3374796552296477	0.5699776603487253	0.907457315578373	0.6281040998445716	0.11703370224227237	0.14448929891136209	0.9298472358326494	0.9441004918844753	19:18238035	0.2758885827276453
R7B1_006110	54	19	MAST3	Mono_NC	18235553	1.4275152901545783e-19	0.6701555463234249	False	690	22843	478	9f55ed19add222a65a2094e05e2e79384e7f9221757107b03695fa7e541071e0	CURRENT_RELEASE_PF10	TensorQTL_1.0.10_formula_compatible_numpy	ROBUST_H4_TRIGGER	0.9889589360337349	6.55478933353493e-08	0.00026425263162473963	19:18188408	0.0012033097762570604	0.16991680958507976	0.0001975115166372354	0.02708858663947055	0.8015937824825552	0.8286823691220258	0.9673112550129787	0.2877576393736618	0.7474209728098004	0.9758463711168281	0.9966320405710895	19:18235882	0.22459633419307687
R7B1_006129	54	19	MPV17L2	B_MEM	18305876	6.991910505688179e-06	0.079931974056277	False	970	22848	478	9f55ed19add222a65a2094e05e2e79384e7f9221757107b03695fa7e541071e0	CURRENT_RELEASE_PF10	TensorQTL_1.0.10_formula_compatible_numpy	ROBUST_H4_TRIGGER	0.9712850688226415	6.55478933353493e-08	3.216144294437299e-05	19:18257750	0.00027355280298645184	0.03862780844438522	0.00028685262767080307	0.03958462118487601	0.921227164940082	0.9608117861249581	0.9588008580280594	0.5390585984032392	0.6994501454323881	0.991521638369973	0.9957214401059464	19:18235882	0.2674818172110047
R7B1_006131	54	19	MPV17L2	CD4_NC	18305876	6.991910505688179e-06	6.991910505688179e-06	True	980	22848	478	9f55ed19add222a65a2094e05e2e79384e7f9221757107b03695fa7e541071e0	CURRENT_RELEASE_PF10	TensorQTL_1.0.10_formula_compatible_numpy	ROBUST_H4_TRIGGER	0.8717849291678068	6.55478933353493e-08	2.613808335771887e-08	19:18304700	3.8120188730007224e-06	0.0005382870626989918	0.0013864577672871646	0.1949756513689667	0.8030957917821744	0.998071443151141	0.8046476004228879	0.2897026873467972	0.2917322481071223	0.9760686062549992	0.9762974439643878	19:18237882	0.08631318610748201
R7B1_006841	56	22	RPL3	B_IN	39712641	5.85737501166932e-10	1.828929355148442e-07	True	975	24394	574	acbf2c764cc0f3baa919c865bc72348288e6a9097462af0a4edf9f22e5540b64	CURRENT_RELEASE_PF10	TensorQTL_1.0.10_formula_compatible_numpy	ROBUST_H4_TRIGGER	0.8748110126306239	2.3743300000000002e-23	1.1452738349595309e-08	22:39741091	1.4521769066146793e-22	9.611967900487574e-06	6.188929467639131e-20	0.0030995654087325923	0.9968908226233683	0.9999903880321008	0.9969004047980579	0.9697545718424332	0.9698452554930833	0.9996882097923843	0.9996891733867947	22:39740078	0.30660419311736054
R7B1_006842	56	22	RPL3	B_MEM	39712641	5.85737501166932e-10	3.88379401632941e-05	True	970	24394	574	acbf2c764cc0f3baa919c865bc72348288e6a9097462af0a4edf9f22e5540b64	CURRENT_RELEASE_PF10	TensorQTL_1.0.10_formula_compatible_numpy	ROBUST_H4_TRIGGER	0.8269128026740484	2.3743300000000002e-23	8.188748380304033e-07	22:39740078	7.065626022570852e-21	0.00046767422217258253	6.057374193519957e-20	0.003012860248756951	0.9965194655290733	0.9995323257778302	0.9969857300548911	0.966251810909845	0.9706534269861588	0.9996508528561029	0.9996977530570004	22:39740078	0.3355724370311245
R7B1_006843	56	22	RPL3	CD4_ET	39712641	5.85737501166932e-10	1.74155184391763e-05	True	980	24394	574	acbf2c764cc0f3baa919c865bc72348288e6a9097462af0a4edf9f22e5540b64	CURRENT_RELEASE_PF10	TensorQTL_1.0.10_formula_compatible_numpy	ROBUST_H4_TRIGGER	0.7213465904980308	2.3743300000000002e-23	1.3115373507752374e-06	22:39740078	1.0340336330269028e-20	0.0006844274993911865	9.063269091945736e-20	0.005004672501296337	0.9943108999993154	0.9993155725006118	0.9949918998172189	0.9458800445408841	0.9520789394223317	0.9994281620811389	0.9994969224652976	22:39740078	0.32186701580777366
R7B1_006844	56	22	RPL3	CD4_NC	39712641	5.85737501166932e-10	5.85737501166932e-10	True	980	24394	574	acbf2c764cc0f3baa919c865bc72348288e6a9097462af0a4edf9f22e5540b64	CURRENT_RELEASE_PF10	TensorQTL_1.0.10_formula_compatible_numpy	ROBUST_H4_TRIGGER	0.5892702939804755	2.3743300000000002e-23	2.2251825855294637e-11	22:39740078	3.908474300030533e-25	2.5870215495543925e-08	6.01570957369838e-20	0.0029847866892910237	0.9970151874404964	0.9999999741297875	0.9970152132334918	0.9709327179029974	0.9709329625143773	0.9997007147647534	0.9997007173579667	22:39740078	0.32339284448705735
R7B1_006846	56	22	RPL3	CD8_ET	39712641	5.85737501166932e-10	1.1921527615738748e-06	True	980	24394	574	acbf2c764cc0f3baa919c865bc72348288e6a9097462af0a4edf9f22e5540b64	CURRENT_RELEASE_PF10	TensorQTL_1.0.10_formula_compatible_numpy	ROBUST_H4_TRIGGER	0.8829350746016251	2.3743300000000002e-23	7.241253274123555e-10	22:39739628	9.926774532168712e-24	6.570538184704851e-07	3.101269471785619e-19	0.019546869285681546	0.9804524736605029	0.9999993429461844	0.980453117870965	0.8337693233731664	0.8337739821150364	0.9980102420038973	0.9980103087528434	22:39739628	0.31391511811878625
R7B1_006847	56	22	RPL3	CD8_NC	39712641	5.85737501166932e-10	8.12307652868479e-08	True	980	24394	574	acbf2c764cc0f3baa919c865bc72348288e6a9097462af0a4edf9f22e5540b64	CURRENT_RELEASE_PF10	TensorQTL_1.0.10_formula_compatible_numpy	ROBUST_H4_TRIGGER	0.6146782241996943	2.3743300000000002e-23	5.226399960670914e-10	22:39739628	7.551922133456619e-24	4.998621917420931e-07	5.97817896005428e-20	0.002959920761038464	0.9970395793767678	0.9999995001378063	0.9970400777594083	0.9711640915307949	0.9711688200508687	0.999703167062362	0.9997032171672443	22:39739628	0.3200767034801337
R7B1_006848	56	22	RPL3	CD8_S100B	39712641	5.85737501166932e-10	0.0028252184210044	True	959	24394	574	acbf2c764cc0f3baa919c865bc72348288e6a9097462af0a4edf9f22e5540b64	CURRENT_RELEASE_PF10	TensorQTL_1.0.10_formula_compatible_numpy	ROBUST_H4_TRIGGER	0.8177516745068416	2.3743300000000002e-23	1.9228249864218064e-09	22:39739628	2.790601055584525e-23	1.8471005596608387e-06	5.896046192759636e-20	0.002905503962154166	0.9970926489372887	0.9999981528994428	0.9970944906710779	0.9716678333658164	0.9716853237155874	0.9997085021558213	0.999708687296508	22:39739628	0.34928036948905333
R7B1_006897	56	22	SYNGR1	B_IN	39763762	4.0421395410458e-113	3.6276120566373816e-05	True	975	24395	574	acbf2c764cc0f3baa919c865bc72348288e6a9097462af0a4edf9f22e5540b64	CURRENT_RELEASE_PF10	TensorQTL_1.0.10_formula_compatible_numpy	H3_H4_AMBIGUITY_TRIGGER	0.9482643679763875	2.3743300000000002e-23	4.861002902998915e-10	22:39730795	2.1780269873418025e-21	0.0001441637406115286	1.0118706400314475e-17	0.6694273721954606	0.3304284640639266	0.9998558362593872	0.33047610673565675	0.047028423039435024	0.04703807440002065	0.8315058456612017	0.8315360121636222	22:39731680	0.2342730143636293
R7B1_006904	56	22	SYNGR1	DC	39763762	4.0421395410458e-113	2.3565529007964992e-05	True	726	24395	574	acbf2c764cc0f3baa919c865bc72348288e6a9097462af0a4edf9f22e5540b64	CURRENT_RELEASE_PF10	TensorQTL_1.0.10_formula_compatible_numpy	H3_H4_AMBIGUITY_TRIGGER	0.9770272408343779	2.3743300000000002e-23	2.0744197875641985e-08	22:39707979	2.6796762866259337e-20	0.0017736793866796124	1.0217015011103817e-17	0.6759425699196976	0.32228375069362514	0.9982263206133227	0.3228563944252742	0.04539561814092362	0.04550931564957167	0.8262512731117421	0.8266271611645282	22:39740078	0.23194510287482664
R7B1_006908	56	22	SYNGR1	NK_R	39763762	4.0421395410458e-113	6.778776463483647e-09	True	750	24395	574	acbf2c764cc0f3baa919c865bc72348288e6a9097462af0a4edf9f22e5540b64	CURRENT_RELEASE_PF10	TensorQTL_1.0.10_formula_compatible_numpy	H3_H4_AMBIGUITY_TRIGGER	0.9718478655522601	2.3743300000000002e-23	4.176226942995532e-11	22:39730795	8.583236980331804e-23	5.681249850581615e-06	6.790416190038908e-18	0.44890697904533733	0.5510873397048138	0.9999943187501512	0.5510904705874665	0.10933808484612446	0.10933931730170464	0.9246763799948748	0.9246772614564724	22:39740078	0.2846549845569573
