comparison_id	locus_index	gene	cell_type	R7B1B_v2_role	ABF_classification	ABF_state	PF10_multisignal_state	reclassification	PF10_PF50_sensitivity	QC_error	common_variants_min	pf10_l5_h4_pass	pf10_l5_h3_pass	pf10_l5_high_information	pf10_l5_best_h4	pf10_l5_best_h4_ratio	pf10_l5_signal_pairs	pf10_l10_h4_pass	pf10_l10_h3_pass	pf10_l10_high_information	pf10_l10_best_h4	pf10_l10_best_h4_ratio	pf10_l10_signal_pairs	pf10_l20_h4_pass	pf10_l20_h3_pass	pf10_l20_high_information	pf10_l20_best_h4	pf10_l20_best_h4_ratio	pf10_l20_signal_pairs	pf50_l10_h4_pass	pf50_l10_h3_pass	pf50_l10_high_information	pf50_l10_best_h4	pf50_l10_best_h4_ratio	pf50_l10_signal_pairs
R7B1_000124	1	MMEL1	CD4_NC	PRIMARY_184_TRIGGER_VERIFICATION	ROBUST_H4_TRIGGER	ABF_H4_DOMINANT	H4_SUPPORTED_STABLE	STABLE_H4	MATCH		224	True	False	True	0.94295097313406	0.94295109165143	1	True	False	True	0.94295097313406	0.94295109165143	1	True	False	True	0.94295097313406	0.94295109165143	1	True	False	True	0.941585500133617	0.941585621262373	1
R7B1_000126	1	MMEL1	CD8_NC	PRIMARY_184_TRIGGER_VERIFICATION	ROBUST_H4_TRIGGER	ABF_H4_DOMINANT	MODEL_SENSITIVE	H4_TO_MODEL_SENSITIVE	NOT_COMPARABLE		224	False	False	True	0.826449894415596	0.904269562101155	1	False	False	True	0.824291265077427	0.90424544582423	1	False	False	True	0.824254705012835	0.90424532758523	1	False	False	True	0.840860184867556	0.86650050489216	1
R7B1_000128	1	MMEL1	Mono_C	PRIMARY_184_TRIGGER_VERIFICATION	ROBUST_H4_TRIGGER	ABF_H4_DOMINANT	H4_SUPPORTED_STABLE	STABLE_H4	MATCH		224	True	False	True	0.870308519209917	0.941136210559315	1	True	False	True	0.870308519209917	0.941136210559315	1	True	False	True	0.870308519209917	0.941136210559315	1	True	False	True	0.806406907648558	0.932912444818887	1
R7B1_000129	1	MMEL1	Mono_NC	PRIMARY_184_TRIGGER_VERIFICATION	ROBUST_H4_TRIGGER	ABF_H4_DOMINANT	H4_SUPPORTED_STABLE	STABLE_H4	MATCH		224	True	False	True	0.947487556251655	0.948773269229794	1	True	False	True	0.947487556251655	0.948773269229794	1	True	False	True	0.947487556251655	0.948773269229794	1	True	False	True	0.941282537824804	0.943254436114124	1
R7B1_000130	1	MMEL1	NK	PRIMARY_184_TRIGGER_VERIFICATION	ROBUST_H4_TRIGGER	ABF_H4_DOMINANT	H4_SUPPORTED_STABLE	STABLE_H4	MATCH		224	True	False	True	0.925056997708097	0.936485034376543	1	True	False	True	0.925056997708097	0.936485034376543	1	True	False	True	0.925056997708097	0.936485034376543	1	True	False	True	0.889863508566165	0.935677737131593	1
R7B1_000214	1	TNFRSF14	CD4_NC	PRIMARY_184_TRIGGER_VERIFICATION	H3_H4_AMBIGUITY_TRIGGER	ABF_AMBIGUOUS	H4_SUPPORTED_STABLE	AMBIGUITY_TO_H4	MATCH		224	True	True	True	0.94696795168966	0.946968062475023	2	True	True	True	0.94696661025668	0.946966721044634	2	True	True	True	0.946966548879231	0.946966659667305	2	True	True	True	0.951677920087743	0.95167802171912	2
R7B1_000216	1	TNFRSF14	CD8_ET	PRIMARY_184_TRIGGER_VERIFICATION	H3_H4_AMBIGUITY_TRIGGER	ABF_AMBIGUOUS	H4_SUPPORTED_STABLE	AMBIGUITY_TO_H4	MATCH		224	True	True	True	0.931501095747223	0.932234714052348	2	True	True	True	0.931501095747223	0.932234714052348	2	True	True	True	0.931501095747223	0.932234714052348	2	True	True	True	0.934824371317643	0.945337662452356	2
R7B1_000217	1	TNFRSF14	CD8_NC	PRIMARY_184_TRIGGER_VERIFICATION	H3_H4_AMBIGUITY_TRIGGER	ABF_AMBIGUOUS	H4_SUPPORTED_STABLE	AMBIGUITY_TO_H4	MATCH		224	True	True	True	0.944735503637357	0.94487638117757	2	True	True	True	0.944735503637357	0.94487638117757	2	True	True	True	0.944735503637357	0.94487638117757	2	True	True	True	0.940375779242921	0.940432829039007	2
R7B1_000222	1	TNFRSF14	NK	PRIMARY_184_TRIGGER_VERIFICATION	H3_H4_AMBIGUITY_TRIGGER	ABF_AMBIGUOUS	H3_SUPPORTED_STABLE	AMBIGUITY_TO_H3	MATCH		224	False	True	True	0.117336817415293	0.117339126808701	1	False	True	True	0.117336817415293	0.117339126808701	1	False	True	True	0.117336817415293	0.117339126808701	1	False	True	True	0.120092023381607	0.120093663664131	1
R7B1_000258	2	IL12RB2	NK	PRIMARY_184_TRIGGER_VERIFICATION	ROBUST_H4_TRIGGER	ABF_H4_DOMINANT	H4_SUPPORTED_STABLE	STABLE_H4	MATCH		1033	True	True	True	0.998015711105058	0.998015727348538	3	True	True	True	0.998018801005373	0.998018817232076	3	True	True	True	0.998021344363248	0.99802136057617	3	True	True	True	0.996486147929606	0.996486148034496	3
R7B1_000263	2	MIER1	CD4_NC	H3_RESCUE_FALSIFICATION	H3_DISTINCT_SIGNAL	ABF_H3_DOMINANT	UNINFORMATIVE	H3_TO_UNINFORMATIVE	NOT_COMPARABLE		1033	False	False	False			0	False	False	False			0	False	False	False			0	False	True	True	0.008920376062712	0.011105328333949	3
R7B1_000289	3	CD101	CD4_NC	H3_RESCUE_FALSIFICATION	H3_DISTINCT_SIGNAL	ABF_H3_DOMINANT	H3_SUPPORTED_STABLE	STABLE_H3	MATCH		448	False	True	True	2.15395177417916e-05	2.15639331091014e-05	1	False	True	True	2.15407671038469e-05	2.15651838868992e-05	1	False	True	True	2.15415656838155e-05	2.1565983371802e-05	1	False	True	True	2.14273730052746e-05	2.14516612788601e-05	1
R7B1_000290	3	CD101	CD8_ET	H3_RESCUE_FALSIFICATION	H3_DISTINCT_SIGNAL	ABF_H3_DOMINANT	H3_SUPPORTED_STABLE	STABLE_H3	MATCH		448	False	True	True	2.16453970703674e-05	2.16699324382171e-05	1	False	True	True	2.16453970703674e-05	2.16699324382171e-05	1	False	True	True	2.16453970703674e-05	2.16699324382171e-05	1	False	True	True	2.16533910633946e-05	2.16779354923538e-05	1
R7B1_000291	3	CD101	CD8_NC	H3_RESCUE_FALSIFICATION	H3_DISTINCT_SIGNAL	ABF_H3_DOMINANT	H3_SUPPORTED_STABLE	STABLE_H3	MATCH		448	False	True	True	0.0008908117510894	0.0009320673653318	1	False	True	True	0.0008908117510894	0.0009320673653318	1	False	True	True	0.0008908117510894	0.0009320673653318	1	False	True	True	0.0037497848483882	0.0045455379971327	1
R7B1_000391	4	FCRL1	B_IN	PRIMARY_184_TRIGGER_VERIFICATION	ROBUST_H4_TRIGGER	ABF_H4_DOMINANT	UNINFORMATIVE	H4_TO_UNINFORMATIVE	NOT_COMPARABLE		893	False	False	False			0	False	False	False			0	False	False	False			0	False	False	False			0
R7B1_000401	4	FCRL2	B_IN	H3_RESCUE_FALSIFICATION	H3_DISTINCT_SIGNAL	ABF_H3_DOMINANT	H3_SUPPORTED_STABLE	STABLE_H3	MATCH		893	False	True	True	0.0252496254361443	0.025328108855336	1	False	True	True	0.0252496254361443	0.025328108855336	1	False	True	True	0.0252496254361443	0.025328108855336	1	False	True	True	0.0956380462119896	0.0981976406908293	1
R7B1_000402	4	FCRL2	B_MEM	H3_RESCUE_FALSIFICATION	H3_DISTINCT_SIGNAL	ABF_H3_DOMINANT	UNINFORMATIVE	H3_TO_UNINFORMATIVE	NOT_COMPARABLE		893	False	False	False			0	False	False	False			0	False	False	False			0	False	True	True	9.64880388697338e-05	9.65014252184646e-05	1
R7B1_000410	4	FCRL3	B_IN	PRIMARY_184_TRIGGER_VERIFICATION	ROBUST_H4_TRIGGER	ABF_H4_DOMINANT	H4_SUPPORTED_STABLE	STABLE_H4	MATCH		893	True	False	True	0.993700322548949	0.993700406455057	1	True	False	True	0.993700322548949	0.993700406455057	1	True	False	True	0.993700322548949	0.993700406455057	1	True	False	True	0.994021052309575	0.994021132555448	1
R7B1_000411	4	FCRL3	B_MEM	PRIMARY_184_TRIGGER_VERIFICATION	ROBUST_H4_TRIGGER	ABF_H4_DOMINANT	H4_SUPPORTED_STABLE	STABLE_H4	MATCH		893	True	False	True	0.990963258519391	0.990967791844108	1	True	False	True	0.990963258519391	0.990967791844108	1	True	False	True	0.990963258519391	0.990967791844108	1	True	False	True	0.992806560876768	0.992807305727827	1
R7B1_000412	4	FCRL3	CD4_ET	PRIMARY_184_TRIGGER_VERIFICATION	ROBUST_H4_TRIGGER	ABF_H4_DOMINANT	UNINFORMATIVE	H4_TO_UNINFORMATIVE	NOT_COMPARABLE		893	False	False	False			0	False	False	False			0	False	False	False			0	False	False	False			0
R7B1_000413	4	FCRL3	CD4_NC	PRIMARY_184_TRIGGER_VERIFICATION	ROBUST_H4_TRIGGER	ABF_H4_DOMINANT	H4_SUPPORTED_STABLE	STABLE_H4	PF50_UNINFORMATIVE		893	True	False	True	0.991379826777103	0.991888583700849	1	True	False	True	0.991379826777103	0.991888583700849	1	True	False	True	0.991379826777103	0.991888583700849	1	False	False	False			0
R7B1_000414	4	FCRL3	CD8_ET	PRIMARY_184_TRIGGER_VERIFICATION	ROBUST_H4_TRIGGER	ABF_H4_DOMINANT	H3_SUPPORTED_STABLE	H4_TO_H3	PF10_PF50_SENSITIVE		893	False	True	True	0.0036361957364122	0.0036508614050622	2	False	True	True	0.0036361957364122	0.0036508614050622	2	False	True	True	0.0036361957364122	0.0036508614050622	2	True	True	True	0.991894292309108	0.99189463231168	2
R7B1_000415	4	FCRL3	CD8_NC	H3_RESCUE_FALSIFICATION	H3_DISTINCT_SIGNAL	ABF_H3_DOMINANT	H3_SUPPORTED_STABLE	STABLE_H3	MATCH		893	False	True	True	0.0972860103093293	0.0974202563871231	1	False	True	True	0.0972995467874416	0.0974444360006696	1	False	True	True	0.0973626434300995	0.0975140747856261	1	False	True	True	0.0327666655452722	0.0327962287412405	1
R7B1_000420	4	FCRL3	NK	PRIMARY_184_TRIGGER_VERIFICATION	ROBUST_H4_TRIGGER	ABF_H4_DOMINANT	H4_SUPPORTED_STABLE	STABLE_H4	MATCH		893	True	True	True	0.939546677658171	0.939547345472914	2	True	True	True	0.939460930351095	0.939461599034368	2	True	True	True	0.939460831554013	0.939461500238287	2	True	True	True	0.935549782820554	0.935550491042678	2
R7B1_000421	4	FCRL3	NK_R	PRIMARY_184_TRIGGER_VERIFICATION	ROBUST_H4_TRIGGER	ABF_H4_DOMINANT	H4_SUPPORTED_STABLE	STABLE_H4	MATCH		893	True	False	True	0.969389956071466	0.969398767036013	1	True	False	True	0.969389956071466	0.969398767036013	1	True	False	True	0.969389956071466	0.969398767036013	1	True	False	True	0.967515073825744	0.96768276071058	1
R7B1_000422	4	FCRL5	B_IN	H3_RESCUE_FALSIFICATION	H3_DISTINCT_SIGNAL	ABF_H3_DOMINANT	H3_SUPPORTED_STABLE	STABLE_H3	MATCH		893	False	True	True	0.0004033033013017	0.0004033079686606	2	False	True	True	0.0004033033013017	0.0004033079686606	2	False	True	True	0.0004033033013017	0.0004033079686606	2	False	True	True	0.0004033033013017	0.0004033079686606	2
R7B1_000423	4	FCRL5	B_MEM	H3_RESCUE_FALSIFICATION	H3_DISTINCT_SIGNAL	ABF_H3_DOMINANT	H3_SUPPORTED_STABLE	STABLE_H3	MATCH		893	False	True	True	0.0004033033013017	0.0004033079686606	2	False	True	True	0.0004033033013017	0.0004033079686606	2	False	True	True	0.0004033033013017	0.0004033079686606	2	False	True	True	0.0004033033013017	0.0004033079686606	2
R7B1_000528	6	DDX59	CD4_NC	H3_RESCUE_FALSIFICATION	H3_DISTINCT_SIGNAL	ABF_H3_DOMINANT	H3_SUPPORTED_STABLE	STABLE_H3	MATCH		1156	False	True	True	4.33490752991926e-05	4.33501051633588e-05	1	False	True	True	4.33221489918119e-05	4.33231794461134e-05	1	False	True	True	4.33125346609774e-05	4.33135648130696e-05	1	False	True	True	0.0001915106463877	0.0001915257431191	1
R7B1_000587	6	RP11-92G12.3	CD4_NC	H3_RESCUE_FALSIFICATION	H3_DISTINCT_SIGNAL	ABF_H3_DOMINANT	H3_SUPPORTED_STABLE	STABLE_H3	MATCH		1157	False	True	True	9.04045729351364e-07	9.04055377999463e-07	1	False	True	True	9.00639628154597e-07	9.00649265605425e-07	1	False	True	True	8.97065710522506e-07	8.97075308246566e-07	1	False	True	True	7.69243730778265e-07	7.69251957058877e-07	1
R7B1_000601	6	TMEM9	CD4_NC	H3_RESCUE_FALSIFICATION	H3_DISTINCT_SIGNAL	ABF_H3_DOMINANT	H3_SUPPORTED_STABLE	STABLE_H3	MATCH		1157	False	True	True	0.0011573965777516	0.0012082933898621	1	False	True	True	0.0011575476634328	0.0012084511452561	1	False	True	True	0.0011575837250581	0.0012084887887887	1	False	True	True	0.0031797038115281	0.0036334708711831	1
R7B1_000609	6	TMEM9	NK	H3_RESCUE_FALSIFICATION	H3_DISTINCT_SIGNAL	ABF_H3_DOMINANT	H3_SUPPORTED_STABLE	STABLE_H3	MATCH		1157	False	True	True	0.0005284879104837	0.0005421804010222	1	False	True	True	0.000521282330397	0.0005346351478654	1	False	True	True	0.0005182365849191	0.0005314485132982	1	False	True	True	0.0003482613068862	0.0003545757690982	1
R7B1_000688	7	LINC00299	NK	PRIMARY_184_TRIGGER_VERIFICATION	ROBUST_H4_TRIGGER	ABF_H4_DOMINANT	UNINFORMATIVE	H4_TO_UNINFORMATIVE	NOT_COMPARABLE		326	False	False	False			0	False	False	False			0	False	False	False			0	False	False	False			0
R7B1_000733	8	ADCY3	CD4_NC	H3_RESCUE_FALSIFICATION	H3_DISTINCT_SIGNAL	ABF_H3_DOMINANT	H3_SUPPORTED_STABLE	STABLE_H3	MATCH		602	False	True	True	0.0083154470682031	0.0086893327035447	2	False	True	True	0.0138015064257739	0.0144696619220265	2	False	True	True	0.0130578314179728	0.0137140157615939	2	False	True	True	0.016220192072954	0.0170213746985657	2
R7B1_000788	8	POMC	CD4_NC	H3_RESCUE_FALSIFICATION	H3_DISTINCT_SIGNAL	ABF_H3_DOMINANT	H3_SUPPORTED_STABLE	STABLE_H3	MATCH		602	False	True	True	0.0024203056151157	0.0025285782422703	6	False	True	True	0.0026894255446102	0.0028197970134954	6	False	True	True	0.002628574940349	0.0027607945605314	6	False	True	True	0.0026771663722715	0.0028069437995429	6
R7B1_000790	8	POMC	CD8_ET	H3_RESCUE_FALSIFICATION	H3_DISTINCT_SIGNAL	ABF_H3_DOMINANT	H3_SUPPORTED_STABLE	STABLE_H3	MATCH		602	False	True	True	0.0023654872589408	0.0024713139544672	2	False	True	True	0.0026538889754036	0.0027825412103846	2	False	True	True	0.0025949986693619	0.0027255326225555	2	False	True	True	0.0026088442999851	0.002735318647547	2
R7B1_000791	8	POMC	CD8_NC	H3_RESCUE_FALSIFICATION	H3_DISTINCT_SIGNAL	ABF_H3_DOMINANT	H3_SUPPORTED_STABLE	STABLE_H3	MATCH		602	False	True	True	0.0024404638584652	0.0025496359642842	4	False	True	True	0.0027360986806232	0.0028687244703236	4	False	True	True	0.0026725695916134	0.0028069943103659	4	False	True	True	0.0050565519596031	0.0053638947551883	4
R7B1_000796	8	POMC	NK	H3_RESCUE_FALSIFICATION	H3_DISTINCT_SIGNAL	ABF_H3_DOMINANT	H3_SUPPORTED_STABLE	STABLE_H3	MATCH		602	False	True	True	0.164664335832275	0.276348672521574	4	False	True	True	0.154746412881246	0.237592497069718	4	False	True	True	0.147559405029897	0.216238884514679	4	False	True	True	0.213311782384192	0.323209510995835	4
R7B1_000829	9	TMEM163	NK	PRIMARY_184_TRIGGER_VERIFICATION	ROBUST_H4_TRIGGER	ABF_H4_DOMINANT	UNINFORMATIVE	H4_TO_UNINFORMATIVE	NOT_COMPARABLE		681	False	False	False			0	False	False	False			0	False	False	False			0	False	False	False			0
R7B1_000872	10	HIBCH	Plasma	H3_RESCUE_FALSIFICATION	H3_DISTINCT_SIGNAL	ABF_H3_DOMINANT	H3_SUPPORTED_STABLE	STABLE_H3	PF50_UNINFORMATIVE		918	False	True	True	0.00358476979168	0.0036505570451524	4	False	True	True	0.0030147641554473	0.0030639359709704	4	False	True	True	0.002633065232315	0.0026720614570713	4	False	False	False			0
R7B1_000896	10	NAB1	NK	H3_RESCUE_FALSIFICATION	H3_DISTINCT_SIGNAL	ABF_H3_DOMINANT	H3_SUPPORTED_STABLE	STABLE_H3	MATCH		924	False	True	True	0.073475985168814	0.0800556946965135	4	False	True	True	0.0723186847032133	0.0788521673001881	4	False	True	True	0.0713974650146857	0.0778671971595279	4	False	True	True	0.0135115927422714	0.0138034407623248	4
R7B1_001007	10	TMEM194B	CD4_ET	H3_RESCUE_FALSIFICATION	H3_DISTINCT_SIGNAL	ABF_H3_DOMINANT	H3_SUPPORTED_STABLE	STABLE_H3	MATCH		924	False	True	True	0.10470900040974	0.12087805687431	4	False	True	True	0.104707444453257	0.120876293051959	4	False	True	True	0.104707903705401	0.12087681365736	4	False	True	True	0.0054575827384556	0.0055296451711995	4
R7B1_001020	11	CTLA4	CD4_ET	PRIMARY_184_TRIGGER_VERIFICATION	ROBUST_H4_TRIGGER	ABF_H4_DOMINANT	H4_SUPPORTED_STABLE	STABLE_H4	MATCH		710	True	False	True	0.986680583275503	0.987079067518652	1	True	False	True	0.986775844377362	0.987190648610557	1	True	False	True	0.986812012349043	0.987243503638545	1	True	False	True	0.985786748922436	0.986229963351783	1
R7B1_001021	11	CTLA4	CD4_NC	PRIMARY_184_TRIGGER_VERIFICATION	ROBUST_H4_TRIGGER	ABF_H4_DOMINANT	H4_SUPPORTED_STABLE	STABLE_H4	MATCH		710	True	False	True	0.961804695478168	0.962868631951465	1	True	False	True	0.961470435241763	0.962594422689664	1	True	False	True	0.961120186955239	0.962302334980757	1	True	False	True	0.961919972311601	0.963031682669695	1
R7B1_001022	11	CTLA4	CD8_ET	PRIMARY_184_TRIGGER_VERIFICATION	ROBUST_H4_TRIGGER	ABF_H4_DOMINANT	H4_SUPPORTED_STABLE	STABLE_H4	MATCH		710	True	False	True	0.975985318887593	0.976674075487455	1	True	False	True	0.976073957379231	0.97679317233083	1	True	False	True	0.976076017126598	0.97682599529251	1	True	False	True	0.971596204303775	0.972440834252587	1
R7B1_001023	11	CTLA4	CD8_NC	PRIMARY_184_TRIGGER_VERIFICATION	ROBUST_H4_TRIGGER	ABF_H4_DOMINANT	H4_SUPPORTED_STABLE	STABLE_H4	MATCH		710	True	False	True	0.961914236363677	0.962975317035527	1	True	False	True	0.961587569156693	0.96270835873679	1	True	False	True	0.961243467838778	0.962422108251045	1	True	False	True	0.961687551221365	0.962805610571145	1
R7B1_001024	11	CTLA4	CD8_S100B	PRIMARY_184_TRIGGER_VERIFICATION	ROBUST_H4_TRIGGER	ABF_H4_DOMINANT	H4_SUPPORTED_STABLE	STABLE_H4	MATCH		710	True	False	True	0.982418868659773	0.982940492904283	1	True	False	True	0.98254765009678	0.983090178374483	1	True	False	True	0.98259783387557	0.983161804806347	1	True	False	True	0.980524394098334	0.981142516453893	1
R7B1_001057	12	OXNAD1	CD4_NC	H3_RESCUE_FALSIFICATION	H3_DISTINCT_SIGNAL	ABF_H3_DOMINANT	H3_SUPPORTED_STABLE	STABLE_H3	MATCH		1180	False	True	True	3.1239942954876803e-09	3.1239948842189804e-09	1	False	True	True	3.570307980094e-09	3.5703087480845304e-09	1	False	True	True	3.80864228786299e-09	3.80864316075302e-09	1	False	True	True	3.5677254314553103e-09	3.5677261982018703e-09	1
R7B1_001059	12	OXNAD1	CD8_ET	H3_RESCUE_FALSIFICATION	H3_DISTINCT_SIGNAL	ABF_H3_DOMINANT	H3_SUPPORTED_STABLE	STABLE_H3	MATCH		1180	False	True	True	9.798150358152e-05	9.8067483088881e-05	1	False	True	True	9.78008280440845e-05	9.78866516312468e-05	1	False	True	True	9.77094022524909e-05	9.77951469952176e-05	1	False	True	True	1.90854337932835e-06	1.90861763717896e-06	1
R7B1_001060	12	OXNAD1	CD8_NC	H3_RESCUE_FALSIFICATION	H3_DISTINCT_SIGNAL	ABF_H3_DOMINANT	H3_SUPPORTED_STABLE	STABLE_H3	MATCH		1180	False	True	True	1.15619420926418e-08	1.15619509539248e-08	1	False	True	True	1.20067769385568e-08	1.20067864607523e-08	1	False	True	True	1.22443797692999e-08	1.22443896523539e-08	1	False	True	True	3.59953406666034e-09	3.5995348470937602e-09	1
R7B1_001065	12	OXNAD1	NK	H3_RESCUE_FALSIFICATION	H3_DISTINCT_SIGNAL	ABF_H3_DOMINANT	H3_SUPPORTED_STABLE	STABLE_H3	MATCH		1180	False	True	True	3.95362052870095e-08	3.95362148602717e-08	1	False	True	True	4.4896765805379e-08	4.489677814596e-08	1	False	True	True	4.7280199817191e-08	4.72802134832446e-08	1	False	True	True	3.71690005835627e-08	3.7169009064812e-08	1
R7B1_001071	12	RFTN1	CD4_NC	H3_RESCUE_FALSIFICATION	H3_DISTINCT_SIGNAL	ABF_H3_DOMINANT	H3_SUPPORTED_STABLE	STABLE_H3	MATCH		1242	False	True	True	1.04439381223937e-06	1.04444755962181e-06	1	False	True	True	1.04443518301766e-06	1.04448894343624e-06	1	False	True	True	1.04444804021357e-06	1.04450180183943e-06	1	False	True	True	4.13978870747695e-05	4.14721197550595e-05	1
R7B1_001079	12	RFTN1	NK	H3_RESCUE_FALSIFICATION	H3_DISTINCT_SIGNAL	ABF_H3_DOMINANT	UNINFORMATIVE	H3_TO_UNINFORMATIVE	NOT_COMPARABLE		1242	False	False	False			0	False	False	False			0	False	False	False			0	False	True	True	1.05573594251362e-06	1.05578620774667e-06	1
R7B1_001084	12	RP11-415F23.2	CD4_ET	H3_RESCUE_FALSIFICATION	H3_DISTINCT_SIGNAL	ABF_H3_DOMINANT	H3_SUPPORTED_STABLE	STABLE_H3	MATCH		1181	False	True	True	2.8523181943672902e-09	2.85231873013777e-09	1	False	True	True	3.26221806942661e-09	3.2622187681339505e-09	1	False	True	True	3.4759289960522e-09	3.4759297883856103e-09	1	False	True	True	3.4335072574469904e-09	3.43350799284005e-09	1
R7B1_001085	12	RP11-415F23.2	CD4_NC	H3_RESCUE_FALSIFICATION	H3_DISTINCT_SIGNAL	ABF_H3_DOMINANT	H3_SUPPORTED_STABLE	STABLE_H3	MATCH		1181	False	True	True	3.1145087373898705e-09	3.1145093224078203e-09	1	False	True	True	3.5557215465528603e-09	3.5557223081215104e-09	1	False	True	True	3.78874686106612e-09	3.78874772470403e-09	1	False	True	True	3.2053646386264204e-09	3.2053653251551702e-09	1
R7B1_001088	12	RP11-415F23.2	CD8_NC	H3_RESCUE_FALSIFICATION	H3_DISTINCT_SIGNAL	ABF_H3_DOMINANT	H3_SUPPORTED_STABLE	STABLE_H3	MATCH		1181	False	True	True	3.1144804277605903e-09	3.11448101277323e-09	1	False	True	True	3.5556909165802704e-09	3.55569167814231e-09	1	False	True	True	3.78871462664593e-09	3.7887154902765e-09	1	False	True	True	3.55572564486671e-09	3.55572640643622e-09	1
R7B1_001093	12	RP11-415F23.4	CD4_NC	H3_RESCUE_FALSIFICATION	H3_DISTINCT_SIGNAL	ABF_H3_DOMINANT	H3_SUPPORTED_STABLE	STABLE_H3	MATCH		1198	False	True	True	0.005156695504543	0.006703231099258	2	False	True	True	0.0051593844833083	0.006706721236263	2	False	True	True	0.0051603368876798	0.0067079574078469	2	False	True	True	0.0052920624520949	0.0069766104969084	2
R7B1_001143	14	B4GALT4	CD4_ET	H3_RESCUE_FALSIFICATION	H3_DISTINCT_SIGNAL	ABF_H3_DOMINANT	H3_SUPPORTED_STABLE	STABLE_H3	MATCH		1334	False	True	True	0.0041128717438353	0.0047111911636431	1	False	True	True	0.0041153587322067	0.0047145038357089	1	False	True	True	0.0041156518366915	0.0047148842712088	1	False	True	True	0.004864841985627	0.0059666096401546	1
R7B1_001144	14	B4GALT4	CD4_NC	H3_RESCUE_FALSIFICATION	H3_DISTINCT_SIGNAL	ABF_H3_DOMINANT	H3_SUPPORTED_STABLE	STABLE_H3	MATCH		1334	False	True	True	8.89282517092479e-14	8.89282517092969e-14	1	False	True	True	8.89277797862531e-14	8.89277797863021e-14	1	False	True	True	8.89275826281805e-14	8.89275826282295e-14	1	False	True	True	4.66953601686235e-14	4.6695360168634e-14	1
R7B1_001146	14	B4GALT4	CD8_ET	H3_RESCUE_FALSIFICATION	H3_DISTINCT_SIGNAL	ABF_H3_DOMINANT	H3_SUPPORTED_STABLE	STABLE_H3	MATCH		1334	False	True	True	3.92622704263174e-05	3.92845483585958e-05	1	False	True	True	3.8862856404473e-05	3.88849568372468e-05	1	False	True	True	3.88638610875516e-05	3.88859620916438e-05	1	False	True	True	3.60638309820166e-06	3.60653052927355e-06	1
R7B1_001147	14	B4GALT4	CD8_NC	H3_RESCUE_FALSIFICATION	H3_DISTINCT_SIGNAL	ABF_H3_DOMINANT	H3_SUPPORTED_STABLE	STABLE_H3	MATCH		1334	False	True	True	2.26646091082882e-05	2.26693620893282e-05	1	False	True	True	2.2664859815282e-05	2.26696128488964e-05	1	False	True	True	2.26649106845303e-05	2.26696637288122e-05	1	False	True	True	1.90445072994178e-08	1.90445106279141e-08	1
R7B1_001152	14	B4GALT4	NK	H3_RESCUE_FALSIFICATION	H3_DISTINCT_SIGNAL	ABF_H3_DOMINANT	H3_SUPPORTED_STABLE	STABLE_H3	MATCH		1334	False	True	True	1.78650037016709e-07	1.78650055192676e-07	1	False	True	True	1.66831528520501e-07	1.66831547223188e-07	1	False	True	True	1.67370585504803e-07	1.67370606185755e-07	1	False	True	True	8.39604740630038e-08	8.39604800824381e-08	1
R7B1_001192	15	KPNA4	CD4_NC	H3_RESCUE_FALSIFICATION	H3_DISTINCT_SIGNAL	ABF_H3_DOMINANT	H3_SUPPORTED_STABLE	STABLE_H3	MATCH		504	False	True	True	0.0129074109475775	0.0287364665553574	4	False	True	True	0.0128900221679312	0.0286582619839256	4	False	True	True	0.0128992513810103	0.0287008234216203	4	False	True	True	0.0128759417299768	0.0285880877331258	4
R7B1_001200	15	KPNA4	NK	BORDERLINE_HIGH_INFORMATION_CALIBRATION	NO_TRIGGER_OR_UNINFORMATIVE	ABF_H4_BORDERLINE	H4_SUPPORTED_STABLE	BORDERLINE_TO_H4	PF50_UNINFORMATIVE		504	True	False	True	0.991141519945491	0.994679143125516	4	True	False	True	0.991141536577852	0.994679153828184	4	True	False	True	0.991141564988304	0.99467917210986	4	False	False	False			0
R7B1_001275	16	BDH2	CD4_NC	H3_RESCUE_FALSIFICATION	H3_DISTINCT_SIGNAL	ABF_H3_DOMINANT	H3_SUPPORTED_STABLE	STABLE_H3	MATCH		569	False	True	True	2.60510072807665e-08	2.60510509608056e-08	2	False	True	True	2.60510072807665e-08	2.60510509608056e-08	2	False	True	True	2.60510072807665e-08	2.60510509608056e-08	2	False	True	True	3.78059946479051e-08	3.78060881503898e-08	2
R7B1_001287	16	MANBA	B_MEM	H3_RESCUE_FALSIFICATION	H3_DISTINCT_SIGNAL	ABF_H3_DOMINANT	H3_SUPPORTED_STABLE	STABLE_H3	MATCH		620	False	True	True	7.36853747465717e-05	7.36924380159517e-05	1	False	True	True	7.36853747465717e-05	7.36924380159517e-05	1	False	True	True	7.36853747465717e-05	7.36924380159517e-05	1	False	True	True	1.43935749633854e-05	1.43940008178882e-05	1
R7B1_001288	16	MANBA	CD4_ET	PRIMARY_184_TRIGGER_VERIFICATION	H3_H4_AMBIGUITY_TRIGGER	ABF_AMBIGUOUS	UNINFORMATIVE	AMBIGUITY_TO_UNINFORMATIVE	NOT_COMPARABLE		620	False	False	False			0	False	False	False			0	False	False	False			0	False	False	False			0
R7B1_001289	16	MANBA	CD4_NC	PRIMARY_184_TRIGGER_VERIFICATION	H3_H4_AMBIGUITY_TRIGGER	ABF_AMBIGUOUS	H4_SUPPORTED_STABLE	AMBIGUITY_TO_H4	MATCH		620	True	True	True	0.953281481208089	0.953281481208091	2	True	True	True	0.953281481208089	0.953281481208091	2	True	True	True	0.953281481208089	0.953281481208091	2	True	True	True	0.953191437766951	0.953191437766949	2
R7B1_001292	16	MANBA	CD8_NC	PRIMARY_184_TRIGGER_VERIFICATION	H3_H4_AMBIGUITY_TRIGGER	ABF_AMBIGUOUS	H3_SUPPORTED_STABLE	AMBIGUITY_TO_H3	PF10_PF50_SENSITIVE		620	False	True	True	0.102306344013907	0.102322556839004	1	False	True	True	0.0945437790569194	0.0945682387276798	1	False	True	True	0.0907720534184587	0.0908058250926753	1	False	False	True	0.234181105540324	0.234404075471497	1
R7B1_001295	16	MANBA	Mono_C	H3_RESCUE_FALSIFICATION	H3_DISTINCT_SIGNAL	ABF_H3_DOMINANT	UNINFORMATIVE	H3_TO_UNINFORMATIVE	NOT_COMPARABLE		620	False	False	False			0	False	False	False			0	False	False	False			0	False	False	False			0
R7B1_001303	16	UBE2D3	CD4_NC	PRIMARY_184_TRIGGER_VERIFICATION	H3_H4_AMBIGUITY_TRIGGER	ABF_AMBIGUOUS	MODEL_SENSITIVE	AMBIGUITY_REMAINS_MODEL_SENSITIVE	NOT_COMPARABLE		620	False	False	True	0.639851017302609	0.639851088624995	1	False	False	True	0.639851017302609	0.639851088624995	1	False	False	True	0.639851017302609	0.639851088624995	1	False	False	True	0.283630672480562	0.283630672750361	1
R7B1_001364	18	IL7R	CD4_NC	H3_RESCUE_FALSIFICATION	H3_DISTINCT_SIGNAL	ABF_H3_DOMINANT	H3_SUPPORTED_STABLE	STABLE_H3	MATCH		1104	False	True	True	3.87630750132524e-05	3.87643150962704e-05	1	False	True	True	3.87579621226961e-05	3.87592020421521e-05	1	False	True	True	3.87634785316676e-05	3.87647186275943e-05	1	False	True	True	1.1284463249150498e-11	1.1284463249151499e-11	1
R7B1_001367	18	IL7R	CD8_NC	H3_RESCUE_FALSIFICATION	H3_DISTINCT_SIGNAL	ABF_H3_DOMINANT	H3_SUPPORTED_STABLE	STABLE_H3	MATCH		1104	False	True	True	0.0238060352304834	0.024707079167702	1	False	True	True	0.0238021834642945	0.0247030852999435	1	False	True	True	0.0238063392679466	0.024707394421839	1	False	True	True	0.0003395010372004	0.0003395881944261	1
R7B1_001383	18	SPEF2	CD8_ET	H3_RESCUE_FALSIFICATION	H3_DISTINCT_SIGNAL	ABF_H3_DOMINANT	H3_SUPPORTED_STABLE	STABLE_H3	MATCH		1104	False	True	True	0.0043390412007408	0.0048534680932615	1	False	True	True	0.0047479515982224	0.0053730814272286	1	False	True	True	0.0050308644233045	0.0057383688539408	1	False	True	True	0.0066297220210425	0.0081778586168908	1
R7B1_001388	18	SPEF2	NK	H3_RESCUE_FALSIFICATION	H3_DISTINCT_SIGNAL	ABF_H3_DOMINANT	H3_SUPPORTED_STABLE	STABLE_H3	MATCH		1104	False	True	True	0.0012404106070151	0.0013060178279261	1	False	True	True	0.0012406042847185	0.0013062217361565	1	False	True	True	0.0012403953193997	0.0013060017327816	1	False	True	True	0.0001970648904494	0.0001989915289428	1
R7B1_001447	20	NDFIP1	CD4_NC	PRIMARY_184_TRIGGER_VERIFICATION	ROBUST_H4_TRIGGER	ABF_H4_DOMINANT	H4_SUPPORTED_STABLE	STABLE_H4	PF10_PF50_SENSITIVE		714	True	True	True	0.955879939948894	0.95606176120419	2	True	True	True	0.955879920833153	0.956061753282782	2	True	True	True	0.955879918830903	0.956061752452186	2	False	True	True	0.006033729151313	0.0060720920814239	2
R7B1_001461	20	RELL2	CD4_NC	H3_RESCUE_FALSIFICATION	H3_DISTINCT_SIGNAL	ABF_H3_DOMINANT	H3_SUPPORTED_STABLE	STABLE_H3	PF50_UNINFORMATIVE		702	False	True	True	0.0062086842114101	0.0073058620676752	1	False	True	True	0.0062086842114101	0.0073058620676752	1	False	True	True	0.0062086842114101	0.0073058620676752	1	False	False	False			0
R7B1_001543	21	RNF145	CD4_ET	H3_RESCUE_FALSIFICATION	H3_DISTINCT_SIGNAL	ABF_H3_DOMINANT	H3_SUPPORTED_STABLE	STABLE_H3	MATCH		938	False	True	True	0.0022218450758424	0.0023143067093314	1	False	True	True	0.0021833020049896	0.0022738677785753	1	False	True	True	0.0021686881452025	0.002258667044866	1	False	True	True	0.0007658460916651	0.0007767174910213	1
R7B1_001544	21	RNF145	CD4_NC	H3_RESCUE_FALSIFICATION	H3_DISTINCT_SIGNAL	ABF_H3_DOMINANT	H3_SUPPORTED_STABLE	STABLE_H3	MATCH		938	False	True	True	1.62854429976927e-05	1.62854611942006e-05	1	False	True	True	1.09363766551287e-05	1.09363874484288e-05	1	False	True	True	8.42240885905953e-06	8.42241693307674e-06	1	False	True	True	3.60503431531488e-06	3.6050372345733e-06	1
R7B1_001547	21	RNF145	CD8_NC	H3_RESCUE_FALSIFICATION	H3_DISTINCT_SIGNAL	ABF_H3_DOMINANT	H3_SUPPORTED_STABLE	STABLE_H3	PF50_UNINFORMATIVE		938	False	True	True	0.0011915242014583	0.0012471388002694	1	False	True	True	0.0008048345811787	0.0008290090747276	1	False	True	True	0.000758704707919	0.000780219204563	1	False	False	False			0
R7B1_001615	23	HEBP2	CD4_NC	H3_RESCUE_FALSIFICATION	H3_DISTINCT_SIGNAL	ABF_H3_DOMINANT	UNINFORMATIVE	H3_TO_UNINFORMATIVE	NOT_COMPARABLE		753	False	False	False			0	False	False	False			0	False	False	False			0	False	True	True	0.0001521430191728	0.0001529211317574	1
R7B1_001623	23	HEBP2	NK	H3_RESCUE_FALSIFICATION	H3_DISTINCT_SIGNAL	ABF_H3_DOMINANT	H3_SUPPORTED_STABLE	STABLE_H3	MATCH		753	False	True	True	0.0040186993218169	0.0045363820656358	1	False	True	True	0.0040187083863786	0.0045363930041632	1	False	True	True	0.0040187105724551	0.0045363956596112	1	False	True	True	0.0012475263969236	0.0013089000839697	1
R7B1_001641	23	PERP	CD4_ET	H3_RESCUE_FALSIFICATION	H3_DISTINCT_SIGNAL	ABF_H3_DOMINANT	H3_SUPPORTED_STABLE	STABLE_H3	MATCH		868	False	True	True	6.16446548310812e-05	6.18069564918418e-05	1	False	True	True	6.16473510224906e-05	6.18096665917945e-05	1	False	True	True	6.16481970686926e-05	6.18105172845848e-05	1	False	True	True	2.45290306209511e-05	2.45509615331318e-05	1
R7B1_001642	23	PERP	CD4_NC	H3_RESCUE_FALSIFICATION	H3_DISTINCT_SIGNAL	ABF_H3_DOMINANT	H3_SUPPORTED_STABLE	STABLE_H3	MATCH		868	False	True	True	2.34818928605484e-08	2.3481924290722e-08	1	False	True	True	2.54318068191481e-08	2.54318438125612e-08	1	False	True	True	2.61449900998521e-08	2.6145029277367e-08	1	False	True	True	2.40922460746902e-08	2.40922791056343e-08	1
R7B1_001688	24	CCR6	B_IN	PRIMARY_184_TRIGGER_VERIFICATION	ROBUST_H4_TRIGGER	ABF_H4_DOMINANT	H4_SUPPORTED_STABLE	STABLE_H4	MATCH		979	True	False	True	0.993496013360168	0.994256083702664	1	True	False	True	0.993850417189071	0.994359310723882	1	True	False	True	0.994068481285597	0.994433100158566	1	True	False	True	0.993677565327214	0.9943251702074	1
R7B1_001689	24	CCR6	B_MEM	PRIMARY_184_TRIGGER_VERIFICATION	ROBUST_H4_TRIGGER	ABF_H4_DOMINANT	H4_SUPPORTED_STABLE	STABLE_H4	MATCH		979	True	False	True	0.987487922652538	0.988537871865115	1	True	False	True	0.987807065554768	0.988551626122392	1	True	False	True	0.987983547425585	0.988548884619489	1	True	False	True	0.9820504015337	0.982937404716513	1
R7B1_001712	24	RNASET2	CD4_ET	H3_RESCUE_FALSIFICATION	H3_DISTINCT_SIGNAL	ABF_H3_DOMINANT	H3_SUPPORTED_STABLE	STABLE_H3	MATCH		979	False	True	True	0.0065500971064138	0.0069462262397746	1	False	True	True	0.0052126086766795	0.0054027110294464	1	False	True	True	0.0041710424079296	0.0042640362714358	1	False	True	True	0.0052837654238429	0.0054764485710435	1
R7B1_001713	24	RNASET2	CD4_NC	H3_RESCUE_FALSIFICATION	H3_DISTINCT_SIGNAL	ABF_H3_DOMINANT	H3_SUPPORTED_STABLE	STABLE_H3	MATCH		979	False	True	True	0.0072832066148064	0.0077233275566989	1	False	True	True	0.0058483616579508	0.0060615086058385	1	False	True	True	0.0047197462603151	0.0048249143255519	1	False	True	True	0.0058096115160595	0.0060213547376595	1
R7B1_001714	24	RNASET2	CD4_SOX4	H3_RESCUE_FALSIFICATION	H3_DISTINCT_SIGNAL	ABF_H3_DOMINANT	H3_SUPPORTED_STABLE	STABLE_H3	MATCH		979	False	True	True	0.0078721626888696	0.0083475752704092	1	False	True	True	0.0064118997442989	0.0066454482187784	1	False	True	True	0.0052525142799689	0.0053694899689036	1	False	True	True	0.0064383758188547	0.0066728831153731	1
R7B1_001715	24	RNASET2	CD8_ET	H3_RESCUE_FALSIFICATION	H3_DISTINCT_SIGNAL	ABF_H3_DOMINANT	H3_SUPPORTED_STABLE	STABLE_H3	MATCH		979	False	True	True	0.020693267113397	0.0401494661234811	2	False	True	True	0.0199430190762459	0.0378707093921831	2	False	True	True	0.0195762656371961	0.0366933936083649	2	False	True	True	0.0057275889152775	0.0059363604871531	1
R7B1_001716	24	RNASET2	CD8_NC	H3_RESCUE_FALSIFICATION	H3_DISTINCT_SIGNAL	ABF_H3_DOMINANT	H3_SUPPORTED_STABLE	STABLE_H3	MATCH		979	False	True	True	0.0073006997850676	0.0077418695957681	1	False	True	True	0.005863557612019	0.0060772550031733	1	False	True	True	0.0047328802227047	0.0048383395250806	1	False	True	True	0.005419854844761	0.0056174727686051	1
R7B1_001717	24	RNASET2	CD8_S100B	H3_RESCUE_FALSIFICATION	H3_DISTINCT_SIGNAL	ABF_H3_DOMINANT	H3_SUPPORTED_STABLE	STABLE_H3	MATCH		979	False	True	True	0.0303525555006372	0.0321416559469342	1	False	True	True	0.0270226311079288	0.0279857845740801	1	False	True	True	0.0239143998167567	0.0244367832725745	1	False	True	True	0.0209390072600198	0.0216901541605078	1
R7B1_001718	24	RNASET2	DC	H3_RESCUE_FALSIFICATION	H3_DISTINCT_SIGNAL	ABF_H3_DOMINANT	H3_SUPPORTED_STABLE	STABLE_H3	MATCH		979	False	True	True	0.0109429502660307	0.0116016458898257	1	False	True	True	0.0091079141303436	0.0094387306194288	1	False	True	True	0.0076138744977998	0.0077830273813785	1	False	True	True	0.0039552605464188	0.0040996966120764	1
R7B1_001720	24	RNASET2	Mono_NC	PRIMARY_184_TRIGGER_VERIFICATION	H3_H4_AMBIGUITY_TRIGGER	ABF_AMBIGUOUS	H3_SUPPORTED_STABLE	AMBIGUITY_TO_H3	MATCH		979	False	True	True	0.133959177503675	0.140996307536959	1	False	True	True	0.134686722373528	0.13896750586714	1	False	True	True	0.133781636620786	0.136396196536356	1	False	True	True	0.129031072886993	0.133154947622849	1
R7B1_001721	24	RNASET2	NK	H3_RESCUE_FALSIFICATION	H3_DISTINCT_SIGNAL	ABF_H3_DOMINANT	H3_SUPPORTED_STABLE	STABLE_H3	MATCH		979	False	True	True	0.0068975201158411	0.0073145057497905	1	False	True	True	0.0055138208522654	0.0057148452834364	1	False	True	True	0.0044309582848244	0.004529720669737	1	False	True	True	0.0055167570098352	0.0057178878734056	1
R7B1_001727	24	RPS6KA2	CD4_NC	H3_RESCUE_FALSIFICATION	H3_DISTINCT_SIGNAL	ABF_H3_DOMINANT	H3_SUPPORTED_STABLE	STABLE_H3	MATCH		979	False	True	True	0.0052322466711148	0.0055491267357683	1	False	True	True	0.0029138008485993	0.0030203237948488	1	False	True	True	0.0016831027549248	0.0017207252912646	1	False	True	True	0.0029059213726574	0.0030121539819952	1
R7B1_001770	26	AOAH	CD4_NC	H3_RESCUE_FALSIFICATION	H3_DISTINCT_SIGNAL	ABF_H3_DOMINANT	H3_SUPPORTED_STABLE	STABLE_H3	MATCH		855	False	True	True	0.003864953201671	0.0042022615689398	1	False	True	True	0.0041770073312806	0.0046435267438445	1	False	True	True	0.0043920290780736	0.0049776907069665	1	False	True	True	0.0032323315690328	0.0035278046655743	1
R7B1_001772	26	AOAH	CD8_ET	H3_RESCUE_FALSIFICATION	H3_DISTINCT_SIGNAL	ABF_H3_DOMINANT	H3_SUPPORTED_STABLE	STABLE_H3	MATCH		855	False	True	True	8.8959795219873e-05	8.90491038533878e-05	2	False	True	True	8.90487929288867e-05	8.91382716727635e-05	2	False	True	True	8.93410420580779e-05	8.94313123934069e-05	2	False	True	True	4.42140957060328e-07	4.42143146198864e-07	2
R7B1_001774	26	AOAH	CD8_S100B	PRIMARY_184_TRIGGER_VERIFICATION	H3_H4_AMBIGUITY_TRIGGER	ABF_AMBIGUOUS	UNINFORMATIVE	AMBIGUITY_TO_UNINFORMATIVE	NOT_COMPARABLE		855	False	False	False			0	False	False	False			0	False	False	False			0	False	False	False			0
R7B1_001776	26	AOAH	Mono_C	H3_RESCUE_FALSIFICATION	H3_DISTINCT_SIGNAL	ABF_H3_DOMINANT	H3_SUPPORTED_STABLE	STABLE_H3	MATCH		855	False	True	True	0.0116471791753525	0.0128478067767517	1	False	True	True	0.0116471791753525	0.0128478067767517	1	False	True	True	0.0116471791753525	0.0128478067767517	1	False	True	True	0.0081526410188349	0.0100651890547296	1
R7B1_001778	26	AOAH	NK	H3_RESCUE_FALSIFICATION	H3_DISTINCT_SIGNAL	ABF_H3_DOMINANT	H3_SUPPORTED_STABLE	STABLE_H3	MATCH		855	False	True	True	7.381489937625121e-09	7.3814910352452e-09	1	False	True	True	7.3504068814997e-09	7.3504079775507705e-09	1	False	True	True	7.3649909301835605e-09	7.364992036338761e-09	1	False	True	True	0.0033674364209258	0.0037812169662588	2
R7B1_001796	26	ELMO1	CD4_NC	H3_RESCUE_FALSIFICATION	H3_DISTINCT_SIGNAL	ABF_H3_DOMINANT	H4_SUPPORTED_STABLE	H3_TO_H4	MATCH		1230	True	True	True	0.96161385478178	0.96163778956541	2	True	True	True	0.96161385478178	0.96163778956541	2	True	True	True	0.96161385478178	0.96163778956541	2	True	True	True	0.963490059619887	0.96349010376036	2
R7B1_001810	26	EPDR1	NK	H3_RESCUE_FALSIFICATION	H3_DISTINCT_SIGNAL	ABF_H3_DOMINANT	H3_SUPPORTED_STABLE	STABLE_H3	MATCH		1139	False	True	True	3.27090396043784e-06	3.27142053885636e-06	1	False	True	True	3.27090396043784e-06	3.27142053885636e-06	1	False	True	True	3.27090396043784e-06	3.27142053885636e-06	1	False	True	True	7.19803966899057e-06	7.19973289483832e-06	1
R7B1_001819	26	NME8	NK	H3_RESCUE_FALSIFICATION	H3_DISTINCT_SIGNAL	ABF_H3_DOMINANT	H3_SUPPORTED_STABLE	STABLE_H3	MATCH		1061	False	True	True	0.0016113721665174	0.0016907115900784	1	False	True	True	0.0016113721665174	0.0016907115900784	1	False	True	True	0.0016113721665174	0.0016907115900784	1	False	True	True	7.42269760069219e-05	7.44613530446106e-05	1
R7B1_001879	27	IMPDH1	CD8_ET	H3_RESCUE_FALSIFICATION	H3_DISTINCT_SIGNAL	ABF_H3_DOMINANT	H3_SUPPORTED_STABLE	STABLE_H3	MATCH		694	False	True	True	0.000585148564979	0.0005963441003205	2	False	True	True	0.0005856159397728	0.000596820411972	2	False	True	True	0.0005858049795771	0.0005970130664784	2	False	True	True	0.0002435757150627	0.0002462784693233	2
R7B1_001885	27	IMPDH1	NK	H3_RESCUE_FALSIFICATION	H3_DISTINCT_SIGNAL	ABF_H3_DOMINANT	H3_SUPPORTED_STABLE	STABLE_H3	MATCH		694	False	True	True	6.8258716951317e-08	6.82588803223043e-08	2	False	True	True	6.85217315555849e-08	6.85218958957731e-08	2	False	True	True	6.85511701258008e-08	6.85513345394419e-08	2	False	True	True	4.9264785276436e-09	4.92647898355232e-09	2
R7B1_001898	27	IRF5	NK	H3_RESCUE_FALSIFICATION	H3_DISTINCT_SIGNAL	ABF_H3_DOMINANT	H3_SUPPORTED_STABLE	STABLE_H3	MATCH		788	False	True	True	0.251393769853314	0.253397337891523	2	False	True	True	0.253582780152393	0.255635811621061	2	False	True	True	0.254092660876482	0.256174369856486	2	False	True	True	0.493703719265358	0.509981625080439	2
R7B1_001928	27	METTL2B	CD4_NC	H3_RESCUE_FALSIFICATION	H3_DISTINCT_SIGNAL	ABF_H3_DOMINANT	UNINFORMATIVE	H3_TO_UNINFORMATIVE	NOT_COMPARABLE		743	False	False	False			0	False	False	False			0	False	False	False			0	False	False	False			0
R7B1_001931	27	METTL2B	CD8_NC	H3_RESCUE_FALSIFICATION	H3_DISTINCT_SIGNAL	ABF_H3_DOMINANT	UNINFORMATIVE	H3_TO_UNINFORMATIVE	NOT_COMPARABLE		743	False	False	False			0	False	False	False			0	False	False	False			0	False	False	False			0
R7B1_001956	27	RP11-212P7.2	CD4_NC	H3_RESCUE_FALSIFICATION	H3_DISTINCT_SIGNAL	ABF_H3_DOMINANT	H3_SUPPORTED_STABLE	STABLE_H3	MATCH		758	False	True	True	7.29724607201872e-05	7.31632139278749e-05	2	False	True	True	7.27776431976752e-05	7.29678871809498e-05	2	False	True	True	7.27490831644722e-05	7.29392524959938e-05	2	False	True	True	0.0006668326790663	0.0006737452196612	2
R7B1_001964	27	RP11-212P7.2	NK	H3_RESCUE_FALSIFICATION	H3_DISTINCT_SIGNAL	ABF_H3_DOMINANT	H3_SUPPORTED_STABLE	STABLE_H3	MATCH		758	False	True	True	0.0068829306126842	0.0078577600811511	2	False	True	True	0.0068829676125371	0.0078578022798725	2	False	True	True	0.0068829905282331	0.0078578284154644	2	False	True	True	0.0038318177421958	0.0041064041529028	2
R7B1_001969	27	RP11-274B21.10	CD4_NC	H3_RESCUE_FALSIFICATION	H3_DISTINCT_SIGNAL	ABF_H3_DOMINANT	H3_SUPPORTED_STABLE	STABLE_H3	MATCH		788	False	True	True	8.21400621632459e-15	8.21400621632855e-15	2	False	True	True	8.727812083727561e-15	8.727812083730831e-15	2	False	True	True	9.39290638366524e-15	9.392906383669161e-15	2	False	True	True	4.6342727805380905e-15	4.63427278053913e-15	2
R7B1_001976	27	RP11-448A19.1	CD4_NC	H3_RESCUE_FALSIFICATION	H3_DISTINCT_SIGNAL	ABF_H3_DOMINANT	H3_SUPPORTED_STABLE	STABLE_H3	MATCH		665	False	True	True	1.38167550027756e-07	1.38168747512378e-07	2	False	True	True	1.38099972084701e-07	1.38101168983624e-07	2	False	True	True	1.38066719950548e-07	1.38067916561276e-07	2	False	True	True	6.04598531504729e-07	6.04620629704115e-07	2
R7B1_001977	27	RP11-448A19.1	CD8_ET	H3_RESCUE_FALSIFICATION	H3_DISTINCT_SIGNAL	ABF_H3_DOMINANT	H3_SUPPORTED_STABLE	STABLE_H3	MATCH		665	False	True	True	2.22572285990127e-06	2.22583424506516e-06	2	False	True	True	2.20579781201487e-06	2.20592687242249e-06	2	False	True	True	2.21737340667839e-06	2.21752018729291e-06	2	False	True	True	1.12431948399752e-05	1.12462980897643e-05	2
R7B1_001983	27	RP11-448A19.1	NK	H3_RESCUE_FALSIFICATION	H3_DISTINCT_SIGNAL	ABF_H3_DOMINANT	H3_SUPPORTED_STABLE	STABLE_H3	MATCH		665	False	True	True	1.43290709021686e-12	1.43290709038111e-12	2	False	True	True	1.4303920446031699e-12	1.4303920447670599e-12	2	False	True	True	1.4294086072147398e-12	1.42940860737849e-12	2	False	True	True	6.35717724080709e-11	6.35717726946395e-11	2
R7B1_002040	28	C7orf55	CD4_NC	H3_RESCUE_FALSIFICATION	H3_DISTINCT_SIGNAL	ABF_H3_DOMINANT	H3_SUPPORTED_STABLE	STABLE_H3	MATCH		648	False	True	True	0.0001703784522144	0.0001714874265022	1	False	True	True	0.0001704596517076	0.0001715705807965	1	False	True	True	0.0001704596600627	0.0001715705893443	1	False	True	True	0.0001673856012967	0.0001684558355863	1
R7B1_002124	28	ZC3HAV1	B_IN	PRIMARY_184_TRIGGER_VERIFICATION	ROBUST_H4_TRIGGER	ABF_H4_DOMINANT	H4_SUPPORTED_STABLE	STABLE_H4	MATCH		648	True	False	True	0.971710561372583	0.971884314661093	1	True	False	True	0.971709424155072	0.971883419060818	1	True	False	True	0.971709424043082	0.971883418972258	1	True	False	True	0.968402620411384	0.968595603006105	1
R7B1_002125	28	ZC3HAV1	B_MEM	PRIMARY_184_TRIGGER_VERIFICATION	ROBUST_H4_TRIGGER	ABF_H4_DOMINANT	H4_SUPPORTED_STABLE	STABLE_H4	MATCH		648	True	False	True	0.970819206938641	0.970998091602929	1	True	False	True	0.970818387858373	0.970997519231839	1	True	False	True	0.970818387776679	0.97099751917407	1	True	False	True	0.954450456107222	0.954722090499121	1
R7B1_002126	28	ZC3HAV1	CD4_ET	PRIMARY_184_TRIGGER_VERIFICATION	ROBUST_H4_TRIGGER	ABF_H4_DOMINANT	H4_SUPPORTED_STABLE	STABLE_H4	MATCH		648	True	False	True	0.974212649501358	0.974371966948169	1	True	False	True	0.974211768884276	0.974371306963526	1	True	False	True	0.974211768796932	0.97437130689758	1	True	True	True	0.972963597575725	0.973130356244065	2
R7B1_002127	28	ZC3HAV1	CD4_NC	PRIMARY_184_TRIGGER_VERIFICATION	ROBUST_H4_TRIGGER	ABF_H4_DOMINANT	H4_SUPPORTED_STABLE	STABLE_H4	MATCH		648	True	True	True	0.912501690692105	0.912994865392798	2	True	True	True	0.912505823970062	0.912999645270205	2	True	True	True	0.912505824367101	0.912999645729937	2	True	True	True	0.912382717787167	0.912877159703246	2
R7B1_002128	28	ZC3HAV1	CD4_SOX4	PRIMARY_184_TRIGGER_VERIFICATION	ROBUST_H4_TRIGGER	ABF_H4_DOMINANT	UNINFORMATIVE	H4_TO_UNINFORMATIVE	NOT_COMPARABLE		648	False	False	False			0	False	False	False			0	False	False	False			0	False	False	False			0
R7B1_002129	28	ZC3HAV1	CD8_ET	PRIMARY_184_TRIGGER_VERIFICATION	ROBUST_H4_TRIGGER	ABF_H4_DOMINANT	H4_SUPPORTED_STABLE	STABLE_H4	MATCH		648	True	False	True	0.956331573874681	0.956592387257164	1	True	False	True	0.956331132582876	0.956592301303681	1	True	False	True	0.956331132537253	0.956592301292521	1	True	False	True	0.974250146764858	0.974409462530501	1
R7B1_002130	28	ZC3HAV1	CD8_NC	PRIMARY_184_TRIGGER_VERIFICATION	ROBUST_H4_TRIGGER	ABF_H4_DOMINANT	H4_SUPPORTED_STABLE	STABLE_H4	MATCH		648	True	True	True	0.919896044634339	0.920351655172951	2	True	True	True	0.919898399189142	0.920354614218296	2	True	True	True	0.919898399413924	0.920354614501682	2	True	True	True	0.96328526533633	0.963507369771768	2
R7B1_002131	28	ZC3HAV1	CD8_S100B	PRIMARY_184_TRIGGER_VERIFICATION	ROBUST_H4_TRIGGER	ABF_H4_DOMINANT	H4_SUPPORTED_STABLE	STABLE_H4	MATCH		648	True	False	True	0.968680323935128	0.96887145847756	1	True	False	True	0.968679043628398	0.96887044408465	1	True	False	True	0.9686790435026	0.968870443984635	1	True	False	True	0.97049640657589	0.97067738207106	1
R7B1_002132	28	ZC3HAV1	DC	PRIMARY_184_TRIGGER_VERIFICATION	ROBUST_H4_TRIGGER	ABF_H4_DOMINANT	H4_SUPPORTED_STABLE	STABLE_H4	MATCH		648	True	False	True	0.952489261078949	0.952943026684563	1	True	False	True	0.952488910214557	0.952943059358711	1	True	False	True	0.952488910178168	0.952943059359519	1	True	False	True	0.949302573550014	0.949607233765864	1
R7B1_002135	28	ZC3HAV1	NK	PRIMARY_184_TRIGGER_VERIFICATION	ROBUST_H4_TRIGGER	ABF_H4_DOMINANT	H4_SUPPORTED_STABLE	STABLE_H4	MATCH		648	True	False	True	0.964411069641492	0.964626503199039	1	True	False	True	0.96442041563804	0.964636087636829	1	True	False	True	0.964427322622371	0.964642955462373	1	True	False	True	0.957505151531659	0.95775976654821	1
R7B1_002136	28	ZC3HAV1	NK_R	PRIMARY_184_TRIGGER_VERIFICATION	ROBUST_H4_TRIGGER	ABF_H4_DOMINANT	H4_SUPPORTED_STABLE	STABLE_H4	MATCH		648	True	False	True	0.921648113590893	0.9272510853367	1	True	False	True	0.92165054420039	0.927249719177697	1	True	False	True	0.921652239243934	0.927249850508657	1	True	False	True	0.916021750410605	0.924974744897916	1
R7B1_002144	30	ANP32B	CD4_ET	PRIMARY_184_TRIGGER_VERIFICATION	ROBUST_H4_TRIGGER	ABF_H4_DOMINANT	UNINFORMATIVE	H4_TO_UNINFORMATIVE	NOT_COMPARABLE		1084	False	False	False			0	False	False	False			0	False	False	False			0	False	False	False			0
R7B1_002145	30	ANP32B	CD4_NC	PRIMARY_184_TRIGGER_VERIFICATION	H3_H4_AMBIGUITY_TRIGGER	ABF_AMBIGUOUS	MODEL_SENSITIVE	AMBIGUITY_REMAINS_MODEL_SENSITIVE	NOT_COMPARABLE		1084	False	False	True	0.579341002168585	0.614074528099198	1	False	False	True	0.579335915751049	0.614069470555931	1	False	False	True	0.579358788760028	0.614091646153549	1	False	True	True	0.0071878225755699	0.0071929392138593	1
R7B1_002147	30	ANP32B	CD8_ET	PRIMARY_184_TRIGGER_VERIFICATION	ROBUST_H4_TRIGGER	ABF_H4_DOMINANT	H4_SUPPORTED_STABLE	STABLE_H4	MATCH		1084	True	False	True	0.992440462435978	0.995382769965627	1	True	False	True	0.992440054625785	0.995382498933008	1	True	False	True	0.992440964471411	0.995383096144634	1	True	False	True	0.99432944068648	0.994651677780109	1
R7B1_002148	30	ANP32B	CD8_NC	PRIMARY_184_TRIGGER_VERIFICATION	ROBUST_H4_TRIGGER	ABF_H4_DOMINANT	H4_SUPPORTED_STABLE	STABLE_H4	PF50_UNINFORMATIVE		1084	True	False	True	0.994516076859012	0.995953570117224	1	True	False	True	0.994530300137325	0.995960898627493	1	True	False	True	0.994548994244079	0.99596682451202	1	False	False	False			0
R7B1_002156	30	C9orf156	B_IN	H3_RESCUE_FALSIFICATION	H3_DISTINCT_SIGNAL	ABF_H3_DOMINANT	H3_SUPPORTED_STABLE	STABLE_H3	MATCH		1084	False	True	True	8.34919248367317e-06	8.34926588241257e-06	1	False	True	True	6.53597305462364e-06	6.53602747666766e-06	1	False	True	True	5.58609968761578e-06	5.58614451535689e-06	1	False	True	True	8.28879497220804e-06	8.28886398907376e-06	1
R7B1_002157	30	C9orf156	B_MEM	H3_RESCUE_FALSIFICATION	H3_DISTINCT_SIGNAL	ABF_H3_DOMINANT	H3_SUPPORTED_STABLE	STABLE_H3	MATCH		1084	False	True	True	0.0011438903128284	0.0011655502703929	1	False	True	True	0.0011415503140146	0.0011631654746697	1	False	True	True	0.0011403664164725	0.0011619588360505	1	False	True	True	0.0003439373465907	0.0003454439051813	1
R7B1_002158	30	C9orf156	CD4_ET	H3_RESCUE_FALSIFICATION	H3_DISTINCT_SIGNAL	ABF_H3_DOMINANT	UNINFORMATIVE	H3_TO_UNINFORMATIVE	NOT_COMPARABLE		1084	False	False	False			0	False	False	False			0	False	False	False			0	False	False	False			0
R7B1_002159	30	C9orf156	CD4_NC	H3_RESCUE_FALSIFICATION	H3_DISTINCT_SIGNAL	ABF_H3_DOMINANT	H3_SUPPORTED_STABLE	STABLE_H3	MATCH		1084	False	True	True	9.21115951712915e-06	9.21124049345295e-06	1	False	True	True	7.19969496335492e-06	7.19975491186648e-06	1	False	True	True	6.14501262450636e-06	6.14506193742532e-06	1	False	True	True	6.69159231531434e-06	6.69164803311972e-06	1
R7B1_002161	30	C9orf156	CD8_ET	H3_RESCUE_FALSIFICATION	H3_DISTINCT_SIGNAL	ABF_H3_DOMINANT	H3_SUPPORTED_STABLE	STABLE_H3	MATCH		1084	False	True	True	1.08190023056457e-05	1.08190974165931e-05	1	False	True	True	8.41323962994142e-06	8.4133096830308e-06	1	False	True	True	7.16016549742515e-06	7.1602229567889e-06	1	False	True	True	8.56132594573632e-06	8.56139723955809e-06	1
R7B1_002162	30	C9orf156	CD8_NC	H3_RESCUE_FALSIFICATION	H3_DISTINCT_SIGNAL	ABF_H3_DOMINANT	H3_SUPPORTED_STABLE	STABLE_H3	MATCH		1084	False	True	True	1.16728765887799e-05	1.1672979238552e-05	1	False	True	True	9.06394215503298e-06	9.06401765133866e-06	1	False	True	True	7.70666930268321e-06	7.70673116903483e-06	1	False	True	True	9.02450908817925e-06	9.02458423155832e-06	1
R7B1_002163	30	C9orf156	CD8_S100B	H3_RESCUE_FALSIFICATION	H3_DISTINCT_SIGNAL	ABF_H3_DOMINANT	MODEL_SENSITIVE	H3_TO_MODEL_SENSITIVE	NOT_COMPARABLE		1084	False	True	True	0.0261256909273849	0.0313821907587324	1	False	False	True	0.0303051002106758	0.0376462150135601	1	False	False	False	0.0339023167468398	0.0433708798551155	1	False	True	True	0.0032125027938869	0.0032729711660187	1
R7B1_002167	30	C9orf156	NK	H3_RESCUE_FALSIFICATION	H3_DISTINCT_SIGNAL	ABF_H3_DOMINANT	H3_SUPPORTED_STABLE	STABLE_H3	MATCH		1084	False	True	True	1.15686022104111e-05	1.15687039110396e-05	1	False	True	True	8.9855974840611e-06	8.98567230282281e-06	1	False	True	True	7.64150966605333e-06	7.64157098807642e-06	1	False	True	True	9.05696527670181e-06	9.05704068970048e-06	1
R7B1_002183	30	NANS	CD4_NC	PRIMARY_184_TRIGGER_VERIFICATION	H3_H4_AMBIGUITY_TRIGGER	ABF_AMBIGUOUS	UNINFORMATIVE	AMBIGUITY_TO_UNINFORMATIVE	NOT_COMPARABLE		1084	False	False	False			0	False	False	False			0	False	False	False			0	False	False	False			0
R7B1_002217	30	TMOD1	B_MEM	H3_RESCUE_FALSIFICATION	H3_DISTINCT_SIGNAL	ABF_H3_DOMINANT	UNINFORMATIVE	H3_TO_UNINFORMATIVE	NOT_COMPARABLE		1067	False	False	False			0	False	False	False			0	False	False	False			0	False	False	False			0
R7B1_002218	30	TMOD1	CD4_ET	H3_RESCUE_FALSIFICATION	H3_DISTINCT_SIGNAL	ABF_H3_DOMINANT	H3_SUPPORTED_STABLE	STABLE_H3	MATCH		1067	False	True	True	5.51758684554164e-06	5.51919368285677e-06	1	False	True	True	5.48730428865996e-06	5.48889982237148e-06	1	False	True	True	5.46818361319448e-06	5.46977189818417e-06	1	False	True	True	1.18326585810848e-05	1.18402424161756e-05	1
R7B1_002219	30	TMOD1	CD4_NC	H3_RESCUE_FALSIFICATION	H3_DISTINCT_SIGNAL	ABF_H3_DOMINANT	H3_SUPPORTED_STABLE	STABLE_H3	MATCH		1067	False	True	True	1.39837223110783e-07	1.39838448388679e-07	1	False	True	True	1.3289326244076e-07	1.32894366715067e-07	1	False	True	True	1.28176122443632e-07	1.28177147939592e-07	1	False	True	True	1.32724929358713e-07	1.32726032234259e-07	1
R7B1_002220	30	TMOD1	CD8_ET	H3_RESCUE_FALSIFICATION	H3_DISTINCT_SIGNAL	ABF_H3_DOMINANT	H3_SUPPORTED_STABLE	STABLE_H3	PF50_UNINFORMATIVE		1067	False	True	True	0.00289176583495	0.0029539936741947	1	False	True	True	0.0028915798628345	0.0029538023787938	1	False	True	True	0.002891790213334	0.0029540163328137	1	False	False	False			0
R7B1_002221	30	TMOD1	CD8_NC	H3_RESCUE_FALSIFICATION	H3_DISTINCT_SIGNAL	ABF_H3_DOMINANT	H3_SUPPORTED_STABLE	STABLE_H3	MATCH		1067	False	True	True	0.0002469217989687	0.0002491433067899	1	False	True	True	0.0002468887108972	0.000249109808365	1	False	True	True	0.0002468175716111	0.0002490379523599	1	False	True	True	9.82385668799869e-05	9.86107533009783e-05	1
R7B1_002223	30	TMOD1	NK	H3_RESCUE_FALSIFICATION	H3_DISTINCT_SIGNAL	ABF_H3_DOMINANT	H3_SUPPORTED_STABLE	STABLE_H3	MATCH		1067	False	True	True	1.39293006639113e-07	1.39294231014159e-07	1	False	True	True	1.32253780664095e-07	1.32254883294953e-07	1	False	True	True	1.27478368773144e-07	1.27479392224387e-07	1	False	True	True	1.29940467531184e-07	1.29941547327755e-07	1
R7B1_002227	30	TRIM14	CD4_NC	PRIMARY_184_TRIGGER_VERIFICATION	ROBUST_H4_TRIGGER	ABF_H4_DOMINANT	UNINFORMATIVE	H4_TO_UNINFORMATIVE	NOT_COMPARABLE		1084	False	False	False			0	False	False	False			0	False	False	False			0	True	False	True	0.987007934708045	0.990844511970287	1
R7B1_002289	31	TNFSF8	CD4_NC	PRIMARY_184_TRIGGER_VERIFICATION	H3_H4_AMBIGUITY_TRIGGER	ABF_AMBIGUOUS	MODEL_SENSITIVE	AMBIGUITY_REMAINS_MODEL_SENSITIVE	NOT_COMPARABLE		1091	False	False	True	0.263215115785632	0.321622053717676	1	False	False	True	0.267932428317161	0.32653051806013	1	False	False	True	0.267583878501683	0.326203406832252	1	False	False	True	0.40354487890341	0.469657189358683	1
R7B1_002291	31	TNFSF8	CD8_ET	PRIMARY_184_TRIGGER_VERIFICATION	ROBUST_H4_TRIGGER	ABF_H4_DOMINANT	UNINFORMATIVE	H4_TO_UNINFORMATIVE	NOT_COMPARABLE		1091	False	False	False			0	False	False	False			0	False	False	False			0	False	False	False			0
R7B1_002292	31	TNFSF8	CD8_NC	PRIMARY_184_TRIGGER_VERIFICATION	H3_H4_AMBIGUITY_TRIGGER	ABF_AMBIGUOUS	MODEL_SENSITIVE	AMBIGUITY_REMAINS_MODEL_SENSITIVE	NOT_COMPARABLE		1091	False	False	True	0.229126254137376	0.281524197068948	1	False	False	True	0.233222090608592	0.285845705253861	1	False	False	True	0.23292227828704	0.285562571256631	1	False	False	True	0.279648971699691	0.337066721884856	1
R7B1_002307	32	C10orf128	B_MEM	H3_RESCUE_FALSIFICATION	H3_DISTINCT_SIGNAL	ABF_H3_DOMINANT	H3_SUPPORTED_STABLE	STABLE_H3	MATCH		1283	False	True	True	3.50540260434242e-07	3.50548002260457e-07	1	False	True	True	3.44953009684636e-07	3.44960503076142e-07	1	False	True	True	3.41617398611987e-07	3.41624744346061e-07	1	False	True	True	4.04977108393641e-07	4.04986112288803e-07	1
R7B1_002308	32	C10orf128	CD4_ET	H3_RESCUE_FALSIFICATION	H3_DISTINCT_SIGNAL	ABF_H3_DOMINANT	H3_SUPPORTED_STABLE	STABLE_H3	MATCH		1283	False	True	True	3.04573239328341e-07	3.04579408734892e-07	1	False	True	True	2.99217153788213e-07	2.99223108219077e-07	1	False	True	True	2.95929451792715e-07	2.95935276063795e-07	1	False	True	True	2.99195191411563e-07	2.99201145363005e-07	1
R7B1_002309	32	C10orf128	CD4_NC	H3_RESCUE_FALSIFICATION	H3_DISTINCT_SIGNAL	ABF_H3_DOMINANT	H3_SUPPORTED_STABLE	STABLE_H3	MATCH		1283	False	True	True	0.0058121772460139	0.0072087965304538	2	False	True	True	0.0058122143867362	0.0072088399842371	2	False	True	True	0.005812240131186	0.0072088703044979	2	False	True	True	2.9927274792719e-07	2.99278703421338e-07	1
R7B1_002310	32	C10orf128	CD8_ET	H3_RESCUE_FALSIFICATION	H3_DISTINCT_SIGNAL	ABF_H3_DOMINANT	H3_SUPPORTED_STABLE	STABLE_H3	MATCH		1283	False	True	True	5.7611336088854e-07	5.76125030499982e-07	2	False	True	True	5.67996523949598e-07	5.68007827013797e-07	2	False	True	True	5.63021716446898e-07	5.63032797352358e-07	2	False	True	True	5.23366231063488e-07	5.2337664599051e-07	2
R7B1_002311	32	C10orf128	CD8_NC	H3_RESCUE_FALSIFICATION	H3_DISTINCT_SIGNAL	ABF_H3_DOMINANT	H3_SUPPORTED_STABLE	STABLE_H3	MATCH		1283	False	True	True	5.65833928697686e-07	5.65845498680147e-07	2	False	True	True	5.57866089790772e-07	5.5787729832006e-07	2	False	True	True	5.52982636150339e-07	5.52993625597663e-07	2	False	True	True	5.13351930767918e-07	5.13362154439861e-07	2
R7B1_002312	32	C10orf128	CD8_S100B	H3_RESCUE_FALSIFICATION	H3_DISTINCT_SIGNAL	ABF_H3_DOMINANT	H3_SUPPORTED_STABLE	STABLE_H3	MATCH		1283	False	True	True	3.28468823719842e-07	3.28475477106031e-07	1	False	True	True	3.23054222294718e-07	3.23060651037735e-07	1	False	True	True	3.19733207218344e-07	3.19739499932065e-07	1	False	True	True	0.0063987864491973	0.0082155524021258	2
R7B1_002316	32	C10orf128	NK	H3_RESCUE_FALSIFICATION	H3_DISTINCT_SIGNAL	ABF_H3_DOMINANT	H3_SUPPORTED_STABLE	STABLE_H3	MATCH		1283	False	True	True	5.57862135691768e-07	5.57873435611004e-07	1	False	True	True	5.49964554665999e-07	5.49975498896269e-07	1	False	True	True	5.45124078732388e-07	5.451348073922e-07	1	False	True	True	5.78478159856446e-07	5.78489671503796e-07	1
R7B1_002360	33	AP2A2	CD4_NC	H3_RESCUE_FALSIFICATION	H3_DISTINCT_SIGNAL	ABF_H3_DOMINANT	H3_SUPPORTED_STABLE	STABLE_H3	MATCH		542	False	True	True	0.0016250561945724	0.0016397848623933	1	False	True	True	0.0016238428387114	0.0016385245645901	1	False	True	True	0.0016230319810917	0.0016376663894568	1	False	True	True	0.000206140583862	0.0002066782074493	1
R7B1_002362	33	AP2A2	CD8_ET	H3_RESCUE_FALSIFICATION	H3_DISTINCT_SIGNAL	ABF_H3_DOMINANT	H3_SUPPORTED_STABLE	STABLE_H3	MATCH		542	False	True	True	0.0012255130657901	0.001276965407055	1	False	True	True	0.0012604235141526	0.0013151503579194	1	False	True	True	0.0012864084205166	0.001343581169652	1	False	True	True	0.003389941112223	0.003695880176429	1
R7B1_002368	33	AP2A2	NK	H3_RESCUE_FALSIFICATION	H3_DISTINCT_SIGNAL	ABF_H3_DOMINANT	H3_SUPPORTED_STABLE	STABLE_H3	MATCH		542	False	True	True	3.12684731725654e-05	3.12940578116321e-05	1	False	True	True	2.69756154737637e-05	2.69970941906459e-05	1	False	True	True	2.46742948922652e-05	2.46933371981853e-05	1	False	True	True	2.687827958309e-05	2.68996808005781e-05	1
R7B1_002373	33	ATHL1	CD4_ET	H3_RESCUE_FALSIFICATION	H3_DISTINCT_SIGNAL	ABF_H3_DOMINANT	UNINFORMATIVE	H3_TO_UNINFORMATIVE	NOT_COMPARABLE		542	False	False	False			0	False	False	False			0	False	False	False			0	False	False	False			0
R7B1_002374	33	ATHL1	CD4_NC	H3_RESCUE_FALSIFICATION	H3_DISTINCT_SIGNAL	ABF_H3_DOMINANT	H3_SUPPORTED_STABLE	STABLE_H3	MATCH		542	False	True	True	4.25072351379633e-05	4.25420152195513e-05	1	False	True	True	4.0240264779727e-05	4.02723047453244e-05	1	False	True	True	3.8310773402061e-05	3.83403392123191e-05	1	False	True	True	4.0240264779727e-05	4.02723047453244e-05	1
R7B1_002376	33	ATHL1	CD8_ET	H3_RESCUE_FALSIFICATION	H3_DISTINCT_SIGNAL	ABF_H3_DOMINANT	H3_SUPPORTED_STABLE	STABLE_H3	MATCH		542	False	True	True	4.2507235137963e-05	4.25420152195507e-05	1	False	True	True	4.02402647797272e-05	4.02723047453244e-05	1	False	True	True	3.83107734020608e-05	3.83403392123186e-05	1	False	True	True	4.0240264779727e-05	4.02723047453241e-05	1
R7B1_002377	33	ATHL1	CD8_NC	H3_RESCUE_FALSIFICATION	H3_DISTINCT_SIGNAL	ABF_H3_DOMINANT	H3_SUPPORTED_STABLE	STABLE_H3	MATCH		542	False	True	True	4.25072356217885e-05	4.25420157039573e-05	1	False	True	True	4.02402652635775e-05	4.02723052297355e-05	1	False	True	True	3.83107738859358e-05	3.8340339696734e-05	1	False	True	True	4.0240265136921e-05	4.02723051029006e-05	1
R7B1_002378	33	ATHL1	CD8_S100B	H3_RESCUE_FALSIFICATION	H3_DISTINCT_SIGNAL	ABF_H3_DOMINANT	H3_SUPPORTED_STABLE	STABLE_H3	MATCH		542	False	True	True	0.003546485181458	0.0042531813419447	1	False	True	True	0.0035419268755227	0.0042469998771196	1	False	True	True	0.0035401245570142	0.0042446690185948	1	False	True	True	0.0025561665044568	0.0027118207476523	1
R7B1_002382	33	ATHL1	NK	H3_RESCUE_FALSIFICATION	H3_DISTINCT_SIGNAL	ABF_H3_DOMINANT	H3_SUPPORTED_STABLE	STABLE_H3	MATCH		542	False	True	True	4.25072351379633e-05	4.25420152195513e-05	1	False	True	True	4.0240264779727e-05	4.02723047453244e-05	1	False	True	True	3.8310773402061e-05	3.83403392123191e-05	1	False	True	True	4.0240264779727e-05	4.02723047453244e-05	1
R7B1_002401	33	CD151	CD4_ET	H3_RESCUE_FALSIFICATION	H3_DISTINCT_SIGNAL	ABF_H3_DOMINANT	H3_SUPPORTED_STABLE	STABLE_H3	MATCH		542	False	True	True	1.68067371326834e-05	1.68204890264739e-05	1	False	True	True	1.5866143115732e-05	1.58787763157186e-05	1	False	True	True	1.51943036677392e-05	1.52060299385704e-05	1	False	True	True	1.59352991866785e-05	1.59479874630114e-05	1
R7B1_002402	33	CD151	CD4_NC	H3_RESCUE_FALSIFICATION	H3_DISTINCT_SIGNAL	ABF_H3_DOMINANT	H3_SUPPORTED_STABLE	STABLE_H3	MATCH		542	False	True	True	0.0001792540414042	0.0001803151668853	2	False	True	True	0.0001584321057629	0.0001593174724766	2	False	True	True	0.0001476769454928	0.0001484682548843	2	False	True	True	0.0003995413067353	0.0004065644299254	2
R7B1_002404	33	CD151	CD8_ET	H3_RESCUE_FALSIFICATION	H3_DISTINCT_SIGNAL	ABF_H3_DOMINANT	H3_SUPPORTED_STABLE	STABLE_H3	MATCH		542	False	True	True	0.0043863927282023	0.0055297430384367	2	False	True	True	0.004384633472466	0.0055274069163744	2	False	True	True	0.004383240150424	0.0055255180342391	2	False	True	True	0.0138220821486416	0.032749726150171	3
R7B1_002405	33	CD151	CD8_NC	H3_RESCUE_FALSIFICATION	H3_DISTINCT_SIGNAL	ABF_H3_DOMINANT	H3_SUPPORTED_STABLE	STABLE_H3	MATCH		542	False	True	True	0.0015231246128567	0.0016337640445238	2	False	True	True	0.0015088175245528	0.0016183875678589	2	False	True	True	0.0015023211657369	0.0016113809350915	2	False	True	True	0.0078131308773496	0.0124583412181876	2
R7B1_002406	33	CD151	CD8_S100B	H3_RESCUE_FALSIFICATION	H3_DISTINCT_SIGNAL	ABF_H3_DOMINANT	H3_SUPPORTED_STABLE	STABLE_H3	MATCH		542	False	True	True	0.0001868080486973	0.0001886796440664	1	False	True	True	0.0001857264132892	0.0001875830508869	1	False	True	True	0.0001849878852802	0.0001868325716532	1	False	True	True	0.0001987836621608	0.0002008995931406	1
R7B1_002407	33	CD151	DC	H3_RESCUE_FALSIFICATION	H3_DISTINCT_SIGNAL	ABF_H3_DOMINANT	H3_SUPPORTED_STABLE	STABLE_H3	MATCH		542	False	True	True	0.0007223446068731	0.0007391047885369	1	False	True	True	0.000732899847804	0.0007501758651538	1	False	True	True	0.0007407101457264	0.000758366804165	1	False	True	True	0.0003499971507856	0.0003547512134889	1
R7B1_002408	33	CD151	Mono_C	H3_RESCUE_FALSIFICATION	H3_DISTINCT_SIGNAL	ABF_H3_DOMINANT	H3_SUPPORTED_STABLE	STABLE_H3	MATCH		542	False	True	True	2.81528419937862e-05	2.81758774180274e-05	1	False	True	True	2.59394588595074e-05	2.59601125817793e-05	1	False	True	True	2.46359050310772e-05	2.46549177104779e-05	1	False	True	True	2.62589770419632e-05	2.62798851668646e-05	1
R7B1_002409	33	CD151	Mono_NC	H3_RESCUE_FALSIFICATION	H3_DISTINCT_SIGNAL	ABF_H3_DOMINANT	H3_SUPPORTED_STABLE	STABLE_H3	MATCH		542	False	True	True	2.94377568179705e-05	2.94618435636702e-05	1	False	True	True	2.70797034393251e-05	2.71012650316255e-05	1	False	True	True	2.57045473844363e-05	2.5724384763895e-05	1	False	True	True	2.70600884612626e-05	2.70816344360095e-05	1
R7B1_002410	33	CD151	NK	H3_RESCUE_FALSIFICATION	H3_DISTINCT_SIGNAL	ABF_H3_DOMINANT	H3_SUPPORTED_STABLE	STABLE_H3	MATCH		542	False	True	True	6.19149592486894e-05	6.19656277004143e-05	2	False	True	True	5.95489079679517e-05	5.95963294948401e-05	2	False	True	True	5.76343290489055e-05	5.76788148064647e-05	2	False	True	True	5.95467953119748e-05	5.95942070064817e-05	2
R7B1_002430	33	DEAF1	CD4_NC	H3_RESCUE_FALSIFICATION	H3_DISTINCT_SIGNAL	ABF_H3_DOMINANT	H3_SUPPORTED_STABLE	STABLE_H3	MATCH		542	False	True	True	1.36275902601125e-05	1.36387408886038e-05	1	False	True	True	1.32654400585107e-05	1.32760025065588e-05	1	False	True	True	1.28693305217416e-05	1.2879262502461e-05	1	False	True	True	1.32173057561382e-05	1.32278298783301e-05	1
R7B1_002433	33	DEAF1	CD8_NC	H3_RESCUE_FALSIFICATION	H3_DISTINCT_SIGNAL	ABF_H3_DOMINANT	H3_SUPPORTED_STABLE	STABLE_H3	MATCH		542	False	True	True	0.0007580117090758	0.0007773468086101	1	False	True	True	0.0007576548523263	0.0007769637886574	1	False	True	True	0.0007572844710623	0.0007765649923773	1	False	True	True	0.0006456588004208	0.000663174479466	1
R7B1_002454	33	EPS8L2	CD4_NC	H3_RESCUE_FALSIFICATION	H3_DISTINCT_SIGNAL	ABF_H3_DOMINANT	H3_SUPPORTED_STABLE	STABLE_H3	MATCH		542	False	True	True	7.86464851214645e-05	7.87108325752367e-05	1	False	True	True	7.37445210616667e-05	7.38032357047288e-05	1	False	True	True	7.14338589169936e-05	7.14889851857279e-05	1	False	True	True	7.42007798479791e-05	7.42598577332852e-05	1
R7B1_002456	33	EPS8L2	CD8_ET	H3_RESCUE_FALSIFICATION	H3_DISTINCT_SIGNAL	ABF_H3_DOMINANT	H3_SUPPORTED_STABLE	STABLE_H3	MATCH		542	False	True	True	8.83620954418166e-05	8.84355360207393e-05	1	False	True	True	8.31081908955228e-05	8.31754367519283e-05	1	False	True	True	8.08366965196671e-05	8.09001255973048e-05	1	False	True	True	0.0001005000037518	0.0001005800371892	1
R7B1_002484	33	IFITM1	CD8_ET	H3_RESCUE_FALSIFICATION	H3_DISTINCT_SIGNAL	ABF_H3_DOMINANT	H3_SUPPORTED_STABLE	STABLE_H3	MATCH		542	False	True	True	0.0133517052001696	0.0156957622821693	1	False	True	True	0.0132796433915094	0.0157079421637529	1	False	True	True	0.0132978719344175	0.0158115389191872	1	False	True	True	0.0009166099589772	0.0009339137351248	1
R7B1_002490	33	IFITM1	NK	H3_RESCUE_FALSIFICATION	H3_DISTINCT_SIGNAL	ABF_H3_DOMINANT	H3_SUPPORTED_STABLE	STABLE_H3	MATCH		542	False	True	True	1.37851489031647e-05	1.37964284505447e-05	1	False	True	True	1.33581247955736e-05	1.33687610417578e-05	1	False	True	True	1.29076435361365e-05	1.29176050847739e-05	1	False	True	True	1.33581246228844e-05	1.33687608689231e-05	1
R7B1_002495	33	IFITM2	CD4_ET	PRIMARY_184_TRIGGER_VERIFICATION	ROBUST_H4_TRIGGER	ABF_H4_DOMINANT	H4_SUPPORTED_STABLE	STABLE_H4	MATCH		542	True	False	True	0.99999916163949	0.99999997990557	2	True	False	True	0.999999185089157	0.999999981351948	2	True	False	True	0.999999210371029	0.999999982149927	2	True	True	True	0.999999185089157	0.999999981351948	2
R7B1_002496	33	IFITM2	CD4_NC	PRIMARY_184_TRIGGER_VERIFICATION	ROBUST_H4_TRIGGER	ABF_H4_DOMINANT	H4_SUPPORTED_STABLE	STABLE_H4	MATCH		542	True	True	True	0.99999916163949	0.99999997990557	2	True	True	True	0.999999185089157	0.999999981351948	2	True	True	True	0.999999210371029	0.999999982149927	2	True	True	True	0.999999185089157	0.999999981351948	2
R7B1_002498	33	IFITM2	CD8_ET	PRIMARY_184_TRIGGER_VERIFICATION	ROBUST_H4_TRIGGER	ABF_H4_DOMINANT	H4_SUPPORTED_STABLE	STABLE_H4	MATCH		542	True	True	True	0.999999161639483	0.99999997990557	2	True	True	True	0.999999185089157	0.999999981351948	2	True	True	True	0.999999210371029	0.999999982149927	2	True	True	True	0.999999185089157	0.999999981351948	2
R7B1_002499	33	IFITM2	CD8_NC	PRIMARY_184_TRIGGER_VERIFICATION	ROBUST_H4_TRIGGER	ABF_H4_DOMINANT	H4_SUPPORTED_STABLE	STABLE_H4	MATCH		542	True	False	True	0.99999916163949	0.99999997990557	2	True	False	True	0.999999185089157	0.999999981351948	2	True	False	True	0.999999210371029	0.999999982149927	2	True	True	True	0.999999185089157	0.999999981351948	3
R7B1_002500	33	IFITM2	CD8_S100B	PRIMARY_184_TRIGGER_VERIFICATION	ROBUST_H4_TRIGGER	ABF_H4_DOMINANT	H4_SUPPORTED_STABLE	STABLE_H4	MATCH		542	True	False	True	0.999999161639483	0.99999997990557	1	True	False	True	0.999999185089157	0.999999981351948	1	True	False	True	0.999999210371029	0.999999982149927	1	True	False	True	0.999999185089157	0.999999981351948	1
R7B1_002504	33	IFITM2	NK	H3_RESCUE_FALSIFICATION	H3_DISTINCT_SIGNAL	ABF_H3_DOMINANT	H4_SUPPORTED_STABLE	H3_TO_H4	MATCH		542	True	True	True	0.99999916163949	0.99999997990557	2	True	True	True	0.999999185089157	0.999999981351948	2	True	True	True	0.999999210371029	0.999999982149927	2	True	True	True	0.999999185089157	0.999999981351948	2
R7B1_002505	33	IFITM2	NK_R	PRIMARY_184_TRIGGER_VERIFICATION	ROBUST_H4_TRIGGER	ABF_H4_DOMINANT	H4_SUPPORTED_STABLE	STABLE_H4	MATCH		542	True	False	True	0.999999133316822	0.999999979091165	1	True	False	True	0.999999156757294	0.999999980538283	1	True	False	True	0.99999918203838	0.999999981336375	1	True	False	True	0.999999097994545	0.999999978823912	1
R7B1_002509	33	IFITM3	CD4_ET	PRIMARY_184_TRIGGER_VERIFICATION	ROBUST_H4_TRIGGER	ABF_H4_DOMINANT	H4_SUPPORTED_STABLE	STABLE_H4	MATCH		542	True	False	True	0.999999161520684	0.999999979899916	1	True	False	True	0.999999184970358	0.999999981346294	1	True	False	True	0.999999210252226	0.999999982144273	1	True	False	True	0.999999183805108	0.999999981292674	1
R7B1_002510	33	IFITM3	CD4_NC	PRIMARY_184_TRIGGER_VERIFICATION	ROBUST_H4_TRIGGER	ABF_H4_DOMINANT	H4_SUPPORTED_STABLE	STABLE_H4	MATCH		542	True	False	True	0.99999916163949	0.99999997990557	1	True	False	True	0.999999185089157	0.999999981351948	1	True	False	True	0.999999210371029	0.999999982149927	1	True	False	True	0.999999185089157	0.999999981351948	2
R7B1_002512	33	IFITM3	CD8_ET	PRIMARY_184_TRIGGER_VERIFICATION	ROBUST_H4_TRIGGER	ABF_H4_DOMINANT	H4_SUPPORTED_STABLE	STABLE_H4	MATCH		542	True	True	True	0.999999161638801	0.999999979905559	2	True	True	True	0.999999185088475	0.999999981351936	2	True	True	True	0.99999921037034	0.999999982149916	2	True	True	True	0.99999918508915	0.999999981351948	2
R7B1_002513	33	IFITM3	CD8_NC	PRIMARY_184_TRIGGER_VERIFICATION	ROBUST_H4_TRIGGER	ABF_H4_DOMINANT	H4_SUPPORTED_STABLE	STABLE_H4	MATCH		542	True	False	True	0.99999916163733	0.999999979905488	1	True	False	True	0.999999185086862	0.999999981351866	1	True	False	True	0.999999210368634	0.999999982149845	1	True	False	True	0.999999185089121	0.999999981351946	1
R7B1_002514	33	IFITM3	CD8_S100B	PRIMARY_184_TRIGGER_VERIFICATION	ROBUST_H4_TRIGGER	ABF_H4_DOMINANT	H4_SUPPORTED_STABLE	STABLE_H4	MATCH		542	True	False	True	0.999999161639483	0.99999997990557	1	True	False	True	0.99999918508915	0.999999981351948	1	True	False	True	0.999999210371022	0.999999982149927	1	True	False	True	0.999999185089079	0.999999981351945	1
R7B1_002516	33	IFITM3	Mono_C	PRIMARY_184_TRIGGER_VERIFICATION	ROBUST_H4_TRIGGER	ABF_H4_DOMINANT	H4_SUPPORTED_STABLE	STABLE_H4	MATCH		542	True	False	True	0.999998463079164	0.999999961408134	1	True	False	True	0.999998445046004	0.999999962949127	1	True	False	True	0.999998439730584	0.999999963751991	1	True	False	True	0.999999167487749	0.999999980875336	1
R7B1_002517	33	IFITM3	Mono_NC	PRIMARY_184_TRIGGER_VERIFICATION	ROBUST_H4_TRIGGER	ABF_H4_DOMINANT	H4_SUPPORTED_STABLE	STABLE_H4	MATCH		542	True	False	True	0.999999161637649	0.999999979905528	1	True	False	True	0.999999185087324	0.999999981351906	1	True	False	True	0.999999210369189	0.999999982149886	1	True	False	True	0.999999185089157	0.999999981351948	1
R7B1_002518	33	IFITM3	NK	H3_RESCUE_FALSIFICATION	H3_DISTINCT_SIGNAL	ABF_H3_DOMINANT	H4_SUPPORTED_STABLE	H3_TO_H4	MATCH		542	True	True	True	0.999999161639483	0.99999997990557	3	True	True	True	0.999999185089157	0.999999981351948	3	True	True	True	0.999999210371029	0.999999982149927	3	True	True	True	0.999999185089157	0.999999981351948	3
R7B1_002519	33	IFITM3	NK_R	PRIMARY_184_TRIGGER_VERIFICATION	ROBUST_H4_TRIGGER	ABF_H4_DOMINANT	H4_SUPPORTED_STABLE	STABLE_H4	MATCH		542	True	False	True	0.999879342968473	0.999996111430093	1	True	False	True	0.999879369219543	0.99999611288205	1	True	False	True	0.999879397521694	0.999996113683106	1	True	False	True	0.998359950309499	0.999958677329161	1
R7B1_002523	33	IRF7	CD4_ET	PRIMARY_184_TRIGGER_VERIFICATION	ROBUST_H4_TRIGGER	ABF_H4_DOMINANT	UNINFORMATIVE	H4_TO_UNINFORMATIVE	NOT_COMPARABLE		542	False	False	False			0	False	False	False			0	False	False	False			0	False	False	False			0
R7B1_002524	33	IRF7	CD4_NC	PRIMARY_184_TRIGGER_VERIFICATION	H3_H4_AMBIGUITY_TRIGGER	ABF_AMBIGUOUS	H3_SUPPORTED_STABLE	AMBIGUITY_TO_H3	MATCH		542	False	True	True	0.0001594793196261	0.0001605761286859	1	False	True	True	0.0001564565115755	0.0001575437641225	1	False	True	True	0.0001535792076589	0.0001546516262862	1	False	True	True	8.52700367700697e-05	8.54623908417767e-05	1
R7B1_002527	33	IRF7	CD8_NC	PRIMARY_184_TRIGGER_VERIFICATION	H3_H4_AMBIGUITY_TRIGGER	ABF_AMBIGUOUS	H3_SUPPORTED_STABLE	AMBIGUITY_TO_H3	PF50_UNINFORMATIVE		542	False	True	True	0.0025638091509133	0.0028707950575742	1	False	True	True	0.0025605519204984	0.0028670860820605	1	False	True	True	0.0025579691972477	0.0028641251899864	1	False	False	False			0
R7B1_002528	33	IRF7	CD8_S100B	PRIMARY_184_TRIGGER_VERIFICATION	H3_H4_AMBIGUITY_TRIGGER	ABF_AMBIGUOUS	UNINFORMATIVE	AMBIGUITY_TO_UNINFORMATIVE	NOT_COMPARABLE		542	False	False	False			0	False	False	False			0	False	False	False			0	False	False	False	0.0128702812191001	0.0253629854824535	1
R7B1_002557	33	PHRF1	B_MEM	H3_RESCUE_FALSIFICATION	H3_DISTINCT_SIGNAL	ABF_H3_DOMINANT	UNINFORMATIVE	H3_TO_UNINFORMATIVE	NOT_COMPARABLE		542	False	False	False			0	False	False	False			0	False	False	False			0	False	False	False			0
R7B1_002593	33	POLR2L	Mono_C	H3_RESCUE_FALSIFICATION	H3_DISTINCT_SIGNAL	ABF_H3_DOMINANT	H3_SUPPORTED_STABLE	STABLE_H3	MATCH		542	False	True	True	2.39730069119179e-05	2.39926223629201e-05	1	False	True	True	2.22275212567086e-05	2.22452194961875e-05	1	False	True	True	2.11566098284664e-05	2.11729374299419e-05	1	False	True	True	1.82745806013983e-05	1.82891314448428e-05	1
R7B1_002594	33	POLR2L	Mono_NC	H3_RESCUE_FALSIFICATION	H3_DISTINCT_SIGNAL	ABF_H3_DOMINANT	H3_SUPPORTED_STABLE	STABLE_H3	MATCH		542	False	True	True	2.97864620776638e-05	2.98122156681015e-05	1	False	True	True	2.75430237588689e-05	2.75662934921028e-05	1	False	True	True	2.6226919059921e-05	2.62484663383955e-05	1	False	True	True	2.59033804684572e-05	2.59242396131965e-05	1
R7B1_002595	33	POLR2L	NK	H3_RESCUE_FALSIFICATION	H3_DISTINCT_SIGNAL	ABF_H3_DOMINANT	H3_SUPPORTED_STABLE	STABLE_H3	MATCH		542	False	True	True	0.0001256053696894	0.0001261743616077	1	False	True	True	0.0001239697216107	0.0001245334562356	1	False	True	True	0.0001224959396393	0.0001230528920218	1	False	True	True	6.21333413067963e-05	6.21899680590694e-05	1
R7B1_002601	33	RIC8A	CD4_NC	H3_RESCUE_FALSIFICATION	H3_DISTINCT_SIGNAL	ABF_H3_DOMINANT	H3_SUPPORTED_STABLE	STABLE_H3	MATCH		542	False	True	True	0.0079821628747067	0.0087309499247867	1	False	True	True	0.0079817913836576	0.008730353635299	1	False	True	True	0.0079814816639222	0.0087298034211222	1	False	True	True	0.0004383545338807	0.0004407301925953	1
R7B1_002603	33	RIC8A	CD8_ET	H3_RESCUE_FALSIFICATION	H3_DISTINCT_SIGNAL	ABF_H3_DOMINANT	H3_SUPPORTED_STABLE	STABLE_H3	MATCH		542	False	True	True	0.0003035889916053	0.000305790453893	1	False	True	True	0.0003030132336302	0.000305203814481	1	False	True	True	0.0003024783052562	0.0003046575692471	1	False	True	True	3.43977839300309e-05	3.44473623266817e-05	1
R7B1_002613	33	RNH1	B_MEM	H3_RESCUE_FALSIFICATION	H3_DISTINCT_SIGNAL	ABF_H3_DOMINANT	MODEL_SENSITIVE	H3_TO_MODEL_SENSITIVE	NOT_COMPARABLE		542	False	False	True	0.0189730604658297	0.023426494532889	1	False	False	True	0.0189705808006555	0.0234229438274269	1	False	False	True	0.0189690515062094	0.0234205046175924	1	False	True	True	0.0145801937938271	0.0170352167883987	1
R7B1_002615	33	RNH1	CD4_NC	H3_RESCUE_FALSIFICATION	H3_DISTINCT_SIGNAL	ABF_H3_DOMINANT	H3_SUPPORTED_STABLE	STABLE_H3	MATCH		542	False	True	True	3.03217970726326e-05	3.03487880414326e-05	1	False	True	True	2.64728832096551e-05	2.64958656798779e-05	1	False	True	True	2.38233930912145e-05	2.38434921650076e-05	1	False	True	True	2.64247805445679e-05	2.64478301964161e-05	1
R7B1_002617	33	RNH1	CD8_ET	H3_RESCUE_FALSIFICATION	H3_DISTINCT_SIGNAL	ABF_H3_DOMINANT	H3_SUPPORTED_STABLE	STABLE_H3	MATCH		542	False	True	True	0.0003832808405682	0.0003900298249128	1	False	True	True	0.0003796185376743	0.0003862945702976	1	False	True	True	0.0003770963932297	0.0003837187043387	1	False	True	True	0.0013154831144178	0.0013742098255868	1
R7B1_002621	33	RNH1	Mono_C	H3_RESCUE_FALSIFICATION	H3_DISTINCT_SIGNAL	ABF_H3_DOMINANT	H3_SUPPORTED_STABLE	STABLE_H3	MATCH		542	False	True	True	0.0001371022957441	0.0001378581723154	1	False	True	True	0.0001332527463955	0.0001339840324431	1	False	True	True	0.0001306291473777	0.0001313427748935	1	False	True	True	0.0013612509630971	0.0014343990232589	1
R7B1_002623	33	RNH1	NK	H3_RESCUE_FALSIFICATION	H3_DISTINCT_SIGNAL	ABF_H3_DOMINANT	H3_SUPPORTED_STABLE	STABLE_H3	MATCH		542	False	True	True	0.0025282847742397	0.0026031966375137	1	False	True	True	0.0031614255851898	0.0032803064856016	1	False	True	True	0.0038985951495881	0.0040818660061513	1	False	True	True	0.0009580853691484	0.000971458308144	1
R7B1_002628	33	RP11-326C3.11	CD4_ET	PRIMARY_184_TRIGGER_VERIFICATION	ROBUST_H4_TRIGGER	ABF_H4_DOMINANT	H4_SUPPORTED_STABLE	STABLE_H4	MATCH		542	True	False	True	0.999999161639483	0.99999997990557	1	True	False	True	0.999999185089157	0.999999981351948	1	True	False	True	0.999999210371022	0.999999982149927	1	True	False	True	0.999999185088866	0.999999981351941	1
R7B1_002629	33	RP11-326C3.11	CD4_NC	PRIMARY_184_TRIGGER_VERIFICATION	ROBUST_H4_TRIGGER	ABF_H4_DOMINANT	H4_SUPPORTED_STABLE	STABLE_H4	MATCH		542	True	False	True	0.99999916163949	0.99999997990557	1	True	False	True	0.999999185089157	0.999999981351948	1	True	False	True	0.999999210371029	0.999999982149927	1	True	False	True	0.999999185089157	0.999999981351948	1
R7B1_002631	33	RP11-326C3.11	CD8_ET	PRIMARY_184_TRIGGER_VERIFICATION	ROBUST_H4_TRIGGER	ABF_H4_DOMINANT	H4_SUPPORTED_STABLE	STABLE_H4	MATCH		542	True	True	True	0.99999916163512	0.999999979905487	2	True	True	True	0.999999185084816	0.999999981351866	2	True	True	True	0.999999210366695	0.999999982149846	2	True	False	True	0.999999185084766	0.999999981351864	2
R7B1_002632	33	RP11-326C3.11	CD8_NC	PRIMARY_184_TRIGGER_VERIFICATION	ROBUST_H4_TRIGGER	ABF_H4_DOMINANT	H4_SUPPORTED_STABLE	STABLE_H4	MATCH		542	True	False	True	0.999999161531615	0.999999979902456	1	True	False	True	0.99999918497816	0.999999981348788	1	True	False	True	0.999999210260028	0.999999982146768	1	True	False	True	0.999999185027894	0.999999981350467	1
R7B1_002633	33	RP11-326C3.11	CD8_S100B	PRIMARY_184_TRIGGER_VERIFICATION	ROBUST_H4_TRIGGER	ABF_H4_DOMINANT	H4_SUPPORTED_STABLE	STABLE_H4	MATCH		542	True	False	True	0.999999161584519	0.999999979904472	1	True	False	True	0.999999185033745	0.999999981350859	1	True	False	True	0.999999210315305	0.999999982148844	1	True	False	True	0.999999185076381	0.999999981351696	1
R7B1_002637	33	RP11-326C3.11	NK	PRIMARY_184_TRIGGER_VERIFICATION	ROBUST_H4_TRIGGER	ABF_H4_DOMINANT	H4_SUPPORTED_STABLE	STABLE_H4	MATCH		542	True	True	True	0.999999161638275	0.999999979905489	2	True	True	True	0.999999185087906	0.99999998135187	2	True	True	True	0.999999210369757	0.99999998214985	2	True	True	True	0.999999185084077	0.999999981351787	2
R7B1_002638	33	RP11-326C3.11	NK_R	PRIMARY_184_TRIGGER_VERIFICATION	ROBUST_H4_TRIGGER	ABF_H4_DOMINANT	UNINFORMATIVE	H4_TO_UNINFORMATIVE	NOT_COMPARABLE		542	False	False	False			0	False	False	False			0	False	False	False			0	False	False	False			0
R7B1_002642	33	RP11-326C3.12	CD4_NC	H3_RESCUE_FALSIFICATION	H3_DISTINCT_SIGNAL	ABF_H3_DOMINANT	H4_SUPPORTED_STABLE	H3_TO_H4	MATCH		542	True	True	True	0.999910692922745	0.99999733165864	2	True	True	True	0.999903840488393	0.999997236984436	2	True	True	True	0.999903868173514	0.999997237784812	2	True	True	True	0.999687220915417	0.999990558233081	2
R7B1_002645	33	RP11-326C3.12	CD8_NC	H3_RESCUE_FALSIFICATION	H3_DISTINCT_SIGNAL	ABF_H3_DOMINANT	H3_SUPPORTED_STABLE	STABLE_H3	MATCH		542	False	True	True	1.62949012796358e-05	1.63082343720648e-05	1	False	True	True	1.5987406692207e-05	1.60001364400826e-05	1	False	True	True	1.55908931728112e-05	1.5602925503676e-05	1	False	True	True	1.60218086233812e-05	1.60345657618007e-05	1
R7B1_002663	33	RPLP2	B_IN	H3_RESCUE_FALSIFICATION	H3_DISTINCT_SIGNAL	ABF_H3_DOMINANT	H3_SUPPORTED_STABLE	STABLE_H3	MATCH		542	False	True	True	3.99090060381164e-05	3.99416602930337e-05	2	False	True	True	3.66233615644205e-05	3.66525217971978e-05	2	False	True	True	3.45667817958146e-05	3.45934583321163e-05	2	False	True	True	0.0013314863710401	0.0013341440612076	3
R7B1_002664	33	RPLP2	B_MEM	H3_RESCUE_FALSIFICATION	H3_DISTINCT_SIGNAL	ABF_H3_DOMINANT	H3_SUPPORTED_STABLE	STABLE_H3	MATCH		542	False	True	True	4.06460861180106e-05	4.06793434403817e-05	2	False	True	True	3.72870676297732e-05	3.73167562985271e-05	2	False	True	True	3.51883834192265e-05	3.52155396529147e-05	2	False	True	True	0.001677828130495	0.001700837686558	3
R7B1_002665	33	RPLP2	CD4_ET	H3_RESCUE_FALSIFICATION	H3_DISTINCT_SIGNAL	ABF_H3_DOMINANT	H3_SUPPORTED_STABLE	STABLE_H3	MATCH		542	False	True	True	3.89945627202942e-05	3.90264687906801e-05	2	False	True	True	3.58137107298397e-05	3.58422263259593e-05	2	False	True	True	3.3813973946631e-05	3.38400695313387e-05	2	False	True	True	3.78697805134144e-05	3.78999331316244e-05	2
R7B1_002666	33	RPLP2	CD4_NC	H3_RESCUE_FALSIFICATION	H3_DISTINCT_SIGNAL	ABF_H3_DOMINANT	H3_SUPPORTED_STABLE	STABLE_H3	MATCH		542	False	True	True	0.0011323087391601	0.0011332342022726	4	False	True	True	0.0011014659087603	0.0011023419836232	4	False	True	True	0.0011163310936614	0.0011171916782165	4	False	True	True	0.0017779982508238	0.0018145930461512	3
R7B1_002668	33	RPLP2	CD8_ET	H3_RESCUE_FALSIFICATION	H3_DISTINCT_SIGNAL	ABF_H3_DOMINANT	H3_SUPPORTED_STABLE	STABLE_H3	MATCH		542	False	True	True	5.2864325392426e-05	5.2907632108952e-05	2	False	True	True	5.17473295639205e-05	5.19024576100292e-05	2	False	True	True	5.1344327606127e-05	5.149701840745e-05	2	False	True	True	0.0001678433020783	0.000168764573713	2
R7B1_002669	33	RPLP2	CD8_NC	H3_RESCUE_FALSIFICATION	H3_DISTINCT_SIGNAL	ABF_H3_DOMINANT	H3_SUPPORTED_STABLE	STABLE_H3	MATCH		542	False	True	True	0.0062801678381528	0.0080485794333296	3	False	True	True	0.0062565501758164	0.0080198097921525	3	False	True	True	0.0062694313046505	0.0080360968159244	3	False	True	True	0.0011313969787243	0.001132296832954	4
R7B1_002670	33	RPLP2	CD8_S100B	H3_RESCUE_FALSIFICATION	H3_DISTINCT_SIGNAL	ABF_H3_DOMINANT	H3_SUPPORTED_STABLE	STABLE_H3	MATCH		542	False	True	True	9.33142854301511e-05	9.33906327526704e-05	2	False	True	True	8.45484350002981e-05	8.46157508829244e-05	2	False	True	True	7.95680552457516e-05	7.96294582605197e-05	2	False	True	True	9.04033527550791e-05	9.04753297923452e-05	2
R7B1_002672	33	RPLP2	Mono_C	H3_RESCUE_FALSIFICATION	H3_DISTINCT_SIGNAL	ABF_H3_DOMINANT	H3_SUPPORTED_STABLE	STABLE_H3	MATCH		542	False	True	True	0.0041165983393957	0.0050524483874432	1	False	True	True	0.0041099473055919	0.0050441826529747	1	False	True	True	0.0041066950266595	0.0050400721543274	1	False	True	True	0.0003717238957997	0.0003767713516333	1
R7B1_002675	33	RPLP2	NK_R	H3_RESCUE_FALSIFICATION	H3_DISTINCT_SIGNAL	ABF_H3_DOMINANT	H3_SUPPORTED_STABLE	STABLE_H3	MATCH		542	False	True	True	7.70311572278704e-05	7.71084272292888e-05	1	False	True	True	6.97318585277755e-05	6.97996383889315e-05	1	False	True	True	6.56128141850879e-05	6.56749567940174e-05	1	False	True	True	5.99000314770844e-05	5.99752071550291e-05	1
R7B1_002691	33	TMEM80	B_IN	H3_RESCUE_FALSIFICATION	H3_DISTINCT_SIGNAL	ABF_H3_DOMINANT	H3_SUPPORTED_STABLE	STABLE_H3	MATCH		542	False	True	True	2.91833024007837e-05	2.92223931120902e-05	1	False	True	True	2.70403424325462e-05	2.70740043630229e-05	1	False	True	True	2.56965990050976e-05	2.57270544604059e-05	1	False	True	True	0.0001123688177159	0.0001127909231836	1
R7B1_002692	33	TMEM80	B_MEM	PRIMARY_184_TRIGGER_VERIFICATION	H3_H4_AMBIGUITY_TRIGGER	ABF_AMBIGUOUS	H3_SUPPORTED_STABLE	AMBIGUITY_TO_H3	MATCH		542	False	True	True	0.0017334196879347	0.0017917599705912	1	False	True	True	0.0021415576182751	0.0022303574624545	1	False	True	True	0.002489001073701	0.0026088556555301	1	False	True	True	0.0001040995496769	0.000104451207128	1
R7B1_002694	33	TMEM80	CD4_NC	PRIMARY_184_TRIGGER_VERIFICATION	H3_H4_AMBIGUITY_TRIGGER	ABF_AMBIGUOUS	H3_SUPPORTED_STABLE	AMBIGUITY_TO_H3	MATCH		542	False	True	True	2.63615900168577e-05	2.63831598284389e-05	2	False	True	True	2.74154614754557e-05	2.74372904000578e-05	2	False	True	True	2.77498684391467e-05	2.77712842429823e-05	2	False	True	True	2.75741110122615e-05	2.75960662543906e-05	2
R7B1_002696	33	TMEM80	CD8_ET	PRIMARY_184_TRIGGER_VERIFICATION	H3_H4_AMBIGUITY_TRIGGER	ABF_AMBIGUOUS	H3_SUPPORTED_STABLE	AMBIGUITY_TO_H3	MATCH		542	False	True	True	2.65502093019869e-05	2.65719392635855e-05	1	False	True	True	2.76274057319042e-05	2.76494083868414e-05	1	False	True	True	2.79756295370327e-05	2.79972238730203e-05	1	False	True	True	0.0019941301289901	0.0021939447586078	2
R7B1_002697	33	TMEM80	CD8_NC	PRIMARY_184_TRIGGER_VERIFICATION	H3_H4_AMBIGUITY_TRIGGER	ABF_AMBIGUOUS	H3_SUPPORTED_STABLE	AMBIGUITY_TO_H3	MATCH		542	False	True	True	0.0002034392917137	0.0002055849502144	2	False	True	True	0.0002009369106611	0.0002030300373478	2	False	True	True	0.0002007815728027	0.0002028702758825	2	False	True	True	8.70419498128609e-05	8.7449464254151e-05	2
R7B1_002702	33	TMEM80	NK	PRIMARY_184_TRIGGER_VERIFICATION	H3_H4_AMBIGUITY_TRIGGER	ABF_AMBIGUOUS	H3_SUPPORTED_STABLE	AMBIGUITY_TO_H3	MATCH		542	False	True	True	0.0062345233829567	0.0069839003503361	2	False	True	True	0.0062343627449974	0.0069835680823035	2	False	True	True	0.0062341838665946	0.0069831982133955	2	False	True	True	0.0040118908043646	0.0040859293092361	2
R7B1_002757	33	TSPAN4	Mono_C	H3_RESCUE_FALSIFICATION	H3_DISTINCT_SIGNAL	ABF_H3_DOMINANT	H3_SUPPORTED_STABLE	STABLE_H3	MATCH		542	False	True	True	2.93890189622524e-05	2.94130993060554e-05	1	False	True	True	2.70395366244013e-05	2.70610970344073e-05	1	False	True	True	2.56686879986662e-05	2.56885269411382e-05	1	False	True	True	2.70696240304471e-05	2.70911867613523e-05	1
R7B1_002765	34	AP001462.6	CD4_NC	H3_RESCUE_FALSIFICATION	H3_DISTINCT_SIGNAL	ABF_H3_DOMINANT	H3_SUPPORTED_STABLE	STABLE_H3	MATCH		640	False	True	True	3.07245287079305e-06	3.07295314702274e-06	1	False	True	True	3.07389486023019e-06	3.07439559198323e-06	1	False	True	True	3.07470254287131e-06	3.07520352992524e-06	1	False	True	True	9.62917850929962e-06	9.6340100097306e-06	1
R7B1_002774	34	AP003774.1	B_IN	PRIMARY_184_TRIGGER_VERIFICATION	ROBUST_H4_TRIGGER	ABF_H4_DOMINANT	H4_SUPPORTED_STABLE	STABLE_H4	MATCH		640	True	False	True	0.976351992579659	0.976352008423052	1	True	False	True	0.976494467753177	0.976494485223693	1	True	False	True	0.976553799734885	0.976553818123779	1	True	False	True	0.964788045311846	0.964788070818294	1
R7B1_002775	34	AP003774.1	B_MEM	PRIMARY_184_TRIGGER_VERIFICATION	ROBUST_H4_TRIGGER	ABF_H4_DOMINANT	H4_SUPPORTED_STABLE	STABLE_H4	MATCH		640	True	False	True	0.98577382470073	0.985773835025427	1	True	False	True	0.985774873918009	0.985774885318561	1	True	False	True	0.985775885157594	0.985775897160672	1	True	False	True	0.986921139265753	0.986921149772993	1
R7B1_002776	34	AP003774.1	CD4_ET	PRIMARY_184_TRIGGER_VERIFICATION	ROBUST_H4_TRIGGER	ABF_H4_DOMINANT	H4_SUPPORTED_STABLE	STABLE_H4	MATCH		640	True	False	True	0.961988124351276	0.961988149058271	1	True	False	True	0.962460297330558	0.962460324411053	1	True	False	True	0.962705731906937	0.96270576030371	1	True	False	True	0.9702135154029	0.970213537209886	1
R7B1_002777	34	AP003774.1	CD4_NC	PRIMARY_184_TRIGGER_VERIFICATION	ROBUST_H4_TRIGGER	ABF_H4_DOMINANT	H4_SUPPORTED_STABLE	STABLE_H4	MATCH		640	True	True	True	0.970416571042221	0.970416590581145	2	True	True	True	0.970671161391766	0.970671182884723	2	True	True	True	0.970804836021522	0.970804858601018	2	True	True	True	0.989199756351614	0.989199764874102	2
R7B1_002779	34	AP003774.1	CD8_ET	PRIMARY_184_TRIGGER_VERIFICATION	ROBUST_H4_TRIGGER	ABF_H4_DOMINANT	H4_SUPPORTED_STABLE	STABLE_H4	MATCH		640	True	False	True	0.940309149652216	0.9403091872224	1	True	False	True	0.941683008295474	0.941683049075291	1	True	False	True	0.942384170660191	0.942384213208337	1	True	False	True	0.942112281698346	0.942112322201505	1
R7B1_002780	34	AP003774.1	CD8_NC	PRIMARY_184_TRIGGER_VERIFICATION	ROBUST_H4_TRIGGER	ABF_H4_DOMINANT	H4_SUPPORTED_STABLE	STABLE_H4	MATCH		640	True	False	True	0.960011116502801	0.960011142408496	1	True	False	True	0.960516822202448	0.960516850591079	1	True	False	True	0.960779952176182	0.960779981941305	1	True	False	True	0.95762989836407	0.957629928685677	1
R7B1_002781	34	AP003774.1	CD8_S100B	PRIMARY_184_TRIGGER_VERIFICATION	ROBUST_H4_TRIGGER	ABF_H4_DOMINANT	H4_SUPPORTED_STABLE	STABLE_H4	MATCH		640	True	False	True	0.986255630787026	0.986255767473304	1	True	False	True	0.986210299311576	0.986210458697235	1	True	False	True	0.986139072309322	0.986139273710892	1	True	False	True	0.979244613331402	0.979244673878528	1
R7B1_002782	34	AP003774.1	DC	PRIMARY_184_TRIGGER_VERIFICATION	ROBUST_H4_TRIGGER	ABF_H4_DOMINANT	UNINFORMATIVE	H4_TO_UNINFORMATIVE	NOT_COMPARABLE		640	False	False	False			0	False	False	False			0	False	False	False			0	False	False	False			0
R7B1_002783	34	AP003774.1	Mono_C	PRIMARY_184_TRIGGER_VERIFICATION	ROBUST_H4_TRIGGER	ABF_H4_DOMINANT	H4_SUPPORTED_STABLE	STABLE_H4	MATCH		640	True	False	True	0.981135063051934	0.986131434894988	1	True	False	True	0.98112663357958	0.986125094380569	1	True	False	True	0.981122651936342	0.986122099535588	1	True	False	True	0.976793950827079	0.985605530637589	1
R7B1_002785	34	AP003774.1	NK	PRIMARY_184_TRIGGER_VERIFICATION	ROBUST_H4_TRIGGER	ABF_H4_DOMINANT	H4_SUPPORTED_STABLE	STABLE_H4	MATCH		640	True	False	True	0.988736923777673	0.988736931760514	1	True	False	True	0.988725855957223	0.988725864817689	1	True	False	True	0.988720676390174	0.988720685742364	1	True	False	True	0.98903374393436	0.989033752575268	1
R7B1_002786	34	AP003774.1	NK_R	PRIMARY_184_TRIGGER_VERIFICATION	ROBUST_H4_TRIGGER	ABF_H4_DOMINANT	H4_SUPPORTED_STABLE	STABLE_H4	MATCH		640	True	False	True	0.982614841162265	0.982617051410233	1	True	False	True	0.982594100185722	0.982596314177414	1	True	False	True	0.982583374843909	0.982585590828788	1	True	False	True	0.982907845491204	0.982911353600433	1
R7B1_002789	34	AP003774.6	Mono_C	H3_RESCUE_FALSIFICATION	H3_DISTINCT_SIGNAL	ABF_H3_DOMINANT	H3_SUPPORTED_STABLE	STABLE_H3	MATCH		640	False	True	True	0.0011967736753882	0.0012167584408346	1	False	True	True	0.0011988535470199	0.0012188730890305	1	False	True	True	0.0011999406400184	0.0012199783621676	1	False	True	True	0.003809915753616	0.0040165745859138	1
R7B1_002804	34	C11orf85	CD4_NC	H3_RESCUE_FALSIFICATION	H3_DISTINCT_SIGNAL	ABF_H3_DOMINANT	H3_SUPPORTED_STABLE	STABLE_H3	PF50_UNINFORMATIVE		605	False	True	True	0.0009381441028283	0.0009697304417833	1	False	True	True	0.000938091962731	0.0009696765942269	1	False	True	True	0.0009380618568116	0.0009696454997561	1	False	False	False	0.0179322928702675	0.0331289718897458	2
R7B1_002833	34	CCDC88B	B_IN	PRIMARY_184_TRIGGER_VERIFICATION	ROBUST_H4_TRIGGER	ABF_H4_DOMINANT	UNINFORMATIVE	H4_TO_UNINFORMATIVE	NOT_COMPARABLE		640	False	False	False			0	False	False	False			0	False	False	False			0	False	False	False			0
R7B1_002836	34	CCDC88B	CD4_NC	PRIMARY_184_TRIGGER_VERIFICATION	ROBUST_H4_TRIGGER	ABF_H4_DOMINANT	H4_SUPPORTED_STABLE	STABLE_H4	MATCH		640	True	False	True	0.974750675753417	0.974750692598394	1	True	False	True	0.97471554795565	0.974715566660206	1	True	False	True	0.974697369810602	0.974697389558271	1	True	False	True	0.92724176124532	0.927241811175551	1
R7B1_002838	34	CCDC88B	CD8_ET	PRIMARY_184_TRIGGER_VERIFICATION	ROBUST_H4_TRIGGER	ABF_H4_DOMINANT	UNINFORMATIVE	H4_TO_UNINFORMATIVE	NOT_COMPARABLE		640	False	False	False			0	False	False	False			0	False	False	False			0	True	False	True	0.917917945050184	0.917928035302362	1
R7B1_002839	34	CCDC88B	CD8_NC	PRIMARY_184_TRIGGER_VERIFICATION	ROBUST_H4_TRIGGER	ABF_H4_DOMINANT	H4_SUPPORTED_STABLE	STABLE_H4	MATCH		640	True	False	True	0.959163510747852	0.960279918230116	1	True	False	True	0.959134231257126	0.96025138965764	1	True	False	True	0.959118702352973	0.96023625908348	1	True	False	True	0.976249603087011	0.977133990776494	1
R7B1_002844	34	CCDC88B	NK	PRIMARY_184_TRIGGER_VERIFICATION	H3_H4_AMBIGUITY_TRIGGER	ABF_AMBIGUOUS	MODEL_SENSITIVE	AMBIGUITY_REMAINS_MODEL_SENSITIVE	NOT_COMPARABLE		640	False	False	True	0.77367434664733	0.773688898072948	1	False	False	True	0.774569619642456	0.77458506543883	1	False	False	True	0.774871791834157	0.774887230078034	1	False	False	True	0.768645871618472	0.768646003605928	1
R7B1_003012	34	NAA40	NK	H3_RESCUE_FALSIFICATION	H3_DISTINCT_SIGNAL	ABF_H3_DOMINANT	H3_SUPPORTED_STABLE	STABLE_H3	MATCH		640	False	True	True	0.0001620617333154	0.0001626150501544	1	False	True	True	0.0001622388318153	0.0001627927648979	1	False	True	True	0.0001623328298036	0.0001628870903246	1	False	True	True	9.33724217746909e-05	9.35966574525711e-05	1
R7B1_003057	34	PRDX5	B_MEM	PRIMARY_184_TRIGGER_VERIFICATION	ROBUST_H4_TRIGGER	ABF_H4_DOMINANT	UNINFORMATIVE	H4_TO_UNINFORMATIVE	NOT_COMPARABLE		640	False	False	False			0	False	False	False			0	False	False	False			0	False	False	False			0
R7B1_003058	34	PRDX5	CD4_ET	PRIMARY_184_TRIGGER_VERIFICATION	ROBUST_H4_TRIGGER	ABF_H4_DOMINANT	UNINFORMATIVE	H4_TO_UNINFORMATIVE	NOT_COMPARABLE		640	False	False	False			0	False	False	False			0	False	False	False			0	False	False	False			0
R7B1_003059	34	PRDX5	CD4_NC	H3_RESCUE_FALSIFICATION	H3_DISTINCT_SIGNAL	ABF_H3_DOMINANT	H3_SUPPORTED_STABLE	STABLE_H3	MATCH		640	False	True	True	1.97150100614948e-07	1.97150230679978e-07	1	False	True	True	2.08788496882295e-07	2.08788649615768e-07	1	False	True	True	2.15768906863572e-07	2.15769073384898e-07	1	False	True	True	2.19795384250543e-07	2.19795544874351e-07	1
R7B1_003061	34	PRDX5	CD8_ET	H3_RESCUE_FALSIFICATION	H3_DISTINCT_SIGNAL	ABF_H3_DOMINANT	H3_SUPPORTED_STABLE	STABLE_H3	MATCH		640	False	True	True	4.69316205850718e-06	4.69316515122681e-06	1	False	True	True	4.86711919797279e-06	4.86712275476764e-06	1	False	True	True	4.96540005057317e-06	4.96540387897277e-06	1	False	True	True	3.85991509570837e-06	3.85991791646109e-06	1
R7B1_003067	34	PRDX5	NK	H3_RESCUE_FALSIFICATION	H3_DISTINCT_SIGNAL	ABF_H3_DOMINANT	H3_SUPPORTED_STABLE	STABLE_H3	MATCH		640	False	True	True	3.62723937444256e-06	3.62724176473852e-06	1	False	True	True	3.76590986874421e-06	3.76591262079995e-06	1	False	True	True	3.84503581263071e-06	3.84503877721561e-06	1	False	True	True	3.91121950264856e-06	3.91122236089344e-06	1
R7B1_003105	34	SF1	B_IN	H3_RESCUE_FALSIFICATION	H3_DISTINCT_SIGNAL	ABF_H3_DOMINANT	H3_SUPPORTED_STABLE	STABLE_H3	MATCH		640	False	True	True	0.0172772408322007	0.0338669291620359	2	False	True	True	0.0174470392629943	0.0350099987261858	2	False	True	True	0.0174997102977751	0.035391300211922	2	False	True	True	1.543016522594e-08	1.54301765020566e-08	1
R7B1_003106	34	SF1	B_MEM	H3_RESCUE_FALSIFICATION	H3_DISTINCT_SIGNAL	ABF_H3_DOMINANT	H3_SUPPORTED_STABLE	STABLE_H3	MATCH		640	False	True	True	9.914814653738761e-09	9.914821187475561e-09	1	False	True	True	1.10166675725979e-08	1.10166756234007e-08	1	False	True	True	1.16359048595207e-08	1.16359138310263e-08	1	False	True	True	1.08878478271008e-08	1.08878557837641e-08	1
R7B1_003107	34	SF1	CD4_ET	H3_RESCUE_FALSIFICATION	H3_DISTINCT_SIGNAL	ABF_H3_DOMINANT	H3_SUPPORTED_STABLE	STABLE_H3	MATCH		640	False	True	True	1.07493371063516e-08	1.0749344190028e-08	1	False	True	True	1.19758163656922e-08	1.19758251174254e-08	1	False	True	True	1.26651583584802e-08	1.26651681235599e-08	1	False	True	True	1.15377542308504e-08	1.15377626624551e-08	1
R7B1_003108	34	SF1	CD4_NC	H3_RESCUE_FALSIFICATION	H3_DISTINCT_SIGNAL	ABF_H3_DOMINANT	H3_SUPPORTED_STABLE	STABLE_H3	MATCH		640	False	True	True	9.712706761505021e-09	9.712713162055171e-09	1	False	True	True	1.07955549083926e-08	1.07955627976098e-08	1	False	True	True	1.1404069191574e-08	1.14040779843297e-08	1	False	True	True	1.07809041903326e-08	1.07809120688432e-08	1
R7B1_003110	34	SF1	CD8_ET	H3_RESCUE_FALSIFICATION	H3_DISTINCT_SIGNAL	ABF_H3_DOMINANT	H3_SUPPORTED_STABLE	STABLE_H3	MATCH		640	False	True	True	9.9432045900409e-09	9.9432111424862e-09	1	False	True	True	1.10690595650502e-08	1.10690676541401e-08	1	False	True	True	1.17016931118272e-08	1.17017021340568e-08	1	False	True	True	1.08642435260181e-08	1.08642514654317e-08	1
R7B1_003111	34	SF1	CD8_NC	H3_RESCUE_FALSIFICATION	H3_DISTINCT_SIGNAL	ABF_H3_DOMINANT	H3_SUPPORTED_STABLE	STABLE_H3	MATCH		640	False	True	True	9.83257364120124e-09	9.83258012074222e-09	1	False	True	True	1.09204714274868e-08	1.09204794079909e-08	1	False	True	True	1.15318835489487e-08	1.15318924402518e-08	1	False	True	True	1.095232510615e-08	1.09523331099322e-08	1
R7B1_003112	34	SF1	CD8_S100B	H3_RESCUE_FALSIFICATION	H3_DISTINCT_SIGNAL	ABF_H3_DOMINANT	H3_SUPPORTED_STABLE	STABLE_H3	MATCH		640	False	True	True	0.0003070533196743	0.0003106396633698	1	False	True	True	0.0003069946974208	0.00031058037892	1	False	True	True	0.0003069639466017	0.0003105492815356	1	False	True	True	0.0013529672865153	0.0014000960169717	1
R7B1_003116	34	SF1	NK	H3_RESCUE_FALSIFICATION	H3_DISTINCT_SIGNAL	ABF_H3_DOMINANT	H3_SUPPORTED_STABLE	STABLE_H3	MATCH		640	False	True	True	1.05914135935393e-08	1.05914205731511e-08	1	False	True	True	1.18014603959193e-08	1.18014690202415e-08	1	False	True	True	1.24813928177455e-08	1.24814024411445e-08	1	False	True	True	1.25496106442799e-08	1.25496198153327e-08	1
R7B1_003117	34	SF1	NK_R	H3_RESCUE_FALSIFICATION	H3_DISTINCT_SIGNAL	ABF_H3_DOMINANT	H3_SUPPORTED_STABLE	STABLE_H3	MATCH		640	False	True	True	0.0002685068068944	0.0002708214007734	1	False	True	True	0.0002684614665606	0.0002707756891362	1	False	True	True	0.0002684374627149	0.0002707514893165	1	False	True	True	0.0005116800432904	0.0005209524002166	1
R7B1_003175	34	TRMT112	B_IN	H3_RESCUE_FALSIFICATION	H3_DISTINCT_SIGNAL	ABF_H3_DOMINANT	H3_SUPPORTED_STABLE	STABLE_H3	MATCH		640	False	True	True	2.01551488865796e-07	2.01551621747672e-07	1	False	True	True	2.13282653223448e-07	2.1328280915258e-07	1	False	True	True	2.20332108791056e-07	2.20332278739112e-07	1	False	True	True	2.20639978729178e-07	2.20640139969545e-07	1
R7B1_003176	34	TRMT112	B_MEM	H3_RESCUE_FALSIFICATION	H3_DISTINCT_SIGNAL	ABF_H3_DOMINANT	H3_SUPPORTED_STABLE	STABLE_H3	MATCH		640	False	True	True	4.46607292358862e-05	4.47585295614126e-05	1	False	True	True	4.61801198365739e-05	4.62847852881683e-05	1	False	True	True	4.72071078928745e-05	4.7316483024439e-05	1	False	True	True	0.0003912891936764	0.0003988381517251	1
R7B1_003177	34	TRMT112	CD4_ET	H3_RESCUE_FALSIFICATION	H3_DISTINCT_SIGNAL	ABF_H3_DOMINANT	H3_SUPPORTED_STABLE	STABLE_H3	MATCH		640	False	True	True	8.79560577885623e-08	8.79561157508734e-08	1	False	True	True	9.3588401881355e-08	9.35884702746594e-08	1	False	True	True	9.69191102184643e-08	9.69191849453811e-08	1	False	True	True	1.2124050588043e-07	1.21240594494077e-07	1
R7B1_003178	34	TRMT112	CD4_NC	H3_RESCUE_FALSIFICATION	H3_DISTINCT_SIGNAL	ABF_H3_DOMINANT	H3_SUPPORTED_STABLE	STABLE_H3	MATCH		640	False	True	True	1.98007377040012e-07	1.98007507524329e-07	1	False	True	True	2.09720304457764e-07	2.09720457717944e-07	1	False	True	True	2.16747600981445e-07	2.16747768097961e-07	1	False	True	True	2.31349633413873e-07	2.31349802480409e-07	1
R7B1_003180	34	TRMT112	CD8_ET	H3_RESCUE_FALSIFICATION	H3_DISTINCT_SIGNAL	ABF_H3_DOMINANT	H3_SUPPORTED_STABLE	STABLE_H3	MATCH		640	False	True	True	7.54331465324105e-06	7.54331962415199e-06	2	False	True	True	7.79632353696575e-06	7.79632923434871e-06	2	False	True	True	7.94206192771504e-06	7.94206805114838e-06	2	False	True	True	7.68450625853715e-06	7.6845118742071e-06	2
R7B1_003181	34	TRMT112	CD8_NC	H3_RESCUE_FALSIFICATION	H3_DISTINCT_SIGNAL	ABF_H3_DOMINANT	H3_SUPPORTED_STABLE	STABLE_H3	MATCH		640	False	True	True	1.85159727153707e-07	1.8515984917159e-07	1	False	True	True	1.96253191978482e-07	1.96253335397117e-07	1	False	True	True	2.02891033553663e-07	2.02891189986507e-07	1	False	True	True	1.98045369806107e-07	1.98045514534436e-07	1
R7B1_003182	34	TRMT112	CD8_S100B	H3_RESCUE_FALSIFICATION	H3_DISTINCT_SIGNAL	ABF_H3_DOMINANT	H3_SUPPORTED_STABLE	STABLE_H3	MATCH		640	False	True	True	1.66182675906655e-05	1.66208828996172e-05	1	False	True	True	1.66720590778859e-05	1.66746840493256e-05	1	False	True	True	1.67009070039379e-05	1.67035371893914e-05	1	False	True	True	2.31749533638863e-05	2.31793883050563e-05	1
R7B1_003185	34	TRMT112	Mono_NC	H3_RESCUE_FALSIFICATION	H3_DISTINCT_SIGNAL	ABF_H3_DOMINANT	H3_SUPPORTED_STABLE	STABLE_H3	MATCH		640	False	True	True	5.95301939589245e-06	5.95322617195418e-06	1	False	True	True	5.96627746582886e-06	5.9664851307726e-06	1	False	True	True	5.97415699728055e-06	5.97436517685999e-06	1	False	True	True	5.98386172336122e-05	5.987105247244e-05	1
R7B1_003186	34	TRMT112	NK	H3_RESCUE_FALSIFICATION	H3_DISTINCT_SIGNAL	ABF_H3_DOMINANT	H3_SUPPORTED_STABLE	STABLE_H3	MATCH		640	False	True	True	5.88225898145501e-06	5.88226285776606e-06	2	False	True	True	6.08671463094909e-06	6.08671907899483e-06	2	False	True	True	6.20404771618004e-06	6.20405249959011e-06	2	False	True	True	6.26354646692226e-06	6.26355104419225e-06	2
R7B1_003219	35	COLCA2	B_IN	PRIMARY_184_TRIGGER_VERIFICATION	ROBUST_H4_TRIGGER	ABF_H4_DOMINANT	H3_SUPPORTED_STABLE	H4_TO_H3	MATCH		919	False	True	True	0.65885899271523	0.669395765378409	2	False	True	True	0.599373527237967	0.610409040883305	2	False	True	True	0.555594317112688	0.566874133206681	2	False	True	True	0.0583180005122249	0.0598362742821426	2
R7B1_003220	35	COLCA2	B_MEM	H3_RESCUE_FALSIFICATION	H3_DISTINCT_SIGNAL	ABF_H3_DOMINANT	H3_SUPPORTED_STABLE	STABLE_H3	MATCH		919	False	True	True	0.0375381397107204	0.037547629034002	2	False	True	True	0.0360437463340106	0.0360528935813973	2	False	True	True	0.0355494187765353	0.0355584613860794	2	False	True	True	0.005829325743168	0.0058306412193675	2
R7B1_003222	35	DIXDC1	CD4_NC	H3_RESCUE_FALSIFICATION	H3_DISTINCT_SIGNAL	ABF_H3_DOMINANT	H3_SUPPORTED_STABLE	STABLE_H3	MATCH		686	False	True	True	0.0021038353492159	0.0021536128915302	2	False	True	True	0.0021029885652429	0.0021527461117428	2	False	True	True	0.0021023677653382	0.0021521106532349	2	False	True	True	0.0021967200224485	0.0022486902276684	2
R7B1_003224	35	DIXDC1	CD8_NC	H3_RESCUE_FALSIFICATION	H3_DISTINCT_SIGNAL	ABF_H3_DOMINANT	H3_SUPPORTED_STABLE	STABLE_H3	MATCH		686	False	True	True	0.0021475596434195	0.0021983693538833	2	False	True	True	0.0021475596434195	0.0021983693538833	2	False	True	True	0.0021475596434195	0.0021983693538833	2	False	True	True	0.0021428041779989	0.0021935016247325	2
R7B1_003255	36	AMICA1	CD4_NC	H3_RESCUE_FALSIFICATION	H3_DISTINCT_SIGNAL	ABF_H3_DOMINANT	H3_SUPPORTED_STABLE	STABLE_H3	MATCH		634	False	True	True	0.0002598083248206	0.0002630734908154	2	False	True	True	0.0002598084212437	0.0002630735884499	2	False	True	True	0.0002598087690166	0.0002630739405923	2	False	True	True	0.0017910813820919	0.0019443204491291	2
R7B1_003258	36	AMICA1	CD8_NC	H3_RESCUE_FALSIFICATION	H3_DISTINCT_SIGNAL	ABF_H3_DOMINANT	H3_SUPPORTED_STABLE	STABLE_H3	PF50_UNINFORMATIVE		634	False	True	True	0.0009524415019366	0.0009956170809122	1	False	True	True	0.0009026550415557	0.0009417044569381	1	False	True	True	0.0008754015532414	0.0009122427536977	1	False	False	False			0
R7B1_003263	36	AMICA1	NK	H3_RESCUE_FALSIFICATION	H3_DISTINCT_SIGNAL	ABF_H3_DOMINANT	H3_SUPPORTED_STABLE	STABLE_H3	MATCH		634	False	True	True	3.10218984616686e-06	3.10269019017156e-06	1	False	True	True	3.10223011639825e-06	3.10273046689802e-06	1	False	True	True	3.1022246584035e-06	3.10272500802298e-06	1	False	True	True	2.36333785517577e-06	2.36362777609708e-06	1
R7B1_003283	36	CD3D	CD4_NC	H3_RESCUE_FALSIFICATION	H3_DISTINCT_SIGNAL	ABF_H3_DOMINANT	H3_SUPPORTED_STABLE	STABLE_H3	MATCH		665	False	True	True	5.13144438001593e-07	5.13160411003395e-07	1	False	True	True	5.13147441435089e-07	5.13163414530379e-07	1	False	True	True	5.13148630648949e-07	5.13164603781259e-07	1	False	True	True	6.693796836728871e-09	6.6937998332961e-09	1
R7B1_003286	36	CD3D	CD8_NC	H3_RESCUE_FALSIFICATION	H3_DISTINCT_SIGNAL	ABF_H3_DOMINANT	UNINFORMATIVE	H3_TO_UNINFORMATIVE	NOT_COMPARABLE		665	False	False	False			0	False	False	False			0	False	False	False			0	False	True	True	0.0003605665897946	0.0003642556240805	1
R7B1_003297	36	CD3E	CD4_NC	H3_RESCUE_FALSIFICATION	H3_DISTINCT_SIGNAL	ABF_H3_DOMINANT	H3_SUPPORTED_STABLE	STABLE_H3	MATCH		660	False	True	True	5.26639830988759e-11	5.26639833003199e-11	1	False	True	True	5.2664113409052004e-11	5.26641136104964e-11	1	False	True	True	5.266414143364749e-11	5.266414163509209e-11	1	False	True	True	8.58314826844796e-05	8.61323543268119e-05	2
R7B1_003299	36	CD3E	CD8_ET	H3_RESCUE_FALSIFICATION	H3_DISTINCT_SIGNAL	ABF_H3_DOMINANT	H3_SUPPORTED_STABLE	STABLE_H3	MATCH		660	False	True	True	1.7726210185062e-09	1.7726212397378902e-09	1	False	True	True	1.6137980625456502e-09	1.6137982461219901e-09	1	False	True	True	1.5352519224971302e-09	1.5352520887300702e-09	1	False	True	True	3.11104684630463e-12	3.11104684707031e-12	1
R7B1_003300	36	CD3E	CD8_NC	H3_RESCUE_FALSIFICATION	H3_DISTINCT_SIGNAL	ABF_H3_DOMINANT	H3_SUPPORTED_STABLE	STABLE_H3	MATCH		660	False	True	True	0.0003927022381344	0.0003991449006825	1	False	True	True	0.0003927013371785	0.0003991439849514	1	False	True	True	0.0003927007836275	0.0003991434223225	1	False	True	True	1.59264843225438e-06	1.59277148622611e-06	1
R7B1_003305	36	CD3E	NK	H3_RESCUE_FALSIFICATION	H3_DISTINCT_SIGNAL	ABF_H3_DOMINANT	H3_SUPPORTED_STABLE	STABLE_H3	MATCH		660	False	True	True	3.30399746167136e-38	3.30399746167136e-38	1	False	True	True	4.07081213707467e-38	4.07081213707467e-38	1	False	True	True	4.43562775571137e-38	4.43562775571137e-38	1	False	True	True	4.06985022212944e-38	4.06985022212944e-38	1
R7B1_003306	36	CD3E	NK_R	H3_RESCUE_FALSIFICATION	H3_DISTINCT_SIGNAL	ABF_H3_DOMINANT	H3_SUPPORTED_STABLE	STABLE_H3	MATCH		660	False	True	True	3.37820779933547e-38	3.37820779933547e-38	1	False	True	True	4.1505576717269997e-38	4.1505576717269997e-38	1	False	True	True	4.51896506593335e-38	4.51896506593335e-38	1	False	True	True	4.1611389832388e-38	4.1611389832388e-38	1
R7B1_003322	36	DDX6	B_IN	PRIMARY_184_TRIGGER_VERIFICATION	ROBUST_H4_TRIGGER	ABF_H4_DOMINANT	UNINFORMATIVE	H4_TO_UNINFORMATIVE	NOT_COMPARABLE		702	False	False	False			0	False	False	False			0	False	False	False			0	False	False	False			0
R7B1_003323	36	DDX6	B_MEM	PRIMARY_184_TRIGGER_VERIFICATION	ROBUST_H4_TRIGGER	ABF_H4_DOMINANT	H4_SUPPORTED_STABLE	STABLE_H4	MATCH		702	True	False	True	0.968855580429372	0.982890309853618	1	True	False	True	0.968853789652382	0.982889286316075	1	True	False	True	0.968854285076963	0.982889569481407	1	True	False	True	0.954194146027896	0.970104100235538	1
R7B1_003325	36	DDX6	CD4_NC	PRIMARY_184_TRIGGER_VERIFICATION	ROBUST_H4_TRIGGER	ABF_H4_DOMINANT	MODEL_SENSITIVE	H4_TO_MODEL_SENSITIVE	NOT_COMPARABLE		702	False	False	True	0.842829142045618	0.842829142077157	1	False	False	True	0.842819378481772	0.842819378513309	1	False	False	True	0.842837903668731	0.842837903700266	1	False	False	True	0.717424061840672	0.717424062488769	1
R7B1_003327	36	DDX6	CD8_ET	PRIMARY_184_TRIGGER_VERIFICATION	H3_H4_AMBIGUITY_TRIGGER	ABF_AMBIGUOUS	MODEL_SENSITIVE	AMBIGUITY_REMAINS_MODEL_SENSITIVE	NOT_COMPARABLE		702	False	False	True	0.636338080658332	0.636338080795838	1	False	False	True	0.636377713297998	0.636377713435495	1	False	False	True	0.636399973273324	0.636399973410821	1	False	False	True	0.446287944986161	0.44628794501327	1
R7B1_003328	36	DDX6	CD8_NC	PRIMARY_184_TRIGGER_VERIFICATION	ROBUST_H4_TRIGGER	ABF_H4_DOMINANT	MODEL_SENSITIVE	H4_TO_MODEL_SENSITIVE	NOT_COMPARABLE		702	False	False	True	0.901286191501196	0.901484856577747	1	False	False	True	0.901251312553751	0.901467618589552	1	False	False	True	0.901289755707723	0.901517306603447	1	True	False	True	0.950445564894716	0.950565690260144	1
R7B1_003333	36	DDX6	NK	H3_RESCUE_FALSIFICATION	H3_DISTINCT_SIGNAL	ABF_H3_DOMINANT	H3_SUPPORTED_STABLE	STABLE_H3	MATCH		702	False	True	True	0.137143941789178	0.13714395391606	1	False	True	True	0.137491103878106	0.137491116030801	1	False	True	True	0.137761852544875	0.137761864717683	1	False	True	True	0.0708514223808557	0.0708514224677978	1
R7B1_003351	36	HMBS	CD4_NC	H3_RESCUE_FALSIFICATION	H3_DISTINCT_SIGNAL	ABF_H3_DOMINANT	H3_SUPPORTED_STABLE	STABLE_H3	MATCH		702	False	True	True	6.04889703142529e-17	6.04889703142529e-17	1	False	True	True	6.04863302449833e-17	6.04863302449833e-17	1	False	True	True	6.04865218635162e-17	6.04865218635162e-17	1	False	True	True	5.67651468726886e-16	5.67651468726902e-16	1
R7B1_003362	36	MPZL2	CD4_NC	H3_RESCUE_FALSIFICATION	H3_DISTINCT_SIGNAL	ABF_H3_DOMINANT	H3_SUPPORTED_STABLE	STABLE_H3	MATCH		646	False	True	True	1.02515339335201e-06	1.02521085669413e-06	1	False	True	True	1.02516118380155e-06	1.02521864758035e-06	1	False	True	True	1.02516121989061e-06	1.02521868367144e-06	1	False	True	True	2.82290702490298e-06	2.82323337000249e-06	1
R7B1_003368	36	MPZL3	CD4_ET	H3_RESCUE_FALSIFICATION	H3_DISTINCT_SIGNAL	ABF_H3_DOMINANT	H3_SUPPORTED_STABLE	STABLE_H3	MATCH		639	False	True	True	0.0025664268074863	0.0027031080649304	1	False	True	True	0.0025284606905653	0.0026692037874536	1	False	True	True	0.0024823579538862	0.0026240912163087	1	False	True	True	0.0011855738391279	0.0012271100924831	1
R7B1_003369	36	MPZL3	CD4_NC	H3_RESCUE_FALSIFICATION	H3_DISTINCT_SIGNAL	ABF_H3_DOMINANT	H3_SUPPORTED_STABLE	STABLE_H3	MATCH		639	False	True	True	2.08985729829111e-11	2.08985730044632e-11	1	False	True	True	2.0898480266043097e-11	2.0898480287595097e-11	1	False	True	True	2.08984387668899e-11	2.08984387884419e-11	1	False	True	True	1.21325683596781e-11	1.2132568366729098e-11	1
R7B1_003372	36	MPZL3	CD8_NC	H3_RESCUE_FALSIFICATION	H3_DISTINCT_SIGNAL	ABF_H3_DOMINANT	H3_SUPPORTED_STABLE	STABLE_H3	MATCH		639	False	True	True	0.0001994737089069	0.0002014935891107	1	False	True	True	0.0001994732978072	0.0002014931738491	1	False	True	True	0.0001994736368595	0.0002014935163339	1	False	True	True	2.62090936888862e-05	2.62471056675033e-05	1
R7B1_003373	36	MPZL3	CD8_S100B	H3_RESCUE_FALSIFICATION	H3_DISTINCT_SIGNAL	ABF_H3_DOMINANT	UNINFORMATIVE	H3_TO_UNINFORMATIVE	NOT_COMPARABLE		639	False	False	False			0	False	False	False			0	False	False	False			0	False	False	False			0
R7B1_003382	36	RP11-110I1.11	CD4_NC	H3_RESCUE_FALSIFICATION	H3_DISTINCT_SIGNAL	ABF_H3_DOMINANT	H3_SUPPORTED_STABLE	STABLE_H3	MATCH		702	False	True	True	7.81642127875818e-05	7.84879703017064e-05	1	False	True	True	7.81639171531551e-05	7.8487673442853e-05	1	False	True	True	7.81639506964725e-05	7.8487707125097e-05	1	False	True	True	0.0001504052236208	0.0001514183087618	1
R7B1_003390	36	RPS25	B_IN	H3_RESCUE_FALSIFICATION	H3_DISTINCT_SIGNAL	ABF_H3_DOMINANT	H3_SUPPORTED_STABLE	STABLE_H3	MATCH		702	False	True	True	4.89300115365944e-12	4.8930011555077e-12	1	False	True	True	4.8930128455514594e-12	4.893012847399719e-12	1	False	True	True	4.89302591683462e-12	4.893025918682889e-12	1	False	True	True	3.0045101750439704e-19	3.0045101750439704e-19	1
R7B1_003391	36	RPS25	B_MEM	H3_RESCUE_FALSIFICATION	H3_DISTINCT_SIGNAL	ABF_H3_DOMINANT	H3_SUPPORTED_STABLE	STABLE_H3	MATCH		702	False	True	True	4.72599638537159e-22	4.72599638537159e-22	1	False	True	True	4.72602315657609e-22	4.72602315657609e-22	1	False	True	True	4.7259984046067e-22	4.7259984046067e-22	1	False	True	True	1.1321431261685901e-23	1.1321431261685901e-23	1
R7B1_003392	36	RPS25	CD4_ET	H3_RESCUE_FALSIFICATION	H3_DISTINCT_SIGNAL	ABF_H3_DOMINANT	H3_SUPPORTED_STABLE	STABLE_H3	MATCH		702	False	True	True	1.23634667575103e-33	1.23634667575103e-33	1	False	True	True	1.23637183046189e-33	1.23637183046189e-33	1	False	True	True	1.23638455800711e-33	1.23638455800711e-33	1	False	True	True	9.07709432018802e-37	9.07709432018802e-37	1
R7B1_003393	36	RPS25	CD4_NC	H3_RESCUE_FALSIFICATION	H3_DISTINCT_SIGNAL	ABF_H3_DOMINANT	H3_SUPPORTED_STABLE	STABLE_H3	MATCH		702	False	True	True	9.19381057727882e-38	9.19381057727882e-38	1	False	True	True	1.1013952352715999e-37	1.1013952352715999e-37	1	False	True	True	1.24122849968545e-37	1.24122849968545e-37	1	False	True	True	1.14632758260633e-37	1.14632758260633e-37	1
R7B1_003395	36	RPS25	CD8_ET	H3_RESCUE_FALSIFICATION	H3_DISTINCT_SIGNAL	ABF_H3_DOMINANT	H3_SUPPORTED_STABLE	STABLE_H3	MATCH		702	False	True	True	0.0026125947626764	0.0029836315983955	2	False	True	True	0.0026125973967533	0.0029836346054422	2	False	True	True	0.002612598091599	0.0029836353986739	2	False	True	True	1.61058898935011e-06	1.61071666846053e-06	2
R7B1_003396	36	RPS25	CD8_NC	H3_RESCUE_FALSIFICATION	H3_DISTINCT_SIGNAL	ABF_H3_DOMINANT	H3_SUPPORTED_STABLE	STABLE_H3	MATCH		702	False	True	True	8.570197245888251e-38	8.570197245888251e-38	1	False	True	True	1.02409499745165e-37	1.02409499745165e-37	1	False	True	True	1.15230420366542e-37	1.15230420366542e-37	1	False	True	True	1.07113551151287e-37	1.07113551151287e-37	1
R7B1_003397	36	RPS25	CD8_S100B	H3_RESCUE_FALSIFICATION	H3_DISTINCT_SIGNAL	ABF_H3_DOMINANT	H3_SUPPORTED_STABLE	STABLE_H3	MATCH		702	False	True	True	3.2644344665393904e-19	3.2644344665393904e-19	1	False	True	True	3.2643903780883504e-19	3.2643903780883504e-19	1	False	True	True	3.26439008470721e-19	3.26439008470721e-19	1	False	True	True	1.22856689232381e-17	1.22856689232381e-17	1
R7B1_003399	36	RPS25	Mono_C	H3_RESCUE_FALSIFICATION	H3_DISTINCT_SIGNAL	ABF_H3_DOMINANT	H3_SUPPORTED_STABLE	STABLE_H3	MATCH		702	False	True	True	3.6328059472668103e-09	3.63280653182519e-09	1	False	True	True	3.6327271569578103e-09	3.63272774150348e-09	1	False	True	True	3.6327417010413502e-09	3.63274228558936e-09	1	False	True	True	1.77591790258232e-09	1.7759180107053e-09	1
R7B1_003400	36	RPS25	Mono_NC	H3_RESCUE_FALSIFICATION	H3_DISTINCT_SIGNAL	ABF_H3_DOMINANT	H3_SUPPORTED_STABLE	STABLE_H3	MATCH		702	False	True	True	8.61687449617899e-16	8.616874496179469e-16	1	False	True	True	9.48125814855756e-16	9.481258148558089e-16	1	False	True	True	9.97740797568107e-16	9.97740797568163e-16	1	False	True	True	1.79954737764233e-15	1.79954737764248e-15	1
R7B1_003401	36	RPS25	NK	H3_RESCUE_FALSIFICATION	H3_DISTINCT_SIGNAL	ABF_H3_DOMINANT	H3_SUPPORTED_STABLE	STABLE_H3	MATCH		702	False	True	True	0.0003734432301992	0.0003752108007013	2	False	True	True	0.000373439410312	0.0003752069627407	2	False	True	True	0.0003734381109125	0.0003752056571931	2	False	True	True	8.12673244127984e-06	8.12951645604852e-06	2
R7B1_003402	36	RPS25	NK_R	H3_RESCUE_FALSIFICATION	H3_DISTINCT_SIGNAL	ABF_H3_DOMINANT	H3_SUPPORTED_STABLE	STABLE_H3	MATCH		702	False	True	True	0.0001904578317649	0.0001923068173775	1	False	True	True	0.0001904586972168	0.0001923076912297	1	False	True	True	0.0001904592043506	0.0001923082032859	1	False	True	True	0.0008790879768507	0.000916861366838	1
R7B1_003406	36	TRAPPC4	CD4_ET	H3_RESCUE_FALSIFICATION	H3_DISTINCT_SIGNAL	ABF_H3_DOMINANT	H3_SUPPORTED_STABLE	STABLE_H3	MATCH		702	False	True	True	9.82258111092137e-05	9.85247694022204e-05	1	False	True	True	0.0001013012590942	0.0001016265472067	1	False	True	True	0.0001031253569547	0.0001034669582057	1	False	True	True	4.16662761872442e-05	4.17279873942372e-05	1
R7B1_003407	36	TRAPPC4	CD4_NC	H3_RESCUE_FALSIFICATION	H3_DISTINCT_SIGNAL	ABF_H3_DOMINANT	H3_SUPPORTED_STABLE	STABLE_H3	MATCH		702	False	True	True	9.76114752730173e-15	9.761147527309962e-15	1	False	True	True	9.76114733331638e-15	9.761147333324611e-15	1	False	True	True	9.76114654604939e-15	9.761146546057621e-15	1	False	True	True	7.237220634189439e-16	7.237220634189939e-16	1
R7B1_003409	36	TRAPPC4	CD8_ET	H3_RESCUE_FALSIFICATION	H3_DISTINCT_SIGNAL	ABF_H3_DOMINANT	H3_SUPPORTED_STABLE	STABLE_H3	MATCH		702	False	True	True	6.723865297913461e-15	6.723865297917141e-15	1	False	True	True	6.723897019170431e-15	6.723897019174111e-15	1	False	True	True	6.7238905998811506e-15	6.723890599884831e-15	1	False	True	True	2.20332618264367e-14	2.2033261826471602e-14	1
R7B1_003410	36	TRAPPC4	CD8_NC	H3_RESCUE_FALSIFICATION	H3_DISTINCT_SIGNAL	ABF_H3_DOMINANT	H3_SUPPORTED_STABLE	STABLE_H3	MATCH		702	False	True	True	2.6752744742417204e-09	2.67527482136708e-09	1	False	True	True	2.6753185379250103e-09	2.67531888505607e-09	1	False	True	True	2.6753143488896e-09	2.67531469602014e-09	1	False	True	True	5.35507059474621e-09	5.3550717321389805e-09	1
R7B1_003415	36	TRAPPC4	NK	H3_RESCUE_FALSIFICATION	H3_DISTINCT_SIGNAL	ABF_H3_DOMINANT	H3_SUPPORTED_STABLE	STABLE_H3	MATCH		702	False	True	True	1.87361537563396e-15	1.87361537563428e-15	1	False	True	True	1.8736185746355302e-15	1.87361857463585e-15	1	False	True	True	1.87362188318962e-15	1.87362188318994e-15	1	False	True	True	1.07646922694421e-15	1.0764692269443201e-15	1
R7B1_003438	38	C12orf57	B_IN	H3_RESCUE_FALSIFICATION	H3_DISTINCT_SIGNAL	ABF_H3_DOMINANT	H3_SUPPORTED_STABLE	STABLE_H3	MATCH		508	False	True	True	5.05808550173225e-06	5.05965996285693e-06	1	False	True	True	5.0580855017306e-06	5.05965996285528e-06	1	False	True	True	5.0580855017306e-06	5.05965996285528e-06	1	False	True	True	1.69051794266617e-05	1.69218283715967e-05	1
R7B1_003468	38	CD27	CD4_NC	H3_RESCUE_FALSIFICATION	H3_DISTINCT_SIGNAL	ABF_H3_DOMINANT	H3_SUPPORTED_STABLE	STABLE_H3	MATCH		626	False	True	True	0.001261133262933	0.0013397702565762	2	False	True	True	0.001261133262933	0.0013397702565762	2	False	True	True	0.001261133262933	0.0013397702565762	2	False	True	True	0.002412649237924	0.0027136420823065	2
R7B1_003471	38	CD27	CD8_NC	H3_RESCUE_FALSIFICATION	H3_DISTINCT_SIGNAL	ABF_H3_DOMINANT	UNINFORMATIVE	H3_TO_UNINFORMATIVE	NOT_COMPARABLE		626	False	False	False	0.011788284657554	0.0182877387454471	1	False	False	False	0.0117874505818796	0.0182858035522148	1	False	False	False	0.011787409088801	0.0182857075700926	1	False	False	False			0
R7B1_003479	38	CD27-AS1	B_IN	H3_RESCUE_FALSIFICATION	H3_DISTINCT_SIGNAL	ABF_H3_DOMINANT	H3_SUPPORTED_STABLE	STABLE_H3	MATCH		626	False	True	True	1.68769060380943e-05	1.68868708101247e-05	1	False	True	True	1.80404035711251e-05	1.80517302181588e-05	1	False	True	True	1.87764702849044e-05	1.87887028497633e-05	1	False	True	True	0.0019271697719237	0.0021008184367607	1
R7B1_003489	38	CD27-AS1	NK	H3_RESCUE_FALSIFICATION	H3_DISTINCT_SIGNAL	ABF_H3_DOMINANT	H3_SUPPORTED_STABLE	STABLE_H3	MATCH		626	False	True	True	2.99198949259448e-05	2.9962911987964e-05	1	False	True	True	3.99236308582162e-05	3.9999031580593e-05	1	False	True	True	4.98874580413214e-05	5.0003864823269e-05	1	False	True	True	0.0080370828627569	0.0115491560472061	2
R7B1_003492	38	CD9	B_IN	H3_RESCUE_FALSIFICATION	H3_DISTINCT_SIGNAL	ABF_H3_DOMINANT	H3_SUPPORTED_STABLE	STABLE_H3	MATCH		626	False	True	True	0.0041112363633398	0.0045687673744675	1	False	True	True	0.0039190883317674	0.0043374960789744	1	False	True	True	0.0038020453046864	0.0041975621260147	1	False	True	True	3.2236858843265e-06	3.22391305558106e-06	1
R7B1_003537	38	GAPDH	CD8_ET	H3_RESCUE_FALSIFICATION	H3_DISTINCT_SIGNAL	ABF_H3_DOMINANT	H3_SUPPORTED_STABLE	STABLE_H3	MATCH		626	False	True	True	4.36325219371497e-10	4.36325232611822e-10	1	False	True	True	4.36325219371497e-10	4.36325232611822e-10	1	False	True	True	4.36325219371497e-10	4.36325232611822e-10	1	False	True	True	1.77735579647759e-08	1.77735741651925e-08	1
R7B1_003541	38	GAPDH	Mono_C	H3_RESCUE_FALSIFICATION	H3_DISTINCT_SIGNAL	ABF_H3_DOMINANT	H3_SUPPORTED_STABLE	STABLE_H3	MATCH		626	False	True	True	4.00823404022302e-05	4.01322255928814e-05	1	False	True	True	4.00823404022302e-05	4.01322255928814e-05	1	False	True	True	4.00823404022302e-05	4.01322255928814e-05	1	False	True	True	2.18080178841834e-07	2.18081330806928e-07	1
R7B1_003542	38	GAPDH	Mono_NC	H3_RESCUE_FALSIFICATION	H3_DISTINCT_SIGNAL	ABF_H3_DOMINANT	H3_SUPPORTED_STABLE	STABLE_H3	MATCH		626	False	True	True	1.01197546739222e-13	1.01197546739524e-13	1	False	True	True	1.01197546739222e-13	1.01197546739524e-13	1	False	True	True	1.01197546739222e-13	1.01197546739524e-13	1	False	True	True	6.00057888075347e-14	6.00057888076091e-14	1
R7B1_003543	38	GAPDH	NK	H3_RESCUE_FALSIFICATION	H3_DISTINCT_SIGNAL	ABF_H3_DOMINANT	H3_SUPPORTED_STABLE	STABLE_H3	MATCH		626	False	True	True	2.55649774924286e-09	2.5564982109698603e-09	1	False	True	True	2.55649774924286e-09	2.5564982109698603e-09	1	False	True	True	2.55649774924286e-09	2.5564982109698603e-09	1	False	True	True	2.3512662508649604e-09	2.3512665611483e-09	1
R7B1_003549	38	MLF2	CD4_NC	H3_RESCUE_FALSIFICATION	H3_DISTINCT_SIGNAL	ABF_H3_DOMINANT	H3_SUPPORTED_STABLE	STABLE_H3	PF50_UNINFORMATIVE		615	False	True	True	5.7627975257827e-08	5.7628032796933e-08	1	False	True	True	5.7627975257827e-08	5.7628032796933e-08	1	False	True	True	5.7627975257827e-08	5.7628032796933e-08	1	False	False	False			0
R7B1_003551	38	MLF2	CD8_ET	H3_RESCUE_FALSIFICATION	H3_DISTINCT_SIGNAL	ABF_H3_DOMINANT	H3_SUPPORTED_STABLE	STABLE_H3	MATCH		615	False	True	True	0.0024485246969445	0.0027620219806	1	False	True	True	0.0024808592177373	0.0028030604047117	1	False	True	True	0.0024995884978297	0.002826981226037	1	False	True	True	4.00368210580343e-05	4.01302346517541e-05	1
R7B1_003557	38	MLF2	NK	H3_RESCUE_FALSIFICATION	H3_DISTINCT_SIGNAL	ABF_H3_DOMINANT	UNINFORMATIVE	H3_TO_UNINFORMATIVE	NOT_COMPARABLE		615	False	False	False	0.0065425152255706	0.0094383465221083	1	False	False	False	0.0065438555977974	0.0094412588392582	1	False	False	False	0.0065453412420047	0.009444372761328	1	False	True	True	0.0005238837014047	0.0005390505490573	1
R7B1_003563	38	MRPL51	CD4_NC	H3_RESCUE_FALSIFICATION	H3_DISTINCT_SIGNAL	ABF_H3_DOMINANT	H3_SUPPORTED_STABLE	STABLE_H3	MATCH		626	False	True	True	2.26317860740424e-14	2.26317860740699e-14	1	False	True	True	2.26317860740424e-14	2.26317860740699e-14	1	False	True	True	2.26317860740424e-14	2.26317860740699e-14	1	False	True	True	2.3076943951851e-14	2.3076943951879e-14	1
R7B1_003566	38	MRPL51	CD8_NC	H3_RESCUE_FALSIFICATION	H3_DISTINCT_SIGNAL	ABF_H3_DOMINANT	H3_SUPPORTED_STABLE	STABLE_H3	MATCH		626	False	True	True	2.24482761181692e-07	2.24485780615552e-07	1	False	True	True	2.24482761181692e-07	2.24485780615552e-07	1	False	True	True	2.24482761181692e-07	2.24485780615552e-07	1	False	True	True	1.75935774794389e-07	1.75937684528758e-07	1
R7B1_003569	38	MRPL51	Mono_C	H3_RESCUE_FALSIFICATION	H3_DISTINCT_SIGNAL	ABF_H3_DOMINANT	H3_SUPPORTED_STABLE	STABLE_H3	MATCH		626	False	True	True	3.42433477664597e-07	3.42440370450102e-07	1	False	True	True	3.42433477664597e-07	3.42440370450102e-07	1	False	True	True	3.42433477664597e-07	3.42440370450102e-07	1	False	True	True	9.25158940628265e-06	9.25532666170787e-06	1
R7B1_003577	38	NCAPD2	CD4_NC	H3_RESCUE_FALSIFICATION	H3_DISTINCT_SIGNAL	ABF_H3_DOMINANT	H3_SUPPORTED_STABLE	STABLE_H3	MATCH		626	False	True	True	0.012120489330422	0.0123734637630281	1	False	True	True	0.012120489330422	0.0123734637630281	1	False	True	True	0.012120489330422	0.0123734637630281	1	False	True	True	0.000875246446071	0.0008789603234444	1
R7B1_003628	38	SPSB2	B_IN	H3_RESCUE_FALSIFICATION	H3_DISTINCT_SIGNAL	ABF_H3_DOMINANT	H3_SUPPORTED_STABLE	STABLE_H3	MATCH		547	False	True	True	0.0003053347521898	0.0003088938608527	1	False	True	True	0.0003053347521898	0.0003088938608527	1	False	True	True	0.0003053347521898	0.0003088938608527	1	False	True	True	0.0006295011922783	0.0006454301987486	1
R7B1_003629	38	SPSB2	B_MEM	H3_RESCUE_FALSIFICATION	H3_DISTINCT_SIGNAL	ABF_H3_DOMINANT	H3_SUPPORTED_STABLE	STABLE_H3	MATCH		547	False	True	True	1.14879327831926e-05	1.14957085379685e-05	1	False	True	True	1.14879327831926e-05	1.14957085379685e-05	1	False	True	True	1.14879327831926e-05	1.14957085379685e-05	1	False	True	True	2.48907117932905e-05	2.49267787043041e-05	1
R7B1_003630	38	SPSB2	CD4_ET	H3_RESCUE_FALSIFICATION	H3_DISTINCT_SIGNAL	ABF_H3_DOMINANT	H3_SUPPORTED_STABLE	STABLE_H3	MATCH		547	False	True	True	3.24109334738881e-05	3.24461150847078e-05	1	False	True	True	3.2563161181342e-05	3.25987443852861e-05	1	False	True	True	3.25705742119794e-05	3.26061764224511e-05	1	False	True	True	0.0001081878316715	0.0001086056135007	1
R7B1_003631	38	SPSB2	CD4_NC	H3_RESCUE_FALSIFICATION	H3_DISTINCT_SIGNAL	ABF_H3_DOMINANT	H3_SUPPORTED_STABLE	STABLE_H3	MATCH		547	False	True	True	1.5466975950692102e-14	1.54669759507127e-14	1	False	True	True	1.5466975950692102e-14	1.54669759507127e-14	1	False	True	True	1.5466975950692102e-14	1.54669759507127e-14	1	False	True	True	1.54667728189483e-14	1.5466772818969e-14	1
R7B1_003633	38	SPSB2	CD8_ET	H3_RESCUE_FALSIFICATION	H3_DISTINCT_SIGNAL	ABF_H3_DOMINANT	H3_SUPPORTED_STABLE	STABLE_H3	MATCH		547	False	True	True	1.62424674582141e-14	1.62424674582357e-14	1	False	True	True	1.62424674582141e-14	1.62424674582357e-14	1	False	True	True	1.62424674582141e-14	1.62424674582357e-14	1	False	True	True	1.60767421463234e-14	1.6076742146344902e-14	1
R7B1_003634	38	SPSB2	CD8_NC	H3_RESCUE_FALSIFICATION	H3_DISTINCT_SIGNAL	ABF_H3_DOMINANT	H3_SUPPORTED_STABLE	STABLE_H3	MATCH		547	False	True	True	1.2313378943283e-09	1.23133798984468e-09	1	False	True	True	1.2313378943283e-09	1.23133798984468e-09	1	False	True	True	1.2313378943283e-09	1.23133798984468e-09	1	False	True	True	1.96336815423765e-07	1.96339027136377e-07	1
R7B1_003639	38	SPSB2	NK	H3_RESCUE_FALSIFICATION	H3_DISTINCT_SIGNAL	ABF_H3_DOMINANT	H3_SUPPORTED_STABLE	STABLE_H3	MATCH		547	False	True	True	1.7145340941673702e-14	1.71453409416966e-14	1	False	True	True	1.7145340941673702e-14	1.71453409416966e-14	1	False	True	True	1.7145340941673702e-14	1.71453409416966e-14	1	False	True	True	1.59116948265532e-14	1.59116948265744e-14	1
R7B1_003642	38	TAPBPL	B_IN	H3_RESCUE_FALSIFICATION	H3_DISTINCT_SIGNAL	ABF_H3_DOMINANT	H3_SUPPORTED_STABLE	STABLE_H3	MATCH		626	False	True	True	8.46327734708588e-08	8.46332405574679e-08	1	False	True	True	8.46327734708588e-08	8.46332405574679e-08	1	False	True	True	8.46327734708588e-08	8.46332405574679e-08	1	False	True	True	1.07116472874218e-09	1.0711648094025502e-09	1
R7B1_003643	38	TAPBPL	B_MEM	H3_RESCUE_FALSIFICATION	H3_DISTINCT_SIGNAL	ABF_H3_DOMINANT	H3_SUPPORTED_STABLE	STABLE_H3	MATCH		626	False	True	True	0.0011563593997861	0.0012045006403287	1	False	True	True	0.0011563593997861	0.0012045006403287	1	False	True	True	0.0011563593997861	0.0012045006403287	1	False	True	True	4.61651283121731e-05	4.62665222110451e-05	1
R7B1_003644	38	TAPBPL	CD4_ET	H3_RESCUE_FALSIFICATION	H3_DISTINCT_SIGNAL	ABF_H3_DOMINANT	H3_SUPPORTED_STABLE	STABLE_H3	MATCH		626	False	True	True	1.20903384719213e-05	1.20975855892156e-05	1	False	True	True	1.47201996682743e-05	1.47308714884008e-05	1	False	True	True	1.53609921899915e-05	1.53725974148494e-05	1	False	True	True	9.97402768127198e-07	9.9745671297186e-07	1
R7B1_003645	38	TAPBPL	CD4_NC	H3_RESCUE_FALSIFICATION	H3_DISTINCT_SIGNAL	ABF_H3_DOMINANT	H3_SUPPORTED_STABLE	STABLE_H3	MATCH		626	False	True	True	1.3719706497052301e-14	1.37197064970689e-14	1	False	True	True	1.3719706497052301e-14	1.37197064970689e-14	1	False	True	True	1.3719706497052301e-14	1.37197064970689e-14	1	False	True	True	0.008365951123618	0.0100145257839442	2
R7B1_003647	38	TAPBPL	CD8_ET	H3_RESCUE_FALSIFICATION	H3_DISTINCT_SIGNAL	ABF_H3_DOMINANT	H3_SUPPORTED_STABLE	STABLE_H3	MATCH		626	False	True	True	1.37041558579116e-14	1.3704155857928201e-14	1	False	True	True	1.37041558579116e-14	1.3704155857928201e-14	1	False	True	True	1.37041558579116e-14	1.3704155857928201e-14	1	False	True	True	1.36966213060486e-14	1.36966213060651e-14	1
R7B1_003648	38	TAPBPL	CD8_NC	H3_RESCUE_FALSIFICATION	H3_DISTINCT_SIGNAL	ABF_H3_DOMINANT	H3_SUPPORTED_STABLE	STABLE_H3	MATCH		626	False	True	True	0.0118572714821136	0.017877989042205	2	False	True	True	0.0118572714821136	0.017877989042205	2	False	True	True	0.0118572714821136	0.017877989042205	2	False	True	True	0.0085946253036968	0.0118775729327409	2
R7B1_003651	38	TAPBPL	Mono_C	H3_RESCUE_FALSIFICATION	H3_DISTINCT_SIGNAL	ABF_H3_DOMINANT	H3_SUPPORTED_STABLE	STABLE_H3	MATCH		626	False	True	True	0.0015668523218267	0.0016708332188979	1	False	True	True	0.0015668523218267	0.0016708332188979	1	False	True	True	0.0015668523218267	0.0016708332188979	1	False	True	True	0.0007894013599161	0.0008161539002096	1
R7B1_003652	38	TAPBPL	Mono_NC	H3_RESCUE_FALSIFICATION	H3_DISTINCT_SIGNAL	ABF_H3_DOMINANT	UNINFORMATIVE	H3_TO_UNINFORMATIVE	NOT_COMPARABLE		626	False	False	False			0	False	False	False			0	False	False	False			0	False	False	False			0
R7B1_003653	38	TAPBPL	NK	H3_RESCUE_FALSIFICATION	H3_DISTINCT_SIGNAL	ABF_H3_DOMINANT	H3_SUPPORTED_STABLE	STABLE_H3	MATCH		626	False	True	True	1.3705730962017901e-14	1.37057309620345e-14	1	False	True	True	1.3705730962017901e-14	1.37057309620345e-14	1	False	True	True	1.3705730962017901e-14	1.37057309620345e-14	1	False	True	True	1.3719171318015601e-14	1.37191713180322e-14	1
R7B1_003655	38	TAPBPL	Plasma	H3_RESCUE_FALSIFICATION	H3_DISTINCT_SIGNAL	ABF_H3_DOMINANT	H3_SUPPORTED_STABLE	STABLE_H3	PF50_UNINFORMATIVE		626	False	True	True	0.0013519733549694	0.0014346220720899	1	False	True	True	0.0013519733549694	0.0014346220720899	1	False	True	True	0.0013519733549694	0.0014346220720899	1	False	False	False			0
R7B1_003658	38	TPI1	CD4_ET	H3_RESCUE_FALSIFICATION	H3_DISTINCT_SIGNAL	ABF_H3_DOMINANT	UNINFORMATIVE	H3_TO_UNINFORMATIVE	NOT_COMPARABLE		547	False	False	False	0.0074111844357164	0.0104591125769443	1	False	False	False	0.0074111844357164	0.0104591125769443	1	False	False	False	0.0074111844357164	0.0104591125769443	1	False	True	True	0.0016599065619107	0.0017781146406404	1
R7B1_003659	38	TPI1	CD4_NC	H3_RESCUE_FALSIFICATION	H3_DISTINCT_SIGNAL	ABF_H3_DOMINANT	H3_SUPPORTED_STABLE	STABLE_H3	MATCH		547	False	True	True	1.55360534843035e-14	1.55360534843242e-14	1	False	True	True	1.55360534843035e-14	1.55360534843242e-14	1	False	True	True	1.55360534843035e-14	1.55360534843242e-14	1	False	True	True	1.54721281866027e-14	1.54721281866233e-14	1
R7B1_003662	38	TPI1	CD8_NC	H3_RESCUE_FALSIFICATION	H3_DISTINCT_SIGNAL	ABF_H3_DOMINANT	UNINFORMATIVE	H3_TO_UNINFORMATIVE	NOT_COMPARABLE		547	False	False	False	0.0102087137653189	0.0192809676582568	1	False	False	False	0.0102402148589193	0.0193943621517632	1	False	False	False	0.0102500232861231	0.0194293472932903	1	False	False	False	0.005836122890067	0.0078741152601952	1
R7B1_003664	38	TPI1	DC	PRIMARY_184_TRIGGER_VERIFICATION	ROBUST_H4_TRIGGER	ABF_H4_DOMINANT	UNINFORMATIVE	H4_TO_UNINFORMATIVE	NOT_COMPARABLE		547	False	False	False			0	False	False	False			0	False	False	False			0	False	False	False			0
R7B1_003673	38	VAMP1	CD4_NC	H3_RESCUE_FALSIFICATION	H3_DISTINCT_SIGNAL	ABF_H3_DOMINANT	H3_SUPPORTED_STABLE	STABLE_H3	MATCH		626	False	True	True	8.71081221820722e-06	8.7140987778249e-06	1	False	True	True	8.99940487570211e-06	9.00292002916173e-06	1	False	True	True	9.25206922027109e-06	9.2557878469377e-06	1	False	True	True	8.87410658574285e-07	8.87437751333571e-07	1
R7B1_003676	38	VAMP1	CD8_NC	H3_RESCUE_FALSIFICATION	H3_DISTINCT_SIGNAL	ABF_H3_DOMINANT	H3_SUPPORTED_STABLE	STABLE_H3	MATCH		626	False	True	True	0.0028001833559905	0.0031779289443204	1	False	True	True	0.0028001833559905	0.0031779289443204	1	False	True	True	0.0028001833559905	0.0031779289443204	1	False	True	True	5.87140245420971e-05	5.88911393662089e-05	1
R7B1_003681	38	VAMP1	NK	H3_RESCUE_FALSIFICATION	H3_DISTINCT_SIGNAL	ABF_H3_DOMINANT	H3_SUPPORTED_STABLE	STABLE_H3	MATCH		626	False	True	True	1.17039307267761e-06	1.17047292935271e-06	1	False	True	True	1.7222253120836e-06	1.72239622978538e-06	1	False	True	True	2.36145523018203e-06	2.3617734790946e-06	1	False	True	True	3.45587108517937e-07	3.45594322690734e-07	1
R7B1_003737	39	ERP29	B_MEM	H3_RESCUE_FALSIFICATION	H3_DISTINCT_SIGNAL	ABF_H3_DOMINANT	H3_SUPPORTED_STABLE	STABLE_H3	PF50_UNINFORMATIVE		524	False	True	True	0.132153454716997	0.213859810996865	2	False	True	True	0.132153454716997	0.213859810996865	2	False	True	True	0.132153454716997	0.213859810996865	2	False	False	False	0.113597696671369	0.204730998670748	2
R7B1_003739	39	ERP29	CD4_NC	H3_RESCUE_FALSIFICATION	H3_DISTINCT_SIGNAL	ABF_H3_DOMINANT	H3_SUPPORTED_STABLE	STABLE_H3	MATCH		524	False	True	True	0.0839982387532346	0.125466548606302	2	False	True	True	0.0839982387532346	0.125466548606302	2	False	True	True	0.0839982387532346	0.125466548606302	2	False	True	True	0.0921449761576264	0.137034154285694	2
R7B1_003794	39	MAPKAPK5-AS1	CD4_ET	H3_RESCUE_FALSIFICATION	H3_DISTINCT_SIGNAL	ABF_H3_DOMINANT	H3_SUPPORTED_STABLE	STABLE_H3	MATCH		617	False	True	True	0.610716605878491	0.717714594675536	2	False	True	True	0.610716605878491	0.717714594675536	2	False	True	True	0.610716605878491	0.717714594675536	2	False	True	True	0.623137673471863	0.722836013114176	2
R7B1_003795	39	MAPKAPK5-AS1	CD4_NC	H3_RESCUE_FALSIFICATION	H3_DISTINCT_SIGNAL	ABF_H3_DOMINANT	H3_SUPPORTED_STABLE	STABLE_H3	MATCH		617	False	True	True	0.703084329642429	0.788373545167108	2	False	True	True	0.703084329642429	0.788373545167108	2	False	True	True	0.703084329642429	0.788373545167108	2	False	True	True	0.710303818564803	0.794134319248446	2
R7B1_003798	39	MAPKAPK5-AS1	CD8_NC	H3_RESCUE_FALSIFICATION	H3_DISTINCT_SIGNAL	ABF_H3_DOMINANT	H3_SUPPORTED_STABLE	STABLE_H3	MATCH		617	False	True	True	0.633887386590073	0.764413978549035	2	False	True	True	0.633887386590073	0.764413978549035	2	False	True	True	0.633887386590073	0.764413978549035	2	False	True	True	0.673950961658122	0.771551963552587	2
R7B1_003864	39	RP3-462E2.5	CD4_NC	H3_RESCUE_FALSIFICATION	H3_DISTINCT_SIGNAL	ABF_H3_DOMINANT	MODEL_SENSITIVE	H3_TO_MODEL_SENSITIVE	NOT_COMPARABLE		608	False	True	True	0.657616952374135	0.766916460753981	2	False	False	False			0	False	False	False			0	False	True	True	0.673359749489872	0.768066882599843	2
R7B1_003898	40	DNAJC15	B_IN	H3_RESCUE_FALSIFICATION	H3_DISTINCT_SIGNAL	ABF_H3_DOMINANT	H3_SUPPORTED_STABLE	STABLE_H3	MATCH		1266	False	True	True	1.31790333426165e-10	1.31790334140415e-10	1	False	True	True	1.31790333426165e-10	1.31790334140415e-10	1	False	True	True	1.31790333426165e-10	1.31790334140415e-10	1	False	True	True	1.30929932410742e-10	1.30929933120331e-10	1
R7B1_003899	40	DNAJC15	B_MEM	H3_RESCUE_FALSIFICATION	H3_DISTINCT_SIGNAL	ABF_H3_DOMINANT	H3_SUPPORTED_STABLE	STABLE_H3	MATCH		1266	False	True	True	1.29321215129293e-10	1.2932121583016201e-10	1	False	True	True	1.29321215129293e-10	1.2932121583016201e-10	1	False	True	True	1.29321215129293e-10	1.2932121583016201e-10	1	False	True	True	1.22787727501653e-10	1.22787728167112e-10	1
R7B1_003900	40	DNAJC15	CD4_ET	H3_RESCUE_FALSIFICATION	H3_DISTINCT_SIGNAL	ABF_H3_DOMINANT	H3_SUPPORTED_STABLE	STABLE_H3	MATCH		1266	False	True	True	1.20408667975767e-10	1.20408668628333e-10	1	False	True	True	1.20408667975767e-10	1.20408668628333e-10	1	False	True	True	1.20408667975767e-10	1.20408668628333e-10	1	False	True	True	1.19199823115866e-10	1.19199823761881e-10	1
R7B1_003901	40	DNAJC15	CD4_NC	H3_RESCUE_FALSIFICATION	H3_DISTINCT_SIGNAL	ABF_H3_DOMINANT	H3_SUPPORTED_STABLE	STABLE_H3	MATCH		1266	False	True	True	1.19930124602113e-10	1.1993012525208301e-10	1	False	True	True	1.19930124602113e-10	1.1993012525208301e-10	1	False	True	True	1.19930124602113e-10	1.1993012525208301e-10	1	False	True	True	1.19746601102073e-10	1.1974660175105e-10	1
R7B1_003903	40	DNAJC15	CD8_ET	H3_RESCUE_FALSIFICATION	H3_DISTINCT_SIGNAL	ABF_H3_DOMINANT	H3_SUPPORTED_STABLE	STABLE_H3	MATCH		1266	False	True	True	1.137212693169e-10	1.1372126993322301e-10	1	False	True	True	1.137212693169e-10	1.1372126993322301e-10	1	False	True	True	1.137212693169e-10	1.1372126993322301e-10	1	False	True	True	1.27312412525186e-10	1.27312413215167e-10	1
R7B1_003904	40	DNAJC15	CD8_NC	H3_RESCUE_FALSIFICATION	H3_DISTINCT_SIGNAL	ABF_H3_DOMINANT	H3_SUPPORTED_STABLE	STABLE_H3	MATCH		1266	False	True	True	1.24808912031286e-10	1.24808912707698e-10	1	False	True	True	1.24808912031286e-10	1.24808912707698e-10	1	False	True	True	1.24808912031286e-10	1.24808912707698e-10	1	False	True	True	1.24374664567556e-10	1.24374665241616e-10	1
R7B1_003905	40	DNAJC15	CD8_S100B	H3_RESCUE_FALSIFICATION	H3_DISTINCT_SIGNAL	ABF_H3_DOMINANT	H3_SUPPORTED_STABLE	STABLE_H3	MATCH		1266	False	True	True	1.32790983096437e-10	1.32790983816111e-10	1	False	True	True	1.32790983096437e-10	1.32790983816111e-10	1	False	True	True	1.32790983096437e-10	1.32790983816111e-10	1	False	True	True	1.35018430486643e-10	1.35018431218389e-10	1
R7B1_003906	40	DNAJC15	DC	H3_RESCUE_FALSIFICATION	H3_DISTINCT_SIGNAL	ABF_H3_DOMINANT	H3_SUPPORTED_STABLE	STABLE_H3	MATCH		1266	False	True	True	1.25761564902641e-10	1.25761565584218e-10	1	False	True	True	1.25761564902641e-10	1.25761565584218e-10	1	False	True	True	1.25761564902641e-10	1.25761565584218e-10	1	False	True	True	1.24326843481568e-10	1.2432684415537002e-10	1
R7B1_003907	40	DNAJC15	Mono_C	H3_RESCUE_FALSIFICATION	H3_DISTINCT_SIGNAL	ABF_H3_DOMINANT	H3_SUPPORTED_STABLE	STABLE_H3	MATCH		1266	False	True	True	1.26719151413464e-10	1.2671915210023002e-10	1	False	True	True	1.26719151413464e-10	1.2671915210023002e-10	1	False	True	True	1.26719151413464e-10	1.2671915210023002e-10	1	False	True	True	1.28612779377726e-10	1.28612780074754e-10	1
R7B1_003908	40	DNAJC15	Mono_NC	H3_RESCUE_FALSIFICATION	H3_DISTINCT_SIGNAL	ABF_H3_DOMINANT	H3_SUPPORTED_STABLE	STABLE_H3	MATCH		1266	False	True	True	1.15690775904012e-10	1.1569077653100901e-10	1	False	True	True	1.15690775904012e-10	1.1569077653100901e-10	1	False	True	True	1.15690775904012e-10	1.1569077653100901e-10	1	False	True	True	1.15245155364111e-10	1.15245155988694e-10	1
R7B1_003909	40	DNAJC15	NK	H3_RESCUE_FALSIFICATION	H3_DISTINCT_SIGNAL	ABF_H3_DOMINANT	H3_SUPPORTED_STABLE	STABLE_H3	MATCH		1266	False	True	True	1.2740475903791e-10	1.27404759728393e-10	1	False	True	True	1.2740475903791e-10	1.27404759728393e-10	1	False	True	True	1.2740475903791e-10	1.27404759728393e-10	1	False	True	True	1.26537391751435e-10	1.26537392437216e-10	1
R7B1_003910	40	DNAJC15	NK_R	H3_RESCUE_FALSIFICATION	H3_DISTINCT_SIGNAL	ABF_H3_DOMINANT	H3_SUPPORTED_STABLE	STABLE_H3	MATCH		1266	False	True	True	1.03250573832529e-05	1.03306100079602e-05	1	False	True	True	1.03250573832529e-05	1.03306100079602e-05	1	False	True	True	1.03250573832529e-05	1.03306100079602e-05	1	False	True	True	0.0001103662061119	0.0001109477151458	1
R7B1_003911	40	DNAJC15	Plasma	H3_RESCUE_FALSIFICATION	H3_DISTINCT_SIGNAL	ABF_H3_DOMINANT	H3_SUPPORTED_STABLE	STABLE_H3	MATCH		1266	False	True	True	2.42830818963887e-07	2.42834052739193e-07	1	False	True	True	2.42830818963887e-07	2.42834052739193e-07	1	False	True	True	2.42830818963887e-07	2.42834052739193e-07	1	False	True	True	3.77308779473481e-08	3.77309669314541e-08	1
R7B1_003926	40	EPSTI1	B_IN	H3_RESCUE_FALSIFICATION	H3_DISTINCT_SIGNAL	ABF_H3_DOMINANT	H3_SUPPORTED_STABLE	STABLE_H3	MATCH		1341	False	True	True	1.47961904080717e-08	1.47962022745956e-08	1	False	True	True	1.47961904080717e-08	1.47962022745956e-08	1	False	True	True	1.47961904080717e-08	1.47962022745956e-08	1	False	True	True	9.66369499357707e-10	9.66369546858642e-10	1
R7B1_003927	40	EPSTI1	B_MEM	H3_RESCUE_FALSIFICATION	H3_DISTINCT_SIGNAL	ABF_H3_DOMINANT	H3_SUPPORTED_STABLE	STABLE_H3	MATCH		1341	False	True	True	3.24263085328968e-10	3.24263091486121e-10	1	False	True	True	3.24263085328968e-10	3.24263091486121e-10	1	False	True	True	3.24263085328968e-10	3.24263091486121e-10	1	False	True	True	1.50310135465954e-10	1.50310136627569e-10	1
R7B1_003928	40	EPSTI1	CD4_ET	H3_RESCUE_FALSIFICATION	H3_DISTINCT_SIGNAL	ABF_H3_DOMINANT	H3_SUPPORTED_STABLE	STABLE_H3	MATCH		1341	False	True	True	1.15095128522047e-10	1.15095129145817e-10	1	False	True	True	1.15095128522047e-10	1.15095129145817e-10	1	False	True	True	1.15095128522047e-10	1.15095129145817e-10	1	False	True	True	1.15095296758459e-10	1.1509529738222901e-10	1
R7B1_003929	40	EPSTI1	CD4_NC	H3_RESCUE_FALSIFICATION	H3_DISTINCT_SIGNAL	ABF_H3_DOMINANT	H3_SUPPORTED_STABLE	STABLE_H3	MATCH		1341	False	True	True	1.15095370177214e-10	1.1509537080098401e-10	1	False	True	True	1.15095370177214e-10	1.1509537080098401e-10	1	False	True	True	1.15095370177214e-10	1.1509537080098401e-10	1	False	True	True	1.15095391975203e-10	1.15095392598975e-10	1
R7B1_003931	40	EPSTI1	CD8_ET	H3_RESCUE_FALSIFICATION	H3_DISTINCT_SIGNAL	ABF_H3_DOMINANT	H3_SUPPORTED_STABLE	STABLE_H3	MATCH		1341	False	True	True	1.15042434452524e-10	1.15042435076008e-10	1	False	True	True	1.15042879933553e-10	1.1504288055704001e-10	1	False	True	True	1.15043242350933e-10	1.15043242974422e-10	1	False	True	True	0.0048656785281235	0.0062082307227906	2
R7B1_003932	40	EPSTI1	CD8_NC	H3_RESCUE_FALSIFICATION	H3_DISTINCT_SIGNAL	ABF_H3_DOMINANT	H3_SUPPORTED_STABLE	STABLE_H3	MATCH		1341	False	True	True	1.1508840579458e-10	1.15088406418313e-10	1	False	True	True	1.1508840579458e-10	1.15088406418313e-10	1	False	True	True	1.1508840579458e-10	1.15088406418313e-10	1	False	True	True	1.15094919973708e-10	1.15094920597475e-10	1
R7B1_003933	40	EPSTI1	CD8_S100B	H3_RESCUE_FALSIFICATION	H3_DISTINCT_SIGNAL	ABF_H3_DOMINANT	H3_SUPPORTED_STABLE	STABLE_H3	MATCH		1341	False	True	True	2.09530222044762e-07	2.09532341918718e-07	1	False	True	True	2.06006147864233e-07	2.06008211827855e-07	1	False	True	True	2.0333972814191e-07	2.03341747789807e-07	1	False	True	True	1.82261739840783e-10	1.82261741447183e-10	1
R7B1_003937	40	EPSTI1	NK	H3_RESCUE_FALSIFICATION	H3_DISTINCT_SIGNAL	ABF_H3_DOMINANT	H3_SUPPORTED_STABLE	STABLE_H3	MATCH		1341	False	True	True	1.15095346678023e-10	1.15095347301793e-10	1	False	True	True	1.15095346678023e-10	1.15095347301793e-10	1	False	True	True	1.15095346678023e-10	1.15095347301793e-10	1	False	True	True	1.1509500397842701e-10	1.15095004602195e-10	1
R7B1_003938	40	EPSTI1	NK_R	H3_RESCUE_FALSIFICATION	H3_DISTINCT_SIGNAL	ABF_H3_DOMINANT	H3_SUPPORTED_STABLE	STABLE_H3	PF50_UNINFORMATIVE		1341	False	True	True	0.0016230117126932	0.0017527435523369	1	False	True	True	0.0016230117126932	0.0017527435523369	1	False	True	True	0.0016230117126932	0.0017527435523369	1	False	False	False	0.0064638953626921	0.00833959799069	1
R7B1_004016	41	DLEU1	CD4_NC	H3_RESCUE_FALSIFICATION	H3_DISTINCT_SIGNAL	ABF_H3_DOMINANT	H3_SUPPORTED_STABLE	STABLE_H3	MATCH		1137	False	True	True	0.0005392626771584	0.000540509030542	1	False	True	True	0.0007074670019305	0.0007097049241523	1	False	True	True	0.0008747341494418	0.0008782334328033	1	False	True	True	0.0002874893730757	0.000288139567869	1
R7B1_004027	41	EBPL	B_IN	H3_RESCUE_FALSIFICATION	H3_DISTINCT_SIGNAL	ABF_H3_DOMINANT	H3_SUPPORTED_STABLE	STABLE_H3	MATCH		963	False	True	True	6.1777735203847404e-15	6.1777735203866305e-15	1	False	True	True	6.180836197516751e-15	6.180836197518641e-15	1	False	True	True	6.1824423224089705e-15	6.1824423224108606e-15	1	False	True	True	1.57096238602401e-11	1.57096238728387e-11	1
R7B1_004028	41	EBPL	B_MEM	H3_RESCUE_FALSIFICATION	H3_DISTINCT_SIGNAL	ABF_H3_DOMINANT	H3_SUPPORTED_STABLE	STABLE_H3	MATCH		963	False	True	True	0.0195871123578678	0.0233600344653781	2	False	True	True	0.019586683972552	0.02335952552739	2	False	True	True	0.0195864702211233	0.0233592715825606	2	False	True	True	1.08530169801143e-06	1.08532052846024e-06	1
R7B1_004029	41	EBPL	CD4_ET	H3_RESCUE_FALSIFICATION	H3_DISTINCT_SIGNAL	ABF_H3_DOMINANT	H3_SUPPORTED_STABLE	STABLE_H3	MATCH		963	False	True	True	4.9848255940814903e-17	4.9848255940814903e-17	1	False	True	True	5.28793876349927e-17	5.28793876349927e-17	1	False	True	True	5.44674529894972e-17	5.44674529894972e-17	1	False	True	True	5.28931771332814e-17	5.28931771332814e-17	1
R7B1_004030	41	EBPL	CD4_NC	H3_RESCUE_FALSIFICATION	H3_DISTINCT_SIGNAL	ABF_H3_DOMINANT	H3_SUPPORTED_STABLE	STABLE_H3	MATCH		963	False	True	True	1.4031692882786302e-15	1.4031692882786302e-15	2	False	True	True	1.38418316826702e-15	1.38418316826702e-15	2	False	True	True	1.3764856873233802e-15	1.3764856873233802e-15	2	False	True	True	1.3725428025917602e-15	1.3725428025917602e-15	2
R7B1_004032	41	EBPL	CD8_ET	H3_RESCUE_FALSIFICATION	H3_DISTINCT_SIGNAL	ABF_H3_DOMINANT	H3_SUPPORTED_STABLE	STABLE_H3	MATCH		963	False	True	True	1.33432108448835e-05	1.33433282782481e-05	2	False	True	True	1.3341817687881e-05	1.33419351089847e-05	2	False	True	True	1.33411225447624e-05	1.33412399597481e-05	2	False	True	True	2.54113617435964e-06	2.54113978469098e-06	2
R7B1_004033	41	EBPL	CD8_NC	H3_RESCUE_FALSIFICATION	H3_DISTINCT_SIGNAL	ABF_H3_DOMINANT	H3_SUPPORTED_STABLE	STABLE_H3	MATCH		963	False	True	True	1.99577924753644e-07	1.99578208068399e-07	2	False	True	True	1.99571091253451e-07	1.99571374558505e-07	2	False	True	True	1.99567681545677e-07	1.99567964845891e-07	2	False	True	True	3.08264706924353e-07	3.08264923596624e-07	2
R7B1_004034	41	EBPL	CD8_S100B	H3_RESCUE_FALSIFICATION	H3_DISTINCT_SIGNAL	ABF_H3_DOMINANT	H3_SUPPORTED_STABLE	STABLE_H3	MATCH		963	False	True	True	3.17633369642734e-06	3.17680237635428e-06	1	False	True	True	3.17618395267902e-06	3.1766526105108e-06	1	False	True	True	3.1761092350872e-06	3.17657788189414e-06	1	False	True	True	2.05934182380969e-10	2.05934183426386e-10	1
R7B1_004036	41	EBPL	Mono_C	H3_RESCUE_FALSIFICATION	H3_DISTINCT_SIGNAL	ABF_H3_DOMINANT	H3_SUPPORTED_STABLE	STABLE_H3	MATCH		963	False	True	True	0.0013193155010661	0.0013377653790082	1	False	True	True	0.0013191555587839	0.0013376032030169	1	False	True	True	0.0013190757524136	0.0013375222820928	1	False	True	True	0.0023301906539308	0.0023958696810892	1
R7B1_004038	41	EBPL	NK	H3_RESCUE_FALSIFICATION	H3_DISTINCT_SIGNAL	ABF_H3_DOMINANT	H3_SUPPORTED_STABLE	STABLE_H3	MATCH		963	False	True	True	1.57683053973677e-07	1.57683560747089e-07	2	False	True	True	1.57875951321461e-07	1.57876467613101e-07	2	False	True	True	1.57875703695032e-07	1.57876219985855e-07	2	False	True	True	7.86339132790837e-08	7.86341901418295e-08	2
R7B1_004114	42	CFL2	CD4_NC	H3_RESCUE_FALSIFICATION	H3_DISTINCT_SIGNAL	ABF_H3_DOMINANT	H3_SUPPORTED_STABLE	STABLE_H3	MATCH		1346	False	True	True	0.0534815309361177	0.071967797289937	2	False	True	True	0.0534819611671931	0.071967683049831	2	False	True	True	0.0534819710288283	0.0719676804310651	2	False	True	True	0.0432947169868783	0.0600012123256067	2
R7B1_004117	42	CFL2	CD8_NC	H3_RESCUE_FALSIFICATION	H3_DISTINCT_SIGNAL	ABF_H3_DOMINANT	H3_SUPPORTED_STABLE	STABLE_H3	MATCH		1346	False	True	True	0.0247959262105299	0.0285757458015155	1	False	True	True	0.0248030160421702	0.0285834924947467	1	False	True	True	0.0248045241763399	0.0285851648055153	1	False	True	True	0.023879279140841	0.0275207434274693	1
R7B1_004137	42	FAM177A1	CD4_NC	H3_RESCUE_FALSIFICATION	H3_DISTINCT_SIGNAL	ABF_H3_DOMINANT	UNINFORMATIVE	H3_TO_UNINFORMATIVE	NOT_COMPARABLE		1346	False	False	False			0	False	False	False			0	False	False	False			0	False	False	False			0
R7B1_004151	42	SRP54	CD4_NC	H3_RESCUE_FALSIFICATION	H3_DISTINCT_SIGNAL	ABF_H3_DOMINANT	UNINFORMATIVE	H3_TO_UNINFORMATIVE	NOT_COMPARABLE		1346	False	False	False			0	False	False	False			0	False	False	False			0	False	False	False			0
R7B1_004211	43	ZFP36L1	B_IN	H3_RESCUE_FALSIFICATION	H3_DISTINCT_SIGNAL	ABF_H3_DOMINANT	H3_SUPPORTED_STABLE	STABLE_H3	MATCH		931	False	True	True	0.0645352176688011	0.0662526767053184	4	False	True	True	0.0645341233241336	0.0662515552975224	4	False	True	True	0.0645324573342945	0.0662498481076436	4	False	True	True	0.177727038882215	0.177826615491036	4
R7B1_004212	43	ZFP36L1	B_MEM	PRIMARY_184_TRIGGER_VERIFICATION	H3_H4_AMBIGUITY_TRIGGER	ABF_AMBIGUOUS	H3_SUPPORTED_STABLE	AMBIGUITY_TO_H3	PF50_UNINFORMATIVE		931	False	True	True	0.0415838376110232	0.0467009402395371	2	False	True	True	0.0536922511758451	0.0606061887660304	2	False	True	True	0.0548782241777613	0.0620655453243748	2	False	False	False			0
R7B1_004214	43	ZFP36L1	CD4_NC	H3_RESCUE_FALSIFICATION	H3_DISTINCT_SIGNAL	ABF_H3_DOMINANT	MODEL_SENSITIVE	H3_TO_MODEL_SENSITIVE	NOT_COMPARABLE		931	False	False	True	0.616479121612613	0.712114835006038	2	False	False	True	0.616491952281965	0.71212596985715	2	False	False	True	0.616508034028782	0.712139925930902	2	False	True	True	0.792002637591643	0.814042791141743	4
R7B1_004221	43	ZFP36L1	Mono_NC	H3_RESCUE_FALSIFICATION	H3_DISTINCT_SIGNAL	ABF_H3_DOMINANT	H3_SUPPORTED_STABLE	STABLE_H3	MATCH		931	False	True	True	0.0035254007888961	0.0039294267495622	2	False	True	True	0.0031830068244061	0.0035177218004045	2	False	True	True	0.0029397989693653	0.0032274932158536	2	False	True	True	0.0031853205871769	0.0035202834115927	2
R7B1_004256	44	CPSF2	CD4_NC	H3_RESCUE_FALSIFICATION	H3_DISTINCT_SIGNAL	ABF_H3_DOMINANT	H3_SUPPORTED_STABLE	STABLE_H3	PF50_UNINFORMATIVE		1142	False	True	True	0.0052332554810245	0.0062701480676153	2	False	True	True	0.0052332554810245	0.0062701480676153	2	False	True	True	0.0052332554810245	0.0062701480676153	2	False	False	False			0
R7B1_004269	44	FBLN5	CD4_ET	H3_RESCUE_FALSIFICATION	H3_DISTINCT_SIGNAL	ABF_H3_DOMINANT	MODEL_SENSITIVE	H3_TO_MODEL_SENSITIVE	NOT_COMPARABLE		1007	False	True	True	0.0146924662708158	0.0201010861907324	4	False	False	False	0.0153040903926469	0.0217787324949013	4	False	False	False	0.0155697437749585	0.0225670054297862	4	False	False	False	0.0168937135989354	0.0323027728492751	4
R7B1_004270	44	FBLN5	CD4_NC	H3_RESCUE_FALSIFICATION	H3_DISTINCT_SIGNAL	ABF_H3_DOMINANT	H3_SUPPORTED_STABLE	STABLE_H3	MATCH		1007	False	True	True	0.0105877933889545	0.0117956614338912	4	False	True	True	0.0105880190339209	0.0117959097115815	4	False	True	True	0.0105880190339209	0.0117959097115815	4	False	True	True	0.0107337076743201	0.0119578577669885	4
R7B1_004273	44	FBLN5	CD8_NC	H3_RESCUE_FALSIFICATION	H3_DISTINCT_SIGNAL	ABF_H3_DOMINANT	H3_SUPPORTED_STABLE	STABLE_H3	MATCH		1007	False	True	True	0.0105293310886125	0.0118094434755435	2	False	True	True	0.0105296535778405	0.0118100456185174	2	False	True	True	0.0105296535778405	0.0118100456185174	2	False	True	True	0.0104163798765412	0.0116119802555058	2
R7B1_004307	44	LGMN	B_MEM	H3_RESCUE_FALSIFICATION	H3_DISTINCT_SIGNAL	ABF_H3_DOMINANT	H3_SUPPORTED_STABLE	STABLE_H3	MATCH		1183	False	True	True	0.0077401508742005	0.0086384086205501	2	False	True	True	0.0077391816507759	0.0086374519529042	2	False	True	True	0.0077386305940592	0.0086369077589567	2	False	True	True	0.0067535246757169	0.007584163807684	2
R7B1_004320	44	NDUFB1	B_MEM	H3_RESCUE_FALSIFICATION	H3_DISTINCT_SIGNAL	ABF_H3_DOMINANT	H3_SUPPORTED_STABLE	STABLE_H3	MATCH		1128	False	True	True	0.0026071888144579	0.0029468454514068	2	False	True	True	0.0026071888144579	0.0029468454514068	2	False	True	True	0.0026071888144579	0.0029468454514068	2	False	True	True	0.0025890221141386	0.0029249999943027	2
R7B1_004322	44	NDUFB1	CD4_NC	H3_RESCUE_FALSIFICATION	H3_DISTINCT_SIGNAL	ABF_H3_DOMINANT	H3_SUPPORTED_STABLE	STABLE_H3	MATCH		1128	False	True	True	0.002428414351779	0.0027082796928379	2	False	True	True	0.0024283946860044	0.0027082577668058	2	False	True	True	0.002428383095315	0.0027082448439572	2	False	True	True	0.0024301844481908	0.0027102532323268	2
R7B1_004325	44	NDUFB1	CD8_NC	H3_RESCUE_FALSIFICATION	H3_DISTINCT_SIGNAL	ABF_H3_DOMINANT	H3_SUPPORTED_STABLE	STABLE_H3	MATCH		1128	False	True	True	0.0024016320825111	0.0026821280460224	2	False	True	True	0.0024016320825111	0.0026821280460224	2	False	True	True	0.0024016320825111	0.0026821280460224	2	False	True	True	0.0023837221715275	0.0026584536932349	2
R7B1_004343	44	RIN3	Mono_NC	H3_RESCUE_FALSIFICATION	H3_DISTINCT_SIGNAL	ABF_H3_DOMINANT	H4_SUPPORTED_STABLE	H3_TO_H4	MATCH		1183	True	True	True	0.980888408216946	0.983092173967809	2	True	True	True	0.980877030048687	0.983092328773956	2	True	True	True	0.980866079775655	0.983092167057061	2	True	True	True	0.979083191230572	0.982931576044605	2
R7B1_004348	44	SLC24A4	Mono_C	H3_RESCUE_FALSIFICATION	H3_DISTINCT_SIGNAL	ABF_H3_DOMINANT	H3_SUPPORTED_STABLE	STABLE_H3	MATCH		1183	False	True	True	0.0057266136134421	0.0065188067392176	2	False	True	True	0.0056386110432081	0.0064161485728951	2	False	True	True	0.005590969320367	0.0063606532522184	2	False	True	True	0.0026583671246241	0.0029709006202678	2
R7B1_004349	44	SLC24A4	Mono_NC	H3_RESCUE_FALSIFICATION	H3_DISTINCT_SIGNAL	ABF_H3_DOMINANT	H3_SUPPORTED_STABLE	STABLE_H3	MATCH		1183	False	True	True	0.0025314145527011	0.0028242610226475	2	False	True	True	0.0025314145527011	0.0028242610226475	2	False	True	True	0.0025314145527011	0.0028242610226475	2	False	True	True	0.00231227072256	0.0025791859118538	2
R7B1_004367	44	UBR7	CD4_NC	H3_RESCUE_FALSIFICATION	H3_DISTINCT_SIGNAL	ABF_H3_DOMINANT	UNINFORMATIVE	H3_TO_UNINFORMATIVE	NOT_COMPARABLE		937	False	False	False			0	False	False	False			0	False	False	False			0	False	True	True	0.0039940627964436	0.0044509749620561	4
R7B1_004381	45	APOPT1	CD4_NC	H3_RESCUE_FALSIFICATION	H3_DISTINCT_SIGNAL	ABF_H3_DOMINANT	H3_SUPPORTED_STABLE	STABLE_H3	MATCH		422	False	True	True	7.79857424826585e-05	7.82455157032706e-05	1	False	True	True	7.5987738144283e-05	7.6237143954099e-05	1	False	True	True	7.46639208505109e-05	7.49064837687431e-05	1	False	True	True	0.0001900450679899	0.0001915703208521	1
R7B1_004383	45	APOPT1	CD8_ET	H3_RESCUE_FALSIFICATION	H3_DISTINCT_SIGNAL	ABF_H3_DOMINANT	UNINFORMATIVE	H3_TO_UNINFORMATIVE	NOT_COMPARABLE		422	False	False	False			0	False	False	False			0	False	False	False			0	False	True	True	0.0028056742821041	0.0031570571936953	1
R7B1_004397	45	BAG5	CD8_ET	H3_RESCUE_FALSIFICATION	H3_DISTINCT_SIGNAL	ABF_H3_DOMINANT	MODEL_SENSITIVE	H3_TO_MODEL_SENSITIVE	NOT_COMPARABLE		434	False	False	True	0.121048742207725	0.147411590215211	1	False	False	True	0.121048742207725	0.147411590215211	1	False	False	True	0.121048742207725	0.147411590215211	1	False	False	False	0.289663756262616	0.404182754829492	1
R7B1_004437	45	CKB	CD4_NC	H3_RESCUE_FALSIFICATION	H3_DISTINCT_SIGNAL	ABF_H3_DOMINANT	H3_SUPPORTED_STABLE	STABLE_H3	MATCH		449	False	True	True	2.43817284328797e-06	2.43851451127434e-06	1	False	True	True	2.43817284328793e-06	2.4385145112743e-06	1	False	True	True	2.43817284328797e-06	2.43851451127434e-06	1	False	True	True	8.04404520987796e-07	8.0443320521377e-07	1
R7B1_004438	45	CKB	CD8_ET	H3_RESCUE_FALSIFICATION	H3_DISTINCT_SIGNAL	ABF_H3_DOMINANT	H3_SUPPORTED_STABLE	STABLE_H3	PF50_UNINFORMATIVE		449	False	True	True	0.0030578182187535	0.0035348149921807	1	False	True	True	0.0030578182187535	0.0035348149921807	1	False	True	True	0.0030578182187535	0.0035348149921807	1	False	False	False	0.0125965530458813	0.0184564846799579	1
R7B1_004439	45	CKB	CD8_NC	H3_RESCUE_FALSIFICATION	H3_DISTINCT_SIGNAL	ABF_H3_DOMINANT	H3_SUPPORTED_STABLE	STABLE_H3	PF50_UNINFORMATIVE		449	False	True	True	0.0038462572926514	0.0045552311605666	1	False	True	True	0.0038462572926514	0.0045552311605666	1	False	True	True	0.0038462572926514	0.0045552311605666	1	False	False	False			0
R7B1_004443	45	CKB	Mono_NC	H3_RESCUE_FALSIFICATION	H3_DISTINCT_SIGNAL	ABF_H3_DOMINANT	H3_SUPPORTED_STABLE	STABLE_H3	MATCH		449	False	True	True	1.48559442145972e-08	1.48559582906362e-08	1	False	True	True	1.48559442145969e-08	1.4855958290636e-08	1	False	True	True	1.48559442145972e-08	1.48559582906362e-08	1	False	True	True	3.4033524719765e-08	3.40336011347492e-08	1
R7B1_004462	45	KLC1	CD4_NC	H3_RESCUE_FALSIFICATION	H3_DISTINCT_SIGNAL	ABF_H3_DOMINANT	H3_SUPPORTED_STABLE	STABLE_H3	MATCH		407	False	True	True	0.0002428648405254	0.0002457029768706	1	False	True	True	0.0002428648405254	0.0002457029768706	1	False	True	True	0.0002428648405254	0.0002457029768706	1	False	True	True	0.0015463832873583	0.0016678752410732	1
R7B1_004464	45	KLC1	CD8_ET	H3_RESCUE_FALSIFICATION	H3_DISTINCT_SIGNAL	ABF_H3_DOMINANT	H3_SUPPORTED_STABLE	STABLE_H3	MATCH		407	False	True	True	0.0049823496446944	0.0054373405270359	1	False	True	True	0.0049823496446944	0.0054373405270359	1	False	True	True	0.0049823496446944	0.0054373405270359	1	False	True	True	0.0019817422618888	0.0020563099478662	1
R7B1_004476	45	MARK3	CD4_NC	H3_RESCUE_FALSIFICATION	H3_DISTINCT_SIGNAL	ABF_H3_DOMINANT	H3_SUPPORTED_STABLE	STABLE_H3	MATCH		449	False	True	True	5.939124663105761e-10	5.93912471795389e-10	2	False	True	True	5.915325314351101e-10	5.91532536876857e-10	2	False	True	True	5.91742397601251e-10	5.9174240304679e-10	2	False	True	True	1.83153018925263e-14	1.83153018925481e-14	2
R7B1_004479	45	MARK3	CD8_NC	H3_RESCUE_FALSIFICATION	H3_DISTINCT_SIGNAL	ABF_H3_DOMINANT	UNINFORMATIVE	H3_TO_UNINFORMATIVE	NOT_COMPARABLE		449	False	False	False			0	False	False	False			0	False	False	False			0	False	False	False	0.0054610960106956	0.0071768705851097	1
R7B1_004501	45	RP11-73M18.10	CD4_NC	H3_RESCUE_FALSIFICATION	H3_DISTINCT_SIGNAL	ABF_H3_DOMINANT	H3_SUPPORTED_STABLE	STABLE_H3	MATCH		403	False	True	True	0.0014115536680583	0.001511453936178	1	False	True	True	0.0014115536680583	0.001511453936178	1	False	True	True	0.0014115536680583	0.001511453936178	1	False	True	True	4.89091670274833e-06	4.89218508037816e-06	1
R7B1_004514	45	RP11-894P9.1	CD4_NC	H3_RESCUE_FALSIFICATION	H3_DISTINCT_SIGNAL	ABF_H3_DOMINANT	H3_SUPPORTED_STABLE	STABLE_H3	MATCH		405	False	True	True	2.29418129386881e-08	2.29418271101086e-08	1	False	True	True	2.29418129386881e-08	2.29418271101086e-08	1	False	True	True	2.29418129386881e-08	2.29418271101086e-08	1	False	True	True	2.06299729867132e-09	2.0629974621957702e-09	1
R7B1_004515	45	RP11-894P9.1	CD8_ET	H3_RESCUE_FALSIFICATION	H3_DISTINCT_SIGNAL	ABF_H3_DOMINANT	H3_SUPPORTED_STABLE	STABLE_H3	MATCH		405	False	True	True	0.0011295834899357	0.0011861863743754	1	False	True	True	0.00122267289902	0.0012900294373698	1	False	True	True	0.0012983247659024	0.0013751331902643	1	False	True	True	0.0004607243370029	0.0004718323334804	1
R7B1_004521	45	RP11-894P9.1	NK	H3_RESCUE_FALSIFICATION	H3_DISTINCT_SIGNAL	ABF_H3_DOMINANT	H3_SUPPORTED_STABLE	STABLE_H3	MATCH		405	False	True	True	5.22735099603696e-05	5.24080930631315e-05	1	False	True	True	5.2240275650353e-05	5.23746335163078e-05	1	False	True	True	5.22417319449699e-05	5.23760909668595e-05	1	False	True	True	0.0001187833808447	0.0001195283474616	1
R7B1_004536	46	ATF7IP2	CD4_ET	H3_RESCUE_FALSIFICATION	H3_DISTINCT_SIGNAL	ABF_H3_DOMINANT	H3_SUPPORTED_STABLE	STABLE_H3	MATCH		845	False	True	True	2.17241896877534e-07	2.17244130776931e-07	2	False	True	True	2.17277049425821e-07	2.17279283686691e-07	2	False	True	True	2.17312407170749e-07	2.17314641795203e-07	2	False	True	True	4.74200332048672e-07	4.74208459217774e-07	2
R7B1_004537	46	ATF7IP2	CD4_NC	H3_RESCUE_FALSIFICATION	H3_DISTINCT_SIGNAL	ABF_H3_DOMINANT	H3_SUPPORTED_STABLE	STABLE_H3	MATCH		845	False	True	True	4.5122303553533e-16	4.51223035535343e-16	2	False	True	True	8.652283044913719e-16	8.652283044914079e-16	2	False	True	True	1.21944757331158e-15	1.21944757331165e-15	2	False	True	True	8.65228304491359e-16	8.65228304491396e-16	2
R7B1_004540	46	ATF7IP2	CD8_NC	H3_RESCUE_FALSIFICATION	H3_DISTINCT_SIGNAL	ABF_H3_DOMINANT	H3_SUPPORTED_STABLE	STABLE_H3	MATCH		845	False	True	True	3.4950620776225e-11	3.49506208351221e-11	2	False	True	True	3.5127657634176496e-11	3.5127657693372694e-11	2	False	True	True	3.5221720233926e-11	3.5221720293281196e-11	2	False	True	True	9.543094341565521e-10	9.54309446796651e-10	2
R7B1_004571	46	LITAF	Mono_C	H3_RESCUE_FALSIFICATION	H3_DISTINCT_SIGNAL	ABF_H3_DOMINANT	UNINFORMATIVE	H3_TO_UNINFORMATIVE	NOT_COMPARABLE		1042	False	False	False			0	False	False	False			0	False	False	False			0	False	True	True	8.21445932928728e-09	8.214462394747951e-09	4
R7B1_004572	46	LITAF	Mono_NC	H3_RESCUE_FALSIFICATION	H3_DISTINCT_SIGNAL	ABF_H3_DOMINANT	H3_SUPPORTED_STABLE	STABLE_H3	MATCH		1042	False	True	True	3.7526410667157696e-11	3.7526410758311e-11	2	False	True	True	3.74920303850057e-11	3.74920304760757e-11	2	False	True	True	3.7477351933296096e-11	3.74773520243308e-11	2	False	True	True	1.30870559039748e-09	1.30870570633103e-09	2
R7B1_004573	46	LITAF	NK	H3_RESCUE_FALSIFICATION	H3_DISTINCT_SIGNAL	ABF_H3_DOMINANT	H3_SUPPORTED_STABLE	STABLE_H3	MATCH		1042	False	True	True	8.14525041640875e-05	8.18023052732805e-05	2	False	True	True	8.13667902492149e-05	8.17162232865496e-05	2	False	True	True	8.13311430116286e-05	8.16804229729241e-05	2	False	True	True	1.85400478793541e-06	1.85412810856142e-06	2
R7B1_004576	46	RMI2	B_IN	H3_RESCUE_FALSIFICATION	H3_DISTINCT_SIGNAL	ABF_H3_DOMINANT	H3_SUPPORTED_STABLE	STABLE_H3	MATCH		1063	False	True	True	8.22351049357024e-05	8.23560072493257e-05	2	False	True	True	6.63702139774691e-05	6.64616246611153e-05	2	False	True	True	6.292207457294e-05	6.30080614807641e-05	2	False	True	True	5.69505230382472e-05	5.70074690818755e-05	2
R7B1_004579	46	RMI2	CD4_NC	H3_RESCUE_FALSIFICATION	H3_DISTINCT_SIGNAL	ABF_H3_DOMINANT	H3_SUPPORTED_STABLE	STABLE_H3	MATCH		1063	False	True	True	1.8447324929507e-12	1.84473249295081e-12	2	False	True	True	1.93426539204014e-12	1.9342653920402697e-12	2	False	True	True	2.00337867860156e-12	2.0033786786017e-12	2	False	True	True	2.31768185562343e-12	2.31768185562434e-12	2
R7B1_004582	46	RMI2	NK	H3_RESCUE_FALSIFICATION	H3_DISTINCT_SIGNAL	ABF_H3_DOMINANT	H3_SUPPORTED_STABLE	STABLE_H3	MATCH		1063	False	True	True	0.0001069189675549	0.0001069878174767	2	False	True	True	0.0001104699582173	0.0001105406757388	2	False	True	True	0.000112313505226	0.0001123854220499	2	False	True	True	3.97616272314554e-05	3.97641207438843e-05	2
R7B1_004690	47	IL21R	B_MEM	H3_RESCUE_FALSIFICATION	H3_DISTINCT_SIGNAL	ABF_H3_DOMINANT	H3_SUPPORTED_STABLE	STABLE_H3	PF50_UNINFORMATIVE		637	False	True	True	0.0042605199014477	0.0051243474825026	1	False	True	True	0.0042605345087309	0.0051243737396622	1	False	True	True	0.0042605452918846	0.0051243926402844	1	False	False	False			0
R7B1_004700	47	IL21R	NK_R	H3_RESCUE_FALSIFICATION	H3_DISTINCT_SIGNAL	ABF_H3_DOMINANT	H3_SUPPORTED_STABLE	STABLE_H3	PF50_UNINFORMATIVE		637	False	True	True	0.0006120164847236	0.0006295491452092	1	False	True	True	0.0006120453042597	0.0006295798639606	1	False	True	True	0.0006120650899606	0.0006296009495452	1	False	False	False	0.0071015616849103	0.0091984218342248	1
R7B1_004701	47	IL4R	B_IN	H3_RESCUE_FALSIFICATION	H3_DISTINCT_SIGNAL	ABF_H3_DOMINANT	H3_SUPPORTED_STABLE	STABLE_H3	MATCH		637	False	True	True	6.86095735721364e-06	6.8615040533177e-06	1	False	True	True	6.88988673417203e-06	6.89044749857936e-06	1	False	True	True	6.90965189974377e-06	6.91022232727491e-06	1	False	True	True	1.26507448649064e-06	1.26517297271467e-06	1
R7B1_004888	48	DPEP2	NK	PRIMARY_184_TRIGGER_VERIFICATION	H3_H4_AMBIGUITY_TRIGGER	ABF_AMBIGUOUS	MODEL_SENSITIVE	AMBIGUITY_REMAINS_MODEL_SENSITIVE	NOT_COMPARABLE		567	False	False	True	0.657234773312131	0.691189901291646	1	False	False	True	0.657234773312131	0.691189901291646	1	False	False	True	0.657234773312131	0.691189901291646	1	False	False	False			0
R7B1_004926	48	NFATC3	B_MEM	PRIMARY_184_TRIGGER_VERIFICATION	ROBUST_H4_TRIGGER	ABF_H4_DOMINANT	UNINFORMATIVE	H4_TO_UNINFORMATIVE	NOT_COMPARABLE		567	False	False	False			0	False	False	False			0	False	False	False			0	True	False	True	0.856853668935613	0.928130802284494	1
R7B1_004928	48	NFATC3	CD4_NC	PRIMARY_184_TRIGGER_VERIFICATION	ROBUST_H4_TRIGGER	ABF_H4_DOMINANT	MODEL_SENSITIVE	H4_TO_MODEL_SENSITIVE	NOT_COMPARABLE		567	False	False	True	0.869741361978029	0.869984162554044	1	False	False	True	0.869741364936386	0.869984165203631	1	False	False	True	0.869741364936386	0.869984165203631	1	False	False	True	0.861828020368271	0.861862048791176	1
R7B1_004932	48	NFATC3	CD8_S100B	PRIMARY_184_TRIGGER_VERIFICATION	ROBUST_H4_TRIGGER	ABF_H4_DOMINANT	H4_SUPPORTED_STABLE	STABLE_H4	PF50_UNINFORMATIVE		567	True	False	True	0.85082048672862	0.917455218634258	1	True	False	True	0.85082048672862	0.917455218634258	1	True	False	True	0.85082048672862	0.917455218634258	1	False	False	False			0
R7B1_004942	48	NUTF2	CD4_NC	H3_RESCUE_FALSIFICATION	H3_DISTINCT_SIGNAL	ABF_H3_DOMINANT	H3_SUPPORTED_STABLE	STABLE_H3	MATCH		567	False	True	True	0.0018491184194725	0.001849123509011	1	False	True	True	0.0018428090158585	0.0018428140880629	1	False	True	True	0.0018404415992803	0.0018404466649805	1	False	True	True	0.0084886997802796	0.0121021519800697	2
R7B1_004944	48	NUTF2	CD8_ET	H3_RESCUE_FALSIFICATION	H3_DISTINCT_SIGNAL	ABF_H3_DOMINANT	H3_SUPPORTED_STABLE	STABLE_H3	MATCH		567	False	True	True	0.0427863542993321	0.0429222660563302	2	False	True	True	0.0427366152951863	0.0428721735958873	2	False	True	True	0.0427362552138105	0.0428718109590497	2	False	True	True	0.199287791130507	0.202463005785379	2
R7B1_004945	48	NUTF2	CD8_NC	H3_RESCUE_FALSIFICATION	H3_DISTINCT_SIGNAL	ABF_H3_DOMINANT	H3_SUPPORTED_STABLE	STABLE_H3	MATCH		567	False	True	True	0.0834989570200697	0.0839092341142897	2	False	True	True	0.0834989570200697	0.0839092341142897	2	False	True	True	0.0834989570200697	0.0839092341142897	2	False	True	True	0.107474477685705	0.108239450342375	2
R7B1_004946	48	NUTF2	CD8_S100B	H3_RESCUE_FALSIFICATION	H3_DISTINCT_SIGNAL	ABF_H3_DOMINANT	H3_SUPPORTED_STABLE	STABLE_H3	PF50_UNINFORMATIVE		567	False	True	True	0.0005618529181698	0.0005745824283738	1	False	True	True	0.0005618529181698	0.0005745824283738	1	False	True	True	0.0005618529181698	0.0005745824283738	1	False	False	False	0.0084067094711964	0.012128551869228	1
R7B1_004950	48	NUTF2	NK	H3_RESCUE_FALSIFICATION	H3_DISTINCT_SIGNAL	ABF_H3_DOMINANT	H3_SUPPORTED_STABLE	STABLE_H3	MATCH		567	False	True	True	5.42409419071558e-08	5.42410927403774e-08	1	False	True	True	5.42409419071558e-08	5.42410927403774e-08	1	False	True	True	5.42409419071558e-08	5.42410927403774e-08	1	False	True	True	5.41592824789482e-08	5.41594320500077e-08	1
R7B1_004988	48	SLC7A6	CD4_NC	H3_RESCUE_FALSIFICATION	H3_DISTINCT_SIGNAL	ABF_H3_DOMINANT	H3_SUPPORTED_STABLE	STABLE_H3	MATCH		567	False	True	True	0.0022641873048505	0.0023305929197427	1	False	True	True	0.0022641873048505	0.0023305929197427	1	False	True	True	0.0022641873048505	0.0023305929197427	1	False	True	True	0.0003170758844605	0.0003185149385341	1
R7B1_005000	48	SMPD3	B_MEM	H3_RESCUE_FALSIFICATION	H3_DISTINCT_SIGNAL	ABF_H3_DOMINANT	H3_SUPPORTED_STABLE	STABLE_H3	MATCH		567	False	True	True	0.0007067428752103	0.0007067450548353	1	False	True	True	0.0007067428752103	0.0007067450548353	1	False	True	True	0.0007067428752103	0.0007067450548353	1	False	True	True	0.0007050501723403	0.0007050523050337	1
R7B1_005002	48	SMPD3	CD8_ET	H3_RESCUE_FALSIFICATION	H3_DISTINCT_SIGNAL	ABF_H3_DOMINANT	H3_SUPPORTED_STABLE	STABLE_H3	MATCH		567	False	True	True	0.0006017606638434	0.0006071742251546	1	False	True	True	0.0006017606638434	0.0006071742251546	1	False	True	True	0.0006017606638434	0.0006071742251546	1	False	True	True	4.97265073841558e-05	4.9781122535834e-05	1
R7B1_005004	48	SMPD3	DC	H3_RESCUE_FALSIFICATION	H3_DISTINCT_SIGNAL	ABF_H3_DOMINANT	H3_SUPPORTED_STABLE	STABLE_H3	MATCH		567	False	True	True	0.0004654594781468	0.0004757832337371	1	False	True	True	0.0004654594781468	0.0004757832337371	1	False	True	True	0.0004654594781468	0.0004757832337371	1	False	True	True	0.0001798970393666	0.0001814868917509	1
R7B1_005005	48	SMPD3	NK	H3_RESCUE_FALSIFICATION	H3_DISTINCT_SIGNAL	ABF_H3_DOMINANT	H3_SUPPORTED_STABLE	STABLE_H3	MATCH		567	False	True	True	3.94163221770976e-05	3.94768485908512e-05	1	False	True	True	3.94163221770976e-05	3.94768485908512e-05	1	False	True	True	3.94163221770976e-05	3.94768485908512e-05	1	False	True	True	2.99713974325592e-05	3.00085651399408e-05	1
R7B1_005022	48	ZFP90	CD4_ET	H3_RESCUE_FALSIFICATION	H3_DISTINCT_SIGNAL	ABF_H3_DOMINANT	H3_SUPPORTED_STABLE	STABLE_H3	PF50_UNINFORMATIVE		540	False	True	True	0.006745255238575	0.0081006729391573	1	False	True	True	0.006745255238575	0.0081006729391573	1	False	True	True	0.006745255238575	0.0081006729391573	1	False	False	False	0.0070752652249193	0.0092548270231995	1
R7B1_005023	48	ZFP90	CD4_NC	H3_RESCUE_FALSIFICATION	H3_DISTINCT_SIGNAL	ABF_H3_DOMINANT	H3_SUPPORTED_STABLE	STABLE_H3	MATCH		540	False	True	True	1.31373030968106e-07	1.31373524617285e-07	1	False	True	True	1.31373030968106e-07	1.31373524617285e-07	1	False	True	True	1.31373030968106e-07	1.31373524617285e-07	1	False	True	True	1.23333513557253e-07	1.23333882994752e-07	1
R7B1_005025	48	ZFP90	CD8_ET	H3_RESCUE_FALSIFICATION	H3_DISTINCT_SIGNAL	ABF_H3_DOMINANT	H3_SUPPORTED_STABLE	STABLE_H3	MATCH		540	False	True	True	1.071991490558e-07	1.07199451050945e-07	1	False	True	True	1.07199149154498e-07	1.07199451149649e-07	1	False	True	True	1.07199149154498e-07	1.07199451149649e-07	1	False	True	True	1.04612055999317e-07	1.0461235027434e-07	1
R7B1_005026	48	ZFP90	CD8_NC	H3_RESCUE_FALSIFICATION	H3_DISTINCT_SIGNAL	ABF_H3_DOMINANT	H3_SUPPORTED_STABLE	STABLE_H3	MATCH		540	False	True	True	6.57418175791541e-06	6.57514333805781e-06	1	False	True	True	6.57418175791541e-06	6.57514333805781e-06	1	False	True	True	6.57418175791541e-06	6.57514333805781e-06	1	False	True	True	2.18034336151351e-05	2.18145508551492e-05	1
R7B1_005031	48	ZFP90	NK	H3_RESCUE_FALSIFICATION	H3_DISTINCT_SIGNAL	ABF_H3_DOMINANT	H3_SUPPORTED_STABLE	STABLE_H3	MATCH		540	False	True	True	1.09751956207562e-07	1.09752264879004e-07	1	False	True	True	1.09751956207562e-07	1.09752264879004e-07	1	False	True	True	1.09751956207562e-07	1.09752264879004e-07	1	False	True	True	1.10161553868592e-07	1.10161863692003e-07	1
R7B1_005054	49	COX4I1	CD4_NC	H3_RESCUE_FALSIFICATION	H3_DISTINCT_SIGNAL	ABF_H3_DOMINANT	H3_SUPPORTED_STABLE	STABLE_H3	MATCH		802	False	True	True	2.3098565330532e-15	2.30985653305362e-15	1	False	True	True	2.8093126912020802e-15	2.80931269120271e-15	1	False	True	True	3.0976819261198803e-15	3.09768192612066e-15	1	False	True	True	1.2118421748631799e-18	1.2118421748631799e-18	1
R7B1_005057	49	COX4I1	CD8_NC	H3_RESCUE_FALSIFICATION	H3_DISTINCT_SIGNAL	ABF_H3_DOMINANT	H3_SUPPORTED_STABLE	STABLE_H3	MATCH		802	False	True	True	0.0001178908897155	0.0001185686919266	1	False	True	True	0.0001214657895491	0.000122187089314	1	False	True	True	0.0001236713976875	0.0001244203263786	1	False	True	True	1.19732851275576e-05	1.19802149765701e-05	1
R7B1_005091	49	RP11-542M13.3	CD4_NC	H3_RESCUE_FALSIFICATION	H3_DISTINCT_SIGNAL	ABF_H3_DOMINANT	UNINFORMATIVE	H3_TO_UNINFORMATIVE	NOT_COMPARABLE		802	False	False	False			0	False	False	False			0	False	False	False			0	False	True	True	0.0004441401272745	0.0004501617318005	1
R7B1_005139	50	GSDMA	CD4_NC	H3_RESCUE_FALSIFICATION	H3_DISTINCT_SIGNAL	ABF_H3_DOMINANT	H3_SUPPORTED_STABLE	STABLE_H3	MATCH		484	False	True	True	2.7140495875701203e-09	2.7140495875711204e-09	1	False	True	True	2.7140495875701203e-09	2.7140495875711204e-09	1	False	True	True	2.7140495875701203e-09	2.7140495875711204e-09	1	False	True	True	1.35634537018185e-08	1.35634537018298e-08	1
R7B1_005140	50	GSDMA	CD8_ET	H3_RESCUE_FALSIFICATION	H3_DISTINCT_SIGNAL	ABF_H3_DOMINANT	H3_SUPPORTED_STABLE	STABLE_H3	MATCH		484	False	True	True	1.59080028448285e-36	1.59080028448285e-36	1	False	True	True	1.59080028448285e-36	1.59080028448285e-36	1	False	True	True	1.59080028448285e-36	1.59080028448285e-36	1	False	True	True	1.58918587138108e-36	1.58918587138108e-36	1
R7B1_005142	50	GSDMA	NK	H3_RESCUE_FALSIFICATION	H3_DISTINCT_SIGNAL	ABF_H3_DOMINANT	H3_SUPPORTED_STABLE	STABLE_H3	MATCH		484	False	True	True	5.003474673657659e-16	5.0034746736578695e-16	1	False	True	True	5.05897537978388e-16	5.05897537978409e-16	1	False	True	True	5.05977502269301e-16	5.05977502269323e-16	1	False	True	True	6.14128160858854e-17	6.14128160858854e-17	1
R7B1_005144	50	GSDMB	B_MEM	PRIMARY_184_TRIGGER_VERIFICATION	ROBUST_H4_TRIGGER	ABF_H4_DOMINANT	UNINFORMATIVE	H4_TO_UNINFORMATIVE	NOT_COMPARABLE		484	False	False	False			0	False	False	False			0	False	False	False			0	False	False	False			0
R7B1_005146	50	GSDMB	CD4_NC	PRIMARY_184_TRIGGER_VERIFICATION	H3_H4_AMBIGUITY_TRIGGER	ABF_AMBIGUOUS	UNINFORMATIVE	AMBIGUITY_TO_UNINFORMATIVE	NOT_COMPARABLE		484	False	False	False			0	False	False	False			0	False	False	False			0	False	False	False			0
R7B1_005148	50	GSDMB	CD8_ET	PRIMARY_184_TRIGGER_VERIFICATION	ROBUST_H4_TRIGGER	ABF_H4_DOMINANT	H4_SUPPORTED_STABLE	STABLE_H4	MATCH		484	True	False	True	0.964350776446337	0.965667025839467	1	True	False	True	0.964350776446337	0.965667025839467	1	True	False	True	0.964350776446337	0.965667025839467	1	True	False	True	0.971600904797568	0.971934510227906	1
R7B1_005152	50	GSDMB	NK	PRIMARY_184_TRIGGER_VERIFICATION	ROBUST_H4_TRIGGER	ABF_H4_DOMINANT	UNINFORMATIVE	H4_TO_UNINFORMATIVE	NOT_COMPARABLE		484	False	False	False			0	False	False	False			0	False	False	False			0	False	False	False			0
R7B1_005195	50	ORMDL3	B_IN	PRIMARY_184_TRIGGER_VERIFICATION	ROBUST_H4_TRIGGER	ABF_H4_DOMINANT	H4_SUPPORTED_STABLE	STABLE_H4	MATCH		484	True	False	True	0.974035222348448	0.974035222348441	1	True	False	True	0.974035222348448	0.974035222348441	1	True	False	True	0.974035222348448	0.974035222348441	1	True	False	True	0.978102237533515	0.978102237533506	1
R7B1_005196	50	ORMDL3	B_MEM	PRIMARY_184_TRIGGER_VERIFICATION	ROBUST_H4_TRIGGER	ABF_H4_DOMINANT	H4_SUPPORTED_STABLE	STABLE_H4	MATCH		484	True	False	True	0.981943070801095	0.98194307080109	1	True	False	True	0.981943070801095	0.98194307080109	1	True	False	True	0.981943070801095	0.98194307080109	1	True	False	True	0.980063949300942	0.980063949300939	1
R7B1_005197	50	ORMDL3	CD4_ET	PRIMARY_184_TRIGGER_VERIFICATION	ROBUST_H4_TRIGGER	ABF_H4_DOMINANT	H4_SUPPORTED_STABLE	STABLE_H4	MATCH		484	True	False	True	0.976957207988253	0.976957355164559	1	True	False	True	0.976957207988253	0.976957355164559	1	True	False	True	0.976957207988253	0.976957355164559	1	True	False	True	0.969683973246935	0.969684248439161	2
R7B1_005198	50	ORMDL3	CD4_NC	PRIMARY_184_TRIGGER_VERIFICATION	H3_H4_AMBIGUITY_TRIGGER	ABF_AMBIGUOUS	H4_SUPPORTED_STABLE	AMBIGUITY_TO_H4	MATCH		484	True	True	True	0.965800654495858	0.965800654495852	3	True	True	True	0.965800654495858	0.965800654495852	3	True	True	True	0.965800654495858	0.965800654495852	3	True	True	True	0.957696426934742	0.957696426934738	3
R7B1_005200	50	ORMDL3	CD8_ET	PRIMARY_184_TRIGGER_VERIFICATION	ROBUST_H4_TRIGGER	ABF_H4_DOMINANT	H4_SUPPORTED_STABLE	STABLE_H4	MATCH		484	True	False	True	0.940695319511834	0.940695319511846	1	True	False	True	0.940695319511834	0.940695319511846	1	True	False	True	0.940695319511834	0.940695319511846	1	True	False	True	0.930994277360767	0.930994277360766	1
R7B1_005201	50	ORMDL3	CD8_NC	PRIMARY_184_TRIGGER_VERIFICATION	ROBUST_H4_TRIGGER	ABF_H4_DOMINANT	H4_SUPPORTED_STABLE	STABLE_H4	MATCH		484	True	True	True	0.9816882803997	0.981688280401838	3	True	True	True	0.981688268128266	0.9816882681304	3	True	True	True	0.981688268097505	0.981688268099645	3	True	True	True	0.980550180446915	0.980550180497599	3
R7B1_005202	50	ORMDL3	CD8_S100B	PRIMARY_184_TRIGGER_VERIFICATION	ROBUST_H4_TRIGGER	ABF_H4_DOMINANT	MODEL_SENSITIVE	H4_TO_MODEL_SENSITIVE	NOT_COMPARABLE		484	False	False	True	0.775490233979017	0.77549023398108	1	False	False	True	0.775490233979017	0.77549023398108	1	False	False	True	0.775490233979017	0.77549023398108	1	True	False	True	0.915466698097561	0.915466698099235	1
R7B1_005206	50	ORMDL3	NK	H3_RESCUE_FALSIFICATION	H3_DISTINCT_SIGNAL	ABF_H3_DOMINANT	H3_SUPPORTED_STABLE	STABLE_H3	PF10_PF50_SENSITIVE		484	False	True	True	0.84598495213953	0.845984952139536	2	False	True	True	0.84598495213953	0.845984952139536	2	False	True	True	0.84598495213953	0.845984952139536	2	False	False	True	0.873818520721022	0.87381852072103	2
R7B1_005207	50	ORMDL3	NK_R	PRIMARY_184_TRIGGER_VERIFICATION	H3_H4_AMBIGUITY_TRIGGER	ABF_AMBIGUOUS	MODEL_SENSITIVE	AMBIGUITY_REMAINS_MODEL_SENSITIVE	NOT_COMPARABLE		484	False	False	True	0.620272208409821	0.718438490100695	1	False	False	True	0.621726698155928	0.720766110828647	1	False	False	True	0.623080487733706	0.722721991484839	1	False	False	False			0
R7B1_005237	50	PSMD3	CD4_NC	H3_RESCUE_FALSIFICATION	H3_DISTINCT_SIGNAL	ABF_H3_DOMINANT	H3_SUPPORTED_STABLE	STABLE_H3	MATCH		484	False	True	True	0.0017538839327877	0.0018588168652785	1	False	True	True	0.0017538430728492	0.00185876990966	1	False	True	True	0.0017605137107394	0.0018664376020838	1	False	True	True	0.0002609505581614	0.0002638135786468	1
R7B1_005294	50	STARD3	CD4_SOX4	H3_RESCUE_FALSIFICATION	H3_DISTINCT_SIGNAL	ABF_H3_DOMINANT	H3_SUPPORTED_STABLE	STABLE_H3	PF50_UNINFORMATIVE		484	False	True	True	0.0065988481332395	0.0069077218624164	1	False	True	True	0.0065988481332395	0.0069077218624164	1	False	True	True	0.0065988481332395	0.0069077218624164	1	False	False	False	0.0522015924681986	0.120421850263095	1
R7B1_005347	51	ARL17A	B_MEM	H3_RESCUE_FALSIFICATION	H3_DISTINCT_SIGNAL	ABF_H3_DOMINANT	UNINFORMATIVE	H3_TO_UNINFORMATIVE	NOT_COMPARABLE		1677	False	False	False			0	False	False	False			0	False	False	False			0	False	False	False			0
R7B1_005348	51	ARL17A	CD4_ET	PRIMARY_184_TRIGGER_VERIFICATION	H3_H4_AMBIGUITY_TRIGGER	ABF_AMBIGUOUS	MODEL_SENSITIVE	AMBIGUITY_REMAINS_MODEL_SENSITIVE	NOT_COMPARABLE		1677	False	False	True	0.247273262133364	0.250513131643245	1	False	False	True	0.247273262133364	0.250513131643245	1	False	False	False			0	False	False	True	0.350889186903523	0.353725552663938	1
R7B1_005349	51	ARL17A	CD4_NC	H3_RESCUE_FALSIFICATION	H3_DISTINCT_SIGNAL	ABF_H3_DOMINANT	H3_SUPPORTED_STABLE	STABLE_H3	MATCH		1677	False	True	True	1.1675412878981e-08	1.16754128804422e-08	2	False	True	True	1.1675412878981e-08	1.16754128804422e-08	2	False	True	True	1.1675412878981e-08	1.16754128804422e-08	2	False	True	True	1.16754128789798e-08	1.1675412880441e-08	2
R7B1_005351	51	ARL17A	CD8_ET	H3_RESCUE_FALSIFICATION	H3_DISTINCT_SIGNAL	ABF_H3_DOMINANT	H3_SUPPORTED_STABLE	STABLE_H3	MATCH		1677	False	True	True	1.79171236123711e-07	1.79172656819918e-07	2	False	True	True	1.79171236123711e-07	1.79172656819918e-07	2	False	True	True	1.79171236123711e-07	1.79172656819918e-07	2	False	True	True	0.0003531152231179	0.0003572939101725	2
R7B1_005352	51	ARL17A	CD8_NC	H3_RESCUE_FALSIFICATION	H3_DISTINCT_SIGNAL	ABF_H3_DOMINANT	H3_SUPPORTED_STABLE	STABLE_H3	MATCH		1677	False	True	True	0.0002168572605971	0.0002168572759757	2	False	True	True	0.0968539296920626	0.377864302761274	3	False	True	True	0.0002168572605971	0.0002168572759757	2	False	True	True	2.99253068206916e-05	2.99253068396339e-05	2
R7B1_005357	51	ARL17A	NK	H3_RESCUE_FALSIFICATION	H3_DISTINCT_SIGNAL	ABF_H3_DOMINANT	H3_SUPPORTED_STABLE	STABLE_H3	MATCH		1677	False	True	True	0.0001570612453233	0.000157767653361	2	False	True	True	0.0001570612453233	0.000157767653361	2	False	True	True	0.0001570612453233	0.000157767653361	2	False	True	True	0.0001723194727037	0.0001723196214454	2
R7B1_005360	51	ARL17B	B_IN	PRIMARY_184_TRIGGER_VERIFICATION	H3_H4_AMBIGUITY_TRIGGER	ABF_AMBIGUOUS	MODEL_SENSITIVE	AMBIGUITY_REMAINS_MODEL_SENSITIVE	NOT_COMPARABLE		1684	False	False	True	0.367086947807923	0.367087385131234	1	False	False	True	0.367086947807923	0.367087385131234	1	False	False	True	0.367086947807923	0.367087385131234	1	False	False	True	0.38707778728018	0.387078835592444	1
R7B1_005361	51	ARL17B	B_MEM	PRIMARY_184_TRIGGER_VERIFICATION	H3_H4_AMBIGUITY_TRIGGER	ABF_AMBIGUOUS	MODEL_SENSITIVE	AMBIGUITY_REMAINS_MODEL_SENSITIVE	NOT_COMPARABLE		1684	False	False	True	0.392516058749468	0.395379603822055	1	False	False	True	0.392516058749468	0.395379603822055	1	False	False	True	0.392516058749468	0.395379603822055	1	False	False	True	0.399669570981365	0.400392286711396	1
R7B1_005363	51	ARL17B	CD4_NC	H3_RESCUE_FALSIFICATION	H3_DISTINCT_SIGNAL	ABF_H3_DOMINANT	H3_SUPPORTED_STABLE	STABLE_H3	MATCH		1684	False	True	True	1.86298547110788e-06	1.86299461100413e-06	2	False	True	True	1.86298547110788e-06	1.86299461100413e-06	2	False	True	True	1.86298547110788e-06	1.86299461100413e-06	2	False	True	True	5.17641674524398e-07	5.1764257030126e-07	2
R7B1_005366	51	ARL17B	CD8_NC	H3_RESCUE_FALSIFICATION	H3_DISTINCT_SIGNAL	ABF_H3_DOMINANT	H3_SUPPORTED_STABLE	STABLE_H3	MATCH		1684	False	True	True	4.64829255467528e-05	4.64992297967908e-05	1	False	True	True	4.64829255467528e-05	4.64992297967908e-05	1	False	True	True	4.64829255467528e-05	4.64992297967908e-05	1	False	True	True	0.0053233999752173	0.0057062594924332	2
R7B1_005370	51	ARL17B	Mono_NC	PRIMARY_184_TRIGGER_VERIFICATION	H3_H4_AMBIGUITY_TRIGGER	ABF_AMBIGUOUS	MODEL_SENSITIVE	AMBIGUITY_REMAINS_MODEL_SENSITIVE	NOT_COMPARABLE		1684	False	False	True	0.329161159283945	0.391591277028779	1	False	False	True	0.329161159283945	0.391591277028779	1	False	False	True	0.329161159283945	0.391591277028779	1	False	False	True	0.353497307626121	0.391113891027958	1
R7B1_005371	51	ARL17B	NK	PRIMARY_184_TRIGGER_VERIFICATION	H3_H4_AMBIGUITY_TRIGGER	ABF_AMBIGUOUS	MODEL_SENSITIVE	AMBIGUITY_REMAINS_MODEL_SENSITIVE	NOT_COMPARABLE		1684	False	False	False			0	False	False	False			0	False	False	True	0.349327564561007	0.387125075394592	1	False	False	False			0
R7B1_005377	51	CRHR1	CD4_NC	PRIMARY_184_TRIGGER_VERIFICATION	H3_H4_AMBIGUITY_TRIGGER	ABF_AMBIGUOUS	MODEL_SENSITIVE	AMBIGUITY_REMAINS_MODEL_SENSITIVE	NOT_COMPARABLE		1684	False	False	True	0.384613293073617	0.384613293103261	1	False	False	True	0.384613293073617	0.384613293103261	1	False	False	True	0.384613293073617	0.384613293103261	1	False	False	True	0.362864925658263	0.362864925687278	1
R7B1_005379	51	CRHR1	CD8_NC	PRIMARY_184_TRIGGER_VERIFICATION	H3_H4_AMBIGUITY_TRIGGER	ABF_AMBIGUOUS	MODEL_SENSITIVE	AMBIGUITY_REMAINS_MODEL_SENSITIVE	NOT_COMPARABLE		1684	False	False	True	0.414738093376038	0.414738098284468	1	False	False	True	0.414738093376038	0.414738098284468	1	False	False	True	0.414738093376038	0.414738098284468	1	False	False	True	0.41148733874668	0.411487351515181	1
R7B1_005381	51	CRHR1	NK	PRIMARY_184_TRIGGER_VERIFICATION	H3_H4_AMBIGUITY_TRIGGER	ABF_AMBIGUOUS	MODEL_SENSITIVE	AMBIGUITY_REMAINS_MODEL_SENSITIVE	NOT_COMPARABLE		1684	False	False	True	0.386726224060645	0.387490917906705	1	False	False	True	0.386726224060645	0.387490917906705	1	False	False	True	0.386726224060645	0.387490917906705	1	False	False	True	0.384118042341967	0.384288900071417	1
R7B1_005459	51	KANSL1	B_IN	PRIMARY_184_TRIGGER_VERIFICATION	H3_H4_AMBIGUITY_TRIGGER	ABF_AMBIGUOUS	MODEL_SENSITIVE	AMBIGUITY_REMAINS_MODEL_SENSITIVE	NOT_COMPARABLE		1684	False	False	False			0	False	False	True	0.342701251175302	0.385056354940063	1	False	False	False			0	False	False	False	0.277025900572385	0.368505301403492	1
R7B1_005462	51	KANSL1	CD4_NC	PRIMARY_184_TRIGGER_VERIFICATION	H3_H4_AMBIGUITY_TRIGGER	ABF_AMBIGUOUS	MODEL_SENSITIVE	AMBIGUITY_REMAINS_MODEL_SENSITIVE	NOT_COMPARABLE		1684	False	False	True	0.338444587449687	0.338550960682061	1	False	False	True	0.338444587449687	0.338550960682061	1	False	False	True	0.338444587449687	0.338550960682061	1	False	False	True	0.354585306931242	0.356063300045088	1
R7B1_005464	51	KANSL1	CD8_ET	PRIMARY_184_TRIGGER_VERIFICATION	H3_H4_AMBIGUITY_TRIGGER	ABF_AMBIGUOUS	MODEL_SENSITIVE	AMBIGUITY_REMAINS_MODEL_SENSITIVE	NOT_COMPARABLE		1684	False	False	True	0.332839016206244	0.38828663279518	1	False	False	False			0	False	False	True	0.332839016206244	0.38828663279518	1	False	False	True	0.347829234436453	0.389226975655139	1
R7B1_005473	51	KANSL1-AS1	B_IN	PRIMARY_184_TRIGGER_VERIFICATION	H3_H4_AMBIGUITY_TRIGGER	ABF_AMBIGUOUS	MODEL_SENSITIVE	AMBIGUITY_REMAINS_MODEL_SENSITIVE	NOT_COMPARABLE		1684	False	False	True	0.394910682485182	0.39491068251511	1	False	False	True	0.394910682485182	0.39491068251511	1	False	False	True	0.394910682485182	0.39491068251511	1	False	False	True	0.331288069580726	0.331288069608461	1
R7B1_005474	51	KANSL1-AS1	B_MEM	PRIMARY_184_TRIGGER_VERIFICATION	H3_H4_AMBIGUITY_TRIGGER	ABF_AMBIGUOUS	MODEL_SENSITIVE	AMBIGUITY_REMAINS_MODEL_SENSITIVE	NOT_COMPARABLE		1684	False	False	True	0.240537587203221	0.240537587226091	1	False	False	True	0.240537587203221	0.240537587226091	1	False	False	True	0.240537587203221	0.240537587226091	1	False	False	True	0.268250207652116	0.268250207676688	1
R7B1_005475	51	KANSL1-AS1	CD4_ET	PRIMARY_184_TRIGGER_VERIFICATION	H3_H4_AMBIGUITY_TRIGGER	ABF_AMBIGUOUS	MODEL_SENSITIVE	AMBIGUITY_REMAINS_MODEL_SENSITIVE	NOT_COMPARABLE		1684	False	False	True	0.458198474465883	0.458198474496972	1	False	False	True	0.458198474465883	0.458198474496972	1	False	False	True	0.458198474465883	0.458198474496972	1	False	False	True	0.473307196687711	0.473307196718934	1
R7B1_005476	51	KANSL1-AS1	CD4_NC	PRIMARY_184_TRIGGER_VERIFICATION	H3_H4_AMBIGUITY_TRIGGER	ABF_AMBIGUOUS	MODEL_SENSITIVE	AMBIGUITY_REMAINS_MODEL_SENSITIVE	NOT_COMPARABLE		1684	False	False	True	0.291785065338635	0.291785065364505	1	False	False	True	0.291785065338635	0.291785065364505	1	False	False	True	0.291785065338635	0.291785065364505	1	False	False	True	0.313328766456883	0.313328766483825	1
R7B1_005477	51	KANSL1-AS1	CD4_SOX4	PRIMARY_184_TRIGGER_VERIFICATION	H3_H4_AMBIGUITY_TRIGGER	ABF_AMBIGUOUS	MODEL_SENSITIVE	AMBIGUITY_REMAINS_MODEL_SENSITIVE	NOT_COMPARABLE		1684	False	False	True	0.358026286642709	0.358026287979825	1	False	False	True	0.358026286642709	0.358026287979825	1	False	False	True	0.358026286642709	0.358026287979825	1	False	False	True	0.357587254531336	0.357587266789605	1
R7B1_005478	51	KANSL1-AS1	CD8_ET	PRIMARY_184_TRIGGER_VERIFICATION	H3_H4_AMBIGUITY_TRIGGER	ABF_AMBIGUOUS	MODEL_SENSITIVE	AMBIGUITY_REMAINS_MODEL_SENSITIVE	NOT_COMPARABLE		1684	False	False	True	0.300969861724182	0.300969861750522	1	False	False	True	0.300969861724182	0.300969861750522	1	False	False	True	0.300969861724182	0.300969861750522	1	False	False	True	0.301247280375975	0.301247280402331	1
R7B1_005479	51	KANSL1-AS1	CD8_NC	PRIMARY_184_TRIGGER_VERIFICATION	H3_H4_AMBIGUITY_TRIGGER	ABF_AMBIGUOUS	MODEL_SENSITIVE	AMBIGUITY_REMAINS_MODEL_SENSITIVE	NOT_COMPARABLE		1684	False	False	True	0.242449223467645	0.242449223490643	1	False	False	True	0.242449223467645	0.242449223490643	1	False	False	True	0.242449223467645	0.242449223490643	1	False	False	True	0.251332192583713	0.251332192607272	1
R7B1_005480	51	KANSL1-AS1	CD8_S100B	PRIMARY_184_TRIGGER_VERIFICATION	H3_H4_AMBIGUITY_TRIGGER	ABF_AMBIGUOUS	MODEL_SENSITIVE	AMBIGUITY_REMAINS_MODEL_SENSITIVE	NOT_COMPARABLE		1684	False	False	True	0.401583420560591	0.401583420590689	1	False	False	True	0.401583420560591	0.401583420590689	1	False	False	True	0.401583420560591	0.401583420590689	1	False	False	True	0.399520141185207	0.399520141215249	1
R7B1_005481	51	KANSL1-AS1	DC	PRIMARY_184_TRIGGER_VERIFICATION	H3_H4_AMBIGUITY_TRIGGER	ABF_AMBIGUOUS	MODEL_SENSITIVE	AMBIGUITY_REMAINS_MODEL_SENSITIVE	NOT_COMPARABLE		1684	False	False	True	0.372237752421537	0.372237752450799	1	False	False	True	0.372237752421537	0.372237752450799	1	False	False	True	0.372237752421537	0.372237752450799	1	False	False	True	0.367513823023221	0.36751382305233	1
R7B1_005482	51	KANSL1-AS1	Mono_C	PRIMARY_184_TRIGGER_VERIFICATION	H3_H4_AMBIGUITY_TRIGGER	ABF_AMBIGUOUS	MODEL_SENSITIVE	AMBIGUITY_REMAINS_MODEL_SENSITIVE	NOT_COMPARABLE		1684	False	False	True	0.389294847304315	0.38929484733409	1	False	False	True	0.389294847304315	0.38929484733409	1	False	False	True	0.389294847304315	0.38929484733409	1	False	False	True	0.378074136966827	0.378074136996272	1
R7B1_005483	51	KANSL1-AS1	Mono_NC	PRIMARY_184_TRIGGER_VERIFICATION	H3_H4_AMBIGUITY_TRIGGER	ABF_AMBIGUOUS	MODEL_SENSITIVE	AMBIGUITY_REMAINS_MODEL_SENSITIVE	NOT_COMPARABLE		1684	False	False	True	0.363161714585638	0.363161714614597	1	False	False	True	0.363161714585638	0.363161714614597	1	False	False	True	0.363161714585638	0.363161714614597	1	False	False	True	0.357101274008281	0.357101274037032	1
R7B1_005484	51	KANSL1-AS1	NK	PRIMARY_184_TRIGGER_VERIFICATION	H3_H4_AMBIGUITY_TRIGGER	ABF_AMBIGUOUS	MODEL_SENSITIVE	AMBIGUITY_REMAINS_MODEL_SENSITIVE	NOT_COMPARABLE		1684	False	False	True	0.275232295192799	0.275232295217772	1	False	False	True	0.275232295192799	0.275232295217772	1	False	False	True	0.275232295192799	0.275232295217772	1	False	False	True	0.276249388447018	0.276249388472044	1
R7B1_005485	51	KANSL1-AS1	NK_R	PRIMARY_184_TRIGGER_VERIFICATION	H3_H4_AMBIGUITY_TRIGGER	ABF_AMBIGUOUS	MODEL_SENSITIVE	AMBIGUITY_REMAINS_MODEL_SENSITIVE	NOT_COMPARABLE		1684	False	False	True	0.390288156353666	0.390288156383469	1	False	False	True	0.390288156353666	0.390288156383469	1	False	False	True	0.390288156353666	0.390288156383469	1	False	False	True	0.399356828025376	0.399356828055415	1
R7B1_005486	51	KANSL1-AS1	Plasma	PRIMARY_184_TRIGGER_VERIFICATION	H3_H4_AMBIGUITY_TRIGGER	ABF_AMBIGUOUS	MODEL_SENSITIVE	AMBIGUITY_REMAINS_MODEL_SENSITIVE	NOT_COMPARABLE		1684	False	False	True	0.329543877685485	0.32954388790987	1	False	False	True	0.329543877685485	0.32954388790987	1	False	False	True	0.329543877685485	0.32954388790987	1	False	False	True	0.313521187899408	0.313521643084499	1
R7B1_005488	51	LRRC37A	CD4_NC	H3_RESCUE_FALSIFICATION	H3_DISTINCT_SIGNAL	ABF_H3_DOMINANT	H3_SUPPORTED_STABLE	STABLE_H3	MATCH		1684	False	True	True	3.04848203177628e-08	3.04848254523226e-08	1	False	True	True	3.04848203177628e-08	3.04848254523226e-08	1	False	True	True	3.04848203177628e-08	3.04848254523226e-08	1	False	True	True	1.13166659472201e-06	1.13167280297678e-06	1
R7B1_005490	51	LRRC37A	CD8_NC	H3_RESCUE_FALSIFICATION	H3_DISTINCT_SIGNAL	ABF_H3_DOMINANT	H3_SUPPORTED_STABLE	STABLE_H3	MATCH		1684	False	True	True	0.0019414029166694	0.0020234319403742	1	False	True	True	0.0019414029166694	0.0020234319403742	1	False	True	True	0.0019414029166694	0.0020234319403742	1	False	True	True	0.0022253838560015	0.0022858567061951	1
R7B1_005492	51	LRRC37A2	B_IN	H3_RESCUE_FALSIFICATION	H3_DISTINCT_SIGNAL	ABF_H3_DOMINANT	MODEL_SENSITIVE	H3_TO_MODEL_SENSITIVE	NOT_COMPARABLE		1677	False	False	True	0.354303682669274	0.375241330970339	1	False	False	True	0.354303682669274	0.375241330970339	1	False	False	True	0.354303682669274	0.375241330970339	1	False	True	True	0.347384510158399	0.383445861638255	2
R7B1_005493	51	LRRC37A2	B_MEM	PRIMARY_184_TRIGGER_VERIFICATION	H3_H4_AMBIGUITY_TRIGGER	ABF_AMBIGUOUS	MODEL_SENSITIVE	AMBIGUITY_REMAINS_MODEL_SENSITIVE	NOT_COMPARABLE		1677	False	False	True	0.374295920399342	0.375090212009411	1	False	False	True	0.374295920399342	0.375090212009411	1	False	False	True	0.374295920399342	0.375090212009411	1	False	False	True	0.387264061060444	0.388689227042569	1
R7B1_005494	51	LRRC37A2	CD4_ET	PRIMARY_184_TRIGGER_VERIFICATION	H3_H4_AMBIGUITY_TRIGGER	ABF_AMBIGUOUS	MODEL_SENSITIVE	AMBIGUITY_REMAINS_MODEL_SENSITIVE	NOT_COMPARABLE		1677	False	False	True	0.386327588554401	0.388001066554431	1	False	False	True	0.386327588554401	0.388001066554431	1	False	False	True	0.386327588554401	0.388001066554431	1	False	False	True	0.383287145259194	0.389101149817181	1
R7B1_005495	51	LRRC37A2	CD4_NC	PRIMARY_184_TRIGGER_VERIFICATION	H3_H4_AMBIGUITY_TRIGGER	ABF_AMBIGUOUS	H3_SUPPORTED_STABLE	AMBIGUITY_TO_H3	MATCH		1677	False	True	True	0.339891466823014	0.339891466851109	2	False	True	True	0.339891466823014	0.339891466851109	2	False	True	True	0.339891466823014	0.339891466851109	2	False	True	True	0.389533120110905	0.389533120140688	2
R7B1_005496	51	LRRC37A2	CD8_ET	PRIMARY_184_TRIGGER_VERIFICATION	H3_H4_AMBIGUITY_TRIGGER	ABF_AMBIGUOUS	MODEL_SENSITIVE	AMBIGUITY_REMAINS_MODEL_SENSITIVE	NOT_COMPARABLE		1677	False	False	True	0.380537610988672	0.38053761101821	1	False	False	True	0.380537610988672	0.38053761101821	1	False	False	True	0.380537610988672	0.38053761101821	1	False	False	True	0.377655346195531	0.377655346224979	1
R7B1_005497	51	LRRC37A2	CD8_NC	PRIMARY_184_TRIGGER_VERIFICATION	H3_H4_AMBIGUITY_TRIGGER	ABF_AMBIGUOUS	MODEL_SENSITIVE	AMBIGUITY_REMAINS_MODEL_SENSITIVE	NOT_COMPARABLE		1677	False	False	True	0.399095433295229	0.399095433407631	1	False	False	True	0.399095433295229	0.399095433407631	1	False	False	True	0.399095433295229	0.399095433407631	1	False	False	True	0.391042372628231	0.391042372765495	1
R7B1_005498	51	LRRC37A2	CD8_S100B	PRIMARY_184_TRIGGER_VERIFICATION	H3_H4_AMBIGUITY_TRIGGER	ABF_AMBIGUOUS	MODEL_SENSITIVE	AMBIGUITY_REMAINS_MODEL_SENSITIVE	NOT_COMPARABLE		1677	False	False	True	0.335188669781032	0.381878133476796	1	False	False	True	0.335188669781032	0.381878133476796	1	False	False	True	0.335188669781032	0.381878133476796	1	False	False	False	0.297157326602677	0.381810637355671	1
R7B1_005502	51	LRRC37A2	NK	PRIMARY_184_TRIGGER_VERIFICATION	H3_H4_AMBIGUITY_TRIGGER	ABF_AMBIGUOUS	MODEL_SENSITIVE	AMBIGUITY_REMAINS_MODEL_SENSITIVE	NOT_COMPARABLE		1677	False	False	True	0.397356735270614	0.397356736120934	1	False	False	True	0.397356735270614	0.397356736120934	1	False	False	True	0.397356735270614	0.397356736120934	1	False	False	True	0.396417252075417	0.396417253204565	1
R7B1_005503	51	LRRC37A2	NK_R	PRIMARY_184_TRIGGER_VERIFICATION	H3_H4_AMBIGUITY_TRIGGER	ABF_AMBIGUOUS	MODEL_SENSITIVE	AMBIGUITY_REMAINS_MODEL_SENSITIVE	NOT_COMPARABLE		1677	False	False	True	0.320837154065356	0.388391740426253	1	False	False	True	0.320837154065356	0.388391740426253	1	False	False	True	0.320837154065356	0.388391740426253	1	False	False	False	0.266833911492727	0.389168724339679	1
R7B1_005507	51	NSF	CD4_NC	H3_RESCUE_FALSIFICATION	H3_DISTINCT_SIGNAL	ABF_H3_DOMINANT	H3_SUPPORTED_STABLE	STABLE_H3	MATCH		1587	False	True	True	0.364429754274766	0.3970062909333	2	False	True	True	0.364429754274766	0.3970062909333	2	False	True	True	0.364429754274766	0.3970062909333	2	False	True	True	0.23988343678562	0.396873501054984	2
R7B1_005523	51	RP11-669E14.6	B_IN	PRIMARY_184_TRIGGER_VERIFICATION	H3_H4_AMBIGUITY_TRIGGER	ABF_AMBIGUOUS	MODEL_SENSITIVE	AMBIGUITY_REMAINS_MODEL_SENSITIVE	NOT_COMPARABLE		1684	False	False	True	0.3805024700972	0.383918610568765	1	False	False	True	0.3805024700972	0.383918610568765	1	False	False	True	0.3805024700972	0.383918610568765	1	False	False	True	0.359940054891331	0.379384278497954	1
R7B1_005524	51	RP11-669E14.6	CD4_NC	PRIMARY_184_TRIGGER_VERIFICATION	H3_H4_AMBIGUITY_TRIGGER	ABF_AMBIGUOUS	MODEL_SENSITIVE	AMBIGUITY_REMAINS_MODEL_SENSITIVE	NOT_COMPARABLE		1684	False	False	True	0.412466336615305	0.412466336645653	1	False	False	True	0.412466336615305	0.412466336645653	1	False	False	True	0.412466336615305	0.412466336645653	1	False	False	True	0.409287862806746	0.409287862837023	1
R7B1_005525	51	RP11-669E14.6	CD8_ET	PRIMARY_184_TRIGGER_VERIFICATION	H3_H4_AMBIGUITY_TRIGGER	ABF_AMBIGUOUS	MODEL_SENSITIVE	AMBIGUITY_REMAINS_MODEL_SENSITIVE	NOT_COMPARABLE		1684	False	False	True	0.393140910052688	0.393140910273515	1	False	False	True	0.393140910052688	0.393140910273515	1	False	False	True	0.393140910052688	0.393140910273515	1	False	False	True	0.389231324714974	0.389231324744788	1
R7B1_005526	51	RP11-669E14.6	CD8_NC	PRIMARY_184_TRIGGER_VERIFICATION	H3_H4_AMBIGUITY_TRIGGER	ABF_AMBIGUOUS	MODEL_SENSITIVE	AMBIGUITY_REMAINS_MODEL_SENSITIVE	NOT_COMPARABLE		1684	False	False	True	0.420958341947633	0.4209583419788	1	False	False	True	0.420958341947633	0.4209583419788	1	False	False	True	0.420958341947633	0.4209583419788	1	False	False	True	0.419825821913331	0.419825821943957	1
R7B1_005527	51	RP11-669E14.6	NK	PRIMARY_184_TRIGGER_VERIFICATION	H3_H4_AMBIGUITY_TRIGGER	ABF_AMBIGUOUS	MODEL_SENSITIVE	AMBIGUITY_REMAINS_MODEL_SENSITIVE	NOT_COMPARABLE		1684	False	False	True	0.392687071422943	0.392687071452809	1	False	False	True	0.392687071422943	0.392687071452809	1	False	False	True	0.392687071422943	0.392687071452809	1	False	False	True	0.390735855223945	0.390735855253758	1
R7B1_005528	51	RP11-798G7.5	CD4_NC	PRIMARY_184_TRIGGER_VERIFICATION	H3_H4_AMBIGUITY_TRIGGER	ABF_AMBIGUOUS	MODEL_SENSITIVE	AMBIGUITY_REMAINS_MODEL_SENSITIVE	NOT_COMPARABLE		1684	False	False	True	0.39562832919821	0.39564862850095	1	False	False	True	0.39562832919821	0.39564862850095	1	False	False	True	0.39562832919821	0.39564862850095	1	False	False	True	0.391894576560012	0.391918940974079	1
R7B1_005534	51	RP11-798G7.6	CD4_NC	H3_RESCUE_FALSIFICATION	H3_DISTINCT_SIGNAL	ABF_H3_DOMINANT	UNINFORMATIVE	H3_TO_UNINFORMATIVE	NOT_COMPARABLE		1684	False	False	False			0	False	False	False			0	False	False	False			0	False	False	False			0
R7B1_005574	53	C19orf38	DC	PRIMARY_184_TRIGGER_VERIFICATION	ROBUST_H4_TRIGGER	ABF_H4_DOMINANT	UNINFORMATIVE	H4_TO_UNINFORMATIVE	NOT_COMPARABLE		415	False	False	False			0	False	False	False			0	False	False	False			0	False	False	False			0
R7B1_005591	53	C19orf66	NK	H3_RESCUE_FALSIFICATION	H3_DISTINCT_SIGNAL	ABF_H3_DOMINANT	H3_SUPPORTED_STABLE	STABLE_H3	MATCH		450	False	True	True	0.0003531895026194	0.0003549700334661	1	False	True	True	0.000353189502542	0.0003549700333884	1	False	True	True	0.0003531895024765	0.0003549700333225	1	False	True	True	0.0019273036538355	0.0020015667535571	1
R7B1_005596	53	COL5A3	CD8_ET	H3_RESCUE_FALSIFICATION	H3_DISTINCT_SIGNAL	ABF_H3_DOMINANT	H3_SUPPORTED_STABLE	STABLE_H3	MATCH		450	False	True	True	2.42124456299311e-05	2.42300295559197e-05	1	False	True	True	2.42124456287685e-05	2.42300295547585e-05	1	False	True	True	2.4212445626384e-05	2.42300295523732e-05	1	False	True	True	3.87230150328886e-06	3.87284477782562e-06	1
R7B1_005597	53	COL5A3	CD8_S100B	H3_RESCUE_FALSIFICATION	H3_DISTINCT_SIGNAL	ABF_H3_DOMINANT	H3_SUPPORTED_STABLE	STABLE_H3	MATCH		450	False	True	True	3.7952298012340304e-14	3.7952298012434803e-14	1	False	True	True	3.98372150379303e-14	3.9837215038034304e-14	1	False	True	True	4.0425538951389e-14	4.0425538951496805e-14	1	False	True	True	3.55991470679499e-14	3.5599147068032605e-14	1
R7B1_005598	53	COL5A3	NK	H3_RESCUE_FALSIFICATION	H3_DISTINCT_SIGNAL	ABF_H3_DOMINANT	H3_SUPPORTED_STABLE	STABLE_H3	MATCH		450	False	True	True	2.26244214123141e-14	2.2624421412325502e-14	1	False	True	True	2.4969352142002902e-14	2.49693521420176e-14	1	False	True	True	2.5043271190852502e-14	2.50432711908682e-14	1	False	True	True	2.66487469684662e-14	2.66487469684818e-14	1
R7B1_005602	53	DNMT1	CD4_NC	H3_RESCUE_FALSIFICATION	H3_DISTINCT_SIGNAL	ABF_H3_DOMINANT	H3_SUPPORTED_STABLE	STABLE_H3	MATCH		450	False	True	True	4.59290305231531e-13	4.59290305240653e-13	1	False	True	True	4.61058243483632e-13	4.61058243492832e-13	1	False	True	True	4.61753783743135e-13	4.61753783752364e-13	1	False	True	True	1.3244507555555701e-14	1.32445075555642e-14	1
R7B1_005616	53	EIF3G	CD4_NC	H3_RESCUE_FALSIFICATION	H3_DISTINCT_SIGNAL	ABF_H3_DOMINANT	H3_SUPPORTED_STABLE	STABLE_H3	MATCH		450	False	True	True	6.042764819063771e-15	6.042764819066831e-15	1	False	True	True	7.15884606968773e-15	7.15884606969195e-15	1	False	True	True	7.61514203787352e-15	7.61514203787834e-15	1	False	True	True	7.19093072034013e-15	7.190930720344371e-15	1
R7B1_005618	53	EIF3G	CD8_ET	H3_RESCUE_FALSIFICATION	H3_DISTINCT_SIGNAL	ABF_H3_DOMINANT	H3_SUPPORTED_STABLE	STABLE_H3	MATCH		450	False	True	True	5.75597342135221e-14	5.75597342135532e-14	1	False	True	True	5.82146754743732e-14	5.82146754744099e-14	1	False	True	True	5.85816858787468e-14	5.85816858787862e-14	1	False	True	True	7.26515353012381e-15	7.26515353012809e-15	1
R7B1_005619	53	EIF3G	CD8_NC	H3_RESCUE_FALSIFICATION	H3_DISTINCT_SIGNAL	ABF_H3_DOMINANT	H3_SUPPORTED_STABLE	STABLE_H3	MATCH		450	False	True	True	2.12534512401562e-06	2.12559082065045e-06	1	False	True	True	2.12534512506694e-06	2.12559082170209e-06	1	False	True	True	2.12534512546919e-06	2.12559082210447e-06	1	False	True	True	1.22045433498949e-09	1.2204544352598e-09	1
R7B1_005624	53	EIF3G	NK	H3_RESCUE_FALSIFICATION	H3_DISTINCT_SIGNAL	ABF_H3_DOMINANT	H3_SUPPORTED_STABLE	STABLE_H3	MATCH		450	False	True	True	0.0015141902531285	0.0016269957616607	2	False	True	True	0.001514190253186	0.0016269957617227	2	False	True	True	0.0015141902532235	0.001626995761763	2	False	True	True	6.22069114615713e-06	6.22278963714026e-06	2
R7B1_005625	53	EIF3G	NK_R	H3_RESCUE_FALSIFICATION	H3_DISTINCT_SIGNAL	ABF_H3_DOMINANT	H3_SUPPORTED_STABLE	STABLE_H3	MATCH		450	False	True	True	1.0639590460449e-13	1.06395904604578e-13	1	False	True	True	1.1056764119508999e-13	1.1056764119519399e-13	1	False	True	True	1.12432118824982e-13	1.12432118825094e-13	1	False	True	True	1.13600197087509e-12	1.13600197088127e-12	1
R7B1_005636	53	ICAM3	Mono_C	H3_RESCUE_FALSIFICATION	H3_DISTINCT_SIGNAL	ABF_H3_DOMINANT	H3_SUPPORTED_STABLE	STABLE_H3	MATCH		450	False	True	True	0.0048171551027396	0.0050031500610828	1	False	True	True	0.0048171551016938	0.0050031500599972	1	False	True	True	0.0048171551008225	0.0050031500590926	1	False	True	True	0.0009511493350508	0.0009557760363153	1
R7B1_005637	53	ICAM3	Mono_NC	H3_RESCUE_FALSIFICATION	H3_DISTINCT_SIGNAL	ABF_H3_DOMINANT	H3_SUPPORTED_STABLE	STABLE_H3	MATCH		450	False	True	True	0.0038669366884695	0.0047188433720277	2	False	True	True	0.0038669366988204	0.0047188433846486	2	False	True	True	0.0038669367067363	0.0047188433943004	2	False	True	True	0.0047646230405443	0.005963050871893	2
R7B1_005648	53	ICAM4	Mono_C	H3_RESCUE_FALSIFICATION	H3_DISTINCT_SIGNAL	ABF_H3_DOMINANT	H3_SUPPORTED_STABLE	STABLE_H3	MATCH		450	False	True	True	7.12470795777721e-14	7.124707957780751e-14	1	False	True	True	7.583610004721521e-14	7.583610004725999e-14	1	False	True	True	7.463016926528521e-14	7.46301692653326e-14	1	False	True	True	7.06861638562828e-14	7.068616385632451e-14	1
R7B1_005649	53	ICAM4	Mono_NC	H3_RESCUE_FALSIFICATION	H3_DISTINCT_SIGNAL	ABF_H3_DOMINANT	H3_SUPPORTED_STABLE	STABLE_H3	MATCH		450	False	True	True	9.37331078331693e-07	9.37332294390497e-07	1	False	True	True	9.37331085336547e-07	9.37332301395446e-07	1	False	True	True	9.373310786102e-07	9.37332294669131e-07	1	False	True	True	2.03204490647652e-05	2.03215516310733e-05	1
R7B1_005655	53	ILF3-AS1	CD4_NC	H3_RESCUE_FALSIFICATION	H3_DISTINCT_SIGNAL	ABF_H3_DOMINANT	H3_SUPPORTED_STABLE	STABLE_H3	MATCH		450	False	True	True	1.48836765451942e-11	1.4883676549695897e-11	1	False	True	True	1.48847151928384e-11	1.48847151973418e-11	1	False	True	True	1.48851486462705e-11	1.48851486507746e-11	1	False	True	True	3.3646835386417e-14	3.36468353864553e-14	1
R7B1_005669	53	KRI1	CD4_NC	H3_RESCUE_FALSIFICATION	H3_DISTINCT_SIGNAL	ABF_H3_DOMINANT	UNINFORMATIVE	H3_TO_UNINFORMATIVE	NOT_COMPARABLE		450	False	False	False	0.0070457939062215	0.0102007475218821	1	False	False	False	0.0070827142809756	0.0102765360204439	1	False	False	False	0.0070980769942273	0.0103081441205897	1	False	True	True	0.0014937977161689	0.0016110371864376	1
R7B1_005705	53	P2RY11	NK	H3_RESCUE_FALSIFICATION	H3_DISTINCT_SIGNAL	ABF_H3_DOMINANT	H3_SUPPORTED_STABLE	STABLE_H3	MATCH		450	False	True	True	6.93557139301046e-05	6.96181481670751e-05	1	False	True	True	6.93044120856638e-05	6.95664271004415e-05	1	False	True	True	6.93044120861115e-05	6.95664271008937e-05	1	False	True	True	3.49130377364511e-06	3.49203995865142e-06	1
R7B1_005752	53	SLC44A2	CD8_ET	H3_RESCUE_FALSIFICATION	H3_DISTINCT_SIGNAL	ABF_H3_DOMINANT	H3_SUPPORTED_STABLE	STABLE_H3	MATCH		450	False	True	True	1.00468799903076e-07	1.00469168649387e-07	1	False	True	True	1.00468799905561e-07	1.00469168651882e-07	1	False	True	True	1.00468794493782e-07	1.00469163240087e-07	1	False	True	True	3.1941186547025e-11	3.1941186603997694e-11	1
R7B1_005758	53	SLC44A2	NK	H3_RESCUE_FALSIFICATION	H3_DISTINCT_SIGNAL	ABF_H3_DOMINANT	H3_SUPPORTED_STABLE	STABLE_H3	MATCH		450	False	True	True	6.89281697375492e-06	6.8955443609752e-06	1	False	True	True	6.89281697506494e-06	6.89554436228642e-06	1	False	True	True	6.89281697567695e-06	6.89554436289891e-06	1	False	True	True	3.91256015951193e-06	3.91344791469478e-06	1
R7B1_005847	53	ZNF846	B_IN	H3_RESCUE_FALSIFICATION	H3_DISTINCT_SIGNAL	ABF_H3_DOMINANT	H3_SUPPORTED_STABLE	STABLE_H3	MATCH		410	False	True	True	0.0003356182939487	0.000336514930837	1	False	True	True	0.000335618293929	0.0003365149308172	1	False	True	True	0.0003356182939134	0.0003365149308016	1	False	True	True	1.85151304861253e-06	1.85154100899186e-06	1
R7B1_005852	53	ZNF846	CD8_ET	H3_RESCUE_FALSIFICATION	H3_DISTINCT_SIGNAL	ABF_H3_DOMINANT	H3_SUPPORTED_STABLE	STABLE_H3	MATCH		410	False	True	True	0.0001041805152093	0.0001047540232639	1	False	True	True	0.0001041805152083	0.000104754023263	1	False	True	True	0.0001041805152073	0.000104754023262	1	False	True	True	0.0004968022823986	0.0005101352559968	1
R7B1_005874	54	AC005253.2	B_IN	H3_RESCUE_FALSIFICATION	H3_DISTINCT_SIGNAL	ABF_H3_DOMINANT	H3_SUPPORTED_STABLE	STABLE_H3	MATCH		419	False	True	True	0.0421493801660496	0.061541343984626	2	False	True	True	0.0446202427205089	0.0677957626448776	2	False	True	True	0.0463957160563444	0.072315985383241	2	False	True	True	0.044449818202561	0.0681862933720903	2
R7B1_005875	54	AC005253.2	B_MEM	H3_RESCUE_FALSIFICATION	H3_DISTINCT_SIGNAL	ABF_H3_DOMINANT	H3_SUPPORTED_STABLE	STABLE_H3	MATCH		419	False	True	True	0.0421097335934399	0.0617645834523963	2	False	True	True	0.0445544200855662	0.0680043731669409	2	False	True	True	0.0463121702598701	0.0725142303377403	2	False	True	True	0.0448532569290922	0.0672225646106157	2
R7B1_005876	54	AC005253.2	CD4_ET	H3_RESCUE_FALSIFICATION	H3_DISTINCT_SIGNAL	ABF_H3_DOMINANT	UNINFORMATIVE	H3_TO_UNINFORMATIVE	NOT_COMPARABLE		419	False	False	False	0.0388880011420829	0.0687973795170927	2	False	False	False	0.0408767258904194	0.0751992407195318	2	False	False	False	0.0423228231743258	0.0798317348800857	2	False	False	False	0.0322509546978211	0.0954455564736497	2
R7B1_005877	54	AC005253.2	CD4_NC	H3_RESCUE_FALSIFICATION	H3_DISTINCT_SIGNAL	ABF_H3_DOMINANT	H3_SUPPORTED_STABLE	STABLE_H3	MATCH		419	False	True	True	0.0452160148895195	0.0637122534277732	2	False	True	True	0.0478852984732907	0.0702103741429544	2	False	True	True	0.0498066656808649	0.0749119677912935	2	False	True	True	0.0472276966210221	0.0692684667313093	2
R7B1_005879	54	AC005253.2	CD8_ET	H3_RESCUE_FALSIFICATION	H3_DISTINCT_SIGNAL	ABF_H3_DOMINANT	H3_SUPPORTED_STABLE	STABLE_H3	MATCH		419	False	True	True	0.0443746077381575	0.062549181689819	2	False	True	True	0.0470066970393596	0.0689517847721313	2	False	True	True	0.0488991740982982	0.0735824359946423	2	False	True	True	0.0465046435922162	0.068232111278443	2
R7B1_005880	54	AC005253.2	CD8_NC	H3_RESCUE_FALSIFICATION	H3_DISTINCT_SIGNAL	ABF_H3_DOMINANT	H3_SUPPORTED_STABLE	STABLE_H3	MATCH		419	False	True	True	0.045266033772287	0.0637813784933154	2	False	True	True	0.0479379365047691	0.070285755012413	2	False	True	True	0.0498614807769024	0.0749922467612252	2	False	True	True	0.0478447233343931	0.0701522770152045	2
R7B1_005884	54	AC005253.2	NK	H3_RESCUE_FALSIFICATION	H3_DISTINCT_SIGNAL	ABF_H3_DOMINANT	H3_SUPPORTED_STABLE	STABLE_H3	MATCH		419	False	True	True	0.0476359979394313	0.0670527161959561	2	False	True	True	0.0504129797442643	0.0738252313015994	2	False	True	True	0.0524183682655985	0.0787311493438784	2	False	True	True	0.0500109628180456	0.0732509009748879	2
R7B1_005929	54	C19orf60	B_IN	H3_RESCUE_FALSIFICATION	H3_DISTINCT_SIGNAL	ABF_H3_DOMINANT	H3_SUPPORTED_STABLE	STABLE_H3	MATCH		416	False	True	True	0.0459097059799716	0.0668073612694503	2	False	True	True	0.0485426431488328	0.0734821055510569	2	False	True	True	0.0503588847902058	0.0780239767073447	2	False	True	True	0.0495793408629082	0.0730420418086535	2
R7B1_005930	54	C19orf60	B_MEM	H3_RESCUE_FALSIFICATION	H3_DISTINCT_SIGNAL	ABF_H3_DOMINANT	H3_SUPPORTED_STABLE	STABLE_H3	MATCH		416	False	True	True	0.0449673417311931	0.0714097212956889	2	False	True	True	0.0474033771247767	0.078273120234942	2	False	True	True	0.0490958057621566	0.0829487262808367	2	False	True	True	0.0529935197703001	0.0777521330551387	2
R7B1_005937	54	C19orf60	DC	H3_RESCUE_FALSIFICATION	H3_DISTINCT_SIGNAL	ABF_H3_DOMINANT	H3_SUPPORTED_STABLE	STABLE_H3	MATCH		416	False	True	True	0.0445157850595251	0.0712460094874399	2	False	True	True	0.046705640449687	0.0778302978490889	2	False	True	True	0.0482262881460224	0.0823014281860285	2	False	True	True	0.0459625337638215	0.0788589579676071	2
R7B1_005938	54	C19orf60	Mono_C	H3_RESCUE_FALSIFICATION	H3_DISTINCT_SIGNAL	ABF_H3_DOMINANT	H3_SUPPORTED_STABLE	STABLE_H3	PF50_UNINFORMATIVE		416	False	True	True	0.0412713828177464	0.0653053579758195	2	False	True	True	0.0435495714284596	0.0716803966530051	2	False	True	True	0.0451213334158763	0.0760116030169281	2	False	False	False	0.0368147785132933	0.0802431813477466	2
R7B1_006019	54	IFI30	Mono_NC	H3_RESCUE_FALSIFICATION	H3_DISTINCT_SIGNAL	ABF_H3_DOMINANT	H4_SUPPORTED_STABLE	H3_TO_H4	MATCH		435	True	True	True	0.985117845865117	0.989860715091188	2	True	True	True	0.984312484779668	0.989842877717356	2	True	True	True	0.983727984461062	0.989829494353992	2	True	True	True	0.984619770409001	0.990051011335839	2
R7B1_006024	54	IL12RB1	CD4_ET	BORDERLINE_HIGH_INFORMATION_CALIBRATION	NO_TRIGGER_OR_UNINFORMATIVE	ABF_H4_BORDERLINE	UNINFORMATIVE	BORDERLINE_UNINFORMATIVE	NOT_COMPARABLE		435	False	False	False			0	False	False	False			0	False	False	False			0	False	False	False			0
R7B1_006025	54	IL12RB1	CD4_NC	PRIMARY_184_TRIGGER_VERIFICATION	ROBUST_H4_TRIGGER	ABF_H4_DOMINANT	H3_SUPPORTED_STABLE	H4_TO_H3	MATCH		435	False	True	True	0.110178327960308	0.110358004662537	2	False	True	True	0.123371142550595	0.12357148130746	2	False	True	True	0.133217594911494	0.133433430533721	2	False	True	True	0.116880046567457	0.11690396340277	2
R7B1_006027	54	IL12RB1	CD8_ET	PRIMARY_184_TRIGGER_VERIFICATION	ROBUST_H4_TRIGGER	ABF_H4_DOMINANT	MODEL_SENSITIVE	H4_TO_MODEL_SENSITIVE	NOT_COMPARABLE		435	False	False	True	0.26355365127943	0.317782094233127	2	False	False	True	0.270265069096036	0.325269679115085	2	False	False	True	0.275301668828794	0.330870915151515	2	False	False	False	0.235375270807743	0.398626059372875	2
R7B1_006029	54	IL12RB1	CD8_S100B	PRIMARY_184_TRIGGER_VERIFICATION	ROBUST_H4_TRIGGER	ABF_H4_DOMINANT	UNINFORMATIVE	H4_TO_UNINFORMATIVE	NOT_COMPARABLE		435	False	False	False			0	False	False	False			0	False	False	False			0	False	False	False			0
R7B1_006033	54	IL12RB1	NK	PRIMARY_184_TRIGGER_VERIFICATION	ROBUST_H4_TRIGGER	ABF_H4_DOMINANT	H3_SUPPORTED_STABLE	H4_TO_H3	MATCH		435	False	True	True	0.109873390891576	0.109882542828218	2	False	True	True	0.117980432926383	0.117992296160033	2	False	True	True	0.124139848275847	0.124154072047681	2	False	True	True	0.0091428095230802	0.0136879041952684	2
R7B1_006041	54	ISYNA1	CD8_ET	H3_RESCUE_FALSIFICATION	H3_DISTINCT_SIGNAL	ABF_H3_DOMINANT	H3_SUPPORTED_STABLE	STABLE_H3	MATCH		435	False	True	True	0.0091434446883916	0.0135107908139047	2	False	True	True	0.0100398592152845	0.0155569304319846	2	False	True	True	0.0106278477808179	0.0170190955335876	2	False	True	True	0.010314479646411	0.0168434303251287	2
R7B1_006053	54	KCNN1	CD4_NC	H3_RESCUE_FALSIFICATION	H3_DISTINCT_SIGNAL	ABF_H3_DOMINANT	H3_SUPPORTED_STABLE	STABLE_H3	MATCH		435	False	True	True	0.01094436073141	0.0173455614588927	4	False	True	True	0.0113536977160363	0.0188801112978855	4	False	True	True	0.0116675482032071	0.0200548910432736	4	False	True	True	0.0083303490752961	0.0127146582614542	4
R7B1_006058	54	KCNN1	NK	H3_RESCUE_FALSIFICATION	H3_DISTINCT_SIGNAL	ABF_H3_DOMINANT	UNINFORMATIVE	H3_TO_UNINFORMATIVE	NOT_COMPARABLE		435	False	False	False			0	False	False	False			0	False	False	False			0	False	False	False			0
R7B1_006076	54	LSM4	CD4_NC	H3_RESCUE_FALSIFICATION	H3_DISTINCT_SIGNAL	ABF_H3_DOMINANT	UNINFORMATIVE	H3_TO_UNINFORMATIVE	NOT_COMPARABLE		435	False	False	False			0	False	False	False			0	False	False	False			0	False	False	False			0
R7B1_006100	54	MAST3	B_IN	PRIMARY_184_TRIGGER_VERIFICATION	H3_H4_AMBIGUITY_TRIGGER	ABF_AMBIGUOUS	UNINFORMATIVE	AMBIGUITY_TO_UNINFORMATIVE	NOT_COMPARABLE		435	False	False	False			0	False	False	False			0	False	False	False			0	False	True	True	0.0269177473499869	0.0305849386410629	2
R7B1_006103	54	MAST3	CD4_NC	H3_RESCUE_FALSIFICATION	H3_DISTINCT_SIGNAL	ABF_H3_DOMINANT	H3_SUPPORTED_STABLE	STABLE_H3	MATCH		435	False	True	True	0.0088406838734771	0.012616740574873	2	False	True	True	0.0097821158757748	0.0146402953247599	2	False	True	True	0.0104176148075936	0.0161137483864641	2	False	True	True	0.0097844603162536	0.0146437869042224	2
R7B1_006105	54	MAST3	CD8_ET	H3_RESCUE_FALSIFICATION	H3_DISTINCT_SIGNAL	ABF_H3_DOMINANT	H3_SUPPORTED_STABLE	STABLE_H3	MATCH		435	False	True	True	0.008837632582535	0.0126124025756467	2	False	True	True	0.0097785260038278	0.0146349489060532	2	False	True	True	0.0104136292276816	0.0161076190108538	2	False	True	True	0.0097328789129401	0.0145669647314196	2
R7B1_006106	54	MAST3	CD8_NC	H3_RESCUE_FALSIFICATION	H3_DISTINCT_SIGNAL	ABF_H3_DOMINANT	H3_SUPPORTED_STABLE	STABLE_H3	MATCH		435	False	True	True	0.0112626276625842	0.0128243750250292	2	False	True	True	0.0109874311875952	0.0148388398320262	2	False	True	True	0.0108521771452268	0.0163048748640849	2	False	True	True	0.0097026243489026	0.0145263004708846	2
R7B1_006110	54	MAST3	Mono_NC	PRIMARY_184_TRIGGER_VERIFICATION	ROBUST_H4_TRIGGER	ABF_H4_DOMINANT	UNINFORMATIVE	H4_TO_UNINFORMATIVE	NOT_COMPARABLE		435	False	False	False			0	False	False	False			0	False	False	False			0	False	False	False			0
R7B1_006111	54	MAST3	NK	H3_RESCUE_FALSIFICATION	H3_DISTINCT_SIGNAL	ABF_H3_DOMINANT	H3_SUPPORTED_STABLE	STABLE_H3	MATCH		435	False	True	True	0.0089163679559528	0.0127243364644072	2	False	True	True	0.0098613058522068	0.0147582285597445	2	False	True	True	0.0104988109056395	0.0162386130222091	2	False	True	True	0.0098879160233446	0.0147978555095037	2
R7B1_006128	54	MPV17L2	B_IN	BORDERLINE_HIGH_INFORMATION_CALIBRATION	NO_TRIGGER_OR_UNINFORMATIVE	ABF_H4_BORDERLINE	UNINFORMATIVE	BORDERLINE_UNINFORMATIVE	NOT_COMPARABLE		435	False	False	False			0	False	False	False			0	False	False	False			0	False	False	False			0
R7B1_006129	54	MPV17L2	B_MEM	PRIMARY_184_TRIGGER_VERIFICATION	ROBUST_H4_TRIGGER	ABF_H4_DOMINANT	UNINFORMATIVE	H4_TO_UNINFORMATIVE	NOT_COMPARABLE		435	False	False	False			0	False	False	False			0	False	False	False			0	True	False	True	0.911140617698105	0.946694384743773	2
R7B1_006131	54	MPV17L2	CD4_NC	PRIMARY_184_TRIGGER_VERIFICATION	ROBUST_H4_TRIGGER	ABF_H4_DOMINANT	H4_SUPPORTED_STABLE	STABLE_H4	MATCH		435	True	False	True	0.956782493363891	0.956940112623252	2	True	False	True	0.956507258172463	0.95667924807287	2	True	False	True	0.956372952468669	0.956546169952854	2	True	False	True	0.965065243327481	0.965476893065865	2
R7B1_006237	54	PGPEP1	CD4_NC	H3_RESCUE_FALSIFICATION	H3_DISTINCT_SIGNAL	ABF_H3_DOMINANT	H3_SUPPORTED_STABLE	STABLE_H3	MATCH		435	False	True	True	0.0094397030148138	0.0134697202500341	2	False	True	True	0.0105768071166623	0.0158252114378231	2	False	True	True	0.0113419392863965	0.0175365751645454	2	False	True	True	0.010575354945533	0.0158223898024509	2
R7B1_006274	54	SSBP4	B_IN	H3_RESCUE_FALSIFICATION	H3_DISTINCT_SIGNAL	ABF_H3_DOMINANT	H3_SUPPORTED_STABLE	STABLE_H3	MATCH		435	False	True	True	0.0089467692404279	0.0128631623170463	2	False	True	True	0.0098919078137956	0.0149144258577122	2	False	True	True	0.0105119645188435	0.0163801584453212	2	False	True	True	0.010100185753866	0.0158308898778072	2
R7B1_006277	54	SSBP4	CD4_NC	H3_RESCUE_FALSIFICATION	H3_DISTINCT_SIGNAL	ABF_H3_DOMINANT	H3_SUPPORTED_STABLE	STABLE_H3	MATCH		435	False	True	True	0.0086420060835202	0.0123342579453587	2	False	True	True	0.0095788789137064	0.0143375829674511	2	False	True	True	0.0101949645026681	0.0157712958158673	2	False	True	True	0.0095220179492278	0.0142528800677756	2
R7B1_006280	54	SSBP4	CD8_NC	H3_RESCUE_FALSIFICATION	H3_DISTINCT_SIGNAL	ABF_H3_DOMINANT	H3_SUPPORTED_STABLE	STABLE_H3	MATCH		435	False	True	True	0.0090633815932305	0.013264754630329	2	False	True	True	0.0099593492149443	0.0152853894852587	2	False	True	True	0.010547768836731	0.0167304987331401	2	False	True	True	0.0097945271269742	0.0147981876331582	2
R7B1_006288	54	UBA52	B_IN	H3_RESCUE_FALSIFICATION	H3_DISTINCT_SIGNAL	ABF_H3_DOMINANT	H3_SUPPORTED_STABLE	STABLE_H3	MATCH		416	False	True	True	0.0442353907390446	0.0624121124444708	2	False	True	True	0.046853146644979	0.0687892420913786	2	False	True	True	0.0486481248436512	0.0731206204689616	2	False	True	True	0.0458175878226959	0.0673020183615097	2
R7B1_006291	54	UBA52	CD4_NC	H3_RESCUE_FALSIFICATION	H3_DISTINCT_SIGNAL	ABF_H3_DOMINANT	H3_SUPPORTED_STABLE	STABLE_H3	MATCH		416	False	True	True	0.0470014142178894	0.0662373183270728	2	False	True	True	0.0497410411461272	0.0729272646316926	2	False	True	True	0.0516283379051987	0.0774795238950919	2	False	True	True	0.0572089723317002	0.0835673166653385	2
R7B1_006293	54	UBA52	CD8_ET	H3_RESCUE_FALSIFICATION	H3_DISTINCT_SIGNAL	ABF_H3_DOMINANT	H3_SUPPORTED_STABLE	STABLE_H3	MATCH		416	False	True	True	0.0463860921395664	0.0653849162220484	2	False	True	True	0.0490984240346426	0.0720050267409955	2	False	True	True	0.0509649544568968	0.0765078379897567	2	False	True	True	0.0505768328172574	0.0741194725225412	2
R7B1_006294	54	UBA52	CD8_NC	H3_RESCUE_FALSIFICATION	H3_DISTINCT_SIGNAL	ABF_H3_DOMINANT	H3_SUPPORTED_STABLE	STABLE_H3	MATCH		416	False	True	True	0.0467146000466166	0.0658458592783465	2	False	True	True	0.0494414210637871	0.0725036928343432	2	False	True	True	0.0513190132893799	0.0770332406815889	2	False	True	True	0.050721544712079	0.074326277986397	2
R7B1_006295	54	UBA52	CD8_S100B	H3_RESCUE_FALSIFICATION	H3_DISTINCT_SIGNAL	ABF_H3_DOMINANT	H3_SUPPORTED_STABLE	STABLE_H3	MATCH		416	False	True	True	0.0455599237486455	0.0648888034033576	2	False	True	True	0.0482158303717878	0.0714504218695701	2	False	True	True	0.0500425750062687	0.0759120275315175	2	False	True	True	0.0470388930822721	0.0710662511273043	2
R7B1_006297	54	UBA52	Mono_C	H3_RESCUE_FALSIFICATION	H3_DISTINCT_SIGNAL	ABF_H3_DOMINANT	H3_SUPPORTED_STABLE	STABLE_H3	MATCH		416	False	True	True	0.0455817543860122	0.0647231978430057	2	False	True	True	0.0482314151200878	0.0712625236154468	2	False	True	True	0.0500543214308017	0.0757085295724549	2	False	True	True	0.0492044811030478	0.0721646794554429	2
R7B1_006299	54	UBA52	NK	H3_RESCUE_FALSIFICATION	H3_DISTINCT_SIGNAL	ABF_H3_DOMINANT	H3_SUPPORTED_STABLE	STABLE_H3	MATCH		416	False	True	True	0.0446749420312821	0.0630192270335081	2	False	True	True	0.0473089678613268	0.0694416695353454	2	False	True	True	0.0491163262830083	0.0738047472994505	2	False	True	True	0.0474572059020309	0.0696541363409143	2
R7B1_006335	55	AP2A1	NK	H3_RESCUE_FALSIFICATION	H3_DISTINCT_SIGNAL	ABF_H3_DOMINANT	H3_SUPPORTED_STABLE	STABLE_H3	MATCH		277	False	True	True	6.35060884006138e-05	6.36135188317275e-05	2	False	True	True	6.35060884006138e-05	6.36135188317275e-05	2	False	True	True	6.35060884006138e-05	6.36135188317275e-05	2	False	True	True	3.21936063815013e-05	3.22270018471464e-05	2
R7B1_006341	55	ATF5	CD4_NC	H3_RESCUE_FALSIFICATION	H3_DISTINCT_SIGNAL	ABF_H3_DOMINANT	H3_SUPPORTED_STABLE	STABLE_H3	MATCH		427	False	True	True	8.45689178977447e-07	8.45732500042382e-07	2	False	True	True	8.45689178977447e-07	8.45732500042382e-07	2	False	True	True	8.45689178977447e-07	8.45732500042382e-07	2	False	True	True	8.83631126931002e-07	8.83678226025299e-07	2
R7B1_006352	55	C19orf48	B_IN	H3_RESCUE_FALSIFICATION	H3_DISTINCT_SIGNAL	ABF_H3_DOMINANT	H3_SUPPORTED_STABLE	STABLE_H3	MATCH		473	False	True	True	7.13383889754353e-05	7.14186903057039e-05	2	False	True	True	7.20128935350581e-05	7.20958824555456e-05	2	False	True	True	7.2488009786752e-05	7.25727237296394e-05	2	False	True	True	7.03759607828835e-05	7.04109367934126e-05	2
R7B1_006354	55	C19orf48	CD4_ET	H3_RESCUE_FALSIFICATION	H3_DISTINCT_SIGNAL	ABF_H3_DOMINANT	H3_SUPPORTED_STABLE	STABLE_H3	MATCH		473	False	True	True	0.0002724446487372	0.0002741808779019	2	False	True	True	0.0003094461565607	0.0003117433400368	2	False	True	True	0.0003474891944207	0.0003504247494845	2	False	True	True	0.0005189737129575	0.0005247569980437	2
R7B1_006355	55	C19orf48	CD4_NC	H3_RESCUE_FALSIFICATION	H3_DISTINCT_SIGNAL	ABF_H3_DOMINANT	H3_SUPPORTED_STABLE	STABLE_H3	MATCH		473	False	True	True	1.6394677184836602e-09	1.63946784806393e-09	2	False	True	True	1.6394677184836602e-09	1.63946784806393e-09	2	False	True	True	1.6394677184836602e-09	1.63946784806393e-09	2	False	True	True	1.64078293262401e-09	1.6407830623082301e-09	2
R7B1_006358	55	C19orf48	CD8_NC	H3_RESCUE_FALSIFICATION	H3_DISTINCT_SIGNAL	ABF_H3_DOMINANT	H3_SUPPORTED_STABLE	STABLE_H3	MATCH		473	False	True	True	1.45519093288795e-06	1.45526195486793e-06	2	False	True	True	1.45519093288795e-06	1.45526195486793e-06	2	False	True	True	1.45519093288795e-06	1.45526195486793e-06	2	False	True	True	1.80693643308687e-05	1.80829718543995e-05	2
R7B1_006384	55	CLEC11A	CD4_NC	H3_RESCUE_FALSIFICATION	H3_DISTINCT_SIGNAL	ABF_H3_DOMINANT	H3_SUPPORTED_STABLE	STABLE_H3	MATCH		473	False	True	True	1.83759352749977e-05	1.83859008147727e-05	2	False	True	True	1.83759352749977e-05	1.83859008147727e-05	2	False	True	True	1.83759352749977e-05	1.83859008147727e-05	2	False	True	True	1.24363135626804e-08	1.2436317615641e-08	2
R7B1_006471	55	KLK1	B_IN	H3_RESCUE_FALSIFICATION	H3_DISTINCT_SIGNAL	ABF_H3_DOMINANT	H3_SUPPORTED_STABLE	STABLE_H3	MATCH		473	False	True	True	0.0007830057307438	0.0007862227448482	2	False	True	True	0.0007830057307438	0.0007862227448482	2	False	True	True	0.0007830057307438	0.0007862227448482	2	False	True	True	0.000442064971607	0.0004448153184884	2
R7B1_006472	55	KLK1	B_MEM	H3_RESCUE_FALSIFICATION	H3_DISTINCT_SIGNAL	ABF_H3_DOMINANT	H3_SUPPORTED_STABLE	STABLE_H3	MATCH		473	False	True	True	0.0005702693815387	0.0005722220432708	2	False	True	True	0.0005702693815387	0.0005722220432708	2	False	True	True	0.0005702693815387	0.0005722220432708	2	False	True	True	7.21301502987264e-06	7.21400273923398e-06	2
R7B1_006586	55	VRK3	B_IN	H3_RESCUE_FALSIFICATION	H3_DISTINCT_SIGNAL	ABF_H3_DOMINANT	H3_SUPPORTED_STABLE	STABLE_H3	MATCH		456	False	True	True	0.0020605898122954	0.0021193353084878	2	False	True	True	0.0020605898122954	0.0021193353084878	2	False	True	True	0.0020605898122954	0.0021193353084878	2	False	True	True	0.0010820293640653	0.0010944567544543	2
R7B1_006589	55	VRK3	CD4_NC	H3_RESCUE_FALSIFICATION	H3_DISTINCT_SIGNAL	ABF_H3_DOMINANT	H3_SUPPORTED_STABLE	STABLE_H3	MATCH		456	False	True	True	1.12388366673335e-09	1.12388375556288e-09	2	False	True	True	1.12388366673335e-09	1.12388375556288e-09	2	False	True	True	1.12388366673335e-09	1.12388375556288e-09	2	False	True	True	1.13040918608849e-09	1.1304092754338101e-09	2
R7B1_006592	55	VRK3	CD8_NC	H3_RESCUE_FALSIFICATION	H3_DISTINCT_SIGNAL	ABF_H3_DOMINANT	H3_SUPPORTED_STABLE	STABLE_H3	MATCH		456	False	True	True	0.0002992030070393	0.0003010206636879	2	False	True	True	0.0002992030070393	0.0003010206636879	2	False	True	True	0.0002992030070393	0.0003010206636879	2	False	True	True	0.0001110620447522	0.0001112963606401	2
R7B1_006652	56	APOBEC3C	CD4_NC	H3_RESCUE_FALSIFICATION	H3_DISTINCT_SIGNAL	ABF_H3_DOMINANT	H3_SUPPORTED_STABLE	STABLE_H3	MATCH		536	False	True	True	0.0004849817058492	0.0004909572664001	3	False	True	True	0.0004852176004513	0.0004911960666125	3	False	True	True	0.0004853845927002	0.0004913651158555	3	False	True	True	0.0014988508950218	0.0015665417815517	3
R7B1_006666	56	APOBEC3G	CD4_NC	H3_RESCUE_FALSIFICATION	H3_DISTINCT_SIGNAL	ABF_H3_DOMINANT	H3_SUPPORTED_STABLE	STABLE_H3	MATCH		536	False	True	True	4.61323854507935e-05	4.61521263181983e-05	6	False	True	True	3.54749783365589e-05	3.5487622723448e-05	6	False	True	True	3.10955729959798e-05	3.11056966769868e-05	6	False	True	True	3.3014309701365e-05	3.30260770582709e-05	6
R7B1_006668	56	APOBEC3G	CD8_ET	H3_RESCUE_FALSIFICATION	H3_DISTINCT_SIGNAL	ABF_H3_DOMINANT	H3_SUPPORTED_STABLE	STABLE_H3	MATCH		536	False	True	True	7.01164174818484e-05	7.01464208234812e-05	3	False	True	True	5.35004217254423e-05	5.35194905981188e-05	3	False	True	True	4.67148145077706e-05	4.67300230552652e-05	3	False	True	True	5.58034790815984e-05	5.58233687750464e-05	3
R7B1_006669	56	APOBEC3G	CD8_NC	H3_RESCUE_FALSIFICATION	H3_DISTINCT_SIGNAL	ABF_H3_DOMINANT	H3_SUPPORTED_STABLE	STABLE_H3	MATCH		536	False	True	True	0.0001619595633544	0.0001630453788286	3	False	True	True	0.0001520007054938	0.0001530088310202	3	False	True	True	0.0001479214859243	0.0001488979667082	3	False	True	True	0.0002543199560661	0.0002570041610935	3
R7B1_006674	56	APOBEC3G	NK	H3_RESCUE_FALSIFICATION	H3_DISTINCT_SIGNAL	ABF_H3_DOMINANT	H3_SUPPORTED_STABLE	STABLE_H3	MATCH		536	False	True	True	6.68687470724955e-05	6.68973608044327e-05	3	False	True	True	5.10653817465858e-05	5.10835827551069e-05	3	False	True	True	4.46096694747878e-05	4.46241926985412e-05	3	False	True	True	5.47074017297111e-05	5.47269007763583e-05	3
R7B1_006681	56	APOBEC3H	CD8_ET	H3_RESCUE_FALSIFICATION	H3_DISTINCT_SIGNAL	ABF_H3_DOMINANT	H3_SUPPORTED_STABLE	STABLE_H3	MATCH		536	False	True	True	6.37263755640004e-05	6.37560840709336e-05	3	False	True	True	4.93392762694889e-05	4.93587505966166e-05	3	False	True	True	4.34632463186726e-05	4.34790598897486e-05	3	False	True	True	0.0049488949973414	0.0051966334880119	6
R7B1_006686	56	APOBEC3H	NK	H3_RESCUE_FALSIFICATION	H3_DISTINCT_SIGNAL	ABF_H3_DOMINANT	H3_SUPPORTED_STABLE	STABLE_H3	MATCH		536	False	True	True	0.0001917665839036	0.0001923570336946	3	False	True	True	0.0001848461672609	0.0001854039681893	3	False	True	True	0.0001826247324715	0.0001831720168693	3	False	True	True	3.06006937610044e-05	3.06150799299735e-05	3
R7B1_006691	56	ATF4	CD4_ET	H3_RESCUE_FALSIFICATION	H3_DISTINCT_SIGNAL	ABF_H3_DOMINANT	H3_SUPPORTED_STABLE	STABLE_H3	MATCH		536	False	True	True	0.0056598799537113	0.0066936172472562	3	False	True	True	0.005466165633692	0.0064642931572928	3	False	True	True	0.0053697946762073	0.0063502423093252	3	False	True	True	0.000790331706736	0.0008027957123517	3
R7B1_006692	56	ATF4	CD4_NC	H3_RESCUE_FALSIFICATION	H3_DISTINCT_SIGNAL	ABF_H3_DOMINANT	H3_SUPPORTED_STABLE	STABLE_H3	MATCH		536	False	True	True	1.57147681489658e-05	1.57214929820994e-05	3	False	True	True	1.16451836339138e-05	1.1649334438954e-05	3	False	True	True	1.03169067745833e-05	1.03202656850565e-05	3	False	True	True	1.14181083547094e-05	1.1422178221946e-05	3
R7B1_006694	56	ATF4	CD8_ET	H3_RESCUE_FALSIFICATION	H3_DISTINCT_SIGNAL	ABF_H3_DOMINANT	H3_SUPPORTED_STABLE	STABLE_H3	MATCH		536	False	True	True	0.0004451326134537	0.0004480138377478	3	False	True	True	0.0004451646145171	0.0004480460463368	3	False	True	True	0.0004451809359008	0.0004480624737355	3	False	True	True	4.1604017366029e-05	4.16330147264901e-05	3
R7B1_006695	56	ATF4	CD8_NC	H3_RESCUE_FALSIFICATION	H3_DISTINCT_SIGNAL	ABF_H3_DOMINANT	H3_SUPPORTED_STABLE	STABLE_H3	MATCH		536	False	True	True	0.002194267651072	0.0022687874440856	3	False	True	True	0.0021959142052069	0.0022704897923815	3	False	True	True	0.0021969746029022	0.0022715861225268	3	False	True	True	0.003986723750006	0.0043072761458422	3
R7B1_006792	56	MGAT3	B_IN	H3_RESCUE_FALSIFICATION	H3_DISTINCT_SIGNAL	ABF_H3_DOMINANT	H3_SUPPORTED_STABLE	STABLE_H3	MATCH		536	False	True	True	0.0064805751079404	0.0066784698583333	3	False	True	True	0.0065618300627119	0.0067567058001774	3	False	True	True	0.0066027186979996	0.0067960774781108	3	False	True	True	0.002218050723917	0.0022317197417048	3
R7B1_006841	56	RPL3	B_IN	PRIMARY_184_TRIGGER_VERIFICATION	ROBUST_H4_TRIGGER	ABF_H4_DOMINANT	H4_SUPPORTED_STABLE	STABLE_H4	MATCH		536	True	True	True	0.996806102929207	0.996817597071655	3	True	True	True	0.996806445790874	0.996817938997823	3	True	True	True	0.996806505800644	0.996817998843844	3	True	True	True	0.996920279101847	0.996924539789972	3
R7B1_006842	56	RPL3	B_MEM	PRIMARY_184_TRIGGER_VERIFICATION	ROBUST_H4_TRIGGER	ABF_H4_DOMINANT	H4_SUPPORTED_STABLE	STABLE_H4	MATCH		536	True	True	True	0.996504717990133	0.997027105674096	3	True	True	True	0.996504477304841	0.99702689284061	3	True	True	True	0.996504372385412	0.997026800062335	3	True	True	True	0.996939176641465	0.997081935931386	3
R7B1_006843	56	RPL3	CD4_ET	PRIMARY_184_TRIGGER_VERIFICATION	ROBUST_H4_TRIGGER	ABF_H4_DOMINANT	H4_SUPPORTED_STABLE	STABLE_H4	MATCH		536	True	True	True	0.979663644426158	0.980050734513712	6	True	True	True	0.979988448598001	0.980336628193198	6	True	True	True	0.980139977618329	0.980485078862959	6	True	True	True	0.97791656420426	0.977917856839603	6
R7B1_006844	56	RPL3	CD4_NC	PRIMARY_184_TRIGGER_VERIFICATION	ROBUST_H4_TRIGGER	ABF_H4_DOMINANT	H4_SUPPORTED_STABLE	STABLE_H4	MATCH		536	True	True	True	0.997056720073287	0.99705693247728	3	True	True	True	0.997057547805657	0.997057756985094	3	True	True	True	0.997058027675124	0.997058218620545	3	True	True	True	0.996760995012315	0.997054974092924	9
R7B1_006846	56	RPL3	CD8_ET	PRIMARY_184_TRIGGER_VERIFICATION	ROBUST_H4_TRIGGER	ABF_H4_DOMINANT	H4_SUPPORTED_STABLE	STABLE_H4	MATCH		536	True	True	True	0.996975337781568	0.996975941471124	6	True	True	True	0.99697542975574	0.996976033424479	6	True	True	True	0.99697546312179	0.996976066785511	6	True	True	True	0.997160830936248	0.997160830937364	9
R7B1_006847	56	RPL3	CD8_NC	PRIMARY_184_TRIGGER_VERIFICATION	ROBUST_H4_TRIGGER	ABF_H4_DOMINANT	H4_SUPPORTED_STABLE	STABLE_H4	MATCH		536	True	True	True	0.997093221370758	0.99709421471751	3	True	True	True	0.997093292705899	0.997094342331959	3	True	True	True	0.997093388274233	0.997094467316595	3	True	True	True	0.997022579479647	0.997066340385817	6
R7B1_006848	56	RPL3	CD8_S100B	PRIMARY_184_TRIGGER_VERIFICATION	ROBUST_H4_TRIGGER	ABF_H4_DOMINANT	H4_SUPPORTED_STABLE	STABLE_H4	MATCH		536	True	True	True	0.997187039672261	0.997189427724231	3	True	True	True	0.997185900758424	0.997188359115729	3	True	True	True	0.997185249932035	0.997187762144542	3	True	True	True	0.99720269493379	0.997208549844381	3
R7B1_006852	56	RPL3	NK	H3_RESCUE_FALSIFICATION	H3_DISTINCT_SIGNAL	ABF_H3_DOMINANT	H4_SUPPORTED_STABLE	H3_TO_H4	MATCH		536	True	True	True	0.979009755161762	0.979322210556758	6	True	True	True	0.979013137886756	0.979325546306448	6	True	True	True	0.979015497499082	0.979327873154871	6	True	True	True	0.972236149079417	0.972285700233243	9
R7B1_006897	56	SYNGR1	B_IN	PRIMARY_184_TRIGGER_VERIFICATION	H3_H4_AMBIGUITY_TRIGGER	ABF_AMBIGUOUS	H3_SUPPORTED_STABLE	AMBIGUITY_TO_H3	MATCH		536	False	True	True	0.196196158594298	0.196244420927479	3	False	True	True	0.196023957160365	0.19607217964318	3	False	True	True	0.195998697763452	0.196046914749755	3	False	True	True	0.0344305707408636	0.0344311746142649	3
R7B1_006898	56	SYNGR1	B_MEM	H3_RESCUE_FALSIFICATION	H3_DISTINCT_SIGNAL	ABF_H3_DOMINANT	H3_SUPPORTED_STABLE	STABLE_H3	MATCH		536	False	True	True	5.22620105718892e-05	5.22843742777832e-05	3	False	True	True	4.0853857044551e-05	4.08684185530204e-05	3	False	True	True	3.52926550284867e-05	3.53041450911664e-05	3	False	True	True	4.09088058628537e-05	4.09233869558868e-05	3
R7B1_006901	56	SYNGR1	CD8_ET	H3_RESCUE_FALSIFICATION	H3_DISTINCT_SIGNAL	ABF_H3_DOMINANT	H3_SUPPORTED_STABLE	STABLE_H3	MATCH		536	False	True	True	5.27849038927007e-05	5.2807491340762e-05	6	False	True	True	4.12607401838439e-05	4.12754467113739e-05	6	False	True	True	3.56416732324226e-05	3.56532769192598e-05	6	False	True	True	0.146927295012611	0.309720847572135	9
R7B1_006902	56	SYNGR1	CD8_NC	H3_RESCUE_FALSIFICATION	H3_DISTINCT_SIGNAL	ABF_H3_DOMINANT	H3_SUPPORTED_STABLE	STABLE_H3	MATCH		536	False	True	True	5.23136684292835e-05	5.2336054239202e-05	6	False	True	True	4.08876684429036e-05	4.09022420022512e-05	6	False	True	True	3.53193372646991e-05	3.53308360138819e-05	6	False	True	True	4.13052254666347e-05	4.13199478493582e-05	6
R7B1_006903	56	SYNGR1	CD8_S100B	H3_RESCUE_FALSIFICATION	H3_DISTINCT_SIGNAL	ABF_H3_DOMINANT	H3_SUPPORTED_STABLE	STABLE_H3	MATCH		536	False	True	True	5.55171880600904e-05	5.55409446284436e-05	6	False	True	True	4.33393880128484e-05	4.33548353988146e-05	6	False	True	True	3.73976145597778e-05	3.74097898985584e-05	6	False	True	True	4.20652200253171e-05	4.20802132808198e-05	6
R7B1_006904	56	SYNGR1	DC	PRIMARY_184_TRIGGER_VERIFICATION	H3_H4_AMBIGUITY_TRIGGER	ABF_AMBIGUOUS	H3_SUPPORTED_STABLE	AMBIGUITY_TO_H3	MATCH		536	False	True	True	0.006518162711022	0.0065210418484308	3	False	True	True	0.0065179603021371	0.0065208393507261	3	False	True	True	0.0065179011221177	0.0065207801447376	3	False	True	True	0.0032107331315603	0.0032127569948408	3
R7B1_006907	56	SYNGR1	NK	H3_RESCUE_FALSIFICATION	H3_DISTINCT_SIGNAL	ABF_H3_DOMINANT	H4_SUPPORTED_STABLE	H3_TO_H4	MATCH		536	True	True	True	0.997024662813027	0.997122326441871	9	True	True	True	0.997024638797552	0.997122303013952	9	True	True	True	0.997024714167247	0.997122376539669	9	True	True	True	0.996931995744476	0.99693236657465	9
R7B1_006908	56	SYNGR1	NK_R	PRIMARY_184_TRIGGER_VERIFICATION	H3_H4_AMBIGUITY_TRIGGER	ABF_AMBIGUOUS	H3_SUPPORTED_STABLE	AMBIGUITY_TO_H3	MATCH		536	False	True	True	0.0019052661454242	0.0019052683230124	3	False	True	True	0.001962599142453	0.0019626014129502	3	False	True	True	0.0020102077230434	0.0020102100732564	3	False	True	True	0.0018548926177215	0.0018548988200163	3
