scenario	description	disease_causal_signals	qtl_causal_signals	replicates	seed	disease_N	qtl_N	maf	causal_r2	susie_L	p12	LD_template	primary_method	sensitivity
S1_one_shared	one shared causal	1	1	1000	20261002	24510	750	0.05	0.2	5	1e-06	GJOKA_locus2_or_locus4_or_OneK_sourceLD	coloc.susie matched source LD	mismatched LD only in S6; coloc.abf for screen
S1_one_shared	one shared causal	1	1	1000	20261019	24510	750	0.05	0.2	5	1e-05	GJOKA_locus2_or_locus4_or_OneK_sourceLD	coloc.susie matched source LD	mismatched LD only in S6; coloc.abf for screen
S1_one_shared	one shared causal	1	1	1000	20261036	24510	750	0.05	0.2	5	0.0001	GJOKA_locus2_or_locus4_or_OneK_sourceLD	coloc.susie matched source LD	mismatched LD only in S6; coloc.abf for screen
S1_one_shared	one shared causal	1	1	1000	20261053	24510	750	0.05	0.2	10	1e-06	GJOKA_locus2_or_locus4_or_OneK_sourceLD	coloc.susie matched source LD	mismatched LD only in S6; coloc.abf for screen
S1_one_shared	one shared causal	1	1	1000	20261070	24510	750	0.05	0.2	10	1e-05	GJOKA_locus2_or_locus4_or_OneK_sourceLD	coloc.susie matched source LD	mismatched LD only in S6; coloc.abf for screen
S1_one_shared	one shared causal	1	1	1000	20261087	24510	750	0.05	0.2	10	0.0001	GJOKA_locus2_or_locus4_or_OneK_sourceLD	coloc.susie matched source LD	mismatched LD only in S6; coloc.abf for screen
S1_one_shared	one shared causal	1	1	1000	20261104	24510	750	0.05	0.2	20	1e-06	GJOKA_locus2_or_locus4_or_OneK_sourceLD	coloc.susie matched source LD	mismatched LD only in S6; coloc.abf for screen
S1_one_shared	one shared causal	1	1	1000	20261121	24510	750	0.05	0.2	20	1e-05	GJOKA_locus2_or_locus4_or_OneK_sourceLD	coloc.susie matched source LD	mismatched LD only in S6; coloc.abf for screen
S1_one_shared	one shared causal	1	1	1000	20261138	24510	750	0.05	0.2	20	0.0001	GJOKA_locus2_or_locus4_or_OneK_sourceLD	coloc.susie matched source LD	mismatched LD only in S6; coloc.abf for screen
S1_one_shared	one shared causal	1	1	1000	20261155	24510	750	0.05	0.5	5	1e-06	GJOKA_locus2_or_locus4_or_OneK_sourceLD	coloc.susie matched source LD	mismatched LD only in S6; coloc.abf for screen
S1_one_shared	one shared causal	1	1	1000	20261172	24510	750	0.05	0.5	5	1e-05	GJOKA_locus2_or_locus4_or_OneK_sourceLD	coloc.susie matched source LD	mismatched LD only in S6; coloc.abf for screen
S1_one_shared	one shared causal	1	1	1000	20261189	24510	750	0.05	0.5	5	0.0001	GJOKA_locus2_or_locus4_or_OneK_sourceLD	coloc.susie matched source LD	mismatched LD only in S6; coloc.abf for screen
S1_one_shared	one shared causal	1	1	1000	20261206	24510	750	0.05	0.5	10	1e-06	GJOKA_locus2_or_locus4_or_OneK_sourceLD	coloc.susie matched source LD	mismatched LD only in S6; coloc.abf for screen
S1_one_shared	one shared causal	1	1	1000	20261223	24510	750	0.05	0.5	10	1e-05	GJOKA_locus2_or_locus4_or_OneK_sourceLD	coloc.susie matched source LD	mismatched LD only in S6; coloc.abf for screen
S1_one_shared	one shared causal	1	1	1000	20261240	24510	750	0.05	0.5	10	0.0001	GJOKA_locus2_or_locus4_or_OneK_sourceLD	coloc.susie matched source LD	mismatched LD only in S6; coloc.abf for screen
S1_one_shared	one shared causal	1	1	1000	20261257	24510	750	0.05	0.5	20	1e-06	GJOKA_locus2_or_locus4_or_OneK_sourceLD	coloc.susie matched source LD	mismatched LD only in S6; coloc.abf for screen
S1_one_shared	one shared causal	1	1	1000	20261274	24510	750	0.05	0.5	20	1e-05	GJOKA_locus2_or_locus4_or_OneK_sourceLD	coloc.susie matched source LD	mismatched LD only in S6; coloc.abf for screen
S1_one_shared	one shared causal	1	1	1000	20261291	24510	750	0.05	0.5	20	0.0001	GJOKA_locus2_or_locus4_or_OneK_sourceLD	coloc.susie matched source LD	mismatched LD only in S6; coloc.abf for screen
S1_one_shared	one shared causal	1	1	1000	20261308	24510	750	0.05	0.8	5	1e-06	GJOKA_locus2_or_locus4_or_OneK_sourceLD	coloc.susie matched source LD	mismatched LD only in S6; coloc.abf for screen
S1_one_shared	one shared causal	1	1	1000	20261325	24510	750	0.05	0.8	5	1e-05	GJOKA_locus2_or_locus4_or_OneK_sourceLD	coloc.susie matched source LD	mismatched LD only in S6; coloc.abf for screen
S1_one_shared	one shared causal	1	1	1000	20261342	24510	750	0.05	0.8	5	0.0001	GJOKA_locus2_or_locus4_or_OneK_sourceLD	coloc.susie matched source LD	mismatched LD only in S6; coloc.abf for screen
S1_one_shared	one shared causal	1	1	1000	20261359	24510	750	0.05	0.8	10	1e-06	GJOKA_locus2_or_locus4_or_OneK_sourceLD	coloc.susie matched source LD	mismatched LD only in S6; coloc.abf for screen
S1_one_shared	one shared causal	1	1	1000	20261376	24510	750	0.05	0.8	10	1e-05	GJOKA_locus2_or_locus4_or_OneK_sourceLD	coloc.susie matched source LD	mismatched LD only in S6; coloc.abf for screen
S1_one_shared	one shared causal	1	1	1000	20261393	24510	750	0.05	0.8	10	0.0001	GJOKA_locus2_or_locus4_or_OneK_sourceLD	coloc.susie matched source LD	mismatched LD only in S6; coloc.abf for screen
S1_one_shared	one shared causal	1	1	1000	20261410	24510	750	0.05	0.8	20	1e-06	GJOKA_locus2_or_locus4_or_OneK_sourceLD	coloc.susie matched source LD	mismatched LD only in S6; coloc.abf for screen
S1_one_shared	one shared causal	1	1	1000	20261427	24510	750	0.05	0.8	20	1e-05	GJOKA_locus2_or_locus4_or_OneK_sourceLD	coloc.susie matched source LD	mismatched LD only in S6; coloc.abf for screen
S1_one_shared	one shared causal	1	1	1000	20261444	24510	750	0.05	0.8	20	0.0001	GJOKA_locus2_or_locus4_or_OneK_sourceLD	coloc.susie matched source LD	mismatched LD only in S6; coloc.abf for screen
S1_one_shared	one shared causal	1	1	1000	20261461	24510	750	0.2	0.2	5	1e-06	GJOKA_locus2_or_locus4_or_OneK_sourceLD	coloc.susie matched source LD	mismatched LD only in S6; coloc.abf for screen
S1_one_shared	one shared causal	1	1	1000	20261478	24510	750	0.2	0.2	5	1e-05	GJOKA_locus2_or_locus4_or_OneK_sourceLD	coloc.susie matched source LD	mismatched LD only in S6; coloc.abf for screen
S1_one_shared	one shared causal	1	1	1000	20261495	24510	750	0.2	0.2	5	0.0001	GJOKA_locus2_or_locus4_or_OneK_sourceLD	coloc.susie matched source LD	mismatched LD only in S6; coloc.abf for screen
S1_one_shared	one shared causal	1	1	1000	20261512	24510	750	0.2	0.2	10	1e-06	GJOKA_locus2_or_locus4_or_OneK_sourceLD	coloc.susie matched source LD	mismatched LD only in S6; coloc.abf for screen
S1_one_shared	one shared causal	1	1	1000	20261529	24510	750	0.2	0.2	10	1e-05	GJOKA_locus2_or_locus4_or_OneK_sourceLD	coloc.susie matched source LD	mismatched LD only in S6; coloc.abf for screen
S1_one_shared	one shared causal	1	1	1000	20261546	24510	750	0.2	0.2	10	0.0001	GJOKA_locus2_or_locus4_or_OneK_sourceLD	coloc.susie matched source LD	mismatched LD only in S6; coloc.abf for screen
S1_one_shared	one shared causal	1	1	1000	20261563	24510	750	0.2	0.2	20	1e-06	GJOKA_locus2_or_locus4_or_OneK_sourceLD	coloc.susie matched source LD	mismatched LD only in S6; coloc.abf for screen
S1_one_shared	one shared causal	1	1	1000	20261580	24510	750	0.2	0.2	20	1e-05	GJOKA_locus2_or_locus4_or_OneK_sourceLD	coloc.susie matched source LD	mismatched LD only in S6; coloc.abf for screen
S1_one_shared	one shared causal	1	1	1000	20261597	24510	750	0.2	0.2	20	0.0001	GJOKA_locus2_or_locus4_or_OneK_sourceLD	coloc.susie matched source LD	mismatched LD only in S6; coloc.abf for screen
S1_one_shared	one shared causal	1	1	1000	20261614	24510	750	0.2	0.5	5	1e-06	GJOKA_locus2_or_locus4_or_OneK_sourceLD	coloc.susie matched source LD	mismatched LD only in S6; coloc.abf for screen
S1_one_shared	one shared causal	1	1	1000	20261631	24510	750	0.2	0.5	5	1e-05	GJOKA_locus2_or_locus4_or_OneK_sourceLD	coloc.susie matched source LD	mismatched LD only in S6; coloc.abf for screen
S1_one_shared	one shared causal	1	1	1000	20261648	24510	750	0.2	0.5	5	0.0001	GJOKA_locus2_or_locus4_or_OneK_sourceLD	coloc.susie matched source LD	mismatched LD only in S6; coloc.abf for screen
S1_one_shared	one shared causal	1	1	1000	20261665	24510	750	0.2	0.5	10	1e-06	GJOKA_locus2_or_locus4_or_OneK_sourceLD	coloc.susie matched source LD	mismatched LD only in S6; coloc.abf for screen
S1_one_shared	one shared causal	1	1	1000	20261682	24510	750	0.2	0.5	10	1e-05	GJOKA_locus2_or_locus4_or_OneK_sourceLD	coloc.susie matched source LD	mismatched LD only in S6; coloc.abf for screen
S1_one_shared	one shared causal	1	1	1000	20261699	24510	750	0.2	0.5	10	0.0001	GJOKA_locus2_or_locus4_or_OneK_sourceLD	coloc.susie matched source LD	mismatched LD only in S6; coloc.abf for screen
S1_one_shared	one shared causal	1	1	1000	20261716	24510	750	0.2	0.5	20	1e-06	GJOKA_locus2_or_locus4_or_OneK_sourceLD	coloc.susie matched source LD	mismatched LD only in S6; coloc.abf for screen
S1_one_shared	one shared causal	1	1	1000	20261733	24510	750	0.2	0.5	20	1e-05	GJOKA_locus2_or_locus4_or_OneK_sourceLD	coloc.susie matched source LD	mismatched LD only in S6; coloc.abf for screen
S1_one_shared	one shared causal	1	1	1000	20261750	24510	750	0.2	0.5	20	0.0001	GJOKA_locus2_or_locus4_or_OneK_sourceLD	coloc.susie matched source LD	mismatched LD only in S6; coloc.abf for screen
S1_one_shared	one shared causal	1	1	1000	20261767	24510	750	0.2	0.8	5	1e-06	GJOKA_locus2_or_locus4_or_OneK_sourceLD	coloc.susie matched source LD	mismatched LD only in S6; coloc.abf for screen
S1_one_shared	one shared causal	1	1	1000	20261784	24510	750	0.2	0.8	5	1e-05	GJOKA_locus2_or_locus4_or_OneK_sourceLD	coloc.susie matched source LD	mismatched LD only in S6; coloc.abf for screen
S1_one_shared	one shared causal	1	1	1000	20261801	24510	750	0.2	0.8	5	0.0001	GJOKA_locus2_or_locus4_or_OneK_sourceLD	coloc.susie matched source LD	mismatched LD only in S6; coloc.abf for screen
S1_one_shared	one shared causal	1	1	1000	20261818	24510	750	0.2	0.8	10	1e-06	GJOKA_locus2_or_locus4_or_OneK_sourceLD	coloc.susie matched source LD	mismatched LD only in S6; coloc.abf for screen
S1_one_shared	one shared causal	1	1	1000	20261835	24510	750	0.2	0.8	10	1e-05	GJOKA_locus2_or_locus4_or_OneK_sourceLD	coloc.susie matched source LD	mismatched LD only in S6; coloc.abf for screen
S1_one_shared	one shared causal	1	1	1000	20261852	24510	750	0.2	0.8	10	0.0001	GJOKA_locus2_or_locus4_or_OneK_sourceLD	coloc.susie matched source LD	mismatched LD only in S6; coloc.abf for screen
S1_one_shared	one shared causal	1	1	1000	20261869	24510	750	0.2	0.8	20	1e-06	GJOKA_locus2_or_locus4_or_OneK_sourceLD	coloc.susie matched source LD	mismatched LD only in S6; coloc.abf for screen
S1_one_shared	one shared causal	1	1	1000	20261886	24510	750	0.2	0.8	20	1e-05	GJOKA_locus2_or_locus4_or_OneK_sourceLD	coloc.susie matched source LD	mismatched LD only in S6; coloc.abf for screen
S1_one_shared	one shared causal	1	1	1000	20261903	24510	750	0.2	0.8	20	0.0001	GJOKA_locus2_or_locus4_or_OneK_sourceLD	coloc.susie matched source LD	mismatched LD only in S6; coloc.abf for screen
S1_one_shared	one shared causal	1	1	1000	20261920	24510	750	0.4	0.2	5	1e-06	GJOKA_locus2_or_locus4_or_OneK_sourceLD	coloc.susie matched source LD	mismatched LD only in S6; coloc.abf for screen
S1_one_shared	one shared causal	1	1	1000	20261937	24510	750	0.4	0.2	5	1e-05	GJOKA_locus2_or_locus4_or_OneK_sourceLD	coloc.susie matched source LD	mismatched LD only in S6; coloc.abf for screen
S1_one_shared	one shared causal	1	1	1000	20261954	24510	750	0.4	0.2	5	0.0001	GJOKA_locus2_or_locus4_or_OneK_sourceLD	coloc.susie matched source LD	mismatched LD only in S6; coloc.abf for screen
S1_one_shared	one shared causal	1	1	1000	20261971	24510	750	0.4	0.2	10	1e-06	GJOKA_locus2_or_locus4_or_OneK_sourceLD	coloc.susie matched source LD	mismatched LD only in S6; coloc.abf for screen
S1_one_shared	one shared causal	1	1	1000	20261988	24510	750	0.4	0.2	10	1e-05	GJOKA_locus2_or_locus4_or_OneK_sourceLD	coloc.susie matched source LD	mismatched LD only in S6; coloc.abf for screen
S1_one_shared	one shared causal	1	1	1000	20262005	24510	750	0.4	0.2	10	0.0001	GJOKA_locus2_or_locus4_or_OneK_sourceLD	coloc.susie matched source LD	mismatched LD only in S6; coloc.abf for screen
S1_one_shared	one shared causal	1	1	1000	20262022	24510	750	0.4	0.2	20	1e-06	GJOKA_locus2_or_locus4_or_OneK_sourceLD	coloc.susie matched source LD	mismatched LD only in S6; coloc.abf for screen
S1_one_shared	one shared causal	1	1	1000	20262039	24510	750	0.4	0.2	20	1e-05	GJOKA_locus2_or_locus4_or_OneK_sourceLD	coloc.susie matched source LD	mismatched LD only in S6; coloc.abf for screen
S1_one_shared	one shared causal	1	1	1000	20262056	24510	750	0.4	0.2	20	0.0001	GJOKA_locus2_or_locus4_or_OneK_sourceLD	coloc.susie matched source LD	mismatched LD only in S6; coloc.abf for screen
S1_one_shared	one shared causal	1	1	1000	20262073	24510	750	0.4	0.5	5	1e-06	GJOKA_locus2_or_locus4_or_OneK_sourceLD	coloc.susie matched source LD	mismatched LD only in S6; coloc.abf for screen
S1_one_shared	one shared causal	1	1	1000	20262090	24510	750	0.4	0.5	5	1e-05	GJOKA_locus2_or_locus4_or_OneK_sourceLD	coloc.susie matched source LD	mismatched LD only in S6; coloc.abf for screen
S1_one_shared	one shared causal	1	1	1000	20262107	24510	750	0.4	0.5	5	0.0001	GJOKA_locus2_or_locus4_or_OneK_sourceLD	coloc.susie matched source LD	mismatched LD only in S6; coloc.abf for screen
S1_one_shared	one shared causal	1	1	1000	20262124	24510	750	0.4	0.5	10	1e-06	GJOKA_locus2_or_locus4_or_OneK_sourceLD	coloc.susie matched source LD	mismatched LD only in S6; coloc.abf for screen
S1_one_shared	one shared causal	1	1	1000	20262141	24510	750	0.4	0.5	10	1e-05	GJOKA_locus2_or_locus4_or_OneK_sourceLD	coloc.susie matched source LD	mismatched LD only in S6; coloc.abf for screen
S1_one_shared	one shared causal	1	1	1000	20262158	24510	750	0.4	0.5	10	0.0001	GJOKA_locus2_or_locus4_or_OneK_sourceLD	coloc.susie matched source LD	mismatched LD only in S6; coloc.abf for screen
S1_one_shared	one shared causal	1	1	1000	20262175	24510	750	0.4	0.5	20	1e-06	GJOKA_locus2_or_locus4_or_OneK_sourceLD	coloc.susie matched source LD	mismatched LD only in S6; coloc.abf for screen
S1_one_shared	one shared causal	1	1	1000	20262192	24510	750	0.4	0.5	20	1e-05	GJOKA_locus2_or_locus4_or_OneK_sourceLD	coloc.susie matched source LD	mismatched LD only in S6; coloc.abf for screen
S1_one_shared	one shared causal	1	1	1000	20262209	24510	750	0.4	0.5	20	0.0001	GJOKA_locus2_or_locus4_or_OneK_sourceLD	coloc.susie matched source LD	mismatched LD only in S6; coloc.abf for screen
S1_one_shared	one shared causal	1	1	1000	20262226	24510	750	0.4	0.8	5	1e-06	GJOKA_locus2_or_locus4_or_OneK_sourceLD	coloc.susie matched source LD	mismatched LD only in S6; coloc.abf for screen
S1_one_shared	one shared causal	1	1	1000	20262243	24510	750	0.4	0.8	5	1e-05	GJOKA_locus2_or_locus4_or_OneK_sourceLD	coloc.susie matched source LD	mismatched LD only in S6; coloc.abf for screen
S1_one_shared	one shared causal	1	1	1000	20262260	24510	750	0.4	0.8	5	0.0001	GJOKA_locus2_or_locus4_or_OneK_sourceLD	coloc.susie matched source LD	mismatched LD only in S6; coloc.abf for screen
S1_one_shared	one shared causal	1	1	1000	20262277	24510	750	0.4	0.8	10	1e-06	GJOKA_locus2_or_locus4_or_OneK_sourceLD	coloc.susie matched source LD	mismatched LD only in S6; coloc.abf for screen
S1_one_shared	one shared causal	1	1	1000	20262294	24510	750	0.4	0.8	10	1e-05	GJOKA_locus2_or_locus4_or_OneK_sourceLD	coloc.susie matched source LD	mismatched LD only in S6; coloc.abf for screen
S1_one_shared	one shared causal	1	1	1000	20262311	24510	750	0.4	0.8	10	0.0001	GJOKA_locus2_or_locus4_or_OneK_sourceLD	coloc.susie matched source LD	mismatched LD only in S6; coloc.abf for screen
S1_one_shared	one shared causal	1	1	1000	20262328	24510	750	0.4	0.8	20	1e-06	GJOKA_locus2_or_locus4_or_OneK_sourceLD	coloc.susie matched source LD	mismatched LD only in S6; coloc.abf for screen
S1_one_shared	one shared causal	1	1	1000	20262345	24510	750	0.4	0.8	20	1e-05	GJOKA_locus2_or_locus4_or_OneK_sourceLD	coloc.susie matched source LD	mismatched LD only in S6; coloc.abf for screen
S1_one_shared	one shared causal	1	1	1000	20262362	24510	750	0.4	0.8	20	0.0001	GJOKA_locus2_or_locus4_or_OneK_sourceLD	coloc.susie matched source LD	mismatched LD only in S6; coloc.abf for screen
S2_distinct_correlated	distinct correlated causal	1	1	1000	20262379	24510	750	0.05	0.2	5	1e-06	GJOKA_locus2_or_locus4_or_OneK_sourceLD	coloc.susie matched source LD	mismatched LD only in S6; coloc.abf for screen
S2_distinct_correlated	distinct correlated causal	1	1	1000	20262396	24510	750	0.05	0.2	5	1e-05	GJOKA_locus2_or_locus4_or_OneK_sourceLD	coloc.susie matched source LD	mismatched LD only in S6; coloc.abf for screen
S2_distinct_correlated	distinct correlated causal	1	1	1000	20262413	24510	750	0.05	0.2	5	0.0001	GJOKA_locus2_or_locus4_or_OneK_sourceLD	coloc.susie matched source LD	mismatched LD only in S6; coloc.abf for screen
S2_distinct_correlated	distinct correlated causal	1	1	1000	20262430	24510	750	0.05	0.2	10	1e-06	GJOKA_locus2_or_locus4_or_OneK_sourceLD	coloc.susie matched source LD	mismatched LD only in S6; coloc.abf for screen
S2_distinct_correlated	distinct correlated causal	1	1	1000	20262447	24510	750	0.05	0.2	10	1e-05	GJOKA_locus2_or_locus4_or_OneK_sourceLD	coloc.susie matched source LD	mismatched LD only in S6; coloc.abf for screen
S2_distinct_correlated	distinct correlated causal	1	1	1000	20262464	24510	750	0.05	0.2	10	0.0001	GJOKA_locus2_or_locus4_or_OneK_sourceLD	coloc.susie matched source LD	mismatched LD only in S6; coloc.abf for screen
S2_distinct_correlated	distinct correlated causal	1	1	1000	20262481	24510	750	0.05	0.2	20	1e-06	GJOKA_locus2_or_locus4_or_OneK_sourceLD	coloc.susie matched source LD	mismatched LD only in S6; coloc.abf for screen
S2_distinct_correlated	distinct correlated causal	1	1	1000	20262498	24510	750	0.05	0.2	20	1e-05	GJOKA_locus2_or_locus4_or_OneK_sourceLD	coloc.susie matched source LD	mismatched LD only in S6; coloc.abf for screen
S2_distinct_correlated	distinct correlated causal	1	1	1000	20262515	24510	750	0.05	0.2	20	0.0001	GJOKA_locus2_or_locus4_or_OneK_sourceLD	coloc.susie matched source LD	mismatched LD only in S6; coloc.abf for screen
S2_distinct_correlated	distinct correlated causal	1	1	1000	20262532	24510	750	0.05	0.5	5	1e-06	GJOKA_locus2_or_locus4_or_OneK_sourceLD	coloc.susie matched source LD	mismatched LD only in S6; coloc.abf for screen
S2_distinct_correlated	distinct correlated causal	1	1	1000	20262549	24510	750	0.05	0.5	5	1e-05	GJOKA_locus2_or_locus4_or_OneK_sourceLD	coloc.susie matched source LD	mismatched LD only in S6; coloc.abf for screen
S2_distinct_correlated	distinct correlated causal	1	1	1000	20262566	24510	750	0.05	0.5	5	0.0001	GJOKA_locus2_or_locus4_or_OneK_sourceLD	coloc.susie matched source LD	mismatched LD only in S6; coloc.abf for screen
S2_distinct_correlated	distinct correlated causal	1	1	1000	20262583	24510	750	0.05	0.5	10	1e-06	GJOKA_locus2_or_locus4_or_OneK_sourceLD	coloc.susie matched source LD	mismatched LD only in S6; coloc.abf for screen
S2_distinct_correlated	distinct correlated causal	1	1	1000	20262600	24510	750	0.05	0.5	10	1e-05	GJOKA_locus2_or_locus4_or_OneK_sourceLD	coloc.susie matched source LD	mismatched LD only in S6; coloc.abf for screen
S2_distinct_correlated	distinct correlated causal	1	1	1000	20262617	24510	750	0.05	0.5	10	0.0001	GJOKA_locus2_or_locus4_or_OneK_sourceLD	coloc.susie matched source LD	mismatched LD only in S6; coloc.abf for screen
S2_distinct_correlated	distinct correlated causal	1	1	1000	20262634	24510	750	0.05	0.5	20	1e-06	GJOKA_locus2_or_locus4_or_OneK_sourceLD	coloc.susie matched source LD	mismatched LD only in S6; coloc.abf for screen
S2_distinct_correlated	distinct correlated causal	1	1	1000	20262651	24510	750	0.05	0.5	20	1e-05	GJOKA_locus2_or_locus4_or_OneK_sourceLD	coloc.susie matched source LD	mismatched LD only in S6; coloc.abf for screen
S2_distinct_correlated	distinct correlated causal	1	1	1000	20262668	24510	750	0.05	0.5	20	0.0001	GJOKA_locus2_or_locus4_or_OneK_sourceLD	coloc.susie matched source LD	mismatched LD only in S6; coloc.abf for screen
S2_distinct_correlated	distinct correlated causal	1	1	1000	20262685	24510	750	0.05	0.8	5	1e-06	GJOKA_locus2_or_locus4_or_OneK_sourceLD	coloc.susie matched source LD	mismatched LD only in S6; coloc.abf for screen
S2_distinct_correlated	distinct correlated causal	1	1	1000	20262702	24510	750	0.05	0.8	5	1e-05	GJOKA_locus2_or_locus4_or_OneK_sourceLD	coloc.susie matched source LD	mismatched LD only in S6; coloc.abf for screen
S2_distinct_correlated	distinct correlated causal	1	1	1000	20262719	24510	750	0.05	0.8	5	0.0001	GJOKA_locus2_or_locus4_or_OneK_sourceLD	coloc.susie matched source LD	mismatched LD only in S6; coloc.abf for screen
S2_distinct_correlated	distinct correlated causal	1	1	1000	20262736	24510	750	0.05	0.8	10	1e-06	GJOKA_locus2_or_locus4_or_OneK_sourceLD	coloc.susie matched source LD	mismatched LD only in S6; coloc.abf for screen
S2_distinct_correlated	distinct correlated causal	1	1	1000	20262753	24510	750	0.05	0.8	10	1e-05	GJOKA_locus2_or_locus4_or_OneK_sourceLD	coloc.susie matched source LD	mismatched LD only in S6; coloc.abf for screen
S2_distinct_correlated	distinct correlated causal	1	1	1000	20262770	24510	750	0.05	0.8	10	0.0001	GJOKA_locus2_or_locus4_or_OneK_sourceLD	coloc.susie matched source LD	mismatched LD only in S6; coloc.abf for screen
S2_distinct_correlated	distinct correlated causal	1	1	1000	20262787	24510	750	0.05	0.8	20	1e-06	GJOKA_locus2_or_locus4_or_OneK_sourceLD	coloc.susie matched source LD	mismatched LD only in S6; coloc.abf for screen
S2_distinct_correlated	distinct correlated causal	1	1	1000	20262804	24510	750	0.05	0.8	20	1e-05	GJOKA_locus2_or_locus4_or_OneK_sourceLD	coloc.susie matched source LD	mismatched LD only in S6; coloc.abf for screen
S2_distinct_correlated	distinct correlated causal	1	1	1000	20262821	24510	750	0.05	0.8	20	0.0001	GJOKA_locus2_or_locus4_or_OneK_sourceLD	coloc.susie matched source LD	mismatched LD only in S6; coloc.abf for screen
S2_distinct_correlated	distinct correlated causal	1	1	1000	20262838	24510	750	0.2	0.2	5	1e-06	GJOKA_locus2_or_locus4_or_OneK_sourceLD	coloc.susie matched source LD	mismatched LD only in S6; coloc.abf for screen
S2_distinct_correlated	distinct correlated causal	1	1	1000	20262855	24510	750	0.2	0.2	5	1e-05	GJOKA_locus2_or_locus4_or_OneK_sourceLD	coloc.susie matched source LD	mismatched LD only in S6; coloc.abf for screen
S2_distinct_correlated	distinct correlated causal	1	1	1000	20262872	24510	750	0.2	0.2	5	0.0001	GJOKA_locus2_or_locus4_or_OneK_sourceLD	coloc.susie matched source LD	mismatched LD only in S6; coloc.abf for screen
S2_distinct_correlated	distinct correlated causal	1	1	1000	20262889	24510	750	0.2	0.2	10	1e-06	GJOKA_locus2_or_locus4_or_OneK_sourceLD	coloc.susie matched source LD	mismatched LD only in S6; coloc.abf for screen
S2_distinct_correlated	distinct correlated causal	1	1	1000	20262906	24510	750	0.2	0.2	10	1e-05	GJOKA_locus2_or_locus4_or_OneK_sourceLD	coloc.susie matched source LD	mismatched LD only in S6; coloc.abf for screen
S2_distinct_correlated	distinct correlated causal	1	1	1000	20262923	24510	750	0.2	0.2	10	0.0001	GJOKA_locus2_or_locus4_or_OneK_sourceLD	coloc.susie matched source LD	mismatched LD only in S6; coloc.abf for screen
S2_distinct_correlated	distinct correlated causal	1	1	1000	20262940	24510	750	0.2	0.2	20	1e-06	GJOKA_locus2_or_locus4_or_OneK_sourceLD	coloc.susie matched source LD	mismatched LD only in S6; coloc.abf for screen
S2_distinct_correlated	distinct correlated causal	1	1	1000	20262957	24510	750	0.2	0.2	20	1e-05	GJOKA_locus2_or_locus4_or_OneK_sourceLD	coloc.susie matched source LD	mismatched LD only in S6; coloc.abf for screen
S2_distinct_correlated	distinct correlated causal	1	1	1000	20262974	24510	750	0.2	0.2	20	0.0001	GJOKA_locus2_or_locus4_or_OneK_sourceLD	coloc.susie matched source LD	mismatched LD only in S6; coloc.abf for screen
S2_distinct_correlated	distinct correlated causal	1	1	1000	20262991	24510	750	0.2	0.5	5	1e-06	GJOKA_locus2_or_locus4_or_OneK_sourceLD	coloc.susie matched source LD	mismatched LD only in S6; coloc.abf for screen
S2_distinct_correlated	distinct correlated causal	1	1	1000	20263008	24510	750	0.2	0.5	5	1e-05	GJOKA_locus2_or_locus4_or_OneK_sourceLD	coloc.susie matched source LD	mismatched LD only in S6; coloc.abf for screen
S2_distinct_correlated	distinct correlated causal	1	1	1000	20263025	24510	750	0.2	0.5	5	0.0001	GJOKA_locus2_or_locus4_or_OneK_sourceLD	coloc.susie matched source LD	mismatched LD only in S6; coloc.abf for screen
S2_distinct_correlated	distinct correlated causal	1	1	1000	20263042	24510	750	0.2	0.5	10	1e-06	GJOKA_locus2_or_locus4_or_OneK_sourceLD	coloc.susie matched source LD	mismatched LD only in S6; coloc.abf for screen
S2_distinct_correlated	distinct correlated causal	1	1	1000	20263059	24510	750	0.2	0.5	10	1e-05	GJOKA_locus2_or_locus4_or_OneK_sourceLD	coloc.susie matched source LD	mismatched LD only in S6; coloc.abf for screen
S2_distinct_correlated	distinct correlated causal	1	1	1000	20263076	24510	750	0.2	0.5	10	0.0001	GJOKA_locus2_or_locus4_or_OneK_sourceLD	coloc.susie matched source LD	mismatched LD only in S6; coloc.abf for screen
S2_distinct_correlated	distinct correlated causal	1	1	1000	20263093	24510	750	0.2	0.5	20	1e-06	GJOKA_locus2_or_locus4_or_OneK_sourceLD	coloc.susie matched source LD	mismatched LD only in S6; coloc.abf for screen
S2_distinct_correlated	distinct correlated causal	1	1	1000	20263110	24510	750	0.2	0.5	20	1e-05	GJOKA_locus2_or_locus4_or_OneK_sourceLD	coloc.susie matched source LD	mismatched LD only in S6; coloc.abf for screen
S2_distinct_correlated	distinct correlated causal	1	1	1000	20263127	24510	750	0.2	0.5	20	0.0001	GJOKA_locus2_or_locus4_or_OneK_sourceLD	coloc.susie matched source LD	mismatched LD only in S6; coloc.abf for screen
S2_distinct_correlated	distinct correlated causal	1	1	1000	20263144	24510	750	0.2	0.8	5	1e-06	GJOKA_locus2_or_locus4_or_OneK_sourceLD	coloc.susie matched source LD	mismatched LD only in S6; coloc.abf for screen
S2_distinct_correlated	distinct correlated causal	1	1	1000	20263161	24510	750	0.2	0.8	5	1e-05	GJOKA_locus2_or_locus4_or_OneK_sourceLD	coloc.susie matched source LD	mismatched LD only in S6; coloc.abf for screen
S2_distinct_correlated	distinct correlated causal	1	1	1000	20263178	24510	750	0.2	0.8	5	0.0001	GJOKA_locus2_or_locus4_or_OneK_sourceLD	coloc.susie matched source LD	mismatched LD only in S6; coloc.abf for screen
S2_distinct_correlated	distinct correlated causal	1	1	1000	20263195	24510	750	0.2	0.8	10	1e-06	GJOKA_locus2_or_locus4_or_OneK_sourceLD	coloc.susie matched source LD	mismatched LD only in S6; coloc.abf for screen
S2_distinct_correlated	distinct correlated causal	1	1	1000	20263212	24510	750	0.2	0.8	10	1e-05	GJOKA_locus2_or_locus4_or_OneK_sourceLD	coloc.susie matched source LD	mismatched LD only in S6; coloc.abf for screen
S2_distinct_correlated	distinct correlated causal	1	1	1000	20263229	24510	750	0.2	0.8	10	0.0001	GJOKA_locus2_or_locus4_or_OneK_sourceLD	coloc.susie matched source LD	mismatched LD only in S6; coloc.abf for screen
S2_distinct_correlated	distinct correlated causal	1	1	1000	20263246	24510	750	0.2	0.8	20	1e-06	GJOKA_locus2_or_locus4_or_OneK_sourceLD	coloc.susie matched source LD	mismatched LD only in S6; coloc.abf for screen
S2_distinct_correlated	distinct correlated causal	1	1	1000	20263263	24510	750	0.2	0.8	20	1e-05	GJOKA_locus2_or_locus4_or_OneK_sourceLD	coloc.susie matched source LD	mismatched LD only in S6; coloc.abf for screen
S2_distinct_correlated	distinct correlated causal	1	1	1000	20263280	24510	750	0.2	0.8	20	0.0001	GJOKA_locus2_or_locus4_or_OneK_sourceLD	coloc.susie matched source LD	mismatched LD only in S6; coloc.abf for screen
S2_distinct_correlated	distinct correlated causal	1	1	1000	20263297	24510	750	0.4	0.2	5	1e-06	GJOKA_locus2_or_locus4_or_OneK_sourceLD	coloc.susie matched source LD	mismatched LD only in S6; coloc.abf for screen
S2_distinct_correlated	distinct correlated causal	1	1	1000	20263314	24510	750	0.4	0.2	5	1e-05	GJOKA_locus2_or_locus4_or_OneK_sourceLD	coloc.susie matched source LD	mismatched LD only in S6; coloc.abf for screen
S2_distinct_correlated	distinct correlated causal	1	1	1000	20263331	24510	750	0.4	0.2	5	0.0001	GJOKA_locus2_or_locus4_or_OneK_sourceLD	coloc.susie matched source LD	mismatched LD only in S6; coloc.abf for screen
S2_distinct_correlated	distinct correlated causal	1	1	1000	20263348	24510	750	0.4	0.2	10	1e-06	GJOKA_locus2_or_locus4_or_OneK_sourceLD	coloc.susie matched source LD	mismatched LD only in S6; coloc.abf for screen
S2_distinct_correlated	distinct correlated causal	1	1	1000	20263365	24510	750	0.4	0.2	10	1e-05	GJOKA_locus2_or_locus4_or_OneK_sourceLD	coloc.susie matched source LD	mismatched LD only in S6; coloc.abf for screen
S2_distinct_correlated	distinct correlated causal	1	1	1000	20263382	24510	750	0.4	0.2	10	0.0001	GJOKA_locus2_or_locus4_or_OneK_sourceLD	coloc.susie matched source LD	mismatched LD only in S6; coloc.abf for screen
S2_distinct_correlated	distinct correlated causal	1	1	1000	20263399	24510	750	0.4	0.2	20	1e-06	GJOKA_locus2_or_locus4_or_OneK_sourceLD	coloc.susie matched source LD	mismatched LD only in S6; coloc.abf for screen
S2_distinct_correlated	distinct correlated causal	1	1	1000	20263416	24510	750	0.4	0.2	20	1e-05	GJOKA_locus2_or_locus4_or_OneK_sourceLD	coloc.susie matched source LD	mismatched LD only in S6; coloc.abf for screen
S2_distinct_correlated	distinct correlated causal	1	1	1000	20263433	24510	750	0.4	0.2	20	0.0001	GJOKA_locus2_or_locus4_or_OneK_sourceLD	coloc.susie matched source LD	mismatched LD only in S6; coloc.abf for screen
S2_distinct_correlated	distinct correlated causal	1	1	1000	20263450	24510	750	0.4	0.5	5	1e-06	GJOKA_locus2_or_locus4_or_OneK_sourceLD	coloc.susie matched source LD	mismatched LD only in S6; coloc.abf for screen
S2_distinct_correlated	distinct correlated causal	1	1	1000	20263467	24510	750	0.4	0.5	5	1e-05	GJOKA_locus2_or_locus4_or_OneK_sourceLD	coloc.susie matched source LD	mismatched LD only in S6; coloc.abf for screen
S2_distinct_correlated	distinct correlated causal	1	1	1000	20263484	24510	750	0.4	0.5	5	0.0001	GJOKA_locus2_or_locus4_or_OneK_sourceLD	coloc.susie matched source LD	mismatched LD only in S6; coloc.abf for screen
S2_distinct_correlated	distinct correlated causal	1	1	1000	20263501	24510	750	0.4	0.5	10	1e-06	GJOKA_locus2_or_locus4_or_OneK_sourceLD	coloc.susie matched source LD	mismatched LD only in S6; coloc.abf for screen
S2_distinct_correlated	distinct correlated causal	1	1	1000	20263518	24510	750	0.4	0.5	10	1e-05	GJOKA_locus2_or_locus4_or_OneK_sourceLD	coloc.susie matched source LD	mismatched LD only in S6; coloc.abf for screen
S2_distinct_correlated	distinct correlated causal	1	1	1000	20263535	24510	750	0.4	0.5	10	0.0001	GJOKA_locus2_or_locus4_or_OneK_sourceLD	coloc.susie matched source LD	mismatched LD only in S6; coloc.abf for screen
S2_distinct_correlated	distinct correlated causal	1	1	1000	20263552	24510	750	0.4	0.5	20	1e-06	GJOKA_locus2_or_locus4_or_OneK_sourceLD	coloc.susie matched source LD	mismatched LD only in S6; coloc.abf for screen
S2_distinct_correlated	distinct correlated causal	1	1	1000	20263569	24510	750	0.4	0.5	20	1e-05	GJOKA_locus2_or_locus4_or_OneK_sourceLD	coloc.susie matched source LD	mismatched LD only in S6; coloc.abf for screen
S2_distinct_correlated	distinct correlated causal	1	1	1000	20263586	24510	750	0.4	0.5	20	0.0001	GJOKA_locus2_or_locus4_or_OneK_sourceLD	coloc.susie matched source LD	mismatched LD only in S6; coloc.abf for screen
S2_distinct_correlated	distinct correlated causal	1	1	1000	20263603	24510	750	0.4	0.8	5	1e-06	GJOKA_locus2_or_locus4_or_OneK_sourceLD	coloc.susie matched source LD	mismatched LD only in S6; coloc.abf for screen
S2_distinct_correlated	distinct correlated causal	1	1	1000	20263620	24510	750	0.4	0.8	5	1e-05	GJOKA_locus2_or_locus4_or_OneK_sourceLD	coloc.susie matched source LD	mismatched LD only in S6; coloc.abf for screen
S2_distinct_correlated	distinct correlated causal	1	1	1000	20263637	24510	750	0.4	0.8	5	0.0001	GJOKA_locus2_or_locus4_or_OneK_sourceLD	coloc.susie matched source LD	mismatched LD only in S6; coloc.abf for screen
S2_distinct_correlated	distinct correlated causal	1	1	1000	20263654	24510	750	0.4	0.8	10	1e-06	GJOKA_locus2_or_locus4_or_OneK_sourceLD	coloc.susie matched source LD	mismatched LD only in S6; coloc.abf for screen
S2_distinct_correlated	distinct correlated causal	1	1	1000	20263671	24510	750	0.4	0.8	10	1e-05	GJOKA_locus2_or_locus4_or_OneK_sourceLD	coloc.susie matched source LD	mismatched LD only in S6; coloc.abf for screen
S2_distinct_correlated	distinct correlated causal	1	1	1000	20263688	24510	750	0.4	0.8	10	0.0001	GJOKA_locus2_or_locus4_or_OneK_sourceLD	coloc.susie matched source LD	mismatched LD only in S6; coloc.abf for screen
S2_distinct_correlated	distinct correlated causal	1	1	1000	20263705	24510	750	0.4	0.8	20	1e-06	GJOKA_locus2_or_locus4_or_OneK_sourceLD	coloc.susie matched source LD	mismatched LD only in S6; coloc.abf for screen
S2_distinct_correlated	distinct correlated causal	1	1	1000	20263722	24510	750	0.4	0.8	20	1e-05	GJOKA_locus2_or_locus4_or_OneK_sourceLD	coloc.susie matched source LD	mismatched LD only in S6; coloc.abf for screen
S2_distinct_correlated	distinct correlated causal	1	1	1000	20263739	24510	750	0.4	0.8	20	0.0001	GJOKA_locus2_or_locus4_or_OneK_sourceLD	coloc.susie matched source LD	mismatched LD only in S6; coloc.abf for screen
S3_disease2_qtl1_partial	two disease signals one partly shared	2	1	1000	20263756	24510	750	0.05	0.2	5	1e-06	GJOKA_locus2_or_locus4_or_OneK_sourceLD	coloc.susie matched source LD	mismatched LD only in S6; coloc.abf for screen
S3_disease2_qtl1_partial	two disease signals one partly shared	2	1	1000	20263773	24510	750	0.05	0.2	5	1e-05	GJOKA_locus2_or_locus4_or_OneK_sourceLD	coloc.susie matched source LD	mismatched LD only in S6; coloc.abf for screen
S3_disease2_qtl1_partial	two disease signals one partly shared	2	1	1000	20263790	24510	750	0.05	0.2	5	0.0001	GJOKA_locus2_or_locus4_or_OneK_sourceLD	coloc.susie matched source LD	mismatched LD only in S6; coloc.abf for screen
S3_disease2_qtl1_partial	two disease signals one partly shared	2	1	1000	20263807	24510	750	0.05	0.2	10	1e-06	GJOKA_locus2_or_locus4_or_OneK_sourceLD	coloc.susie matched source LD	mismatched LD only in S6; coloc.abf for screen
S3_disease2_qtl1_partial	two disease signals one partly shared	2	1	1000	20263824	24510	750	0.05	0.2	10	1e-05	GJOKA_locus2_or_locus4_or_OneK_sourceLD	coloc.susie matched source LD	mismatched LD only in S6; coloc.abf for screen
S3_disease2_qtl1_partial	two disease signals one partly shared	2	1	1000	20263841	24510	750	0.05	0.2	10	0.0001	GJOKA_locus2_or_locus4_or_OneK_sourceLD	coloc.susie matched source LD	mismatched LD only in S6; coloc.abf for screen
S3_disease2_qtl1_partial	two disease signals one partly shared	2	1	1000	20263858	24510	750	0.05	0.2	20	1e-06	GJOKA_locus2_or_locus4_or_OneK_sourceLD	coloc.susie matched source LD	mismatched LD only in S6; coloc.abf for screen
S3_disease2_qtl1_partial	two disease signals one partly shared	2	1	1000	20263875	24510	750	0.05	0.2	20	1e-05	GJOKA_locus2_or_locus4_or_OneK_sourceLD	coloc.susie matched source LD	mismatched LD only in S6; coloc.abf for screen
S3_disease2_qtl1_partial	two disease signals one partly shared	2	1	1000	20263892	24510	750	0.05	0.2	20	0.0001	GJOKA_locus2_or_locus4_or_OneK_sourceLD	coloc.susie matched source LD	mismatched LD only in S6; coloc.abf for screen
S3_disease2_qtl1_partial	two disease signals one partly shared	2	1	1000	20263909	24510	750	0.05	0.5	5	1e-06	GJOKA_locus2_or_locus4_or_OneK_sourceLD	coloc.susie matched source LD	mismatched LD only in S6; coloc.abf for screen
S3_disease2_qtl1_partial	two disease signals one partly shared	2	1	1000	20263926	24510	750	0.05	0.5	5	1e-05	GJOKA_locus2_or_locus4_or_OneK_sourceLD	coloc.susie matched source LD	mismatched LD only in S6; coloc.abf for screen
S3_disease2_qtl1_partial	two disease signals one partly shared	2	1	1000	20263943	24510	750	0.05	0.5	5	0.0001	GJOKA_locus2_or_locus4_or_OneK_sourceLD	coloc.susie matched source LD	mismatched LD only in S6; coloc.abf for screen
S3_disease2_qtl1_partial	two disease signals one partly shared	2	1	1000	20263960	24510	750	0.05	0.5	10	1e-06	GJOKA_locus2_or_locus4_or_OneK_sourceLD	coloc.susie matched source LD	mismatched LD only in S6; coloc.abf for screen
S3_disease2_qtl1_partial	two disease signals one partly shared	2	1	1000	20263977	24510	750	0.05	0.5	10	1e-05	GJOKA_locus2_or_locus4_or_OneK_sourceLD	coloc.susie matched source LD	mismatched LD only in S6; coloc.abf for screen
S3_disease2_qtl1_partial	two disease signals one partly shared	2	1	1000	20263994	24510	750	0.05	0.5	10	0.0001	GJOKA_locus2_or_locus4_or_OneK_sourceLD	coloc.susie matched source LD	mismatched LD only in S6; coloc.abf for screen
S3_disease2_qtl1_partial	two disease signals one partly shared	2	1	1000	20264011	24510	750	0.05	0.5	20	1e-06	GJOKA_locus2_or_locus4_or_OneK_sourceLD	coloc.susie matched source LD	mismatched LD only in S6; coloc.abf for screen
S3_disease2_qtl1_partial	two disease signals one partly shared	2	1	1000	20264028	24510	750	0.05	0.5	20	1e-05	GJOKA_locus2_or_locus4_or_OneK_sourceLD	coloc.susie matched source LD	mismatched LD only in S6; coloc.abf for screen
S3_disease2_qtl1_partial	two disease signals one partly shared	2	1	1000	20264045	24510	750	0.05	0.5	20	0.0001	GJOKA_locus2_or_locus4_or_OneK_sourceLD	coloc.susie matched source LD	mismatched LD only in S6; coloc.abf for screen
S3_disease2_qtl1_partial	two disease signals one partly shared	2	1	1000	20264062	24510	750	0.05	0.8	5	1e-06	GJOKA_locus2_or_locus4_or_OneK_sourceLD	coloc.susie matched source LD	mismatched LD only in S6; coloc.abf for screen
S3_disease2_qtl1_partial	two disease signals one partly shared	2	1	1000	20264079	24510	750	0.05	0.8	5	1e-05	GJOKA_locus2_or_locus4_or_OneK_sourceLD	coloc.susie matched source LD	mismatched LD only in S6; coloc.abf for screen
S3_disease2_qtl1_partial	two disease signals one partly shared	2	1	1000	20264096	24510	750	0.05	0.8	5	0.0001	GJOKA_locus2_or_locus4_or_OneK_sourceLD	coloc.susie matched source LD	mismatched LD only in S6; coloc.abf for screen
S3_disease2_qtl1_partial	two disease signals one partly shared	2	1	1000	20264113	24510	750	0.05	0.8	10	1e-06	GJOKA_locus2_or_locus4_or_OneK_sourceLD	coloc.susie matched source LD	mismatched LD only in S6; coloc.abf for screen
S3_disease2_qtl1_partial	two disease signals one partly shared	2	1	1000	20264130	24510	750	0.05	0.8	10	1e-05	GJOKA_locus2_or_locus4_or_OneK_sourceLD	coloc.susie matched source LD	mismatched LD only in S6; coloc.abf for screen
S3_disease2_qtl1_partial	two disease signals one partly shared	2	1	1000	20264147	24510	750	0.05	0.8	10	0.0001	GJOKA_locus2_or_locus4_or_OneK_sourceLD	coloc.susie matched source LD	mismatched LD only in S6; coloc.abf for screen
S3_disease2_qtl1_partial	two disease signals one partly shared	2	1	1000	20264164	24510	750	0.05	0.8	20	1e-06	GJOKA_locus2_or_locus4_or_OneK_sourceLD	coloc.susie matched source LD	mismatched LD only in S6; coloc.abf for screen
S3_disease2_qtl1_partial	two disease signals one partly shared	2	1	1000	20264181	24510	750	0.05	0.8	20	1e-05	GJOKA_locus2_or_locus4_or_OneK_sourceLD	coloc.susie matched source LD	mismatched LD only in S6; coloc.abf for screen
S3_disease2_qtl1_partial	two disease signals one partly shared	2	1	1000	20264198	24510	750	0.05	0.8	20	0.0001	GJOKA_locus2_or_locus4_or_OneK_sourceLD	coloc.susie matched source LD	mismatched LD only in S6; coloc.abf for screen
S3_disease2_qtl1_partial	two disease signals one partly shared	2	1	1000	20264215	24510	750	0.2	0.2	5	1e-06	GJOKA_locus2_or_locus4_or_OneK_sourceLD	coloc.susie matched source LD	mismatched LD only in S6; coloc.abf for screen
S3_disease2_qtl1_partial	two disease signals one partly shared	2	1	1000	20264232	24510	750	0.2	0.2	5	1e-05	GJOKA_locus2_or_locus4_or_OneK_sourceLD	coloc.susie matched source LD	mismatched LD only in S6; coloc.abf for screen
S3_disease2_qtl1_partial	two disease signals one partly shared	2	1	1000	20264249	24510	750	0.2	0.2	5	0.0001	GJOKA_locus2_or_locus4_or_OneK_sourceLD	coloc.susie matched source LD	mismatched LD only in S6; coloc.abf for screen
S3_disease2_qtl1_partial	two disease signals one partly shared	2	1	1000	20264266	24510	750	0.2	0.2	10	1e-06	GJOKA_locus2_or_locus4_or_OneK_sourceLD	coloc.susie matched source LD	mismatched LD only in S6; coloc.abf for screen
S3_disease2_qtl1_partial	two disease signals one partly shared	2	1	1000	20264283	24510	750	0.2	0.2	10	1e-05	GJOKA_locus2_or_locus4_or_OneK_sourceLD	coloc.susie matched source LD	mismatched LD only in S6; coloc.abf for screen
S3_disease2_qtl1_partial	two disease signals one partly shared	2	1	1000	20264300	24510	750	0.2	0.2	10	0.0001	GJOKA_locus2_or_locus4_or_OneK_sourceLD	coloc.susie matched source LD	mismatched LD only in S6; coloc.abf for screen
S3_disease2_qtl1_partial	two disease signals one partly shared	2	1	1000	20264317	24510	750	0.2	0.2	20	1e-06	GJOKA_locus2_or_locus4_or_OneK_sourceLD	coloc.susie matched source LD	mismatched LD only in S6; coloc.abf for screen
S3_disease2_qtl1_partial	two disease signals one partly shared	2	1	1000	20264334	24510	750	0.2	0.2	20	1e-05	GJOKA_locus2_or_locus4_or_OneK_sourceLD	coloc.susie matched source LD	mismatched LD only in S6; coloc.abf for screen
S3_disease2_qtl1_partial	two disease signals one partly shared	2	1	1000	20264351	24510	750	0.2	0.2	20	0.0001	GJOKA_locus2_or_locus4_or_OneK_sourceLD	coloc.susie matched source LD	mismatched LD only in S6; coloc.abf for screen
S3_disease2_qtl1_partial	two disease signals one partly shared	2	1	1000	20264368	24510	750	0.2	0.5	5	1e-06	GJOKA_locus2_or_locus4_or_OneK_sourceLD	coloc.susie matched source LD	mismatched LD only in S6; coloc.abf for screen
S3_disease2_qtl1_partial	two disease signals one partly shared	2	1	1000	20264385	24510	750	0.2	0.5	5	1e-05	GJOKA_locus2_or_locus4_or_OneK_sourceLD	coloc.susie matched source LD	mismatched LD only in S6; coloc.abf for screen
S3_disease2_qtl1_partial	two disease signals one partly shared	2	1	1000	20264402	24510	750	0.2	0.5	5	0.0001	GJOKA_locus2_or_locus4_or_OneK_sourceLD	coloc.susie matched source LD	mismatched LD only in S6; coloc.abf for screen
S3_disease2_qtl1_partial	two disease signals one partly shared	2	1	1000	20264419	24510	750	0.2	0.5	10	1e-06	GJOKA_locus2_or_locus4_or_OneK_sourceLD	coloc.susie matched source LD	mismatched LD only in S6; coloc.abf for screen
S3_disease2_qtl1_partial	two disease signals one partly shared	2	1	1000	20264436	24510	750	0.2	0.5	10	1e-05	GJOKA_locus2_or_locus4_or_OneK_sourceLD	coloc.susie matched source LD	mismatched LD only in S6; coloc.abf for screen
S3_disease2_qtl1_partial	two disease signals one partly shared	2	1	1000	20264453	24510	750	0.2	0.5	10	0.0001	GJOKA_locus2_or_locus4_or_OneK_sourceLD	coloc.susie matched source LD	mismatched LD only in S6; coloc.abf for screen
S3_disease2_qtl1_partial	two disease signals one partly shared	2	1	1000	20264470	24510	750	0.2	0.5	20	1e-06	GJOKA_locus2_or_locus4_or_OneK_sourceLD	coloc.susie matched source LD	mismatched LD only in S6; coloc.abf for screen
S3_disease2_qtl1_partial	two disease signals one partly shared	2	1	1000	20264487	24510	750	0.2	0.5	20	1e-05	GJOKA_locus2_or_locus4_or_OneK_sourceLD	coloc.susie matched source LD	mismatched LD only in S6; coloc.abf for screen
S3_disease2_qtl1_partial	two disease signals one partly shared	2	1	1000	20264504	24510	750	0.2	0.5	20	0.0001	GJOKA_locus2_or_locus4_or_OneK_sourceLD	coloc.susie matched source LD	mismatched LD only in S6; coloc.abf for screen
S3_disease2_qtl1_partial	two disease signals one partly shared	2	1	1000	20264521	24510	750	0.2	0.8	5	1e-06	GJOKA_locus2_or_locus4_or_OneK_sourceLD	coloc.susie matched source LD	mismatched LD only in S6; coloc.abf for screen
S3_disease2_qtl1_partial	two disease signals one partly shared	2	1	1000	20264538	24510	750	0.2	0.8	5	1e-05	GJOKA_locus2_or_locus4_or_OneK_sourceLD	coloc.susie matched source LD	mismatched LD only in S6; coloc.abf for screen
S3_disease2_qtl1_partial	two disease signals one partly shared	2	1	1000	20264555	24510	750	0.2	0.8	5	0.0001	GJOKA_locus2_or_locus4_or_OneK_sourceLD	coloc.susie matched source LD	mismatched LD only in S6; coloc.abf for screen
S3_disease2_qtl1_partial	two disease signals one partly shared	2	1	1000	20264572	24510	750	0.2	0.8	10	1e-06	GJOKA_locus2_or_locus4_or_OneK_sourceLD	coloc.susie matched source LD	mismatched LD only in S6; coloc.abf for screen
S3_disease2_qtl1_partial	two disease signals one partly shared	2	1	1000	20264589	24510	750	0.2	0.8	10	1e-05	GJOKA_locus2_or_locus4_or_OneK_sourceLD	coloc.susie matched source LD	mismatched LD only in S6; coloc.abf for screen
S3_disease2_qtl1_partial	two disease signals one partly shared	2	1	1000	20264606	24510	750	0.2	0.8	10	0.0001	GJOKA_locus2_or_locus4_or_OneK_sourceLD	coloc.susie matched source LD	mismatched LD only in S6; coloc.abf for screen
S3_disease2_qtl1_partial	two disease signals one partly shared	2	1	1000	20264623	24510	750	0.2	0.8	20	1e-06	GJOKA_locus2_or_locus4_or_OneK_sourceLD	coloc.susie matched source LD	mismatched LD only in S6; coloc.abf for screen
S3_disease2_qtl1_partial	two disease signals one partly shared	2	1	1000	20264640	24510	750	0.2	0.8	20	1e-05	GJOKA_locus2_or_locus4_or_OneK_sourceLD	coloc.susie matched source LD	mismatched LD only in S6; coloc.abf for screen
S3_disease2_qtl1_partial	two disease signals one partly shared	2	1	1000	20264657	24510	750	0.2	0.8	20	0.0001	GJOKA_locus2_or_locus4_or_OneK_sourceLD	coloc.susie matched source LD	mismatched LD only in S6; coloc.abf for screen
S3_disease2_qtl1_partial	two disease signals one partly shared	2	1	1000	20264674	24510	750	0.4	0.2	5	1e-06	GJOKA_locus2_or_locus4_or_OneK_sourceLD	coloc.susie matched source LD	mismatched LD only in S6; coloc.abf for screen
S3_disease2_qtl1_partial	two disease signals one partly shared	2	1	1000	20264691	24510	750	0.4	0.2	5	1e-05	GJOKA_locus2_or_locus4_or_OneK_sourceLD	coloc.susie matched source LD	mismatched LD only in S6; coloc.abf for screen
S3_disease2_qtl1_partial	two disease signals one partly shared	2	1	1000	20264708	24510	750	0.4	0.2	5	0.0001	GJOKA_locus2_or_locus4_or_OneK_sourceLD	coloc.susie matched source LD	mismatched LD only in S6; coloc.abf for screen
S3_disease2_qtl1_partial	two disease signals one partly shared	2	1	1000	20264725	24510	750	0.4	0.2	10	1e-06	GJOKA_locus2_or_locus4_or_OneK_sourceLD	coloc.susie matched source LD	mismatched LD only in S6; coloc.abf for screen
S3_disease2_qtl1_partial	two disease signals one partly shared	2	1	1000	20264742	24510	750	0.4	0.2	10	1e-05	GJOKA_locus2_or_locus4_or_OneK_sourceLD	coloc.susie matched source LD	mismatched LD only in S6; coloc.abf for screen
S3_disease2_qtl1_partial	two disease signals one partly shared	2	1	1000	20264759	24510	750	0.4	0.2	10	0.0001	GJOKA_locus2_or_locus4_or_OneK_sourceLD	coloc.susie matched source LD	mismatched LD only in S6; coloc.abf for screen
S3_disease2_qtl1_partial	two disease signals one partly shared	2	1	1000	20264776	24510	750	0.4	0.2	20	1e-06	GJOKA_locus2_or_locus4_or_OneK_sourceLD	coloc.susie matched source LD	mismatched LD only in S6; coloc.abf for screen
S3_disease2_qtl1_partial	two disease signals one partly shared	2	1	1000	20264793	24510	750	0.4	0.2	20	1e-05	GJOKA_locus2_or_locus4_or_OneK_sourceLD	coloc.susie matched source LD	mismatched LD only in S6; coloc.abf for screen
S3_disease2_qtl1_partial	two disease signals one partly shared	2	1	1000	20264810	24510	750	0.4	0.2	20	0.0001	GJOKA_locus2_or_locus4_or_OneK_sourceLD	coloc.susie matched source LD	mismatched LD only in S6; coloc.abf for screen
S3_disease2_qtl1_partial	two disease signals one partly shared	2	1	1000	20264827	24510	750	0.4	0.5	5	1e-06	GJOKA_locus2_or_locus4_or_OneK_sourceLD	coloc.susie matched source LD	mismatched LD only in S6; coloc.abf for screen
S3_disease2_qtl1_partial	two disease signals one partly shared	2	1	1000	20264844	24510	750	0.4	0.5	5	1e-05	GJOKA_locus2_or_locus4_or_OneK_sourceLD	coloc.susie matched source LD	mismatched LD only in S6; coloc.abf for screen
S3_disease2_qtl1_partial	two disease signals one partly shared	2	1	1000	20264861	24510	750	0.4	0.5	5	0.0001	GJOKA_locus2_or_locus4_or_OneK_sourceLD	coloc.susie matched source LD	mismatched LD only in S6; coloc.abf for screen
S3_disease2_qtl1_partial	two disease signals one partly shared	2	1	1000	20264878	24510	750	0.4	0.5	10	1e-06	GJOKA_locus2_or_locus4_or_OneK_sourceLD	coloc.susie matched source LD	mismatched LD only in S6; coloc.abf for screen
S3_disease2_qtl1_partial	two disease signals one partly shared	2	1	1000	20264895	24510	750	0.4	0.5	10	1e-05	GJOKA_locus2_or_locus4_or_OneK_sourceLD	coloc.susie matched source LD	mismatched LD only in S6; coloc.abf for screen
S3_disease2_qtl1_partial	two disease signals one partly shared	2	1	1000	20264912	24510	750	0.4	0.5	10	0.0001	GJOKA_locus2_or_locus4_or_OneK_sourceLD	coloc.susie matched source LD	mismatched LD only in S6; coloc.abf for screen
S3_disease2_qtl1_partial	two disease signals one partly shared	2	1	1000	20264929	24510	750	0.4	0.5	20	1e-06	GJOKA_locus2_or_locus4_or_OneK_sourceLD	coloc.susie matched source LD	mismatched LD only in S6; coloc.abf for screen
S3_disease2_qtl1_partial	two disease signals one partly shared	2	1	1000	20264946	24510	750	0.4	0.5	20	1e-05	GJOKA_locus2_or_locus4_or_OneK_sourceLD	coloc.susie matched source LD	mismatched LD only in S6; coloc.abf for screen
S3_disease2_qtl1_partial	two disease signals one partly shared	2	1	1000	20264963	24510	750	0.4	0.5	20	0.0001	GJOKA_locus2_or_locus4_or_OneK_sourceLD	coloc.susie matched source LD	mismatched LD only in S6; coloc.abf for screen
S3_disease2_qtl1_partial	two disease signals one partly shared	2	1	1000	20264980	24510	750	0.4	0.8	5	1e-06	GJOKA_locus2_or_locus4_or_OneK_sourceLD	coloc.susie matched source LD	mismatched LD only in S6; coloc.abf for screen
S3_disease2_qtl1_partial	two disease signals one partly shared	2	1	1000	20264997	24510	750	0.4	0.8	5	1e-05	GJOKA_locus2_or_locus4_or_OneK_sourceLD	coloc.susie matched source LD	mismatched LD only in S6; coloc.abf for screen
S3_disease2_qtl1_partial	two disease signals one partly shared	2	1	1000	20265014	24510	750	0.4	0.8	5	0.0001	GJOKA_locus2_or_locus4_or_OneK_sourceLD	coloc.susie matched source LD	mismatched LD only in S6; coloc.abf for screen
S3_disease2_qtl1_partial	two disease signals one partly shared	2	1	1000	20265031	24510	750	0.4	0.8	10	1e-06	GJOKA_locus2_or_locus4_or_OneK_sourceLD	coloc.susie matched source LD	mismatched LD only in S6; coloc.abf for screen
S3_disease2_qtl1_partial	two disease signals one partly shared	2	1	1000	20265048	24510	750	0.4	0.8	10	1e-05	GJOKA_locus2_or_locus4_or_OneK_sourceLD	coloc.susie matched source LD	mismatched LD only in S6; coloc.abf for screen
S3_disease2_qtl1_partial	two disease signals one partly shared	2	1	1000	20265065	24510	750	0.4	0.8	10	0.0001	GJOKA_locus2_or_locus4_or_OneK_sourceLD	coloc.susie matched source LD	mismatched LD only in S6; coloc.abf for screen
S3_disease2_qtl1_partial	two disease signals one partly shared	2	1	1000	20265082	24510	750	0.4	0.8	20	1e-06	GJOKA_locus2_or_locus4_or_OneK_sourceLD	coloc.susie matched source LD	mismatched LD only in S6; coloc.abf for screen
S3_disease2_qtl1_partial	two disease signals one partly shared	2	1	1000	20265099	24510	750	0.4	0.8	20	1e-05	GJOKA_locus2_or_locus4_or_OneK_sourceLD	coloc.susie matched source LD	mismatched LD only in S6; coloc.abf for screen
S3_disease2_qtl1_partial	two disease signals one partly shared	2	1	1000	20265116	24510	750	0.4	0.8	20	0.0001	GJOKA_locus2_or_locus4_or_OneK_sourceLD	coloc.susie matched source LD	mismatched LD only in S6; coloc.abf for screen
S4_two_by_two_one_shared	one of two signals shared	2	2	1000	20265133	24510	750	0.05	0.2	5	1e-06	GJOKA_locus2_or_locus4_or_OneK_sourceLD	coloc.susie matched source LD	mismatched LD only in S6; coloc.abf for screen
S4_two_by_two_one_shared	one of two signals shared	2	2	1000	20265150	24510	750	0.05	0.2	5	1e-05	GJOKA_locus2_or_locus4_or_OneK_sourceLD	coloc.susie matched source LD	mismatched LD only in S6; coloc.abf for screen
S4_two_by_two_one_shared	one of two signals shared	2	2	1000	20265167	24510	750	0.05	0.2	5	0.0001	GJOKA_locus2_or_locus4_or_OneK_sourceLD	coloc.susie matched source LD	mismatched LD only in S6; coloc.abf for screen
S4_two_by_two_one_shared	one of two signals shared	2	2	1000	20265184	24510	750	0.05	0.2	10	1e-06	GJOKA_locus2_or_locus4_or_OneK_sourceLD	coloc.susie matched source LD	mismatched LD only in S6; coloc.abf for screen
S4_two_by_two_one_shared	one of two signals shared	2	2	1000	20265201	24510	750	0.05	0.2	10	1e-05	GJOKA_locus2_or_locus4_or_OneK_sourceLD	coloc.susie matched source LD	mismatched LD only in S6; coloc.abf for screen
S4_two_by_two_one_shared	one of two signals shared	2	2	1000	20265218	24510	750	0.05	0.2	10	0.0001	GJOKA_locus2_or_locus4_or_OneK_sourceLD	coloc.susie matched source LD	mismatched LD only in S6; coloc.abf for screen
S4_two_by_two_one_shared	one of two signals shared	2	2	1000	20265235	24510	750	0.05	0.2	20	1e-06	GJOKA_locus2_or_locus4_or_OneK_sourceLD	coloc.susie matched source LD	mismatched LD only in S6; coloc.abf for screen
S4_two_by_two_one_shared	one of two signals shared	2	2	1000	20265252	24510	750	0.05	0.2	20	1e-05	GJOKA_locus2_or_locus4_or_OneK_sourceLD	coloc.susie matched source LD	mismatched LD only in S6; coloc.abf for screen
S4_two_by_two_one_shared	one of two signals shared	2	2	1000	20265269	24510	750	0.05	0.2	20	0.0001	GJOKA_locus2_or_locus4_or_OneK_sourceLD	coloc.susie matched source LD	mismatched LD only in S6; coloc.abf for screen
S4_two_by_two_one_shared	one of two signals shared	2	2	1000	20265286	24510	750	0.05	0.5	5	1e-06	GJOKA_locus2_or_locus4_or_OneK_sourceLD	coloc.susie matched source LD	mismatched LD only in S6; coloc.abf for screen
S4_two_by_two_one_shared	one of two signals shared	2	2	1000	20265303	24510	750	0.05	0.5	5	1e-05	GJOKA_locus2_or_locus4_or_OneK_sourceLD	coloc.susie matched source LD	mismatched LD only in S6; coloc.abf for screen
S4_two_by_two_one_shared	one of two signals shared	2	2	1000	20265320	24510	750	0.05	0.5	5	0.0001	GJOKA_locus2_or_locus4_or_OneK_sourceLD	coloc.susie matched source LD	mismatched LD only in S6; coloc.abf for screen
S4_two_by_two_one_shared	one of two signals shared	2	2	1000	20265337	24510	750	0.05	0.5	10	1e-06	GJOKA_locus2_or_locus4_or_OneK_sourceLD	coloc.susie matched source LD	mismatched LD only in S6; coloc.abf for screen
S4_two_by_two_one_shared	one of two signals shared	2	2	1000	20265354	24510	750	0.05	0.5	10	1e-05	GJOKA_locus2_or_locus4_or_OneK_sourceLD	coloc.susie matched source LD	mismatched LD only in S6; coloc.abf for screen
S4_two_by_two_one_shared	one of two signals shared	2	2	1000	20265371	24510	750	0.05	0.5	10	0.0001	GJOKA_locus2_or_locus4_or_OneK_sourceLD	coloc.susie matched source LD	mismatched LD only in S6; coloc.abf for screen
S4_two_by_two_one_shared	one of two signals shared	2	2	1000	20265388	24510	750	0.05	0.5	20	1e-06	GJOKA_locus2_or_locus4_or_OneK_sourceLD	coloc.susie matched source LD	mismatched LD only in S6; coloc.abf for screen
S4_two_by_two_one_shared	one of two signals shared	2	2	1000	20265405	24510	750	0.05	0.5	20	1e-05	GJOKA_locus2_or_locus4_or_OneK_sourceLD	coloc.susie matched source LD	mismatched LD only in S6; coloc.abf for screen
S4_two_by_two_one_shared	one of two signals shared	2	2	1000	20265422	24510	750	0.05	0.5	20	0.0001	GJOKA_locus2_or_locus4_or_OneK_sourceLD	coloc.susie matched source LD	mismatched LD only in S6; coloc.abf for screen
S4_two_by_two_one_shared	one of two signals shared	2	2	1000	20265439	24510	750	0.05	0.8	5	1e-06	GJOKA_locus2_or_locus4_or_OneK_sourceLD	coloc.susie matched source LD	mismatched LD only in S6; coloc.abf for screen
S4_two_by_two_one_shared	one of two signals shared	2	2	1000	20265456	24510	750	0.05	0.8	5	1e-05	GJOKA_locus2_or_locus4_or_OneK_sourceLD	coloc.susie matched source LD	mismatched LD only in S6; coloc.abf for screen
S4_two_by_two_one_shared	one of two signals shared	2	2	1000	20265473	24510	750	0.05	0.8	5	0.0001	GJOKA_locus2_or_locus4_or_OneK_sourceLD	coloc.susie matched source LD	mismatched LD only in S6; coloc.abf for screen
S4_two_by_two_one_shared	one of two signals shared	2	2	1000	20265490	24510	750	0.05	0.8	10	1e-06	GJOKA_locus2_or_locus4_or_OneK_sourceLD	coloc.susie matched source LD	mismatched LD only in S6; coloc.abf for screen
S4_two_by_two_one_shared	one of two signals shared	2	2	1000	20265507	24510	750	0.05	0.8	10	1e-05	GJOKA_locus2_or_locus4_or_OneK_sourceLD	coloc.susie matched source LD	mismatched LD only in S6; coloc.abf for screen
S4_two_by_two_one_shared	one of two signals shared	2	2	1000	20265524	24510	750	0.05	0.8	10	0.0001	GJOKA_locus2_or_locus4_or_OneK_sourceLD	coloc.susie matched source LD	mismatched LD only in S6; coloc.abf for screen
S4_two_by_two_one_shared	one of two signals shared	2	2	1000	20265541	24510	750	0.05	0.8	20	1e-06	GJOKA_locus2_or_locus4_or_OneK_sourceLD	coloc.susie matched source LD	mismatched LD only in S6; coloc.abf for screen
S4_two_by_two_one_shared	one of two signals shared	2	2	1000	20265558	24510	750	0.05	0.8	20	1e-05	GJOKA_locus2_or_locus4_or_OneK_sourceLD	coloc.susie matched source LD	mismatched LD only in S6; coloc.abf for screen
S4_two_by_two_one_shared	one of two signals shared	2	2	1000	20265575	24510	750	0.05	0.8	20	0.0001	GJOKA_locus2_or_locus4_or_OneK_sourceLD	coloc.susie matched source LD	mismatched LD only in S6; coloc.abf for screen
S4_two_by_two_one_shared	one of two signals shared	2	2	1000	20265592	24510	750	0.2	0.2	5	1e-06	GJOKA_locus2_or_locus4_or_OneK_sourceLD	coloc.susie matched source LD	mismatched LD only in S6; coloc.abf for screen
S4_two_by_two_one_shared	one of two signals shared	2	2	1000	20265609	24510	750	0.2	0.2	5	1e-05	GJOKA_locus2_or_locus4_or_OneK_sourceLD	coloc.susie matched source LD	mismatched LD only in S6; coloc.abf for screen
S4_two_by_two_one_shared	one of two signals shared	2	2	1000	20265626	24510	750	0.2	0.2	5	0.0001	GJOKA_locus2_or_locus4_or_OneK_sourceLD	coloc.susie matched source LD	mismatched LD only in S6; coloc.abf for screen
S4_two_by_two_one_shared	one of two signals shared	2	2	1000	20265643	24510	750	0.2	0.2	10	1e-06	GJOKA_locus2_or_locus4_or_OneK_sourceLD	coloc.susie matched source LD	mismatched LD only in S6; coloc.abf for screen
S4_two_by_two_one_shared	one of two signals shared	2	2	1000	20265660	24510	750	0.2	0.2	10	1e-05	GJOKA_locus2_or_locus4_or_OneK_sourceLD	coloc.susie matched source LD	mismatched LD only in S6; coloc.abf for screen
S4_two_by_two_one_shared	one of two signals shared	2	2	1000	20265677	24510	750	0.2	0.2	10	0.0001	GJOKA_locus2_or_locus4_or_OneK_sourceLD	coloc.susie matched source LD	mismatched LD only in S6; coloc.abf for screen
S4_two_by_two_one_shared	one of two signals shared	2	2	1000	20265694	24510	750	0.2	0.2	20	1e-06	GJOKA_locus2_or_locus4_or_OneK_sourceLD	coloc.susie matched source LD	mismatched LD only in S6; coloc.abf for screen
S4_two_by_two_one_shared	one of two signals shared	2	2	1000	20265711	24510	750	0.2	0.2	20	1e-05	GJOKA_locus2_or_locus4_or_OneK_sourceLD	coloc.susie matched source LD	mismatched LD only in S6; coloc.abf for screen
S4_two_by_two_one_shared	one of two signals shared	2	2	1000	20265728	24510	750	0.2	0.2	20	0.0001	GJOKA_locus2_or_locus4_or_OneK_sourceLD	coloc.susie matched source LD	mismatched LD only in S6; coloc.abf for screen
S4_two_by_two_one_shared	one of two signals shared	2	2	1000	20265745	24510	750	0.2	0.5	5	1e-06	GJOKA_locus2_or_locus4_or_OneK_sourceLD	coloc.susie matched source LD	mismatched LD only in S6; coloc.abf for screen
S4_two_by_two_one_shared	one of two signals shared	2	2	1000	20265762	24510	750	0.2	0.5	5	1e-05	GJOKA_locus2_or_locus4_or_OneK_sourceLD	coloc.susie matched source LD	mismatched LD only in S6; coloc.abf for screen
S4_two_by_two_one_shared	one of two signals shared	2	2	1000	20265779	24510	750	0.2	0.5	5	0.0001	GJOKA_locus2_or_locus4_or_OneK_sourceLD	coloc.susie matched source LD	mismatched LD only in S6; coloc.abf for screen
S4_two_by_two_one_shared	one of two signals shared	2	2	1000	20265796	24510	750	0.2	0.5	10	1e-06	GJOKA_locus2_or_locus4_or_OneK_sourceLD	coloc.susie matched source LD	mismatched LD only in S6; coloc.abf for screen
S4_two_by_two_one_shared	one of two signals shared	2	2	1000	20265813	24510	750	0.2	0.5	10	1e-05	GJOKA_locus2_or_locus4_or_OneK_sourceLD	coloc.susie matched source LD	mismatched LD only in S6; coloc.abf for screen
S4_two_by_two_one_shared	one of two signals shared	2	2	1000	20265830	24510	750	0.2	0.5	10	0.0001	GJOKA_locus2_or_locus4_or_OneK_sourceLD	coloc.susie matched source LD	mismatched LD only in S6; coloc.abf for screen
S4_two_by_two_one_shared	one of two signals shared	2	2	1000	20265847	24510	750	0.2	0.5	20	1e-06	GJOKA_locus2_or_locus4_or_OneK_sourceLD	coloc.susie matched source LD	mismatched LD only in S6; coloc.abf for screen
S4_two_by_two_one_shared	one of two signals shared	2	2	1000	20265864	24510	750	0.2	0.5	20	1e-05	GJOKA_locus2_or_locus4_or_OneK_sourceLD	coloc.susie matched source LD	mismatched LD only in S6; coloc.abf for screen
S4_two_by_two_one_shared	one of two signals shared	2	2	1000	20265881	24510	750	0.2	0.5	20	0.0001	GJOKA_locus2_or_locus4_or_OneK_sourceLD	coloc.susie matched source LD	mismatched LD only in S6; coloc.abf for screen
S4_two_by_two_one_shared	one of two signals shared	2	2	1000	20265898	24510	750	0.2	0.8	5	1e-06	GJOKA_locus2_or_locus4_or_OneK_sourceLD	coloc.susie matched source LD	mismatched LD only in S6; coloc.abf for screen
S4_two_by_two_one_shared	one of two signals shared	2	2	1000	20265915	24510	750	0.2	0.8	5	1e-05	GJOKA_locus2_or_locus4_or_OneK_sourceLD	coloc.susie matched source LD	mismatched LD only in S6; coloc.abf for screen
S4_two_by_two_one_shared	one of two signals shared	2	2	1000	20265932	24510	750	0.2	0.8	5	0.0001	GJOKA_locus2_or_locus4_or_OneK_sourceLD	coloc.susie matched source LD	mismatched LD only in S6; coloc.abf for screen
S4_two_by_two_one_shared	one of two signals shared	2	2	1000	20265949	24510	750	0.2	0.8	10	1e-06	GJOKA_locus2_or_locus4_or_OneK_sourceLD	coloc.susie matched source LD	mismatched LD only in S6; coloc.abf for screen
S4_two_by_two_one_shared	one of two signals shared	2	2	1000	20265966	24510	750	0.2	0.8	10	1e-05	GJOKA_locus2_or_locus4_or_OneK_sourceLD	coloc.susie matched source LD	mismatched LD only in S6; coloc.abf for screen
S4_two_by_two_one_shared	one of two signals shared	2	2	1000	20265983	24510	750	0.2	0.8	10	0.0001	GJOKA_locus2_or_locus4_or_OneK_sourceLD	coloc.susie matched source LD	mismatched LD only in S6; coloc.abf for screen
S4_two_by_two_one_shared	one of two signals shared	2	2	1000	20266000	24510	750	0.2	0.8	20	1e-06	GJOKA_locus2_or_locus4_or_OneK_sourceLD	coloc.susie matched source LD	mismatched LD only in S6; coloc.abf for screen
S4_two_by_two_one_shared	one of two signals shared	2	2	1000	20266017	24510	750	0.2	0.8	20	1e-05	GJOKA_locus2_or_locus4_or_OneK_sourceLD	coloc.susie matched source LD	mismatched LD only in S6; coloc.abf for screen
S4_two_by_two_one_shared	one of two signals shared	2	2	1000	20266034	24510	750	0.2	0.8	20	0.0001	GJOKA_locus2_or_locus4_or_OneK_sourceLD	coloc.susie matched source LD	mismatched LD only in S6; coloc.abf for screen
S4_two_by_two_one_shared	one of two signals shared	2	2	1000	20266051	24510	750	0.4	0.2	5	1e-06	GJOKA_locus2_or_locus4_or_OneK_sourceLD	coloc.susie matched source LD	mismatched LD only in S6; coloc.abf for screen
S4_two_by_two_one_shared	one of two signals shared	2	2	1000	20266068	24510	750	0.4	0.2	5	1e-05	GJOKA_locus2_or_locus4_or_OneK_sourceLD	coloc.susie matched source LD	mismatched LD only in S6; coloc.abf for screen
S4_two_by_two_one_shared	one of two signals shared	2	2	1000	20266085	24510	750	0.4	0.2	5	0.0001	GJOKA_locus2_or_locus4_or_OneK_sourceLD	coloc.susie matched source LD	mismatched LD only in S6; coloc.abf for screen
S4_two_by_two_one_shared	one of two signals shared	2	2	1000	20266102	24510	750	0.4	0.2	10	1e-06	GJOKA_locus2_or_locus4_or_OneK_sourceLD	coloc.susie matched source LD	mismatched LD only in S6; coloc.abf for screen
S4_two_by_two_one_shared	one of two signals shared	2	2	1000	20266119	24510	750	0.4	0.2	10	1e-05	GJOKA_locus2_or_locus4_or_OneK_sourceLD	coloc.susie matched source LD	mismatched LD only in S6; coloc.abf for screen
S4_two_by_two_one_shared	one of two signals shared	2	2	1000	20266136	24510	750	0.4	0.2	10	0.0001	GJOKA_locus2_or_locus4_or_OneK_sourceLD	coloc.susie matched source LD	mismatched LD only in S6; coloc.abf for screen
S4_two_by_two_one_shared	one of two signals shared	2	2	1000	20266153	24510	750	0.4	0.2	20	1e-06	GJOKA_locus2_or_locus4_or_OneK_sourceLD	coloc.susie matched source LD	mismatched LD only in S6; coloc.abf for screen
S4_two_by_two_one_shared	one of two signals shared	2	2	1000	20266170	24510	750	0.4	0.2	20	1e-05	GJOKA_locus2_or_locus4_or_OneK_sourceLD	coloc.susie matched source LD	mismatched LD only in S6; coloc.abf for screen
S4_two_by_two_one_shared	one of two signals shared	2	2	1000	20266187	24510	750	0.4	0.2	20	0.0001	GJOKA_locus2_or_locus4_or_OneK_sourceLD	coloc.susie matched source LD	mismatched LD only in S6; coloc.abf for screen
S4_two_by_two_one_shared	one of two signals shared	2	2	1000	20266204	24510	750	0.4	0.5	5	1e-06	GJOKA_locus2_or_locus4_or_OneK_sourceLD	coloc.susie matched source LD	mismatched LD only in S6; coloc.abf for screen
S4_two_by_two_one_shared	one of two signals shared	2	2	1000	20266221	24510	750	0.4	0.5	5	1e-05	GJOKA_locus2_or_locus4_or_OneK_sourceLD	coloc.susie matched source LD	mismatched LD only in S6; coloc.abf for screen
S4_two_by_two_one_shared	one of two signals shared	2	2	1000	20266238	24510	750	0.4	0.5	5	0.0001	GJOKA_locus2_or_locus4_or_OneK_sourceLD	coloc.susie matched source LD	mismatched LD only in S6; coloc.abf for screen
S4_two_by_two_one_shared	one of two signals shared	2	2	1000	20266255	24510	750	0.4	0.5	10	1e-06	GJOKA_locus2_or_locus4_or_OneK_sourceLD	coloc.susie matched source LD	mismatched LD only in S6; coloc.abf for screen
S4_two_by_two_one_shared	one of two signals shared	2	2	1000	20266272	24510	750	0.4	0.5	10	1e-05	GJOKA_locus2_or_locus4_or_OneK_sourceLD	coloc.susie matched source LD	mismatched LD only in S6; coloc.abf for screen
S4_two_by_two_one_shared	one of two signals shared	2	2	1000	20266289	24510	750	0.4	0.5	10	0.0001	GJOKA_locus2_or_locus4_or_OneK_sourceLD	coloc.susie matched source LD	mismatched LD only in S6; coloc.abf for screen
S4_two_by_two_one_shared	one of two signals shared	2	2	1000	20266306	24510	750	0.4	0.5	20	1e-06	GJOKA_locus2_or_locus4_or_OneK_sourceLD	coloc.susie matched source LD	mismatched LD only in S6; coloc.abf for screen
S4_two_by_two_one_shared	one of two signals shared	2	2	1000	20266323	24510	750	0.4	0.5	20	1e-05	GJOKA_locus2_or_locus4_or_OneK_sourceLD	coloc.susie matched source LD	mismatched LD only in S6; coloc.abf for screen
S4_two_by_two_one_shared	one of two signals shared	2	2	1000	20266340	24510	750	0.4	0.5	20	0.0001	GJOKA_locus2_or_locus4_or_OneK_sourceLD	coloc.susie matched source LD	mismatched LD only in S6; coloc.abf for screen
S4_two_by_two_one_shared	one of two signals shared	2	2	1000	20266357	24510	750	0.4	0.8	5	1e-06	GJOKA_locus2_or_locus4_or_OneK_sourceLD	coloc.susie matched source LD	mismatched LD only in S6; coloc.abf for screen
S4_two_by_two_one_shared	one of two signals shared	2	2	1000	20266374	24510	750	0.4	0.8	5	1e-05	GJOKA_locus2_or_locus4_or_OneK_sourceLD	coloc.susie matched source LD	mismatched LD only in S6; coloc.abf for screen
S4_two_by_two_one_shared	one of two signals shared	2	2	1000	20266391	24510	750	0.4	0.8	5	0.0001	GJOKA_locus2_or_locus4_or_OneK_sourceLD	coloc.susie matched source LD	mismatched LD only in S6; coloc.abf for screen
S4_two_by_two_one_shared	one of two signals shared	2	2	1000	20266408	24510	750	0.4	0.8	10	1e-06	GJOKA_locus2_or_locus4_or_OneK_sourceLD	coloc.susie matched source LD	mismatched LD only in S6; coloc.abf for screen
S4_two_by_two_one_shared	one of two signals shared	2	2	1000	20266425	24510	750	0.4	0.8	10	1e-05	GJOKA_locus2_or_locus4_or_OneK_sourceLD	coloc.susie matched source LD	mismatched LD only in S6; coloc.abf for screen
S4_two_by_two_one_shared	one of two signals shared	2	2	1000	20266442	24510	750	0.4	0.8	10	0.0001	GJOKA_locus2_or_locus4_or_OneK_sourceLD	coloc.susie matched source LD	mismatched LD only in S6; coloc.abf for screen
S4_two_by_two_one_shared	one of two signals shared	2	2	1000	20266459	24510	750	0.4	0.8	20	1e-06	GJOKA_locus2_or_locus4_or_OneK_sourceLD	coloc.susie matched source LD	mismatched LD only in S6; coloc.abf for screen
S4_two_by_two_one_shared	one of two signals shared	2	2	1000	20266476	24510	750	0.4	0.8	20	1e-05	GJOKA_locus2_or_locus4_or_OneK_sourceLD	coloc.susie matched source LD	mismatched LD only in S6; coloc.abf for screen
S4_two_by_two_one_shared	one of two signals shared	2	2	1000	20266493	24510	750	0.4	0.8	20	0.0001	GJOKA_locus2_or_locus4_or_OneK_sourceLD	coloc.susie matched source LD	mismatched LD only in S6; coloc.abf for screen
S5_two_by_two_none_highLD	no shared signal under high LD	2	2	1000	20266510	24510	750	0.05	0.2	5	1e-06	GJOKA_locus2_or_locus4_or_OneK_sourceLD	coloc.susie matched source LD	mismatched LD only in S6; coloc.abf for screen
S5_two_by_two_none_highLD	no shared signal under high LD	2	2	1000	20266527	24510	750	0.05	0.2	5	1e-05	GJOKA_locus2_or_locus4_or_OneK_sourceLD	coloc.susie matched source LD	mismatched LD only in S6; coloc.abf for screen
S5_two_by_two_none_highLD	no shared signal under high LD	2	2	1000	20266544	24510	750	0.05	0.2	5	0.0001	GJOKA_locus2_or_locus4_or_OneK_sourceLD	coloc.susie matched source LD	mismatched LD only in S6; coloc.abf for screen
S5_two_by_two_none_highLD	no shared signal under high LD	2	2	1000	20266561	24510	750	0.05	0.2	10	1e-06	GJOKA_locus2_or_locus4_or_OneK_sourceLD	coloc.susie matched source LD	mismatched LD only in S6; coloc.abf for screen
S5_two_by_two_none_highLD	no shared signal under high LD	2	2	1000	20266578	24510	750	0.05	0.2	10	1e-05	GJOKA_locus2_or_locus4_or_OneK_sourceLD	coloc.susie matched source LD	mismatched LD only in S6; coloc.abf for screen
S5_two_by_two_none_highLD	no shared signal under high LD	2	2	1000	20266595	24510	750	0.05	0.2	10	0.0001	GJOKA_locus2_or_locus4_or_OneK_sourceLD	coloc.susie matched source LD	mismatched LD only in S6; coloc.abf for screen
S5_two_by_two_none_highLD	no shared signal under high LD	2	2	1000	20266612	24510	750	0.05	0.2	20	1e-06	GJOKA_locus2_or_locus4_or_OneK_sourceLD	coloc.susie matched source LD	mismatched LD only in S6; coloc.abf for screen
S5_two_by_two_none_highLD	no shared signal under high LD	2	2	1000	20266629	24510	750	0.05	0.2	20	1e-05	GJOKA_locus2_or_locus4_or_OneK_sourceLD	coloc.susie matched source LD	mismatched LD only in S6; coloc.abf for screen
S5_two_by_two_none_highLD	no shared signal under high LD	2	2	1000	20266646	24510	750	0.05	0.2	20	0.0001	GJOKA_locus2_or_locus4_or_OneK_sourceLD	coloc.susie matched source LD	mismatched LD only in S6; coloc.abf for screen
S5_two_by_two_none_highLD	no shared signal under high LD	2	2	1000	20266663	24510	750	0.05	0.5	5	1e-06	GJOKA_locus2_or_locus4_or_OneK_sourceLD	coloc.susie matched source LD	mismatched LD only in S6; coloc.abf for screen
S5_two_by_two_none_highLD	no shared signal under high LD	2	2	1000	20266680	24510	750	0.05	0.5	5	1e-05	GJOKA_locus2_or_locus4_or_OneK_sourceLD	coloc.susie matched source LD	mismatched LD only in S6; coloc.abf for screen
S5_two_by_two_none_highLD	no shared signal under high LD	2	2	1000	20266697	24510	750	0.05	0.5	5	0.0001	GJOKA_locus2_or_locus4_or_OneK_sourceLD	coloc.susie matched source LD	mismatched LD only in S6; coloc.abf for screen
S5_two_by_two_none_highLD	no shared signal under high LD	2	2	1000	20266714	24510	750	0.05	0.5	10	1e-06	GJOKA_locus2_or_locus4_or_OneK_sourceLD	coloc.susie matched source LD	mismatched LD only in S6; coloc.abf for screen
S5_two_by_two_none_highLD	no shared signal under high LD	2	2	1000	20266731	24510	750	0.05	0.5	10	1e-05	GJOKA_locus2_or_locus4_or_OneK_sourceLD	coloc.susie matched source LD	mismatched LD only in S6; coloc.abf for screen
S5_two_by_two_none_highLD	no shared signal under high LD	2	2	1000	20266748	24510	750	0.05	0.5	10	0.0001	GJOKA_locus2_or_locus4_or_OneK_sourceLD	coloc.susie matched source LD	mismatched LD only in S6; coloc.abf for screen
S5_two_by_two_none_highLD	no shared signal under high LD	2	2	1000	20266765	24510	750	0.05	0.5	20	1e-06	GJOKA_locus2_or_locus4_or_OneK_sourceLD	coloc.susie matched source LD	mismatched LD only in S6; coloc.abf for screen
S5_two_by_two_none_highLD	no shared signal under high LD	2	2	1000	20266782	24510	750	0.05	0.5	20	1e-05	GJOKA_locus2_or_locus4_or_OneK_sourceLD	coloc.susie matched source LD	mismatched LD only in S6; coloc.abf for screen
S5_two_by_two_none_highLD	no shared signal under high LD	2	2	1000	20266799	24510	750	0.05	0.5	20	0.0001	GJOKA_locus2_or_locus4_or_OneK_sourceLD	coloc.susie matched source LD	mismatched LD only in S6; coloc.abf for screen
S5_two_by_two_none_highLD	no shared signal under high LD	2	2	1000	20266816	24510	750	0.05	0.8	5	1e-06	GJOKA_locus2_or_locus4_or_OneK_sourceLD	coloc.susie matched source LD	mismatched LD only in S6; coloc.abf for screen
S5_two_by_two_none_highLD	no shared signal under high LD	2	2	1000	20266833	24510	750	0.05	0.8	5	1e-05	GJOKA_locus2_or_locus4_or_OneK_sourceLD	coloc.susie matched source LD	mismatched LD only in S6; coloc.abf for screen
S5_two_by_two_none_highLD	no shared signal under high LD	2	2	1000	20266850	24510	750	0.05	0.8	5	0.0001	GJOKA_locus2_or_locus4_or_OneK_sourceLD	coloc.susie matched source LD	mismatched LD only in S6; coloc.abf for screen
S5_two_by_two_none_highLD	no shared signal under high LD	2	2	1000	20266867	24510	750	0.05	0.8	10	1e-06	GJOKA_locus2_or_locus4_or_OneK_sourceLD	coloc.susie matched source LD	mismatched LD only in S6; coloc.abf for screen
S5_two_by_two_none_highLD	no shared signal under high LD	2	2	1000	20266884	24510	750	0.05	0.8	10	1e-05	GJOKA_locus2_or_locus4_or_OneK_sourceLD	coloc.susie matched source LD	mismatched LD only in S6; coloc.abf for screen
S5_two_by_two_none_highLD	no shared signal under high LD	2	2	1000	20266901	24510	750	0.05	0.8	10	0.0001	GJOKA_locus2_or_locus4_or_OneK_sourceLD	coloc.susie matched source LD	mismatched LD only in S6; coloc.abf for screen
S5_two_by_two_none_highLD	no shared signal under high LD	2	2	1000	20266918	24510	750	0.05	0.8	20	1e-06	GJOKA_locus2_or_locus4_or_OneK_sourceLD	coloc.susie matched source LD	mismatched LD only in S6; coloc.abf for screen
S5_two_by_two_none_highLD	no shared signal under high LD	2	2	1000	20266935	24510	750	0.05	0.8	20	1e-05	GJOKA_locus2_or_locus4_or_OneK_sourceLD	coloc.susie matched source LD	mismatched LD only in S6; coloc.abf for screen
S5_two_by_two_none_highLD	no shared signal under high LD	2	2	1000	20266952	24510	750	0.05	0.8	20	0.0001	GJOKA_locus2_or_locus4_or_OneK_sourceLD	coloc.susie matched source LD	mismatched LD only in S6; coloc.abf for screen
S5_two_by_two_none_highLD	no shared signal under high LD	2	2	1000	20266969	24510	750	0.2	0.2	5	1e-06	GJOKA_locus2_or_locus4_or_OneK_sourceLD	coloc.susie matched source LD	mismatched LD only in S6; coloc.abf for screen
S5_two_by_two_none_highLD	no shared signal under high LD	2	2	1000	20266986	24510	750	0.2	0.2	5	1e-05	GJOKA_locus2_or_locus4_or_OneK_sourceLD	coloc.susie matched source LD	mismatched LD only in S6; coloc.abf for screen
S5_two_by_two_none_highLD	no shared signal under high LD	2	2	1000	20267003	24510	750	0.2	0.2	5	0.0001	GJOKA_locus2_or_locus4_or_OneK_sourceLD	coloc.susie matched source LD	mismatched LD only in S6; coloc.abf for screen
S5_two_by_two_none_highLD	no shared signal under high LD	2	2	1000	20267020	24510	750	0.2	0.2	10	1e-06	GJOKA_locus2_or_locus4_or_OneK_sourceLD	coloc.susie matched source LD	mismatched LD only in S6; coloc.abf for screen
S5_two_by_two_none_highLD	no shared signal under high LD	2	2	1000	20267037	24510	750	0.2	0.2	10	1e-05	GJOKA_locus2_or_locus4_or_OneK_sourceLD	coloc.susie matched source LD	mismatched LD only in S6; coloc.abf for screen
S5_two_by_two_none_highLD	no shared signal under high LD	2	2	1000	20267054	24510	750	0.2	0.2	10	0.0001	GJOKA_locus2_or_locus4_or_OneK_sourceLD	coloc.susie matched source LD	mismatched LD only in S6; coloc.abf for screen
S5_two_by_two_none_highLD	no shared signal under high LD	2	2	1000	20267071	24510	750	0.2	0.2	20	1e-06	GJOKA_locus2_or_locus4_or_OneK_sourceLD	coloc.susie matched source LD	mismatched LD only in S6; coloc.abf for screen
S5_two_by_two_none_highLD	no shared signal under high LD	2	2	1000	20267088	24510	750	0.2	0.2	20	1e-05	GJOKA_locus2_or_locus4_or_OneK_sourceLD	coloc.susie matched source LD	mismatched LD only in S6; coloc.abf for screen
S5_two_by_two_none_highLD	no shared signal under high LD	2	2	1000	20267105	24510	750	0.2	0.2	20	0.0001	GJOKA_locus2_or_locus4_or_OneK_sourceLD	coloc.susie matched source LD	mismatched LD only in S6; coloc.abf for screen
S5_two_by_two_none_highLD	no shared signal under high LD	2	2	1000	20267122	24510	750	0.2	0.5	5	1e-06	GJOKA_locus2_or_locus4_or_OneK_sourceLD	coloc.susie matched source LD	mismatched LD only in S6; coloc.abf for screen
S5_two_by_two_none_highLD	no shared signal under high LD	2	2	1000	20267139	24510	750	0.2	0.5	5	1e-05	GJOKA_locus2_or_locus4_or_OneK_sourceLD	coloc.susie matched source LD	mismatched LD only in S6; coloc.abf for screen
S5_two_by_two_none_highLD	no shared signal under high LD	2	2	1000	20267156	24510	750	0.2	0.5	5	0.0001	GJOKA_locus2_or_locus4_or_OneK_sourceLD	coloc.susie matched source LD	mismatched LD only in S6; coloc.abf for screen
S5_two_by_two_none_highLD	no shared signal under high LD	2	2	1000	20267173	24510	750	0.2	0.5	10	1e-06	GJOKA_locus2_or_locus4_or_OneK_sourceLD	coloc.susie matched source LD	mismatched LD only in S6; coloc.abf for screen
S5_two_by_two_none_highLD	no shared signal under high LD	2	2	1000	20267190	24510	750	0.2	0.5	10	1e-05	GJOKA_locus2_or_locus4_or_OneK_sourceLD	coloc.susie matched source LD	mismatched LD only in S6; coloc.abf for screen
S5_two_by_two_none_highLD	no shared signal under high LD	2	2	1000	20267207	24510	750	0.2	0.5	10	0.0001	GJOKA_locus2_or_locus4_or_OneK_sourceLD	coloc.susie matched source LD	mismatched LD only in S6; coloc.abf for screen
S5_two_by_two_none_highLD	no shared signal under high LD	2	2	1000	20267224	24510	750	0.2	0.5	20	1e-06	GJOKA_locus2_or_locus4_or_OneK_sourceLD	coloc.susie matched source LD	mismatched LD only in S6; coloc.abf for screen
S5_two_by_two_none_highLD	no shared signal under high LD	2	2	1000	20267241	24510	750	0.2	0.5	20	1e-05	GJOKA_locus2_or_locus4_or_OneK_sourceLD	coloc.susie matched source LD	mismatched LD only in S6; coloc.abf for screen
S5_two_by_two_none_highLD	no shared signal under high LD	2	2	1000	20267258	24510	750	0.2	0.5	20	0.0001	GJOKA_locus2_or_locus4_or_OneK_sourceLD	coloc.susie matched source LD	mismatched LD only in S6; coloc.abf for screen
S5_two_by_two_none_highLD	no shared signal under high LD	2	2	1000	20267275	24510	750	0.2	0.8	5	1e-06	GJOKA_locus2_or_locus4_or_OneK_sourceLD	coloc.susie matched source LD	mismatched LD only in S6; coloc.abf for screen
S5_two_by_two_none_highLD	no shared signal under high LD	2	2	1000	20267292	24510	750	0.2	0.8	5	1e-05	GJOKA_locus2_or_locus4_or_OneK_sourceLD	coloc.susie matched source LD	mismatched LD only in S6; coloc.abf for screen
S5_two_by_two_none_highLD	no shared signal under high LD	2	2	1000	20267309	24510	750	0.2	0.8	5	0.0001	GJOKA_locus2_or_locus4_or_OneK_sourceLD	coloc.susie matched source LD	mismatched LD only in S6; coloc.abf for screen
S5_two_by_two_none_highLD	no shared signal under high LD	2	2	1000	20267326	24510	750	0.2	0.8	10	1e-06	GJOKA_locus2_or_locus4_or_OneK_sourceLD	coloc.susie matched source LD	mismatched LD only in S6; coloc.abf for screen
S5_two_by_two_none_highLD	no shared signal under high LD	2	2	1000	20267343	24510	750	0.2	0.8	10	1e-05	GJOKA_locus2_or_locus4_or_OneK_sourceLD	coloc.susie matched source LD	mismatched LD only in S6; coloc.abf for screen
S5_two_by_two_none_highLD	no shared signal under high LD	2	2	1000	20267360	24510	750	0.2	0.8	10	0.0001	GJOKA_locus2_or_locus4_or_OneK_sourceLD	coloc.susie matched source LD	mismatched LD only in S6; coloc.abf for screen
S5_two_by_two_none_highLD	no shared signal under high LD	2	2	1000	20267377	24510	750	0.2	0.8	20	1e-06	GJOKA_locus2_or_locus4_or_OneK_sourceLD	coloc.susie matched source LD	mismatched LD only in S6; coloc.abf for screen
S5_two_by_two_none_highLD	no shared signal under high LD	2	2	1000	20267394	24510	750	0.2	0.8	20	1e-05	GJOKA_locus2_or_locus4_or_OneK_sourceLD	coloc.susie matched source LD	mismatched LD only in S6; coloc.abf for screen
S5_two_by_two_none_highLD	no shared signal under high LD	2	2	1000	20267411	24510	750	0.2	0.8	20	0.0001	GJOKA_locus2_or_locus4_or_OneK_sourceLD	coloc.susie matched source LD	mismatched LD only in S6; coloc.abf for screen
S5_two_by_two_none_highLD	no shared signal under high LD	2	2	1000	20267428	24510	750	0.4	0.2	5	1e-06	GJOKA_locus2_or_locus4_or_OneK_sourceLD	coloc.susie matched source LD	mismatched LD only in S6; coloc.abf for screen
S5_two_by_two_none_highLD	no shared signal under high LD	2	2	1000	20267445	24510	750	0.4	0.2	5	1e-05	GJOKA_locus2_or_locus4_or_OneK_sourceLD	coloc.susie matched source LD	mismatched LD only in S6; coloc.abf for screen
S5_two_by_two_none_highLD	no shared signal under high LD	2	2	1000	20267462	24510	750	0.4	0.2	5	0.0001	GJOKA_locus2_or_locus4_or_OneK_sourceLD	coloc.susie matched source LD	mismatched LD only in S6; coloc.abf for screen
S5_two_by_two_none_highLD	no shared signal under high LD	2	2	1000	20267479	24510	750	0.4	0.2	10	1e-06	GJOKA_locus2_or_locus4_or_OneK_sourceLD	coloc.susie matched source LD	mismatched LD only in S6; coloc.abf for screen
S5_two_by_two_none_highLD	no shared signal under high LD	2	2	1000	20267496	24510	750	0.4	0.2	10	1e-05	GJOKA_locus2_or_locus4_or_OneK_sourceLD	coloc.susie matched source LD	mismatched LD only in S6; coloc.abf for screen
S5_two_by_two_none_highLD	no shared signal under high LD	2	2	1000	20267513	24510	750	0.4	0.2	10	0.0001	GJOKA_locus2_or_locus4_or_OneK_sourceLD	coloc.susie matched source LD	mismatched LD only in S6; coloc.abf for screen
S5_two_by_two_none_highLD	no shared signal under high LD	2	2	1000	20267530	24510	750	0.4	0.2	20	1e-06	GJOKA_locus2_or_locus4_or_OneK_sourceLD	coloc.susie matched source LD	mismatched LD only in S6; coloc.abf for screen
S5_two_by_two_none_highLD	no shared signal under high LD	2	2	1000	20267547	24510	750	0.4	0.2	20	1e-05	GJOKA_locus2_or_locus4_or_OneK_sourceLD	coloc.susie matched source LD	mismatched LD only in S6; coloc.abf for screen
S5_two_by_two_none_highLD	no shared signal under high LD	2	2	1000	20267564	24510	750	0.4	0.2	20	0.0001	GJOKA_locus2_or_locus4_or_OneK_sourceLD	coloc.susie matched source LD	mismatched LD only in S6; coloc.abf for screen
S5_two_by_two_none_highLD	no shared signal under high LD	2	2	1000	20267581	24510	750	0.4	0.5	5	1e-06	GJOKA_locus2_or_locus4_or_OneK_sourceLD	coloc.susie matched source LD	mismatched LD only in S6; coloc.abf for screen
S5_two_by_two_none_highLD	no shared signal under high LD	2	2	1000	20267598	24510	750	0.4	0.5	5	1e-05	GJOKA_locus2_or_locus4_or_OneK_sourceLD	coloc.susie matched source LD	mismatched LD only in S6; coloc.abf for screen
S5_two_by_two_none_highLD	no shared signal under high LD	2	2	1000	20267615	24510	750	0.4	0.5	5	0.0001	GJOKA_locus2_or_locus4_or_OneK_sourceLD	coloc.susie matched source LD	mismatched LD only in S6; coloc.abf for screen
S5_two_by_two_none_highLD	no shared signal under high LD	2	2	1000	20267632	24510	750	0.4	0.5	10	1e-06	GJOKA_locus2_or_locus4_or_OneK_sourceLD	coloc.susie matched source LD	mismatched LD only in S6; coloc.abf for screen
S5_two_by_two_none_highLD	no shared signal under high LD	2	2	1000	20267649	24510	750	0.4	0.5	10	1e-05	GJOKA_locus2_or_locus4_or_OneK_sourceLD	coloc.susie matched source LD	mismatched LD only in S6; coloc.abf for screen
S5_two_by_two_none_highLD	no shared signal under high LD	2	2	1000	20267666	24510	750	0.4	0.5	10	0.0001	GJOKA_locus2_or_locus4_or_OneK_sourceLD	coloc.susie matched source LD	mismatched LD only in S6; coloc.abf for screen
S5_two_by_two_none_highLD	no shared signal under high LD	2	2	1000	20267683	24510	750	0.4	0.5	20	1e-06	GJOKA_locus2_or_locus4_or_OneK_sourceLD	coloc.susie matched source LD	mismatched LD only in S6; coloc.abf for screen
S5_two_by_two_none_highLD	no shared signal under high LD	2	2	1000	20267700	24510	750	0.4	0.5	20	1e-05	GJOKA_locus2_or_locus4_or_OneK_sourceLD	coloc.susie matched source LD	mismatched LD only in S6; coloc.abf for screen
S5_two_by_two_none_highLD	no shared signal under high LD	2	2	1000	20267717	24510	750	0.4	0.5	20	0.0001	GJOKA_locus2_or_locus4_or_OneK_sourceLD	coloc.susie matched source LD	mismatched LD only in S6; coloc.abf for screen
S5_two_by_two_none_highLD	no shared signal under high LD	2	2	1000	20267734	24510	750	0.4	0.8	5	1e-06	GJOKA_locus2_or_locus4_or_OneK_sourceLD	coloc.susie matched source LD	mismatched LD only in S6; coloc.abf for screen
S5_two_by_two_none_highLD	no shared signal under high LD	2	2	1000	20267751	24510	750	0.4	0.8	5	1e-05	GJOKA_locus2_or_locus4_or_OneK_sourceLD	coloc.susie matched source LD	mismatched LD only in S6; coloc.abf for screen
S5_two_by_two_none_highLD	no shared signal under high LD	2	2	1000	20267768	24510	750	0.4	0.8	5	0.0001	GJOKA_locus2_or_locus4_or_OneK_sourceLD	coloc.susie matched source LD	mismatched LD only in S6; coloc.abf for screen
S5_two_by_two_none_highLD	no shared signal under high LD	2	2	1000	20267785	24510	750	0.4	0.8	10	1e-06	GJOKA_locus2_or_locus4_or_OneK_sourceLD	coloc.susie matched source LD	mismatched LD only in S6; coloc.abf for screen
S5_two_by_two_none_highLD	no shared signal under high LD	2	2	1000	20267802	24510	750	0.4	0.8	10	1e-05	GJOKA_locus2_or_locus4_or_OneK_sourceLD	coloc.susie matched source LD	mismatched LD only in S6; coloc.abf for screen
S5_two_by_two_none_highLD	no shared signal under high LD	2	2	1000	20267819	24510	750	0.4	0.8	10	0.0001	GJOKA_locus2_or_locus4_or_OneK_sourceLD	coloc.susie matched source LD	mismatched LD only in S6; coloc.abf for screen
S5_two_by_two_none_highLD	no shared signal under high LD	2	2	1000	20267836	24510	750	0.4	0.8	20	1e-06	GJOKA_locus2_or_locus4_or_OneK_sourceLD	coloc.susie matched source LD	mismatched LD only in S6; coloc.abf for screen
S5_two_by_two_none_highLD	no shared signal under high LD	2	2	1000	20267853	24510	750	0.4	0.8	20	1e-05	GJOKA_locus2_or_locus4_or_OneK_sourceLD	coloc.susie matched source LD	mismatched LD only in S6; coloc.abf for screen
S5_two_by_two_none_highLD	no shared signal under high LD	2	2	1000	20267870	24510	750	0.4	0.8	20	0.0001	GJOKA_locus2_or_locus4_or_OneK_sourceLD	coloc.susie matched source LD	mismatched LD only in S6; coloc.abf for screen
S6_matched_vs_mismatched_LD	matched versus deliberately mismatched LD	2	2	1000	20267887	24510	750	0.05	0.2	5	1e-06	GJOKA_locus2_or_locus4_or_OneK_sourceLD	coloc.susie matched source LD	mismatched LD only in S6; coloc.abf for screen
S6_matched_vs_mismatched_LD	matched versus deliberately mismatched LD	2	2	1000	20267904	24510	750	0.05	0.2	5	1e-05	GJOKA_locus2_or_locus4_or_OneK_sourceLD	coloc.susie matched source LD	mismatched LD only in S6; coloc.abf for screen
S6_matched_vs_mismatched_LD	matched versus deliberately mismatched LD	2	2	1000	20267921	24510	750	0.05	0.2	5	0.0001	GJOKA_locus2_or_locus4_or_OneK_sourceLD	coloc.susie matched source LD	mismatched LD only in S6; coloc.abf for screen
S6_matched_vs_mismatched_LD	matched versus deliberately mismatched LD	2	2	1000	20267938	24510	750	0.05	0.2	10	1e-06	GJOKA_locus2_or_locus4_or_OneK_sourceLD	coloc.susie matched source LD	mismatched LD only in S6; coloc.abf for screen
S6_matched_vs_mismatched_LD	matched versus deliberately mismatched LD	2	2	1000	20267955	24510	750	0.05	0.2	10	1e-05	GJOKA_locus2_or_locus4_or_OneK_sourceLD	coloc.susie matched source LD	mismatched LD only in S6; coloc.abf for screen
S6_matched_vs_mismatched_LD	matched versus deliberately mismatched LD	2	2	1000	20267972	24510	750	0.05	0.2	10	0.0001	GJOKA_locus2_or_locus4_or_OneK_sourceLD	coloc.susie matched source LD	mismatched LD only in S6; coloc.abf for screen
S6_matched_vs_mismatched_LD	matched versus deliberately mismatched LD	2	2	1000	20267989	24510	750	0.05	0.2	20	1e-06	GJOKA_locus2_or_locus4_or_OneK_sourceLD	coloc.susie matched source LD	mismatched LD only in S6; coloc.abf for screen
S6_matched_vs_mismatched_LD	matched versus deliberately mismatched LD	2	2	1000	20268006	24510	750	0.05	0.2	20	1e-05	GJOKA_locus2_or_locus4_or_OneK_sourceLD	coloc.susie matched source LD	mismatched LD only in S6; coloc.abf for screen
S6_matched_vs_mismatched_LD	matched versus deliberately mismatched LD	2	2	1000	20268023	24510	750	0.05	0.2	20	0.0001	GJOKA_locus2_or_locus4_or_OneK_sourceLD	coloc.susie matched source LD	mismatched LD only in S6; coloc.abf for screen
S6_matched_vs_mismatched_LD	matched versus deliberately mismatched LD	2	2	1000	20268040	24510	750	0.05	0.5	5	1e-06	GJOKA_locus2_or_locus4_or_OneK_sourceLD	coloc.susie matched source LD	mismatched LD only in S6; coloc.abf for screen
S6_matched_vs_mismatched_LD	matched versus deliberately mismatched LD	2	2	1000	20268057	24510	750	0.05	0.5	5	1e-05	GJOKA_locus2_or_locus4_or_OneK_sourceLD	coloc.susie matched source LD	mismatched LD only in S6; coloc.abf for screen
S6_matched_vs_mismatched_LD	matched versus deliberately mismatched LD	2	2	1000	20268074	24510	750	0.05	0.5	5	0.0001	GJOKA_locus2_or_locus4_or_OneK_sourceLD	coloc.susie matched source LD	mismatched LD only in S6; coloc.abf for screen
S6_matched_vs_mismatched_LD	matched versus deliberately mismatched LD	2	2	1000	20268091	24510	750	0.05	0.5	10	1e-06	GJOKA_locus2_or_locus4_or_OneK_sourceLD	coloc.susie matched source LD	mismatched LD only in S6; coloc.abf for screen
S6_matched_vs_mismatched_LD	matched versus deliberately mismatched LD	2	2	1000	20268108	24510	750	0.05	0.5	10	1e-05	GJOKA_locus2_or_locus4_or_OneK_sourceLD	coloc.susie matched source LD	mismatched LD only in S6; coloc.abf for screen
S6_matched_vs_mismatched_LD	matched versus deliberately mismatched LD	2	2	1000	20268125	24510	750	0.05	0.5	10	0.0001	GJOKA_locus2_or_locus4_or_OneK_sourceLD	coloc.susie matched source LD	mismatched LD only in S6; coloc.abf for screen
S6_matched_vs_mismatched_LD	matched versus deliberately mismatched LD	2	2	1000	20268142	24510	750	0.05	0.5	20	1e-06	GJOKA_locus2_or_locus4_or_OneK_sourceLD	coloc.susie matched source LD	mismatched LD only in S6; coloc.abf for screen
S6_matched_vs_mismatched_LD	matched versus deliberately mismatched LD	2	2	1000	20268159	24510	750	0.05	0.5	20	1e-05	GJOKA_locus2_or_locus4_or_OneK_sourceLD	coloc.susie matched source LD	mismatched LD only in S6; coloc.abf for screen
S6_matched_vs_mismatched_LD	matched versus deliberately mismatched LD	2	2	1000	20268176	24510	750	0.05	0.5	20	0.0001	GJOKA_locus2_or_locus4_or_OneK_sourceLD	coloc.susie matched source LD	mismatched LD only in S6; coloc.abf for screen
S6_matched_vs_mismatched_LD	matched versus deliberately mismatched LD	2	2	1000	20268193	24510	750	0.05	0.8	5	1e-06	GJOKA_locus2_or_locus4_or_OneK_sourceLD	coloc.susie matched source LD	mismatched LD only in S6; coloc.abf for screen
S6_matched_vs_mismatched_LD	matched versus deliberately mismatched LD	2	2	1000	20268210	24510	750	0.05	0.8	5	1e-05	GJOKA_locus2_or_locus4_or_OneK_sourceLD	coloc.susie matched source LD	mismatched LD only in S6; coloc.abf for screen
S6_matched_vs_mismatched_LD	matched versus deliberately mismatched LD	2	2	1000	20268227	24510	750	0.05	0.8	5	0.0001	GJOKA_locus2_or_locus4_or_OneK_sourceLD	coloc.susie matched source LD	mismatched LD only in S6; coloc.abf for screen
S6_matched_vs_mismatched_LD	matched versus deliberately mismatched LD	2	2	1000	20268244	24510	750	0.05	0.8	10	1e-06	GJOKA_locus2_or_locus4_or_OneK_sourceLD	coloc.susie matched source LD	mismatched LD only in S6; coloc.abf for screen
S6_matched_vs_mismatched_LD	matched versus deliberately mismatched LD	2	2	1000	20268261	24510	750	0.05	0.8	10	1e-05	GJOKA_locus2_or_locus4_or_OneK_sourceLD	coloc.susie matched source LD	mismatched LD only in S6; coloc.abf for screen
S6_matched_vs_mismatched_LD	matched versus deliberately mismatched LD	2	2	1000	20268278	24510	750	0.05	0.8	10	0.0001	GJOKA_locus2_or_locus4_or_OneK_sourceLD	coloc.susie matched source LD	mismatched LD only in S6; coloc.abf for screen
S6_matched_vs_mismatched_LD	matched versus deliberately mismatched LD	2	2	1000	20268295	24510	750	0.05	0.8	20	1e-06	GJOKA_locus2_or_locus4_or_OneK_sourceLD	coloc.susie matched source LD	mismatched LD only in S6; coloc.abf for screen
S6_matched_vs_mismatched_LD	matched versus deliberately mismatched LD	2	2	1000	20268312	24510	750	0.05	0.8	20	1e-05	GJOKA_locus2_or_locus4_or_OneK_sourceLD	coloc.susie matched source LD	mismatched LD only in S6; coloc.abf for screen
S6_matched_vs_mismatched_LD	matched versus deliberately mismatched LD	2	2	1000	20268329	24510	750	0.05	0.8	20	0.0001	GJOKA_locus2_or_locus4_or_OneK_sourceLD	coloc.susie matched source LD	mismatched LD only in S6; coloc.abf for screen
S6_matched_vs_mismatched_LD	matched versus deliberately mismatched LD	2	2	1000	20268346	24510	750	0.2	0.2	5	1e-06	GJOKA_locus2_or_locus4_or_OneK_sourceLD	coloc.susie matched source LD	mismatched LD only in S6; coloc.abf for screen
S6_matched_vs_mismatched_LD	matched versus deliberately mismatched LD	2	2	1000	20268363	24510	750	0.2	0.2	5	1e-05	GJOKA_locus2_or_locus4_or_OneK_sourceLD	coloc.susie matched source LD	mismatched LD only in S6; coloc.abf for screen
S6_matched_vs_mismatched_LD	matched versus deliberately mismatched LD	2	2	1000	20268380	24510	750	0.2	0.2	5	0.0001	GJOKA_locus2_or_locus4_or_OneK_sourceLD	coloc.susie matched source LD	mismatched LD only in S6; coloc.abf for screen
S6_matched_vs_mismatched_LD	matched versus deliberately mismatched LD	2	2	1000	20268397	24510	750	0.2	0.2	10	1e-06	GJOKA_locus2_or_locus4_or_OneK_sourceLD	coloc.susie matched source LD	mismatched LD only in S6; coloc.abf for screen
S6_matched_vs_mismatched_LD	matched versus deliberately mismatched LD	2	2	1000	20268414	24510	750	0.2	0.2	10	1e-05	GJOKA_locus2_or_locus4_or_OneK_sourceLD	coloc.susie matched source LD	mismatched LD only in S6; coloc.abf for screen
S6_matched_vs_mismatched_LD	matched versus deliberately mismatched LD	2	2	1000	20268431	24510	750	0.2	0.2	10	0.0001	GJOKA_locus2_or_locus4_or_OneK_sourceLD	coloc.susie matched source LD	mismatched LD only in S6; coloc.abf for screen
S6_matched_vs_mismatched_LD	matched versus deliberately mismatched LD	2	2	1000	20268448	24510	750	0.2	0.2	20	1e-06	GJOKA_locus2_or_locus4_or_OneK_sourceLD	coloc.susie matched source LD	mismatched LD only in S6; coloc.abf for screen
S6_matched_vs_mismatched_LD	matched versus deliberately mismatched LD	2	2	1000	20268465	24510	750	0.2	0.2	20	1e-05	GJOKA_locus2_or_locus4_or_OneK_sourceLD	coloc.susie matched source LD	mismatched LD only in S6; coloc.abf for screen
S6_matched_vs_mismatched_LD	matched versus deliberately mismatched LD	2	2	1000	20268482	24510	750	0.2	0.2	20	0.0001	GJOKA_locus2_or_locus4_or_OneK_sourceLD	coloc.susie matched source LD	mismatched LD only in S6; coloc.abf for screen
S6_matched_vs_mismatched_LD	matched versus deliberately mismatched LD	2	2	1000	20268499	24510	750	0.2	0.5	5	1e-06	GJOKA_locus2_or_locus4_or_OneK_sourceLD	coloc.susie matched source LD	mismatched LD only in S6; coloc.abf for screen
S6_matched_vs_mismatched_LD	matched versus deliberately mismatched LD	2	2	1000	20268516	24510	750	0.2	0.5	5	1e-05	GJOKA_locus2_or_locus4_or_OneK_sourceLD	coloc.susie matched source LD	mismatched LD only in S6; coloc.abf for screen
S6_matched_vs_mismatched_LD	matched versus deliberately mismatched LD	2	2	1000	20268533	24510	750	0.2	0.5	5	0.0001	GJOKA_locus2_or_locus4_or_OneK_sourceLD	coloc.susie matched source LD	mismatched LD only in S6; coloc.abf for screen
S6_matched_vs_mismatched_LD	matched versus deliberately mismatched LD	2	2	1000	20268550	24510	750	0.2	0.5	10	1e-06	GJOKA_locus2_or_locus4_or_OneK_sourceLD	coloc.susie matched source LD	mismatched LD only in S6; coloc.abf for screen
S6_matched_vs_mismatched_LD	matched versus deliberately mismatched LD	2	2	1000	20268567	24510	750	0.2	0.5	10	1e-05	GJOKA_locus2_or_locus4_or_OneK_sourceLD	coloc.susie matched source LD	mismatched LD only in S6; coloc.abf for screen
S6_matched_vs_mismatched_LD	matched versus deliberately mismatched LD	2	2	1000	20268584	24510	750	0.2	0.5	10	0.0001	GJOKA_locus2_or_locus4_or_OneK_sourceLD	coloc.susie matched source LD	mismatched LD only in S6; coloc.abf for screen
S6_matched_vs_mismatched_LD	matched versus deliberately mismatched LD	2	2	1000	20268601	24510	750	0.2	0.5	20	1e-06	GJOKA_locus2_or_locus4_or_OneK_sourceLD	coloc.susie matched source LD	mismatched LD only in S6; coloc.abf for screen
S6_matched_vs_mismatched_LD	matched versus deliberately mismatched LD	2	2	1000	20268618	24510	750	0.2	0.5	20	1e-05	GJOKA_locus2_or_locus4_or_OneK_sourceLD	coloc.susie matched source LD	mismatched LD only in S6; coloc.abf for screen
S6_matched_vs_mismatched_LD	matched versus deliberately mismatched LD	2	2	1000	20268635	24510	750	0.2	0.5	20	0.0001	GJOKA_locus2_or_locus4_or_OneK_sourceLD	coloc.susie matched source LD	mismatched LD only in S6; coloc.abf for screen
S6_matched_vs_mismatched_LD	matched versus deliberately mismatched LD	2	2	1000	20268652	24510	750	0.2	0.8	5	1e-06	GJOKA_locus2_or_locus4_or_OneK_sourceLD	coloc.susie matched source LD	mismatched LD only in S6; coloc.abf for screen
S6_matched_vs_mismatched_LD	matched versus deliberately mismatched LD	2	2	1000	20268669	24510	750	0.2	0.8	5	1e-05	GJOKA_locus2_or_locus4_or_OneK_sourceLD	coloc.susie matched source LD	mismatched LD only in S6; coloc.abf for screen
S6_matched_vs_mismatched_LD	matched versus deliberately mismatched LD	2	2	1000	20268686	24510	750	0.2	0.8	5	0.0001	GJOKA_locus2_or_locus4_or_OneK_sourceLD	coloc.susie matched source LD	mismatched LD only in S6; coloc.abf for screen
S6_matched_vs_mismatched_LD	matched versus deliberately mismatched LD	2	2	1000	20268703	24510	750	0.2	0.8	10	1e-06	GJOKA_locus2_or_locus4_or_OneK_sourceLD	coloc.susie matched source LD	mismatched LD only in S6; coloc.abf for screen
S6_matched_vs_mismatched_LD	matched versus deliberately mismatched LD	2	2	1000	20268720	24510	750	0.2	0.8	10	1e-05	GJOKA_locus2_or_locus4_or_OneK_sourceLD	coloc.susie matched source LD	mismatched LD only in S6; coloc.abf for screen
S6_matched_vs_mismatched_LD	matched versus deliberately mismatched LD	2	2	1000	20268737	24510	750	0.2	0.8	10	0.0001	GJOKA_locus2_or_locus4_or_OneK_sourceLD	coloc.susie matched source LD	mismatched LD only in S6; coloc.abf for screen
S6_matched_vs_mismatched_LD	matched versus deliberately mismatched LD	2	2	1000	20268754	24510	750	0.2	0.8	20	1e-06	GJOKA_locus2_or_locus4_or_OneK_sourceLD	coloc.susie matched source LD	mismatched LD only in S6; coloc.abf for screen
S6_matched_vs_mismatched_LD	matched versus deliberately mismatched LD	2	2	1000	20268771	24510	750	0.2	0.8	20	1e-05	GJOKA_locus2_or_locus4_or_OneK_sourceLD	coloc.susie matched source LD	mismatched LD only in S6; coloc.abf for screen
S6_matched_vs_mismatched_LD	matched versus deliberately mismatched LD	2	2	1000	20268788	24510	750	0.2	0.8	20	0.0001	GJOKA_locus2_or_locus4_or_OneK_sourceLD	coloc.susie matched source LD	mismatched LD only in S6; coloc.abf for screen
S6_matched_vs_mismatched_LD	matched versus deliberately mismatched LD	2	2	1000	20268805	24510	750	0.4	0.2	5	1e-06	GJOKA_locus2_or_locus4_or_OneK_sourceLD	coloc.susie matched source LD	mismatched LD only in S6; coloc.abf for screen
S6_matched_vs_mismatched_LD	matched versus deliberately mismatched LD	2	2	1000	20268822	24510	750	0.4	0.2	5	1e-05	GJOKA_locus2_or_locus4_or_OneK_sourceLD	coloc.susie matched source LD	mismatched LD only in S6; coloc.abf for screen
S6_matched_vs_mismatched_LD	matched versus deliberately mismatched LD	2	2	1000	20268839	24510	750	0.4	0.2	5	0.0001	GJOKA_locus2_or_locus4_or_OneK_sourceLD	coloc.susie matched source LD	mismatched LD only in S6; coloc.abf for screen
S6_matched_vs_mismatched_LD	matched versus deliberately mismatched LD	2	2	1000	20268856	24510	750	0.4	0.2	10	1e-06	GJOKA_locus2_or_locus4_or_OneK_sourceLD	coloc.susie matched source LD	mismatched LD only in S6; coloc.abf for screen
S6_matched_vs_mismatched_LD	matched versus deliberately mismatched LD	2	2	1000	20268873	24510	750	0.4	0.2	10	1e-05	GJOKA_locus2_or_locus4_or_OneK_sourceLD	coloc.susie matched source LD	mismatched LD only in S6; coloc.abf for screen
S6_matched_vs_mismatched_LD	matched versus deliberately mismatched LD	2	2	1000	20268890	24510	750	0.4	0.2	10	0.0001	GJOKA_locus2_or_locus4_or_OneK_sourceLD	coloc.susie matched source LD	mismatched LD only in S6; coloc.abf for screen
S6_matched_vs_mismatched_LD	matched versus deliberately mismatched LD	2	2	1000	20268907	24510	750	0.4	0.2	20	1e-06	GJOKA_locus2_or_locus4_or_OneK_sourceLD	coloc.susie matched source LD	mismatched LD only in S6; coloc.abf for screen
S6_matched_vs_mismatched_LD	matched versus deliberately mismatched LD	2	2	1000	20268924	24510	750	0.4	0.2	20	1e-05	GJOKA_locus2_or_locus4_or_OneK_sourceLD	coloc.susie matched source LD	mismatched LD only in S6; coloc.abf for screen
S6_matched_vs_mismatched_LD	matched versus deliberately mismatched LD	2	2	1000	20268941	24510	750	0.4	0.2	20	0.0001	GJOKA_locus2_or_locus4_or_OneK_sourceLD	coloc.susie matched source LD	mismatched LD only in S6; coloc.abf for screen
S6_matched_vs_mismatched_LD	matched versus deliberately mismatched LD	2	2	1000	20268958	24510	750	0.4	0.5	5	1e-06	GJOKA_locus2_or_locus4_or_OneK_sourceLD	coloc.susie matched source LD	mismatched LD only in S6; coloc.abf for screen
S6_matched_vs_mismatched_LD	matched versus deliberately mismatched LD	2	2	1000	20268975	24510	750	0.4	0.5	5	1e-05	GJOKA_locus2_or_locus4_or_OneK_sourceLD	coloc.susie matched source LD	mismatched LD only in S6; coloc.abf for screen
S6_matched_vs_mismatched_LD	matched versus deliberately mismatched LD	2	2	1000	20268992	24510	750	0.4	0.5	5	0.0001	GJOKA_locus2_or_locus4_or_OneK_sourceLD	coloc.susie matched source LD	mismatched LD only in S6; coloc.abf for screen
S6_matched_vs_mismatched_LD	matched versus deliberately mismatched LD	2	2	1000	20269009	24510	750	0.4	0.5	10	1e-06	GJOKA_locus2_or_locus4_or_OneK_sourceLD	coloc.susie matched source LD	mismatched LD only in S6; coloc.abf for screen
S6_matched_vs_mismatched_LD	matched versus deliberately mismatched LD	2	2	1000	20269026	24510	750	0.4	0.5	10	1e-05	GJOKA_locus2_or_locus4_or_OneK_sourceLD	coloc.susie matched source LD	mismatched LD only in S6; coloc.abf for screen
S6_matched_vs_mismatched_LD	matched versus deliberately mismatched LD	2	2	1000	20269043	24510	750	0.4	0.5	10	0.0001	GJOKA_locus2_or_locus4_or_OneK_sourceLD	coloc.susie matched source LD	mismatched LD only in S6; coloc.abf for screen
S6_matched_vs_mismatched_LD	matched versus deliberately mismatched LD	2	2	1000	20269060	24510	750	0.4	0.5	20	1e-06	GJOKA_locus2_or_locus4_or_OneK_sourceLD	coloc.susie matched source LD	mismatched LD only in S6; coloc.abf for screen
S6_matched_vs_mismatched_LD	matched versus deliberately mismatched LD	2	2	1000	20269077	24510	750	0.4	0.5	20	1e-05	GJOKA_locus2_or_locus4_or_OneK_sourceLD	coloc.susie matched source LD	mismatched LD only in S6; coloc.abf for screen
S6_matched_vs_mismatched_LD	matched versus deliberately mismatched LD	2	2	1000	20269094	24510	750	0.4	0.5	20	0.0001	GJOKA_locus2_or_locus4_or_OneK_sourceLD	coloc.susie matched source LD	mismatched LD only in S6; coloc.abf for screen
S6_matched_vs_mismatched_LD	matched versus deliberately mismatched LD	2	2	1000	20269111	24510	750	0.4	0.8	5	1e-06	GJOKA_locus2_or_locus4_or_OneK_sourceLD	coloc.susie matched source LD	mismatched LD only in S6; coloc.abf for screen
S6_matched_vs_mismatched_LD	matched versus deliberately mismatched LD	2	2	1000	20269128	24510	750	0.4	0.8	5	1e-05	GJOKA_locus2_or_locus4_or_OneK_sourceLD	coloc.susie matched source LD	mismatched LD only in S6; coloc.abf for screen
S6_matched_vs_mismatched_LD	matched versus deliberately mismatched LD	2	2	1000	20269145	24510	750	0.4	0.8	5	0.0001	GJOKA_locus2_or_locus4_or_OneK_sourceLD	coloc.susie matched source LD	mismatched LD only in S6; coloc.abf for screen
S6_matched_vs_mismatched_LD	matched versus deliberately mismatched LD	2	2	1000	20269162	24510	750	0.4	0.8	10	1e-06	GJOKA_locus2_or_locus4_or_OneK_sourceLD	coloc.susie matched source LD	mismatched LD only in S6; coloc.abf for screen
S6_matched_vs_mismatched_LD	matched versus deliberately mismatched LD	2	2	1000	20269179	24510	750	0.4	0.8	10	1e-05	GJOKA_locus2_or_locus4_or_OneK_sourceLD	coloc.susie matched source LD	mismatched LD only in S6; coloc.abf for screen
S6_matched_vs_mismatched_LD	matched versus deliberately mismatched LD	2	2	1000	20269196	24510	750	0.4	0.8	10	0.0001	GJOKA_locus2_or_locus4_or_OneK_sourceLD	coloc.susie matched source LD	mismatched LD only in S6; coloc.abf for screen
S6_matched_vs_mismatched_LD	matched versus deliberately mismatched LD	2	2	1000	20269213	24510	750	0.4	0.8	20	1e-06	GJOKA_locus2_or_locus4_or_OneK_sourceLD	coloc.susie matched source LD	mismatched LD only in S6; coloc.abf for screen
S6_matched_vs_mismatched_LD	matched versus deliberately mismatched LD	2	2	1000	20269230	24510	750	0.4	0.8	20	1e-05	GJOKA_locus2_or_locus4_or_OneK_sourceLD	coloc.susie matched source LD	mismatched LD only in S6; coloc.abf for screen
S6_matched_vs_mismatched_LD	matched versus deliberately mismatched LD	2	2	1000	20269247	24510	750	0.4	0.8	20	0.0001	GJOKA_locus2_or_locus4_or_OneK_sourceLD	coloc.susie matched source LD	mismatched LD only in S6; coloc.abf for screen
