sheet	context	row_1based	term	excerpt
Supplementary Data 2	human	266	NK	0 | 0.85234272127278 | 0.998 | 0.624 | 0 | CD8+ CTL | NKG7
Supplementary Data 2	human	369	CD16- NK	0 | 1.77645741552376 | 0.935 | 0.295 | 0 | CD16- NK | IL2RB
Supplementary Data 2	human	369	NK	0 | 1.77645741552376 | 0.935 | 0.295 | 0 | CD16- NK | IL2RB
Supplementary Data 2	human	370	CD16- NK	0 | 1.70116268724866 | 0.927 | 0.271 | 0 | CD16- NK | CD160
Supplementary Data 2	human	370	NK	0 | 1.70116268724866 | 0.927 | 0.271 | 0 | CD16- NK | CD160
Supplementary Data 2	human	371	CD16- NK	0 | 1.69523794372843 | 0.984 | 0.458 | 0 | CD16- NK | CD7
Supplementary Data 2	human	371	NK	0 | 1.69523794372843 | 0.984 | 0.458 | 0 | CD16- NK | CD7
Supplementary Data 2	human	372	CD16- NK	0 | 1.50870226165223 | 0.871 | 0.389 | 0 | CD16- NK | CCL3
Supplementary Data 2	human	372	NK	0 | 1.50870226165223 | 0.871 | 0.389 | 0 | CD16- NK | CCL3
Supplementary Data 2	human	373	CD16- NK	0 | 1.45922657884279 | 0.907 | 0.202 | 0 | CD16- NK | KLRF1
Supplementary Data 2	human	373	NK	0 | 1.45922657884279 | 0.907 | 0.202 | 0 | CD16- NK | KLRF1
Supplementary Data 2	human	374	CD16- NK	0 | 1.41382308431162 | 0.769 | 0.192 | 0 | CD16- NK | XCL1
Supplementary Data 2	human	374	NK	0 | 1.41382308431162 | 0.769 | 0.192 | 0 | CD16- NK | XCL1
Supplementary Data 2	human	375	CD16- NK	0 | 1.34565203372622 | 0.918 | 0.278 | 0 | CD16- NK | FCER1G
Supplementary Data 2	human	375	NK	0 | 1.34565203372622 | 0.918 | 0.278 | 0 | CD16- NK | FCER1G
Supplementary Data 2	human	376	CD16- NK	0 | 1.3259621197868 | 0.949 | 0.41 | 0 | CD16- NK | XCL2
Supplementary Data 2	human	376	NK	0 | 1.3259621197868 | 0.949 | 0.41 | 0 | CD16- NK | XCL2
Supplementary Data 2	human	377	CD16- NK	0 | 1.27936237015029 | 0.925 | 0.193 | 0 | CD16- NK | TRDC
Supplementary Data 2	human	377	NK	0 | 1.27936237015029 | 0.925 | 0.193 | 0 | CD16- NK | TRDC
Supplementary Data 2	human	378	CD16- NK	0 | 1.25783731616951 | 0.959 | 0.509 | 0 | CD16- NK | CMC1
Supplementary Data 2	human	378	NK	0 | 1.25783731616951 | 0.959 | 0.509 | 0 | CD16- NK | CMC1
Supplementary Data 2	human	379	CD16- NK	0 | 1.12720123398672 | 0.974 | 0.731 | 0 | CD16- NK | GSTP1
Supplementary Data 2	human	379	NK	0 | 1.12720123398672 | 0.974 | 0.731 | 0 | CD16- NK | GSTP1
Supplementary Data 2	human	380	CD16- NK	0 | 1.10999137803209 | 0.481 | 0.065 | 0 | CD16- NK | KLRC1
Supplementary Data 2	human	380	NK	0 | 1.10999137803209 | 0.481 | 0.065 | 0 | CD16- NK | KLRC1
Supplementary Data 2	human	381	CD16- NK	0 | 1.10575009656004 | 0.988 | 0.434 | 0 | CD16- NK | KLRD1
Supplementary Data 2	human	381	NK	0 | 1.10575009656004 | 0.988 | 0.434 | 0 | CD16- NK | KLRD1
Supplementary Data 2	human	382	CD16- NK	0 | 1.0724791953881 | 0.976 | 0.559 | 0 | CD16- NK | CD247
Supplementary Data 2	human	382	NK	0 | 1.0724791953881 | 0.976 | 0.559 | 0 | CD16- NK | CD247
Supplementary Data 2	human	383	CD16- NK	0 | 1.06185532135268 | 0.735 | 0.199 | 0 | CD16- NK | CLIC3
Supplementary Data 2	human	383	NK	0 | 1.06185532135268 | 0.735 | 0.199 | 0 | CD16- NK | CLIC3
Supplementary Data 2	human	384	CD16- NK	0 | 1.05879702858364 | 0.979 | 0.382 | 0 | CD16- NK | TYROBP
Supplementary Data 2	human	384	NK	0 | 1.05879702858364 | 0.979 | 0.382 | 0 | CD16- NK | TYROBP
Supplementary Data 2	human	385	CD16- NK	0 | 1.05742193832833 | 0.977 | 0.765 | 0 | CD16- NK | IFITM2
Supplementary Data 2	human	385	NK	0 | 1.05742193832833 | 0.977 | 0.765 | 0 | CD16- NK | IFITM2
Supplementary Data 2	human	386	CD16- NK	0 | 1.04109890389745 | 0.534 | 0.066 | 0 | CD16- NK | SPRY2
Supplementary Data 2	human	386	NK	0 | 1.04109890389745 | 0.534 | 0.066 | 0 | CD16- NK | SPRY2
Supplementary Data 2	human	387	CD16- NK	0 | 1.00190800126152 | 0.608 | 0.098 | 0 | CD16- NK | TXK
Supplementary Data 2	human	387	NK	0 | 1.00190800126152 | 0.608 | 0.098 | 0 | CD16- NK | TXK
Supplementary Data 2	human	388	CD16- NK	0 | 0.998910730529371 | 0.334 | 0.098 | 0 | CD16- NK | AREG
Supplementary Data 2	human	388	NK	0 | 0.998910730529371 | 0.334 | 0.098 | 0 | CD16- NK | AREG
Supplementary Data 2	human	389	CD16- NK	0 | 0.980077494744969 | 0.62 | 0.168 | 0 | CD16- NK | LAT2
Supplementary Data 2	human	389	NK	0 | 0.980077494744969 | 0.62 | 0.168 | 0 | CD16- NK | LAT2
Supplementary Data 2	human	390	CD16- NK	0 | 0.882890122384638 | 0.796 | 0.342 | 0 | CD16- NK | MATK
Supplementary Data 2	human	390	NK	0 | 0.882890122384638 | 0.796 | 0.342 | 0 | CD16- NK | MATK
Supplementary Data 2	human	391	CD16- NK	0 | 0.867455983027304 | 0.675 | 0.22 | 0 | CD16- NK | PTGDR
Supplementary Data 2	human	391	NK	0 | 0.867455983027304 | 0.675 | 0.22 | 0 | CD16- NK | PTGDR
Supplementary Data 2	human	392	CD16- NK	0 | 0.864374995916939 | 0.479 | 0.061 | 0 | CD16- NK | TMIGD2
Supplementary Data 2	human	392	NK	0 | 0.864374995916939 | 0.479 | 0.061 | 0 | CD16- NK | TMIGD2
Supplementary Data 2	human	393	CD16- NK	0 | 0.849697978299202 | 0.678 | 0.242 | 0 | CD16- NK | EOMES
Supplementary Data 2	human	393	NK	0 | 0.849697978299202 | 0.678 | 0.242 | 0 | CD16- NK | EOMES
Supplementary Data 2	human	394	CD16- NK	0 | 0.848053405842468 | 0.752 | 0.298 | 0 | CD16- NK | CEBPD
Supplementary Data 2	human	394	NK	0 | 0.848053405842468 | 0.752 | 0.298 | 0 | CD16- NK | CEBPD
Supplementary Data 2	human	395	CD16- NK	0 | 0.847775781335734 | 0.98 | 0.5 | 0 | CD16- NK | KLRB1
Supplementary Data 2	human	395	NK	0 | 0.847775781335734 | 0.98 | 0.5 | 0 | CD16- NK | KLRB1
Supplementary Data 2	human	396	CD16- NK	0 | 0.844104168165263 | 0.502 | 0.106 | 0 | CD16- NK | CD38
Supplementary Data 2	human	396	NK	0 | 0.844104168165263 | 0.502 | 0.106 | 0 | CD16- NK | CD38
Supplementary Data 2	human	397	CD16- NK	0 | 0.802718309547118 | 0.922 | 0.614 | 0 | CD16- NK | STK17A
Supplementary Data 2	human	397	NK	0 | 0.802718309547118 | 0.922 | 0.614 | 0 | CD16- NK | STK17A
Supplementary Data 2	human	398	CD16- NK	0 | 0.786916832310937 | 0.977 | 0.761 | 0 | CD16- NK | CD63
Supplementary Data 2	human	398	NK	0 | 0.786916832310937 | 0.977 | 0.761 | 0 | CD16- NK | CD63
Supplementary Data 2	human	399	CD16- NK	0 | 0.779656343341749 | 0.829 | 0.484 | 0 | CD16- NK | IFITM1
Supplementary Data 2	human	399	NK	0 | 0.779656343341749 | 0.829 | 0.484 | 0 | CD16- NK | IFITM1
Supplementary Data 2	human	400	CD16- NK	0 | 0.777121861117384 | 0.997 | 0.63 | 0 | CD16- NK | NKG7
Supplementary Data 2	human	400	NK	0 | 0.777121861117384 | 0.997 | 0.63 | 0 | CD16- NK | NKG7
Supplementary Data 2	human	401	CD16- NK	0 | 0.774874066808257 | 0.874 | 0.572 | 0 | CD16- NK | ARPC5L
Supplementary Data 2	human	401	NK	0 | 0.774874066808257 | 0.874 | 0.572 | 0 | CD16- NK | ARPC5L
Supplementary Data 2	human	402	CD16- NK	0 | 0.768870671231618 | 0.413 | 0.067 | 0 | CD16- NK | TOX2
Supplementary Data 2	human	402	NK	0 | 0.768870671231618 | 0.413 | 0.067 | 0 | CD16- NK | TOX2
Supplementary Data 2	human	403	CD16- NK	0 | 0.747103719548253 | 0.933 | 0.637 | 0 | CD16- NK | GZMM
Supplementary Data 2	human	403	NK	0 | 0.747103719548253 | 0.933 | 0.637 | 0 | CD16- NK | GZMM
Supplementary Data 2	human	404	CD16- NK	0 | 0.742097250141505 | 0.81 | 0.45 | 0 | CD16- NK | APMAP
Supplementary Data 2	human	404	NK	0 | 0.742097250141505 | 0.81 | 0.45 | 0 | CD16- NK | APMAP
Supplementary Data 2	human	405	CD16- NK	0 | 0.726892348968229 | 0.549 | 0.183 | 0 | CD16- NK | FASLG
Supplementary Data 2	human	405	NK	0 | 0.726892348968229 | 0.549 | 0.183 | 0 | CD16- NK | FASLG
Supplementary Data 2	human	406	CD16- NK	0 | 0.724623936038975 | 0.882 | 0.722 | 0 | CD16- NK | EIF3G
Supplementary Data 2	human	406	NK	0 | 0.724623936038975 | 0.882 | 0.722 | 0 | CD16- NK | EIF3G
Supplementary Data 2	human	407	CD16- NK	0 | 0.720885013159659 | 0.507 | 0.143 | 0 | CD16- NK | CXXC5
Supplementary Data 2	human	407	NK	0 | 0.720885013159659 | 0.507 | 0.143 | 0 | CD16- NK | CXXC5
Supplementary Data 2	human	408	CD16- NK	0 | 0.719192813163557 | 0.647 | 0.266 | 0 | CD16- NK | MYBL1
Supplementary Data 2	human	408	NK	0 | 0.719192813163557 | 0.647 | 0.266 | 0 | CD16- NK | MYBL1
Supplementary Data 2	human	409	CD16- NK	0 | 0.70033957472195 | 0.998 | 0.934 | 0 | CD16- NK | SRGN
Supplementary Data 2	human	409	NK	0 | 0.70033957472195 | 0.998 | 0.934 | 0 | CD16- NK | SRGN
Supplementary Data 2	human	410	CD16- NK	0 | 0.691082537602719 | 0.411 | 0.061 | 0 | CD16- NK | NCR1
Supplementary Data 2	human	410	NK	0 | 0.691082537602719 | 0.411 | 0.061 | 0 | CD16- NK | NCR1
Supplementary Data 2	human	411	CD16- NK	0 | 0.682679628751929 | 0.752 | 0.414 | 0 | CD16- NK | CHST12
Supplementary Data 2	human	411	NK	0 | 0.682679628751929 | 0.752 | 0.414 | 0 | CD16- NK | CHST12
Supplementary Data 2	human	412	CD16- NK	0 | 0.678139951231666 | 0.609 | 0.294 | 0 | CD16- NK | RAB11FIP1
Supplementary Data 2	human	412	NK	0 | 0.678139951231666 | 0.609 | 0.294 | 0 | CD16- NK | RAB11FIP1
Supplementary Data 2	human	413	CD16- NK	0 | 0.674426122956491 | 0.524 | 0.217 | 0 | CD16- NK | CLDND1
Supplementary Data 2	human	413	NK	0 | 0.674426122956491 | 0.524 | 0.217 | 0 | CD16- NK | CLDND1
Supplementary Data 2	human	414	CD16- NK	0 | 0.672451268492656 | 0.398 | 0.059 | 0 | CD16- NK | NCAM1
Supplementary Data 2	human	414	NK	0 | 0.672451268492656 | 0.398 | 0.059 | 0 | CD16- NK | NCAM1
Supplementary Data 2	human	415	CD16- NK	0 | 0.66819749659789 | 0.402 | 0.052 | 0 | CD16- NK | SH2D1B
Supplementary Data 2	human	415	NK	0 | 0.66819749659789 | 0.402 | 0.052 | 0 | CD16- NK | SH2D1B
Supplementary Data 2	human	416	CD16- NK	0 | 0.659772143102736 | 0.379 | 0.075 | 0 | CD16- NK | SLFN13
Supplementary Data 2	human	416	NK	0 | 0.659772143102736 | 0.379 | 0.075 | 0 | CD16- NK | SLFN13
Supplementary Data 2	human	417	CD16- NK	0 | 0.655558580312489 | 0.427 | 0.097 | 0 | CD16- NK | CAPN12
Supplementary Data 2	human	417	NK	0 | 0.655558580312489 | 0.427 | 0.097 | 0 | CD16- NK | CAPN12
Supplementary Data 2	human	418	CD16- NK	0 | 0.651645573828727 | 0.677 | 0.355 | 0 | CD16- NK | DENND2D
Supplementary Data 2	human	418	NK	0 | 0.651645573828727 | 0.677 | 0.355 | 0 | CD16- NK | DENND2D
Supplementary Data 2	human	419	CD16- NK	0 | 0.647869327913458 | 0.59 | 0.234 | 0 | CD16- NK | CXCR6
Supplementary Data 2	human	419	NK	0 | 0.647869327913458 | 0.59 | 0.234 | 0 | CD16- NK | CXCR6
Supplementary Data 2	human	420	CD16- NK	0 | 0.635130870336531 | 0.878 | 0.584 | 0 | CD16- NK | ALOX5AP
Supplementary Data 2	human	420	NK	0 | 0.635130870336531 | 0.878 | 0.584 | 0 | CD16- NK | ALOX5AP
Supplementary Data 2	human	421	CD16- NK	0 | 0.633696273758802 | 0.349 | 0.047 | 0 | CD16- NK | SPRY1
Supplementary Data 2	human	421	NK	0 | 0.633696273758802 | 0.349 | 0.047 | 0 | CD16- NK | SPRY1
Supplementary Data 2	human	422	CD16- NK	0 | 0.626573347558826 | 0.352 | 0.057 | 0 | CD16- NK | P2RY11
Supplementary Data 2	human	422	NK	0 | 0.626573347558826 | 0.352 | 0.057 | 0 | CD16- NK | P2RY11
Supplementary Data 2	human	423	CD16- NK	0 | 0.624850850828858 | 0.721 | 0.418 | 0 | CD16- NK | RHOC
Supplementary Data 2	human	423	NK	0 | 0.624850850828858 | 0.721 | 0.418 | 0 | CD16- NK | RHOC
Supplementary Data 2	human	424	CD16- NK	0 | 0.623632709184978 | 0.575 | 0.26 | 0 | CD16- NK | TNFSF14
Supplementary Data 2	human	424	NK	0 | 0.623632709184978 | 0.575 | 0.26 | 0 | CD16- NK | TNFSF14
Supplementary Data 2	human	425	CD16- NK	0 | 0.61808781298865 | 0.648 | 0.287 | 0 | CD16- NK | TIGIT
Supplementary Data 2	human	425	NK	0 | 0.61808781298865 | 0.648 | 0.287 | 0 | CD16- NK | TIGIT
Supplementary Data 2	human	426	CD16- NK	0 | 0.617452352839163 | 0.603 | 0.314 | 0 | CD16- NK | ARHGAP9
Supplementary Data 2	human	426	NK	0 | 0.617452352839163 | 0.603 | 0.314 | 0 | CD16- NK | ARHGAP9
Supplementary Data 2	human	427	CD16- NK	0 | 0.61644168325804 | 0.609 | 0.318 | 0 | CD16- NK | AOAH
Supplementary Data 2	human	427	NK	0 | 0.61644168325804 | 0.609 | 0.318 | 0 | CD16- NK | AOAH
Supplementary Data 2	human	428	CD16- NK	0 | 0.606757872089952 | 0.54 | 0.318 | 0 | CD16- NK | SOCS1
Supplementary Data 2	human	428	NK	0 | 0.606757872089952 | 0.54 | 0.318 | 0 | CD16- NK | SOCS1
Supplementary Data 2	human	429	CD16- NK	0 | 0.592488552642159 | 0.41 | 0.117 | 0 | CD16- NK | MCTP2
Supplementary Data 2	human	429	NK	0 | 0.592488552642159 | 0.41 | 0.117 | 0 | CD16- NK | MCTP2
Supplementary Data 2	human	430	CD16- NK	0 | 0.592078299501019 | 0.962 | 0.816 | 0 | CD16- NK | CD81
Supplementary Data 2	human	430	NK	0 | 0.592078299501019 | 0.962 | 0.816 | 0 | CD16- NK | CD81
Supplementary Data 2	human	431	CD16- NK	0 | 0.590052865613833 | 0.516 | 0.174 | 0 | CD16- NK | IRF8
Supplementary Data 2	human	431	NK	0 | 0.590052865613833 | 0.516 | 0.174 | 0 | CD16- NK | IRF8
Supplementary Data 2	human	432	CD16- NK	0 | 0.584041002030875 | 0.576 | 0.33 | 0 | CD16- NK | HELZ
Supplementary Data 2	human	432	NK	0 | 0.584041002030875 | 0.576 | 0.33 | 0 | CD16- NK | HELZ
Supplementary Data 2	human	433	CD16- NK	0 | 0.576781029590001 | 0.84 | 0.497 | 0 | CD16- NK | CTSW
Supplementary Data 2	human	433	NK	0 | 0.576781029590001 | 0.84 | 0.497 | 0 | CD16- NK | CTSW
Supplementary Data 2	human	434	CD16- NK	0 | 0.572573836522164 | 0.718 | 0.477 | 0 | CD16- NK | PIK3R1
Supplementary Data 2	human	434	NK	0 | 0.572573836522164 | 0.718 | 0.477 | 0 | CD16- NK | PIK3R1
Supplementary Data 2	human	435	CD16- NK	0 | 0.562291165818558 | 0.368 | 0.084 | 0 | CD16- NK | ABCB1
Supplementary Data 2	human	435	NK	0 | 0.562291165818558 | 0.368 | 0.084 | 0 | CD16- NK | ABCB1
Supplementary Data 2	human	436	CD16- NK	0 | 0.555755256528055 | 0.955 | 0.709 | 0 | CD16- NK | CCL4
Supplementary Data 2	human	436	NK	0 | 0.555755256528055 | 0.955 | 0.709 | 0 | CD16- NK | CCL4
Supplementary Data 2	human	437	CD16- NK	0 | 0.547882795723601 | 0.346 | 0.078 | 0 | CD16- NK | ZBTB16
Supplementary Data 2	human	437	NK	0 | 0.547882795723601 | 0.346 | 0.078 | 0 | CD16- NK | ZBTB16
Supplementary Data 2	human	438	CD16- NK	0 | 0.539343341487726 | 0.314 | 0.057 | 0 | CD16- NK | TLE1
Supplementary Data 2	human	438	NK	0 | 0.539343341487726 | 0.314 | 0.057 | 0 | CD16- NK | TLE1
Supplementary Data 2	human	439	CD16- NK	0 | 0.53607856094222 | 0.394 | 0.135 | 0 | CD16- NK | DHRS3
Supplementary Data 2	human	439	NK	0 | 0.53607856094222 | 0.394 | 0.135 | 0 | CD16- NK | DHRS3
Supplementary Data 2	human	440	CD16- NK	0 | 0.533507035464104 | 0.373 | 0.109 | 0 | CD16- NK | GFOD1
Supplementary Data 2	human	440	NK	0 | 0.533507035464104 | 0.373 | 0.109 | 0 | CD16- NK | GFOD1
Supplementary Data 2	human	441	CD16- NK	0 | 0.527936739698743 | 0.577 | 0.366 | 0 | CD16- NK | YWHAH
Supplementary Data 2	human	441	NK	0 | 0.527936739698743 | 0.577 | 0.366 | 0 | CD16- NK | YWHAH
Supplementary Data 2	human	442	CD16- NK	0 | 0.524123175350141 | 0.858 | 0.658 | 0 | CD16- NK | BST2
Supplementary Data 2	human	442	NK	0 | 0.524123175350141 | 0.858 | 0.658 | 0 | CD16- NK | BST2
Supplementary Data 2	human	443	CD16- NK	0 | 0.522004935746905 | 0.598 | 0.315 | 0 | CD16- NK | PLEKHF1
Supplementary Data 2	human	443	NK	0 | 0.522004935746905 | 0.598 | 0.315 | 0 | CD16- NK | PLEKHF1
Supplementary Data 2	human	444	CD16- NK	0 | 0.518120526037804 | 0.823 | 0.615 | 0 | CD16- NK | FYN
Supplementary Data 2	human	444	NK	0 | 0.518120526037804 | 0.823 | 0.615 | 0 | CD16- NK | FYN
Supplementary Data 2	human	445	CD16- NK	0 | 0.516774189009159 | 0.395 | 0.153 | 0 | CD16- NK | SESN1
Supplementary Data 2	human	445	NK	0 | 0.516774189009159 | 0.395 | 0.153 | 0 | CD16- NK | SESN1
Supplementary Data 2	human	446	CD16- NK	0 | 0.515998529710649 | 0.959 | 0.674 | 0 | CD16- NK | GZMA
Supplementary Data 2	human	446	NK	0 | 0.515998529710649 | 0.959 | 0.674 | 0 | CD16- NK | GZMA
Supplementary Data 2	human	447	CD16- NK	0 | 0.511311685646993 | 0.243 | 0.022 | 0 | CD16- NK | B3GNT7
Supplementary Data 2	human	447	NK	0 | 0.511311685646993 | 0.243 | 0.022 | 0 | CD16- NK | B3GNT7
Supplementary Data 2	human	448	CD16- NK	0 | 0.510753781836422 | 0.702 | 0.427 | 0 | CD16- NK | IKZF3
Supplementary Data 2	human	448	NK	0 | 0.510753781836422 | 0.702 | 0.427 | 0 | CD16- NK | IKZF3
Supplementary Data 2	human	449	CD16- NK	0 | 0.508792822761896 | 0.43 | 0.211 | 0 | CD16- NK | STARD3NL
Supplementary Data 2	human	449	NK	0 | 0.508792822761896 | 0.43 | 0.211 | 0 | CD16- NK | STARD3NL
Supplementary Data 2	human	450	CD16- NK	0 | 0.507167152721146 | 0.593 | 0.297 | 0 | CD16- NK | SH2D1A
Supplementary Data 2	human	450	NK	0 | 0.507167152721146 | 0.593 | 0.297 | 0 | CD16- NK | SH2D1A
Supplementary Data 2	human	451	CD16- NK	0 | 0.50714360426267 | 0.231 | 0.015 | 0 | CD16- NK | BCO2
Supplementary Data 2	human	451	NK	0 | 0.50714360426267 | 0.231 | 0.015 | 0 | CD16- NK | BCO2
Supplementary Data 2	human	452	CD16- NK	0 | 0.504334666209111 | 0.449 | 0.222 | 0 | CD16- NK | PTPN12
Supplementary Data 2	human	452	NK	0 | 0.504334666209111 | 0.449 | 0.222 | 0 | CD16- NK | PTPN12
Supplementary Data 2	human	453	CD16- NK	0 | 0.502679837799322 | 0.655 | 0.406 | 0 | CD16- NK | OFD1
Supplementary Data 2	human	453	NK	0 | 0.502679837799322 | 0.655 | 0.406 | 0 | CD16- NK | OFD1
Supplementary Data 2	human	454	CD16- NK	0 | 0.496820174393185 | 0.564 | 0.278 | 0 | CD16- NK | FGR
Supplementary Data 2	human	454	NK	0 | 0.496820174393185 | 0.564 | 0.278 | 0 | CD16- NK | FGR
Supplementary Data 2	human	455	CD16- NK	0 | 0.493983693677669 | 0.59 | 0.399 | 0 | CD16- NK | MAPK1
Supplementary Data 2	human	455	NK	0 | 0.493983693677669 | 0.59 | 0.399 | 0 | CD16- NK | MAPK1
Supplementary Data 2	human	456	CD16- NK	0 | 0.485586435886526 | 0.3 | 0.061 | 0 | CD16- NK | NMUR1
Supplementary Data 2	human	456	NK	0 | 0.485586435886526 | 0.3 | 0.061 | 0 | CD16- NK | NMUR1
Supplementary Data 2	human	457	CD16- NK	0 | 0.483491040881335 | 0.444 | 0.2 | 0 | CD16- NK | PILRB
Supplementary Data 2	human	457	NK	0 | 0.483491040881335 | 0.444 | 0.2 | 0 | CD16- NK | PILRB
Supplementary Data 2	human	458	CD16- NK	0 | 0.472066552905834 | 0.755 | 0.428 | 0 | CD16- NK | PLAC8
Supplementary Data 2	human	458	NK	0 | 0.472066552905834 | 0.755 | 0.428 | 0 | CD16- NK | PLAC8
Supplementary Data 2	human	459	CD16- NK	0 | 0.454492113122534 | 0.316 | 0.105 | 0 | CD16- NK | FHL3
Supplementary Data 2	human	459	NK	0 | 0.454492113122534 | 0.316 | 0.105 | 0 | CD16- NK | FHL3
Supplementary Data 2	human	460	CD16- NK	0 | 0.452355745651411 | 0.799 | 0.626 | 0 | CD16- NK | FAM49B
Supplementary Data 2	human	460	NK	0 | 0.452355745651411 | 0.799 | 0.626 | 0 | CD16- NK | FAM49B
Supplementary Data 2	human	461	CD16- NK	0 | 0.450941560026083 | 0.474 | 0.275 | 0 | CD16- NK | GYG1
Supplementary Data 2	human	461	NK	0 | 0.450941560026083 | 0.474 | 0.275 | 0 | CD16- NK | GYG1
Supplementary Data 2	human	462	CD16- NK	0 | 0.445703214846464 | 0.325 | 0.122 | 0 | CD16- NK | PLCG2
Supplementary Data 2	human	462	NK	0 | 0.445703214846464 | 0.325 | 0.122 | 0 | CD16- NK | PLCG2
Supplementary Data 2	human	463	CD16- NK	0 | 0.442258122919893 | 0.909 | 0.825 | 0 | CD16- NK | 2024-09-07 00:00:00
Supplementary Data 2	human	463	NK	0 | 0.442258122919893 | 0.909 | 0.825 | 0 | CD16- NK | 2024-09-07 00:00:00
Supplementary Data 2	human	464	CD16- NK	0 | 0.438909506002851 | 0.798 | 0.627 | 0 | CD16- NK | PDCD4
Supplementary Data 2	human	464	NK	0 | 0.438909506002851 | 0.798 | 0.627 | 0 | CD16- NK | PDCD4
Supplementary Data 2	human	465	CD16- NK	0 | 0.431400481846229 | 0.987 | 0.873 | 0 | CD16- NK | HCST
Supplementary Data 2	human	465	NK	0 | 0.431400481846229 | 0.987 | 0.873 | 0 | CD16- NK | HCST
Supplementary Data 2	human	466	CD16- NK	0 | 0.422391296155671 | 0.337 | 0.159 | 0 | CD16- NK | CLPTM1
Supplementary Data 2	human	466	NK	0 | 0.422391296155671 | 0.337 | 0.159 | 0 | CD16- NK | CLPTM1
Supplementary Data 2	human	467	CD16- NK	0 | 0.419355898905898 | 0.734 | 0.573 | 0 | CD16- NK | OSTF1
Supplementary Data 2	human	467	NK	0 | 0.419355898905898 | 0.734 | 0.573 | 0 | CD16- NK | OSTF1
Supplementary Data 2	human	468	CD16- NK	2.11460096420054e-321 | 0.417503156218348 | 0.628 | 0.445 | 5.10189774632663e-317 | CD16- NK | HMGN3
Supplementary Data 2	human	468	NK	2.11460096420054e-321 | 0.417503156218348 | 0.628 | 0.445 | 5.10189774632663e-317 | CD16- NK | HMGN3
Supplementary Data 2	human	469	CD16- NK	6.42779405239462e-321 | 0.495332061412983 | 0.583 | 0.34 | 1.55083387102125e-316 | CD16- NK | NUCB2
Supplementary Data 2	human	469	NK	6.42779405239462e-321 | 0.495332061412983 | 0.583 | 0.34 | 1.55083387102125e-316 | CD16- NK | NUCB2
Supplementary Data 2	human	470	CD16- NK	3.76067947644982e-319 | 0.435940888344241 | 0.623 | 0.434 | 9.07339137283047e-315 | CD16- NK | SYNRG
Supplementary Data 2	human	470	NK	3.76067947644982e-319 | 0.435940888344241 | 0.623 | 0.434 | 9.07339137283047e-315 | CD16- NK | SYNRG
Supplementary Data 2	human	471	CD16- NK	1.73467930451799e-318 | 0.416324574804497 | 0.929 | 0.768 | 4.18526075801056e-314 | CD16- NK | ID2
Supplementary Data 2	human	471	NK	1.73467930451799e-318 | 0.416324574804497 | 0.929 | 0.768 | 4.18526075801056e-314 | CD16- NK | ID2
Supplementary Data 2	human	472	CD16- NK	8.89577164417846e-312 | 0.457456068223262 | 0.738 | 0.503 | 2.14628282459094e-307 | CD16- NK | ETS1
Supplementary Data 2	human	472	NK	8.89577164417846e-312 | 0.457456068223262 | 0.738 | 0.503 | 2.14628282459094e-307 | CD16- NK | ETS1
Supplementary Data 2	human	473	CD16- NK	5.48200758286943e-300 | 0.550755612670243 | 0.482 | 0.255 | 1.32264396951891e-295 | CD16- NK | AC044849.1
Supplementary Data 2	human	473	NK	5.48200758286943e-300 | 0.550755612670243 | 0.482 | 0.255 | 1.32264396951891e-295 | CD16- NK | AC044849.1
Supplementary Data 2	human	474	CD16- NK	1.23360117138128e-290 | 0.432094323067115 | 0.369 | 0.157 | 2.97630954619162e-286 | CD16- NK | HSH2D
Supplementary Data 2	human	474	NK	1.23360117138128e-290 | 0.432094323067115 | 0.369 | 0.157 | 2.97630954619162e-286 | CD16- NK | HSH2D
Supplementary Data 2	human	475	CD16- NK	2.34791903413466e-288 | 0.429376886270576 | 0.235 | 0.058 | 5.6648242536567e-284 | CD16- NK | AP005482.1
Supplementary Data 2	human	475	NK	2.34791903413466e-288 | 0.429376886270576 | 0.235 | 0.058 | 5.6648242536567e-284 | CD16- NK | AP005482.1
Supplementary Data 2	human	476	CD16- NK	1.58531679342961e-282 | 0.431596841780485 | 0.381 | 0.179 | 3.82489382750761e-278 | CD16- NK | IPCEF1
Supplementary Data 2	human	476	NK	1.58531679342961e-282 | 0.431596841780485 | 0.381 | 0.179 | 3.82489382750761e-278 | CD16- NK | IPCEF1
Supplementary Data 2	human	477	CD16- NK	4.86929163947269e-275 | 0.446822679893844 | 0.594 | 0.358 | 1.17481399385558e-270 | CD16- NK | FKBP11
Supplementary Data 2	human	477	NK	4.86929163947269e-275 | 0.446822679893844 | 0.594 | 0.358 | 1.17481399385558e-270 | CD16- NK | FKBP11
Supplementary Data 2	human	478	CD16- NK	5.95639645091247e-273 | 0.414116859439287 | 0.536 | 0.357 | 1.43709977171165e-268 | CD16- NK | AGTRAP
Supplementary Data 2	human	478	NK	5.95639645091247e-273 | 0.414116859439287 | 0.536 | 0.357 | 1.43709977171165e-268 | CD16- NK | AGTRAP
Supplementary Data 2	human	479	CD16- NK	2.0456012417624e-271 | 0.406494067096102 | 0.544 | 0.361 | 4.93542211600014e-267 | CD16- NK | PSTPIP1
Supplementary Data 2	human	479	NK	2.0456012417624e-271 | 0.406494067096102 | 0.544 | 0.361 | 4.93542211600014e-267 | CD16- NK | PSTPIP1
Supplementary Data 2	human	480	CD16- NK	8.3213648251001e-269 | 0.424689180802122 | 0.466 | 0.247 | 2.0076956913519e-264 | CD16- NK | RBM38
Supplementary Data 2	human	480	NK	8.3213648251001e-269 | 0.424689180802122 | 0.466 | 0.247 | 2.0076956913519e-264 | CD16- NK | RBM38
Supplementary Data 2	human	481	CD16- NK	2.76042974384065e-267 | 0.416121203908475 | 0.71 | 0.467 | 6.66008884296433e-263 | CD16- NK | SKAP1
Supplementary Data 2	human	481	NK	2.76042974384065e-267 | 0.416121203908475 | 0.71 | 0.467 | 6.66008884296433e-263 | CD16- NK | SKAP1
Supplementary Data 2	human	482	CD16- NK	7.27772810580577e-265 | 0.414396676274279 | 0.352 | 0.19 | 1.75589746008776e-260 | CD16- NK | TESC
Supplementary Data 2	human	482	NK	7.27772810580577e-265 | 0.414396676274279 | 0.352 | 0.19 | 1.75589746008776e-260 | CD16- NK | TESC
Supplementary Data 2	human	483	CD16- NK	2.55112549567235e-255 | 0.417543191234636 | 0.635 | 0.441 | 6.15510048340868e-251 | CD16- NK | AC245297.3
Supplementary Data 2	human	483	NK	2.55112549567235e-255 | 0.417543191234636 | 0.635 | 0.441 | 6.15510048340868e-251 | CD16- NK | AC245297.3
Supplementary Data 2	human	484	CD16- NK	2.48315334504897e-254 | 0.40007337156307 | 0.497 | 0.323 | 5.99110407559965e-250 | CD16- NK | ACAA2
Supplementary Data 2	human	484	NK	2.48315334504897e-254 | 0.40007337156307 | 0.497 | 0.323 | 5.99110407559965e-250 | CD16- NK | ACAA2
Supplementary Data 2	human	485	CD16- NK	2.86967455595536e-252 | 0.524991546626813 | 0.847 | 0.74 | 6.9236638011535e-248 | CD16- NK | ZFP36
Supplementary Data 2	human	485	NK	2.86967455595536e-252 | 0.524991546626813 | 0.847 | 0.74 | 6.9236638011535e-248 | CD16- NK | ZFP36
Supplementary Data 2	human	486	CD16- NK	1.00505992056088e-249 | 0.410553192833877 | 0.309 | 0.119 | 2.42490807033723e-245 | CD16- NK | MMP25-AS1
Supplementary Data 2	human	486	NK	1.00505992056088e-249 | 0.410553192833877 | 0.309 | 0.119 | 2.42490807033723e-245 | CD16- NK | MMP25-AS1
Supplementary Data 2	human	487	CD16- NK	3.29016145973198e-241 | 0.400181723873784 | 0.372 | 0.201 | 7.93817255389535e-237 | CD16- NK | KAT6B
Supplementary Data 2	human	487	NK	3.29016145973198e-241 | 0.400181723873784 | 0.372 | 0.201 | 7.93817255389535e-237 | CD16- NK | KAT6B
Supplementary Data 2	human	488	CD16- NK	5.67423444392643e-237 | 0.40858382132947 | 0.598 | 0.381 | 1.36902254428613e-232 | CD16- NK | PRKCH
Supplementary Data 2	human	488	NK	5.67423444392643e-237 | 0.40858382132947 | 0.598 | 0.381 | 1.36902254428613e-232 | CD16- NK | PRKCH
Supplementary Data 2	human	489	CD16- NK	2.13488718276945e-235 | 0.441391592099625 | 0.86 | 0.641 | 5.15084230586785e-231 | CD16- NK | CD69
Supplementary Data 2	human	489	NK	2.13488718276945e-235 | 0.441391592099625 | 0.86 | 0.641 | 5.15084230586785e-231 | CD16- NK | CD69
Supplementary Data 2	human	490	CD16- NK	4.87382923686612e-232 | 0.603342250521034 | 0.822 | 0.73 | 1.17590877997869e-227 | CD16- NK | NFKBIA
Supplementary Data 2	human	490	NK	4.87382923686612e-232 | 0.603342250521034 | 0.822 | 0.73 | 1.17590877997869e-227 | CD16- NK | NFKBIA
Supplementary Data 2	human	491	CD16- NK	2.52759147775183e-139 | 0.437543103044933 | 0.717 | 0.618 | 6.09831995837183e-135 | CD16- NK | GADD45B
Supplementary Data 2	human	491	NK	2.52759147775183e-139 | 0.437543103044933 | 0.717 | 0.618 | 6.09831995837183e-135 | CD16- NK | GADD45B
Supplementary Data 2	human	492	CD16- NK	1.09594271975109e-121 | 0.414861536774521 | 0.474 | 0.294 | 2.64418099994346e-117 | CD16- NK | CCL3L1
Supplementary Data 2	human	492	NK	1.09594271975109e-121 | 0.414861536774521 | 0.474 | 0.294 | 2.64418099994346e-117 | CD16- NK | CCL3L1
Supplementary Data 2	human	493	CD16+ NK	0 | 2.30191555319238 | 0.89 | 0.171 | 0 | CD16+ NK | GNLY
Supplementary Data 2	human	493	NK	0 | 2.30191555319238 | 0.89 | 0.171 | 0 | CD16+ NK | GNLY
Supplementary Data 2	human	494	CD16+ NK	0 | 2.14034699400616 | 0.984 | 0.162 | 0 | CD16+ NK | GZMB
Supplementary Data 2	human	494	NK	0 | 2.14034699400616 | 0.984 | 0.162 | 0 | CD16+ NK | GZMB
Supplementary Data 2	human	495	CD16+ NK	0 | 2.13733422685935 | 0.95 | 0.113 | 0 | CD16+ NK | FGFBP2
Supplementary Data 2	human	495	NK	0 | 2.13733422685935 | 0.95 | 0.113 | 0 | CD16+ NK | FGFBP2
Supplementary Data 2	human	496	CD16+ NK	0 | 1.85204139808184 | 0.835 | 0.158 | 0 | CD16+ NK | SPON2
Supplementary Data 2	human	496	NK	0 | 1.85204139808184 | 0.835 | 0.158 | 0 | CD16+ NK | SPON2
Supplementary Data 2	human	497	CD16+ NK	0 | 1.59746544548731 | 0.987 | 0.455 | 0 | CD16+ NK | PRF1
Supplementary Data 2	human	497	NK	0 | 1.59746544548731 | 0.987 | 0.455 | 0 | CD16+ NK | PRF1
Supplementary Data 2	human	498	CD16+ NK	0 | 1.49533187401673 | 0.823 | 0.178 | 0 | CD16+ NK | CLIC3
Supplementary Data 2	human	498	NK	0 | 1.49533187401673 | 0.823 | 0.178 | 0 | CD16+ NK | CLIC3
Supplementary Data 2	human	499	CD16+ NK	0 | 1.44850473111258 | 0.96 | 0.246 | 0 | CD16+ NK | FCGR3A
Supplementary Data 2	human	499	NK	0 | 1.44850473111258 | 0.96 | 0.246 | 0 | CD16+ NK | FCGR3A
Supplementary Data 2	human	500	CD16+ NK	0 | 1.36954604165569 | 1 | 0.622 | 0 | CD16+ NK | NKG7
Supplementary Data 2	human	500	NK	0 | 1.36954604165569 | 1 | 0.622 | 0 | CD16+ NK | NKG7
Supplementary Data 2	human	501	CD16+ NK	0 | 1.25738020141953 | 0.192 | 0.023 | 0 | CD16+ NK | PTGDS
Supplementary Data 2	human	501	NK	0 | 1.25738020141953 | 0.192 | 0.023 | 0 | CD16+ NK | PTGDS
Supplementary Data 2	human	502	CD16+ NK	0 | 1.25022494364384 | 0.968 | 0.551 | 0 | CD16+ NK | CD247
Supplementary Data 2	human	502	NK	0 | 1.25022494364384 | 0.968 | 0.551 | 0 | CD16+ NK | CD247
Supplementary Data 2	human	503	CD16+ NK	0 | 1.24996914754531 | 0.88 | 0.189 | 0 | CD16+ NK | KLRF1
Supplementary Data 2	human	503	NK	0 | 1.24996914754531 | 0.88 | 0.189 | 0 | CD16+ NK | KLRF1
Supplementary Data 2	human	504	CD16+ NK	0 | 1.20695682050025 | 0.258 | 0.012 | 0 | CD16+ NK | MYOM2
Supplementary Data 2	human	504	NK	0 | 1.20695682050025 | 0.258 | 0.012 | 0 | CD16+ NK | MYOM2
Supplementary Data 2	human	505	CD16+ NK	0 | 1.14996751942545 | 0.526 | 0.059 | 0 | CD16+ NK | LAIR2
Supplementary Data 2	human	505	NK	0 | 1.14996751942545 | 0.526 | 0.059 | 0 | CD16+ NK | LAIR2
Supplementary Data 2	human	506	CD16+ NK	0 | 1.14270188860256 | 0.897 | 0.399 | 0 | CD16+ NK | HOPX
Supplementary Data 2	human	506	NK	0 | 1.14270188860256 | 0.897 | 0.399 | 0 | CD16+ NK | HOPX
Supplementary Data 2	human	507	CD16+ NK	0 | 1.11757296698409 | 0.992 | 0.421 | 0 | CD16+ NK | KLRD1
Supplementary Data 2	human	507	NK	0 | 1.11757296698409 | 0.992 | 0.421 | 0 | CD16+ NK | KLRD1
Supplementary Data 2	human	508	CD16+ NK	0 | 1.09957033085468 | 0.659 | 0.126 | 0 | CD16+ NK | CX3CR1
Supplementary Data 2	human	508	NK	0 | 1.09957033085468 | 0.659 | 0.126 | 0 | CD16+ NK | CX3CR1
Supplementary Data 2	human	509	CD16+ NK	0 | 1.06948710326465 | 0.656 | 0.096 | 0 | CD16+ NK | ADGRG1
Supplementary Data 2	human	509	NK	0 | 1.06948710326465 | 0.656 | 0.096 | 0 | CD16+ NK | ADGRG1
Supplementary Data 2	human	510	CD16+ NK	0 | 1.05676995776254 | 0.892 | 0.406 | 0 | CD16+ NK | PLAC8
Supplementary Data 2	human	510	NK	0 | 1.05676995776254 | 0.892 | 0.406 | 0 | CD16+ NK | PLAC8
Supplementary Data 2	human	511	CD16+ NK	0 | 1.04306306200315 | 0.997 | 0.669 | 0 | CD16+ NK | CST7
Supplementary Data 2	human	511	NK	0 | 1.04306306200315 | 0.997 | 0.669 | 0 | CD16+ NK | CST7
Supplementary Data 2	human	512	CD16+ NK	0 | 1.04224455236761 | 0.956 | 0.476 | 0 | CD16+ NK | CTSW
Supplementary Data 2	human	512	NK	0 | 1.04224455236761 | 0.956 | 0.476 | 0 | CD16+ NK | CTSW
Supplementary Data 2	human	513	CD16+ NK	0 | 1.01484479418651 | 0.939 | 0.556 | 0 | CD16+ NK | EFHD2
Supplementary Data 2	human	513	NK	0 | 1.01484479418651 | 0.939 | 0.556 | 0 | CD16+ NK | EFHD2
Supplementary Data 2	human	514	CD16+ NK	0 | 1.00956600734615 | 0.901 | 0.411 | 0 | CD16+ NK | GZMH
Supplementary Data 2	human	514	NK	0 | 1.00956600734615 | 0.901 | 0.411 | 0 | CD16+ NK | GZMH
Supplementary Data 2	human	515	CD16+ NK	0 | 0.943682532977187 | 0.815 | 0.189 | 0 | CD16+ NK | TRDC
Supplementary Data 2	human	515	NK	0 | 0.943682532977187 | 0.815 | 0.189 | 0 | CD16+ NK | TRDC
Supplementary Data 2	human	516	CD16+ NK	0 | 0.885200680194771 | 0.98 | 0.588 | 0 | CD16+ NK | KLF2
Supplementary Data 2	human	516	NK	0 | 0.885200680194771 | 0.98 | 0.588 | 0 | CD16+ NK | KLF2
Supplementary Data 2	human	517	CD16+ NK	0 | 0.857455717422544 | 0.58 | 0.137 | 0 | CD16+ NK | TTC38
Supplementary Data 2	human	517	NK	0 | 0.857455717422544 | 0.58 | 0.137 | 0 | CD16+ NK | TTC38
Supplementary Data 2	human	518	CD16+ NK	0 | 0.854303872377137 | 0.885 | 0.534 | 0 | CD16+ NK | LITAF
Supplementary Data 2	human	518	NK	0 | 0.854303872377137 | 0.885 | 0.534 | 0 | CD16+ NK | LITAF
Supplementary Data 2	human	519	CD16+ NK	0 | 0.822763116285544 | 0.952 | 0.645 | 0 | CD16+ NK | ARL4C
Supplementary Data 2	human	519	NK	0 | 0.822763116285544 | 0.952 | 0.645 | 0 | CD16+ NK | ARL4C
Supplementary Data 2	human	520	CD16+ NK	0 | 0.818681382831086 | 0.596 | 0.148 | 0 | CD16+ NK | S1PR5
Supplementary Data 2	human	520	NK	0 | 0.818681382831086 | 0.596 | 0.148 | 0 | CD16+ NK | S1PR5
Supplementary Data 2	human	521	CD16+ NK	0 | 0.815193912577425 | 0.509 | 0.073 | 0 | CD16+ NK | PRSS23
Supplementary Data 2	human	521	NK	0 | 0.815193912577425 | 0.509 | 0.073 | 0 | CD16+ NK | PRSS23
Supplementary Data 2	human	522	CD16+ NK	0 | 0.808079818715711 | 0.5 | 0.118 | 0 | CD16+ NK | CEP78
Supplementary Data 2	human	522	NK	0 | 0.808079818715711 | 0.5 | 0.118 | 0 | CD16+ NK | CEP78
Supplementary Data 2	human	523	CD16+ NK	0 | 0.799041730209875 | 0.916 | 0.646 | 0 | CD16+ NK | ABHD17A
Supplementary Data 2	human	523	NK	0 | 0.799041730209875 | 0.916 | 0.646 | 0 | CD16+ NK | ABHD17A
Supplementary Data 2	human	524	CD16+ NK	0 | 0.753322290057148 | 0.608 | 0.298 | 0 | CD16+ NK | METRNL
Supplementary Data 2	human	524	NK	0 | 0.753322290057148 | 0.608 | 0.298 | 0 | CD16+ NK | METRNL
Supplementary Data 2	human	525	CD16+ NK	0 | 0.7443449897492 | 0.572 | 0.177 | 0 | CD16+ NK | TBX21
Supplementary Data 2	human	525	NK	0 | 0.7443449897492 | 0.572 | 0.177 | 0 | CD16+ NK | TBX21
Supplementary Data 2	human	526	CD16+ NK	0 | 0.740294488861803 | 0.529 | 0.124 | 0 | CD16+ NK | C1orf21
Supplementary Data 2	human	526	NK	0 | 0.740294488861803 | 0.529 | 0.124 | 0 | CD16+ NK | C1orf21
Supplementary Data 2	human	527	CD16+ NK	0 | 0.736618041757081 | 0.368 | 0.059 | 0 | CD16+ NK | CHST2
Supplementary Data 2	human	527	NK	0 | 0.736618041757081 | 0.368 | 0.059 | 0 | CD16+ NK | CHST2
Supplementary Data 2	human	528	CD16+ NK	0 | 0.731441124462572 | 0.496 | 0.099 | 0 | CD16+ NK | TXK
Supplementary Data 2	human	528	NK	0 | 0.731441124462572 | 0.496 | 0.099 | 0 | CD16+ NK | TXK
Supplementary Data 2	human	529	CD16+ NK	0 | 0.717900893692295 | 0.329 | 0.035 | 0 | CD16+ NK | AKR1C3
Supplementary Data 2	human	529	NK	0 | 0.717900893692295 | 0.329 | 0.035 | 0 | CD16+ NK | AKR1C3
Supplementary Data 2	human	530	CD16+ NK	0 | 0.714783983604803 | 0.869 | 0.546 | 0 | CD16+ NK | PLEK
Supplementary Data 2	human	530	NK	0 | 0.714783983604803 | 0.869 | 0.546 | 0 | CD16+ NK | PLEK
Supplementary Data 2	human	531	CD16+ NK	0 | 0.690165246828068 | 0.699 | 0.314 | 0 | CD16+ NK | C12orf75
Supplementary Data 2	human	531	NK	0 | 0.690165246828068 | 0.699 | 0.314 | 0 | CD16+ NK | C12orf75
Supplementary Data 2	human	532	CD16+ NK	0 | 0.688536422401129 | 0.755 | 0.392 | 0 | CD16+ NK | PYHIN1
Supplementary Data 2	human	532	NK	0 | 0.688536422401129 | 0.755 | 0.392 | 0 | CD16+ NK | PYHIN1
Supplementary Data 2	human	533	CD16+ NK	0 | 0.674718192468692 | 0.939 | 0.776 | 0 | CD16+ NK | RAP1B
Supplementary Data 2	human	533	NK	0 | 0.674718192468692 | 0.939 | 0.776 | 0 | CD16+ NK | RAP1B
Supplementary Data 2	human	534	CD16+ NK	0 | 0.645337612452111 | 0.783 | 0.432 | 0 | CD16+ NK | ZEB2
Supplementary Data 2	human	534	NK	0 | 0.645337612452111 | 0.783 | 0.432 | 0 | CD16+ NK | ZEB2
Supplementary Data 2	human	535	CD16+ NK	0 | 0.640456793376074 | 0.345 | 0.05 | 0 | CD16+ NK | SH2D1B
Supplementary Data 2	human	535	NK	0 | 0.640456793376074 | 0.345 | 0.05 | 0 | CD16+ NK | SH2D1B
Supplementary Data 2	human	536	CD16+ NK	0 | 0.637718485471422 | 0.794 | 0.521 | 0 | CD16+ NK | BIN2
Supplementary Data 2	human	536	NK	0 | 0.637718485471422 | 0.794 | 0.521 | 0 | CD16+ NK | BIN2
Supplementary Data 2	human	537	CD16+ NK	0 | 0.634211676198694 | 0.527 | 0.226 | 0 | CD16+ NK | SH2D2A
Supplementary Data 2	human	537	NK	0 | 0.634211676198694 | 0.527 | 0.226 | 0 | CD16+ NK | SH2D2A
Supplementary Data 2	human	538	CD16+ NK	0 | 0.632153376166391 | 0.375 | 0.087 | 0 | CD16+ NK | GK5
Supplementary Data 2	human	538	NK	0 | 0.632153376166391 | 0.375 | 0.087 | 0 | CD16+ NK | GK5
Supplementary Data 2	human	539	CD16+ NK	0 | 0.63088943482497 | 0.767 | 0.46 | 0 | CD16+ NK | RUNX3
Supplementary Data 2	human	539	NK	0 | 0.63088943482497 | 0.767 | 0.46 | 0 | CD16+ NK | RUNX3
Supplementary Data 2	human	540	CD16+ NK	0 | 0.629455218549704 | 0.541 | 0.255 | 0 | CD16+ NK | GNPTAB
Supplementary Data 2	human	540	NK	0 | 0.629455218549704 | 0.541 | 0.255 | 0 | CD16+ NK | GNPTAB
Supplementary Data 2	human	541	CD16+ NK	0 | 0.629137300804699 | 0.592 | 0.291 | 0 | CD16+ NK | CD300A
Supplementary Data 2	human	541	NK	0 | 0.629137300804699 | 0.592 | 0.291 | 0 | CD16+ NK | CD300A
Supplementary Data 2	human	542	CD16+ NK	0 | 0.623186798936986 | 0.475 | 0.17 | 0 | CD16+ NK | TFDP2
Supplementary Data 2	human	542	NK	0 | 0.623186798936986 | 0.475 | 0.17 | 0 | CD16+ NK | TFDP2
Supplementary Data 2	human	543	CD16+ NK	0 | 0.612128087385949 | 0.691 | 0.337 | 0 | CD16+ NK | SAMD3
Supplementary Data 2	human	543	NK	0 | 0.612128087385949 | 0.691 | 0.337 | 0 | CD16+ NK | SAMD3
Supplementary Data 2	human	544	CD16+ NK	0 | 0.609646118334228 | 0.938 | 0.765 | 0 | CD16+ NK | IFITM2
Supplementary Data 2	human	544	NK	0 | 0.609646118334228 | 0.938 | 0.765 | 0 | CD16+ NK | IFITM2
Supplementary Data 2	human	545	CD16+ NK	0 | 0.60810973232191 | 0.419 | 0.146 | 0 | CD16+ NK | HSH2D
Supplementary Data 2	human	545	NK	0 | 0.60810973232191 | 0.419 | 0.146 | 0 | CD16+ NK | HSH2D
Supplementary Data 2	human	546	CD16+ NK	0 | 0.601665841587959 | 0.348 | 0.113 | 0 | CD16+ NK | HAVCR2
Supplementary Data 2	human	546	NK	0 | 0.601665841587959 | 0.348 | 0.113 | 0 | CD16+ NK | HAVCR2
Supplementary Data 2	human	547	CD16+ NK	0 | 0.570034459943884 | 0.445 | 0.201 | 0 | CD16+ NK | UBE2F
Supplementary Data 2	human	547	NK	0 | 0.570034459943884 | 0.445 | 0.201 | 0 | CD16+ NK | UBE2F
Supplementary Data 2	human	548	CD16+ NK	0 | 0.565288082162728 | 0.739 | 0.45 | 0 | CD16+ NK | APMAP
Supplementary Data 2	human	548	NK	0 | 0.565288082162728 | 0.739 | 0.45 | 0 | CD16+ NK | APMAP
Supplementary Data 2	human	549	CD16+ NK	0 | 0.560902504851087 | 0.734 | 0.522 | 0 | CD16+ NK | CDC42SE1
Supplementary Data 2	human	549	NK	0 | 0.560902504851087 | 0.734 | 0.522 | 0 | CD16+ NK | CDC42SE1
Supplementary Data 2	human	550	CD16+ NK	0 | 0.55669238263584 | 0.837 | 0.463 | 0 | CD16+ NK | CD7
Supplementary Data 2	human	550	NK	0 | 0.55669238263584 | 0.837 | 0.463 | 0 | CD16+ NK | CD7
Supplementary Data 2	human	551	CD16+ NK	0 | 0.555574026887338 | 0.401 | 0.148 | 0 | CD16+ NK | SYNGR1
Supplementary Data 2	human	551	NK	0 | 0.555574026887338 | 0.401 | 0.148 | 0 | CD16+ NK | SYNGR1
Supplementary Data 2	human	552	CD16+ NK	0 | 0.548765308874438 | 0.981 | 0.918 | 0 | CD16+ NK | TXNIP
Supplementary Data 2	human	552	NK	0 | 0.548765308874438 | 0.981 | 0.918 | 0 | CD16+ NK | TXNIP
Supplementary Data 2	human	553	CD16+ NK	0 | 0.548426986592629 | 0.987 | 0.665 | 0 | CD16+ NK | GZMA
Supplementary Data 2	human	553	NK	0 | 0.548426986592629 | 0.987 | 0.665 | 0 | CD16+ NK | GZMA
Supplementary Data 2	human	554	CD16+ NK	0 | 0.546521459411189 | 0.918 | 0.375 | 0 | CD16+ NK | TYROBP
Supplementary Data 2	human	554	NK	0 | 0.546521459411189 | 0.918 | 0.375 | 0 | CD16+ NK | TYROBP
Supplementary Data 2	human	555	CD16+ NK	0 | 0.5395883334849 | 0.466 | 0.215 | 0 | CD16+ NK | PTPN12
Supplementary Data 2	human	555	NK	0 | 0.5395883334849 | 0.466 | 0.215 | 0 | CD16+ NK | PTPN12
Supplementary Data 2	human	556	CD16+ NK	0 | 0.532955197016351 | 0.711 | 0.459 | 0 | CD16+ NK | FLNA
Supplementary Data 2	human	556	NK	0 | 0.532955197016351 | 0.711 | 0.459 | 0 | CD16+ NK | FLNA
Supplementary Data 2	human	557	CD16+ NK	0 | 0.531146067547013 | 0.574 | 0.315 | 0 | CD16+ NK | TPST2
Supplementary Data 2	human	557	NK	0 | 0.531146067547013 | 0.574 | 0.315 | 0 | CD16+ NK | TPST2
Supplementary Data 2	human	558	CD16+ NK	0 | 0.530208604581026 | 0.609 | 0.321 | 0 | CD16+ NK | PTPN4
Supplementary Data 2	human	558	NK	0 | 0.530208604581026 | 0.609 | 0.321 | 0 | CD16+ NK | PTPN4
Supplementary Data 2	human	559	CD16+ NK	0 | 0.529623687301872 | 0.657 | 0.458 | 0 | CD16+ NK | PRMT2
Supplementary Data 2	human	559	NK	0 | 0.529623687301872 | 0.657 | 0.458 | 0 | CD16+ NK | PRMT2
Supplementary Data 2	human	560	CD16+ NK	0 | 0.52285389929602 | 0.582 | 0.342 | 0 | CD16+ NK | GNG2
Supplementary Data 2	human	560	NK	0 | 0.52285389929602 | 0.582 | 0.342 | 0 | CD16+ NK | GNG2
Supplementary Data 2	human	561	CD16+ NK	0 | 0.520326845948002 | 0.608 | 0.336 | 0 | CD16+ NK | SYNE1
Supplementary Data 2	human	561	NK	0 | 0.520326845948002 | 0.608 | 0.336 | 0 | CD16+ NK | SYNE1
Supplementary Data 2	human	562	CD16+ NK	0 | 0.512874000670908 | 0.815 | 0.689 | 0 | CD16+ NK | JAK1
Supplementary Data 2	human	562	NK	0 | 0.512874000670908 | 0.815 | 0.689 | 0 | CD16+ NK | JAK1
Supplementary Data 2	human	563	CD16+ NK	0 | 0.505344515603076 | 0.579 | 0.302 | 0 | CD16+ NK | ZAP70
Supplementary Data 2	human	563	NK	0 | 0.505344515603076 | 0.579 | 0.302 | 0 | CD16+ NK | ZAP70
Supplementary Data 2	human	564	CD16+ NK	0 | 0.502992168963595 | 0.657 | 0.347 | 0 | CD16+ NK | MATK
Supplementary Data 2	human	564	NK	0 | 0.502992168963595 | 0.657 | 0.347 | 0 | CD16+ NK | MATK
Supplementary Data 2	human	565	CD16+ NK	0 | 0.502787958407616 | 0.733 | 0.534 | 0 | CD16+ NK | CCND3
Supplementary Data 2	human	565	NK	0 | 0.502787958407616 | 0.733 | 0.534 | 0 | CD16+ NK | CCND3
Supplementary Data 2	human	566	CD16+ NK	0 | 0.502095262656282 | 0.936 | 0.63 | 0 | CD16+ NK | GZMM
Supplementary Data 2	human	566	NK	0 | 0.502095262656282 | 0.936 | 0.63 | 0 | CD16+ NK | GZMM
Supplementary Data 2	human	567	CD16+ NK	0 | 0.500477654592021 | 0.694 | 0.41 | 0 | CD16+ NK | SYNE2
Supplementary Data 2	human	567	NK	0 | 0.500477654592021 | 0.694 | 0.41 | 0 | CD16+ NK | SYNE2
Supplementary Data 2	human	568	CD16+ NK	0 | 0.496375999029689 | 0.471 | 0.184 | 0 | CD16+ NK | TRGC1
Supplementary Data 2	human	568	NK	0 | 0.496375999029689 | 0.471 | 0.184 | 0 | CD16+ NK | TRGC1
Supplementary Data 2	human	569	CD16+ NK	0 | 0.490337858635632 | 0.679 | 0.414 | 0 | CD16+ NK | CHST12
Supplementary Data 2	human	569	NK	0 | 0.490337858635632 | 0.679 | 0.414 | 0 | CD16+ NK | CHST12
Supplementary Data 2	human	570	CD16+ NK	0 | 0.488053550772398 | 0.785 | 0.598 | 0 | CD16+ NK | MBP
Supplementary Data 2	human	570	NK	0 | 0.488053550772398 | 0.785 | 0.598 | 0 | CD16+ NK | MBP
Supplementary Data 2	human	571	CD16+ NK	0 | 0.484779634778505 | 0.501 | 0.209 | 0 | CD16+ NK | NCR3
Supplementary Data 2	human	571	NK	0 | 0.484779634778505 | 0.501 | 0.209 | 0 | CD16+ NK | NCR3
Supplementary Data 2	human	572	CD16+ NK	0 | 0.484143057981039 | 0.446 | 0.227 | 0 | CD16+ NK | SORL1
Supplementary Data 2	human	572	NK	0 | 0.484143057981039 | 0.446 | 0.227 | 0 | CD16+ NK | SORL1
Supplementary Data 2	human	573	CD16+ NK	0 | 0.48250236499845 | 0.365 | 0.151 | 0 | CD16+ NK | CXXC5
Supplementary Data 2	human	573	NK	0 | 0.48250236499845 | 0.365 | 0.151 | 0 | CD16+ NK | CXXC5
Supplementary Data 2	human	574	CD16+ NK	0 | 0.481542358150117 | 0.905 | 0.758 | 0 | CD16+ NK | AES
Supplementary Data 2	human	574	NK	0 | 0.481542358150117 | 0.905 | 0.758 | 0 | CD16+ NK | AES
Supplementary Data 2	human	575	CD16+ NK	0 | 0.480562985505531 | 0.327 | 0.116 | 0 | CD16+ NK | GTF3C1
Supplementary Data 2	human	575	NK	0 | 0.480562985505531 | 0.327 | 0.116 | 0 | CD16+ NK | GTF3C1
Supplementary Data 2	human	576	CD16+ NK	0 | 0.477447676080498 | 0.997 | 0.96 | 0 | CD16+ NK | CYBA
Supplementary Data 2	human	576	NK	0 | 0.477447676080498 | 0.997 | 0.96 | 0 | CD16+ NK | CYBA
Supplementary Data 2	human	577	CD16+ NK	0 | 0.462734205360606 | 0.566 | 0.353 | 0 | CD16+ NK | SPN
Supplementary Data 2	human	577	NK	0 | 0.462734205360606 | 0.566 | 0.353 | 0 | CD16+ NK | SPN
Supplementary Data 2	human	578	CD16+ NK	0 | 0.462476497039255 | 0.346 | 0.132 | 0 | CD16+ NK | SSBP3
Supplementary Data 2	human	578	NK	0 | 0.462476497039255 | 0.346 | 0.132 | 0 | CD16+ NK | SSBP3
Supplementary Data 2	human	579	CD16+ NK	0 | 0.458232039482656 | 0.701 | 0.5 | 0 | CD16+ NK | UCP2
Supplementary Data 2	human	579	NK	0 | 0.458232039482656 | 0.701 | 0.5 | 0 | CD16+ NK | UCP2
Supplementary Data 2	human	580	CD16+ NK	0 | 0.457775182139655 | 0.415 | 0.212 | 0 | CD16+ NK | HDDC2
Supplementary Data 2	human	580	NK	0 | 0.457775182139655 | 0.415 | 0.212 | 0 | CD16+ NK | HDDC2
Supplementary Data 2	human	581	CD16+ NK	0 | 0.457411498084781 | 0.55 | 0.277 | 0 | CD16+ NK | FCRL6
Supplementary Data 2	human	581	NK	0 | 0.457411498084781 | 0.55 | 0.277 | 0 | CD16+ NK | FCRL6
Supplementary Data 2	human	582	CD16+ NK	0 | 0.454023685871419 | 0.251 | 0.082 | 0 | CD16+ NK | ASCL2
Supplementary Data 2	human	582	NK	0 | 0.454023685871419 | 0.251 | 0.082 | 0 | CD16+ NK | ASCL2
Supplementary Data 2	human	583	CD16+ NK	0 | 0.452249949859327 | 0.331 | 0.118 | 0 | CD16+ NK | RASA3
Supplementary Data 2	human	583	NK	0 | 0.452249949859327 | 0.331 | 0.118 | 0 | CD16+ NK | RASA3
Supplementary Data 2	human	584	CD16+ NK	0 | 0.45055029421757 | 0.39 | 0.179 | 0 | CD16+ NK | PLEKHA1
Supplementary Data 2	human	584	NK	0 | 0.45055029421757 | 0.39 | 0.179 | 0 | CD16+ NK | PLEKHA1
Supplementary Data 2	human	585	CD16+ NK	0 | 0.450525407231102 | 0.789 | 0.603 | 0 | CD16+ NK | PPP2R5C
Supplementary Data 2	human	585	NK	0 | 0.450525407231102 | 0.789 | 0.603 | 0 | CD16+ NK | PPP2R5C
Supplementary Data 2	human	586	CD16+ NK	0 | 0.448501552427855 | 0.758 | 0.646 | 0 | CD16+ NK | TCF25
Supplementary Data 2	human	586	NK	0 | 0.448501552427855 | 0.758 | 0.646 | 0 | CD16+ NK | TCF25
Supplementary Data 2	human	587	CD16+ NK	0 | 0.448079874568122 | 0.359 | 0.124 | 0 | CD16+ NK | TGFBR3
Supplementary Data 2	human	587	NK	0 | 0.448079874568122 | 0.359 | 0.124 | 0 | CD16+ NK | TGFBR3
Supplementary Data 2	human	588	CD16+ NK	0 | 0.447023285044766 | 0.312 | 0.126 | 0 | CD16+ NK | CTBP2
Supplementary Data 2	human	588	NK	0 | 0.447023285044766 | 0.312 | 0.126 | 0 | CD16+ NK | CTBP2
Supplementary Data 2	human	589	CD16+ NK	0 | 0.442769516358687 | 0.45 | 0.255 | 0 | CD16+ NK | SELPLG
Supplementary Data 2	human	589	NK	0 | 0.442769516358687 | 0.45 | 0.255 | 0 | CD16+ NK | SELPLG
Supplementary Data 2	human	590	CD16+ NK	0 | 0.441100307082514 | 0.499 | 0.311 | 0 | CD16+ NK | C1orf56
Supplementary Data 2	human	590	NK	0 | 0.441100307082514 | 0.499 | 0.311 | 0 | CD16+ NK | C1orf56
Supplementary Data 2	human	591	CD16+ NK	0 | 0.441092525809655 | 0.403 | 0.195 | 0 | CD16+ NK | ADRB2
Supplementary Data 2	human	591	NK	0 | 0.441092525809655 | 0.403 | 0.195 | 0 | CD16+ NK | ADRB2
Supplementary Data 2	human	592	CD16+ NK	0 | 0.439740904801957 | 0.393 | 0.211 | 0 | CD16+ NK | STARD3NL
Supplementary Data 2	human	592	NK	0 | 0.439740904801957 | 0.393 | 0.211 | 0 | CD16+ NK | STARD3NL
Supplementary Data 2	human	593	CD16+ NK	0 | 0.436482333844682 | 0.311 | 0.121 | 0 | CD16+ NK | ITGAM
Supplementary Data 2	human	593	NK	0 | 0.436482333844682 | 0.311 | 0.121 | 0 | CD16+ NK | ITGAM
Supplementary Data 2	human	594	CD16+ NK	0 | 0.435820743545942 | 0.491 | 0.231 | 0 | CD16+ NK | PTGDR
Supplementary Data 2	human	594	NK	0 | 0.435820743545942 | 0.491 | 0.231 | 0 | CD16+ NK | PTGDR
Supplementary Data 2	human	595	CD16+ NK	0 | 0.431468549791749 | 0.561 | 0.371 | 0 | CD16+ NK | CDKN2D
Supplementary Data 2	human	595	NK	0 | 0.431468549791749 | 0.561 | 0.371 | 0 | CD16+ NK | CDKN2D
Supplementary Data 2	human	596	CD16+ NK	0 | 0.430461655860547 | 0.684 | 0.492 | 0 | CD16+ NK | DOK2
Supplementary Data 2	human	596	NK	0 | 0.430461655860547 | 0.684 | 0.492 | 0 | CD16+ NK | DOK2
Supplementary Data 2	human	597	CD16+ NK	0 | 0.426271541869575 | 0.5 | 0.321 | 0 | CD16+ NK | GPR65
Supplementary Data 2	human	597	NK	0 | 0.426271541869575 | 0.5 | 0.321 | 0 | CD16+ NK | GPR65
Supplementary Data 2	human	598	CD16+ NK	0 | 0.424996883256836 | 0.411 | 0.235 | 0 | CD16+ NK | DIP2A
Supplementary Data 2	human	598	NK	0 | 0.424996883256836 | 0.411 | 0.235 | 0 | CD16+ NK | DIP2A
Supplementary Data 2	human	599	CD16+ NK	0 | 0.424451225716384 | 0.523 | 0.323 | 0 | CD16+ NK | RASSF1
Supplementary Data 2	human	599	NK	0 | 0.424451225716384 | 0.523 | 0.323 | 0 | CD16+ NK | RASSF1
Supplementary Data 2	human	600	CD16+ NK	0 | 0.423218042042087 | 0.669 | 0.487 | 0 | CD16+ NK | SUN2
Supplementary Data 2	human	600	NK	0 | 0.423218042042087 | 0.669 | 0.487 | 0 | CD16+ NK | SUN2
Supplementary Data 2	human	601	CD16+ NK	0 | 0.4230928891795 | 0.567 | 0.39 | 0 | CD16+ NK | ADD3
Supplementary Data 2	human	601	NK	0 | 0.4230928891795 | 0.567 | 0.39 | 0 | CD16+ NK | ADD3
Supplementary Data 2	human	602	CD16+ NK	0 | 0.423060295744206 | 0.548 | 0.354 | 0 | CD16+ NK | ABI3
Supplementary Data 2	human	602	NK	0 | 0.423060295744206 | 0.548 | 0.354 | 0 | CD16+ NK | ABI3
Supplementary Data 2	human	603	CD16+ NK	0 | 0.422685926187566 | 0.282 | 0.067 | 0 | CD16+ NK | NCR1
Supplementary Data 2	human	603	NK	0 | 0.422685926187566 | 0.282 | 0.067 | 0 | CD16+ NK | NCR1
Supplementary Data 2	human	604	CD16+ NK	0 | 0.41755259267018 | 0.339 | 0.118 | 0 | CD16+ NK | MCTP2
Supplementary Data 2	human	604	NK	0 | 0.41755259267018 | 0.339 | 0.118 | 0 | CD16+ NK | MCTP2
Supplementary Data 2	human	605	CD16+ NK	0 | 0.414448414848854 | 0.921 | 0.738 | 0 | CD16+ NK | EMP3
Supplementary Data 2	human	605	NK	0 | 0.414448414848854 | 0.921 | 0.738 | 0 | CD16+ NK | EMP3
Supplementary Data 2	human	606	CD16+ NK	0 | 0.413138028887608 | 0.703 | 0.549 | 0 | CD16+ NK | ATM
Supplementary Data 2	human	606	NK	0 | 0.413138028887608 | 0.703 | 0.549 | 0 | CD16+ NK | ATM
Supplementary Data 2	human	607	CD16+ NK	0 | 0.412209248312432 | 0.328 | 0.148 | 0 | CD16+ NK | HIPK2
Supplementary Data 2	human	607	NK	0 | 0.412209248312432 | 0.328 | 0.148 | 0 | CD16+ NK | HIPK2
Supplementary Data 2	human	608	CD16+ NK	0 | 0.410445883295707 | 0.324 | 0.147 | 0 | CD16+ NK | LAIR1
Supplementary Data 2	human	608	NK	0 | 0.410445883295707 | 0.324 | 0.147 | 0 | CD16+ NK | LAIR1
Supplementary Data 2	human	609	CD16+ NK	0 | 0.407354582802611 | 0.962 | 0.702 | 0 | CD16+ NK | CCL4
Supplementary Data 2	human	609	NK	0 | 0.407354582802611 | 0.962 | 0.702 | 0 | CD16+ NK | CCL4
Supplementary Data 2	human	610	CD16+ NK	0 | 0.405017860208228 | 0.246 | 0.058 | 0 | CD16+ NK | LINC02384
Supplementary Data 2	human	610	NK	0 | 0.405017860208228 | 0.246 | 0.058 | 0 | CD16+ NK | LINC02384
Supplementary Data 2	human	611	CD16+ NK	0 | 0.404272364670319 | 0.353 | 0.173 | 0 | CD16+ NK | SLC15A4
Supplementary Data 2	human	611	NK	0 | 0.404272364670319 | 0.353 | 0.173 | 0 | CD16+ NK | SLC15A4
Supplementary Data 2	human	612	CD16+ NK	0 | 0.403916209714349 | 0.923 | 0.788 | 0 | CD16+ NK | ITGB2
Supplementary Data 2	human	612	NK	0 | 0.403916209714349 | 0.923 | 0.788 | 0 | CD16+ NK | ITGB2
Supplementary Data 2	human	613	CD16+ NK	0 | 0.402342053481541 | 0.765 | 0.521 | 0 | CD16+ NK | CMC1
Supplementary Data 2	human	613	NK	0 | 0.402342053481541 | 0.765 | 0.521 | 0 | CD16+ NK | CMC1
Supplementary Data 2	human	614	CD16+ NK	0 | 0.401629212874936 | 0.983 | 0.927 | 0 | CD16+ NK | ARPC2
Supplementary Data 2	human	614	NK	0 | 0.401629212874936 | 0.983 | 0.927 | 0 | CD16+ NK | ARPC2
Supplementary Data 2	human	615	CD16+ NK	7.90505033345994e-323 | 0.418238512349216 | 0.455 | 0.267 | 1.90725149395388e-318 | CD16+ NK | RAB29
Supplementary Data 2	human	615	NK	7.90505033345994e-323 | 0.418238512349216 | 0.455 | 0.267 | 1.90725149395388e-318 | CD16+ NK | RAB29
Supplementary Data 2	human	616	CD16+ NK	7.70742407512345e-322 | 0.437583397590971 | 0.536 | 0.27 | 1.85957020660503e-317 | CD16+ NK | MYBL1
Supplementary Data 2	human	616	NK	7.70742407512345e-322 | 0.437583397590971 | 0.536 | 0.27 | 1.85957020660503e-317 | CD16+ NK | MYBL1
Supplementary Data 2	human	617	CD16+ NK	2.06733302600484e-314 | 0.432136607930538 | 0.517 | 0.277 | 4.98785439184187e-310 | CD16+ NK | FGR
Supplementary Data 2	human	617	NK	2.06733302600484e-314 | 0.432136607930538 | 0.517 | 0.277 | 4.98785439184187e-310 | CD16+ NK | FGR
Supplementary Data 2	human	618	CD16+ NK	6.19560692019531e-304 | 0.614859251636894 | 0.292 | 0.097 | 1.49481408163552e-299 | CD16+ NK | KLRC2
Supplementary Data 2	human	618	NK	6.19560692019531e-304 | 0.614859251636894 | 0.292 | 0.097 | 1.49481408163552e-299 | CD16+ NK | KLRC2
Supplementary Data 2	human	619	CD16+ NK	3.45423879060771e-301 | 0.412150668291954 | 0.402 | 0.188 | 8.33404193009921e-297 | CD16+ NK | PTGER2
Supplementary Data 2	human	619	NK	3.45423879060771e-301 | 0.412150668291954 | 0.402 | 0.188 | 8.33404193009921e-297 | CD16+ NK | PTGER2
Supplementary Data 2	human	620	CD16+ NK	1.05015611782375e-296 | 0.46895143811009 | 0.528 | 0.303 | 2.53371166547336e-292 | CD16+ NK | PRDM1
Supplementary Data 2	human	620	NK	1.05015611782375e-296 | 0.46895143811009 | 0.528 | 0.303 | 2.53371166547336e-292 | CD16+ NK | PRDM1
Supplementary Data 2	human	621	CD16+ NK	1.95883588739198e-284 | 0.435846444281479 | 0.498 | 0.274 | 4.72608334551063e-280 | CD16+ NK | SYTL3
Supplementary Data 2	human	621	NK	1.95883588739198e-284 | 0.435846444281479 | 0.498 | 0.274 | 4.72608334551063e-280 | CD16+ NK | SYTL3
Supplementary Data 2	human	622	CD16+ NK	9.47574589124397e-270 | 0.59712119121894 | 0.255 | 0.081 | 2.28621321118043e-265 | CD16+ NK | KLRC1
Supplementary Data 2	human	622	NK	9.47574589124397e-270 | 0.59712119121894 | 0.255 | 0.081 | 2.28621321118043e-265 | CD16+ NK | KLRC1
Supplementary Data 2	human	623	CD16+ NK	2.19527757893576e-247 | 0.408225388516348 | 0.433 | 0.23 | 5.29654621469832e-243 | CD16+ NK | LINC00861
Supplementary Data 2	human	623	NK	2.19527757893576e-247 | 0.408225388516348 | 0.433 | 0.23 | 5.29654621469832e-243 | CD16+ NK | LINC00861
Supplementary Data 2	human	624	CD16+ NK	1.71128277881471e-223 | 0.501754270058324 | 0.634 | 0.405 | 4.12881196044625e-219 | CD16+ NK | CCL3
Supplementary Data 2	human	624	NK	1.71128277881471e-223 | 0.501754270058324 | 0.634 | 0.405 | 4.12881196044625e-219 | CD16+ NK | CCL3
Supplementary Data 2	human	625	CD16+ NK	1.45631046602299e-193 | 0.407192596063317 | 0.327 | 0.216 | 3.51364026137367e-189 | CD16+ NK | CREM
Supplementary Data 2	human	625	NK	1.45631046602299e-193 | 0.407192596063317 | 0.327 | 0.216 | 3.51364026137367e-189 | CD16+ NK | CREM
Supplementary Data 2	human	626	CD16+ NK	1.23704470056792e-127 | 0.450583568594033 | 0.609 | 0.44 | 2.98461774906021e-123 | CD16+ NK | CCL4L2
Supplementary Data 2	human	626	NK	1.23704470056792e-127 | 0.450583568594033 | 0.609 | 0.44 | 2.98461774906021e-123 | CD16+ NK | CCL4L2
Supplementary Data 2	human	627	CD16+ NK	7.52255404254697e-43 | 0.566272960613172 | 0.224 | 0.172 | 1.81496661384531e-38 | CD16+ NK | HSPA6
Supplementary Data 2	human	627	NK	7.52255404254697e-43 | 0.566272960613172 | 0.224 | 0.172 | 1.81496661384531e-38 | CD16+ NK | HSPA6
Supplementary Data 2	human	628	Naive B	0 | 2.95469161981489 | 0.998 | 0.028 | 0 | Naive B | CD79A
Supplementary Data 2	human	629	Naive B	0 | 2.75356865501086 | 0.998 | 0.093 | 0 | Naive B | IGHM
Supplementary Data 2	human	630	Naive B	0 | 2.60007725977819 | 0.851 | 0.004 | 0 | Naive B | TCL1A
Supplementary Data 2	human	631	Naive B	0 | 2.48612774807995 | 0.973 | 0.057 | 0 | Naive B | MS4A1
Supplementary Data 2	human	632	Naive B	0 | 2.45065812125428 | 0.951 | 0.005 | 0 | Naive B | IGHD
Supplementary Data 2	human	633	Naive B	0 | 2.27426204504435 | 0.968 | 0.139 | 0 | Naive B | CD79B
Supplementary Data 2	human	634	Naive B	0 | 1.7265412383491 | 1 | 0.801 | 0 | Naive B | CD37
Supplementary Data 2	human	635	Naive B	0 | 1.70388355691715 | 0.843 | 0.034 | 0 | Naive B | BANK1
Supplementary Data 2	human	635	NK	0 | 1.70388355691715 | 0.843 | 0.034 | 0 | Naive B | BANK1
Supplementary Data 2	human	636	Naive B	0 | 1.66896901813566 | 0.81 | 0.038 | 0 | Naive B | RALGPS2
Supplementary Data 2	human	637	Naive B	0 | 1.66024225515648 | 0.688 | 0.007 | 0 | Naive B | VPREB3
Supplementary Data 2	human	638	Naive B	0 | 1.62099699493637 | 0.75 | 0.015 | 0 | Naive B | LINC00926
Supplementary Data 2	human	639	Naive B	0 | 1.58513126935952 | 0.767 | 0.024 | 0 | Naive B | TNFRSF13C
Supplementary Data 2	human	640	Naive B	0 | 1.52782128568275 | 0.678 | 0.008 | 0 | Naive B | FCER2
Supplementary Data 2	human	641	Naive B	0 | 1.49803752603907 | 1 | 0.807 | 0 | Naive B | CD74
Supplementary Data 2	human	642	Naive B	0 | 1.42870361936952 | 0.798 | 0.162 | 0 | Naive B | MEF2C
Supplementary Data 2	human	643	Naive B	0 | 1.41464385245971 | 0.734 | 0.106 | 0 | Naive B | HVCN1
Supplementary Data 2	human	644	Naive B	0 | 1.40114535446017 | 1 | 0.541 | 0 | Naive B | HLA-DRA
Supplementary Data 2	human	645	Naive B	0 | 1.37977844746405 | 0.751 | 0.384 | 0 | Naive B | IGKC
Supplementary Data 2	human	646	Naive B	0 | 1.31920933465674 | 0.67 | 0.013 | 0 | Naive B | CD22
Supplementary Data 2	human	647	Naive B	0 | 1.28027229301378 | 0.665 | 0.06 | 0 | Naive B | BCL11A
Supplementary Data 2	human	648	Naive B	0 | 1.27637687779339 | 0.569 | 0.024 | 0 | Naive B | SPIB
Supplementary Data 2	human	649	Naive B	0 | 1.27107403400545 | 0.62 | 0.013 | 0 | Naive B | FAM129C
Supplementary Data 2	human	650	Naive B	0 | 1.23464840991006 | 0.602 | 0.056 | 0 | Naive B | CD72
Supplementary Data 2	human	651	Naive B	0 | 1.2133924899562 | 0.595 | 0.117 | 0 | Naive B | PLPP5
Supplementary Data 2	human	652	Naive B	0 | 1.18462178648199 | 0.6 | 0.158 | 0 | Naive B | IGLC2
Supplementary Data 2	human	653	Naive B	0 | 1.13945634868094 | 0.572 | 0.006 | 0 | Naive B | FCRL1
Supplementary Data 2	human	654	Naive B	0 | 1.13623774336676 | 0.819 | 0.228 | 0 | Naive B | HLA-DMB
Supplementary Data 2	human	655	Naive B	0 | 1.135298087459 | 0.975 | 0.425 | 0 | Naive B | HLA-DQB1
Supplementary Data 2	human	656	Naive B	0 | 1.115795669407 | 0.695 | 0.21 | 0 | Naive B | STX7
Supplementary Data 2	human	657	Naive B	0 | 1.10952976449774 | 0.581 | 0.04 | 0 | Naive B | AFF3
Supplementary Data 2	human	658	Naive B	0 | 1.10253489992364 | 0.638 | 0.102 | 0 | Naive B | SWAP70
Supplementary Data 2	human	659	Naive B	0 | 1.09654314665448 | 0.668 | 0.133 | 0 | Naive B | 2024-03-01 00:00:00
Supplementary Data 2	human	660	Naive B	0 | 1.08592265461556 | 0.506 | 0.009 | 0 | Naive B | FCRLA
Supplementary Data 2	human	661	Naive B	0 | 1.08168071953089 | 0.492 | 0.096 | 0 | Naive B | IL4R
Supplementary Data 2	human	662	Naive B	0 | 1.07956196510088 | 0.761 | 0.242 | 0 | Naive B | FCMR
Supplementary Data 2	human	663	Naive B	0 | 1.07741386990275 | 0.573 | 0.028 | 0 | Naive B | HLA-DOB
Supplementary Data 2	human	664	Naive B	0 | 1.0762215677223 | 0.948 | 0.338 | 0 | Naive B | HLA-DQA1
Supplementary Data 2	human	665	Naive B	0 | 1.01491938993035 | 0.547 | 0.077 | 0 | Naive B | EAF2
Supplementary Data 2	human	666	Naive B	0 | 1.01094279321979 | 0.48 | 0.007 | 0 | Naive B | LINC02397
Supplementary Data 2	human	667	Naive B	0 | 1.00923725600847 | 0.561 | 0.076 | 0 | Naive B | CD40
Supplementary Data 2	human	668	Naive B	0 | 0.99447892088974 | 0.762 | 0.288 | 0 | Naive B | SNX2
Supplementary Data 2	human	669	Naive B	0 | 0.991547686314327 | 0.597 | 0.134 | 0 | Naive B | CYB561A3
Supplementary Data 2	human	670	Naive B	0 | 0.979478877616832 | 0.377 | 0.01 | 0 | Naive B | PCDH9
Supplementary Data 2	human	671	Naive B	0 | 0.962400335550076 | 0.493 | 0.021 | 0 | Naive B | TSPAN13
Supplementary Data 2	human	672	Naive B	0 | 0.946481737154788 | 0.519 | 0.069 | 0 | Naive B | GAPT
Supplementary Data 2	human	673	Naive B	0 | 0.940564678204443 | 0.465 | 0.006 | 0 | Naive B | PAX5
Supplementary Data 2	human	674	Naive B	0 | 0.932495736840814 | 0.997 | 0.703 | 0 | Naive B | HLA-DRB1
Supplementary Data 2	human	675	Naive B	0 | 0.894629726679776 | 0.409 | 0.012 | 0 | Naive B | CD24
Supplementary Data 2	human	676	Naive B	0 | 0.880458789231401 | 0.433 | 0.025 | 0 | Naive B | BACH2
Supplementary Data 2	human	677	Naive B	0 | 0.877118403145953 | 0.495 | 0.043 | 0 | Naive B | GNG7
Supplementary Data 2	human	678	Naive B	0 | 0.874836638104155 | 0.385 | 0.009 | 0 | Naive B | FCRL2
Supplementary Data 2	human	679	Naive B	0 | 0.853359781967103 | 0.995 | 0.727 | 0 | Naive B | HLA-DPB1
Supplementary Data 2	human	680	Naive B	0 | 0.841965686150053 | 0.403 | 0.022 | 0 | Naive B | BCL7A
Supplementary Data 2	human	681	Naive B	0 | 0.825538318230157 | 0.411 | 0.024 | 0 | Naive B | CDCA7L
Supplementary Data 2	human	682	Naive B	0 | 0.807955956201345 | 0.417 | 0.007 | 0 | Naive B | CD19
Supplementary Data 2	human	683	Naive B	0 | 0.768970575826387 | 0.398 | 0.016 | 0 | Naive B | BLK
Supplementary Data 2	human	684	Naive B	0 | 0.75584231875761 | 1 | 0.995 | 0 | Naive B | RPL18A
Supplementary Data 2	human	685	Naive B	0 | 0.74250325808906 | 0.999 | 0.987 | 0 | Naive B | RPS11
Supplementary Data 2	human	686	Naive B	0 | 0.706129124010238 | 0.364 | 0.029 | 0 | Naive B | BLNK
Supplementary Data 2	human	686	NK	0 | 0.706129124010238 | 0.364 | 0.029 | 0 | Naive B | BLNK
Supplementary Data 2	human	687	Naive B	0 | 0.703781620663102 | 0.236 | 0 | 0 | Naive B | AL139020.1
Supplementary Data 2	human	688	Naive B	0 | 0.693828518888587 | 0.998 | 0.977 | 0 | Naive B | RPS5
Supplementary Data 2	human	689	Naive B	0 | 0.633650572641213 | 1 | 0.995 | 0 | Naive B | RPS8
Supplementary Data 2	human	690	Naive B	0 | 0.615638468462918 | 1 | 0.997 | 0 | Naive B | RPS23
Supplementary Data 2	human	691	Naive B	0 | 0.59625267526477 | 0.293 | 0.008 | 0 | Naive B | SNX22
Supplementary Data 2	human	692	Naive B	4.94065645841247e-324 | 0.852321086062478 | 0.41 | 0.051 | 1.19203218372118e-319 | Naive B | ADAM28
Supplementary Data 2	human	693	Naive B	2.76676761671098e-322 | 0.7755574290809 | 0.41 | 0.029 | 6.67538022883858e-318 | Naive B | PKIG
Supplementary Data 2	human	694	Naive B	3.49304411609761e-321 | 0.809731062609703 | 0.323 | 0.01 | 8.42766753890871e-317 | Naive B | FAM30A
Supplementary Data 2	human	695	Naive B	3.51033641370206e-320 | 0.991677090678211 | 0.45 | 0.034 | 8.46938866533895e-316 | Naive B | CCR7
Supplementary Data 2	human	696	Naive B	3.01014435385238e-319 | 0.604559193883263 | 0.306 | 0.01 | 7.26257528253963e-315 | Naive B | PNOC
Supplementary Data 2	human	697	Naive B	3.50811958815685e-308 | 1.11869903538321 | 0.62 | 0.152 | 8.46404013034603e-304 | Naive B | SELL
Supplementary Data 2	human	698	Naive B	8.22909239450683e-307 | 0.845960204072967 | 0.486 | 0.076 | 1.98543312202266e-302 | Naive B | STRBP
Supplementary Data 2	human	699	Naive B	2.89439589021494e-305 | 1.00309666728745 | 0.735 | 0.254 | 6.98330896432158e-301 | Naive B | NCF1
Supplementary Data 2	human	700	Naive B	8.76909552227092e-298 | 1.04093299689508 | 0.711 | 0.232 | 2.1157196766583e-293 | Naive B | POU2F2
Supplementary Data 2	human	701	Naive B	3.97986779566823e-297 | 0.679250016961904 | 0.409 | 0.089 | 9.60222703060874e-293 | Naive B | BTK
Supplementary Data 2	human	702	Naive B	4.75266401363456e-295 | 0.842614626657917 | 0.477 | 0.066 | 1.14667524656961e-290 | Naive B | P2RX5
Supplementary Data 2	human	703	Naive B	2.75693369529326e-290 | 0.929252994296534 | 0.891 | 0.356 | 6.65165392663406e-286 | Naive B | HLA-DMA
Supplementary Data 2	human	704	Naive B	6.78249742685564e-290 | 1.30291195266125 | 0.394 | 0.062 | 1.63641315417746e-285 | Naive B | IGLC3
Supplementary Data 2	human	705	Naive B	1.07610448986761e-289 | 0.725250905816889 | 0.993 | 0.707 | 2.59631730270358e-285 | Naive B | HLA-DPA1
Supplementary Data 2	human	706	Naive B	6.69783967230921e-289 | 0.63192047826132 | 0.331 | 0.026 | 1.61598777773804e-284 | Naive B | C16orf74
Supplementary Data 2	human	707	Naive B	2.76959486178133e-285 | 0.455146058918813 | 0.202 | 0.001 | 6.6822015230198e-281 | Naive B | COL19A1
Supplementary Data 2	human	708	Naive B	1.88533930758919e-282 | 1.05262516173159 | 0.748 | 0.299 | 4.54875814742043e-278 | Naive B | BIRC3
Supplementary Data 2	human	709	Naive B	3.83433277243656e-282 | 1.01980752979483 | 0.939 | 0.48 | 9.2510946800577e-278 | Naive B | LTB
Supplementary Data 2	human	710	Naive B	7.18221118485659e-272 | 0.84892999623112 | 0.542 | 0.189 | 1.73285209257035e-267 | Naive B | SMIM14
Supplementary Data 2	human	711	Naive B	1.40183822646033e-267 | 0.778663650104526 | 0.277 | 0.009 | 3.38221508898083e-263 | Naive B | FCRL5
Supplementary Data 2	human	712	Naive B	6.70739580109567e-264 | 0.61090956736986 | 0.315 | 0.054 | 1.61829338493035e-259 | Naive B | CD180
Supplementary Data 2	human	713	Naive B	7.81214302130621e-261 | 0.508722686634157 | 0.999 | 0.995 | 1.88483574675055e-256 | Naive B | RPL18
Supplementary Data 2	human	714	Naive B	4.69856844227528e-257 | 0.807177920475465 | 0.994 | 0.698 | 1.13362360806776e-252 | Naive B | CD52
Supplementary Data 2	human	715	Naive B	1.21932535054443e-254 | 0.881990783852692 | 0.593 | 0.118 | 2.94186627325854e-250 | Naive B | TCF4
Supplementary Data 2	human	716	Naive B	4.06837290974028e-251 | 0.71460599612409 | 0.418 | 0.089 | 9.81576331933037e-247 | Naive B | HHEX
Supplementary Data 2	human	717	Naive B	1.71796584465448e-247 | 0.566285890346634 | 0.273 | 0.011 | 4.14493619339786e-243 | Naive B | POU2AF1
Supplementary Data 2	human	718	Naive B	6.51757193633588e-247 | 0.944879170385234 | 0.723 | 0.515 | 1.57249458107976e-242 | Naive B | HERPUD1
Supplementary Data 2	human	719	Naive B	1.34358523050675e-245 | 0.70932321654913 | 0.468 | 0.137 | 3.24166808564364e-241 | Naive B | LYL1
Supplementary Data 2	human	720	Naive B	5.59180731497737e-243 | 0.64992629406987 | 0.352 | 0.041 | 1.34913535088459e-238 | Naive B | BTLA
Supplementary Data 2	human	721	Naive B	1.4423316570907e-237 | 0.570286641533715 | 0.301 | 0.029 | 3.47991358906273e-233 | Naive B | RUBCNL
Supplementary Data 2	human	722	Naive B	3.4736962862687e-234 | 0.756437559770258 | 0.494 | 0.149 | 8.3809870298805e-230 | Naive B | DAPP1
Supplementary Data 2	human	723	Naive B	1.31527976064561e-228 | 0.506946365572377 | 0.249 | 0.009 | 3.17337547850966e-224 | Naive B | EBF1
Supplementary Data 2	human	724	Naive B	6.91735081900775e-228 | 0.605357382128857 | 0.99 | 0.93 | 1.668949232102e-223 | Naive B | RPL23
Supplementary Data 2	human	725	Naive B	5.11457578752126e-225 | 0.851516192009485 | 0.664 | 0.193 | 1.23399370025526e-220 | Naive B | IRF8
Supplementary Data 2	human	726	Naive B	1.25839904270568e-223 | 0.927474171508561 | 0.485 | 0.095 | 3.036139370336e-219 | Naive B | PHACTR1
Supplementary Data 2	human	727	Naive B	1.80265824278607e-221 | 0.695119686055823 | 0.824 | 0.573 | 4.34927354236996e-217 | Naive B | SEC62
Supplementary Data 2	human	728	Naive B	1.9137117863921e-220 | 0.455401250580918 | 0.191 | 0.004 | 4.61721242702823e-216 | Naive B | MACROD2
Supplementary Data 2	human	729	Naive B	6.0455889521562e-214 | 0.849489817139264 | 0.644 | 0.238 | 1.45861924648673e-209 | Naive B | CD55
Supplementary Data 2	human	730	Naive B	2.03691267834472e-213 | 0.678542435089423 | 0.418 | 0.116 | 4.91445921904232e-209 | Naive B | SNX29
Supplementary Data 2	human	731	Naive B	8.89886145297753e-213 | 0.98487474741592 | 0.585 | 0.208 | 2.14702830275989e-208 | Naive B | YBX3
Supplementary Data 2	human	732	Naive B	9.50132864572241e-212 | 0.707844679091613 | 0.605 | 0.256 | 2.29238556235345e-207 | Naive B | SYPL1
Supplementary Data 2	human	733	Naive B	8.89427137698046e-211 | 0.438869790900058 | 1 | 0.999 | 2.14592085512407e-206 | Naive B | RPL13
Supplementary Data 2	human	734	Naive B	1.5774024827121e-210 | 0.730152406022511 | 0.483 | 0.142 | 3.80579897003949e-206 | Naive B | ORAI2
Supplementary Data 2	human	735	Naive B	6.26102783644504e-210 | 0.742856337227279 | 0.522 | 0.181 | 1.5105981860991e-205 | Naive B | ZCCHC7
Supplementary Data 2	human	736	Naive B	6.87049278090219e-206 | 0.498047326696185 | 1 | 0.993 | 1.65764379324827e-201 | Naive B | RPL12
Supplementary Data 2	human	737	Naive B	6.98901062927188e-205 | 0.496196266611944 | 0.232 | 0.01 | 1.68623859452443e-200 | Naive B | CXCR5
Supplementary Data 2	human	738	Naive B	5.1252194921972e-203 | 0.638266722983283 | 0.356 | 0.076 | 1.23656170688242e-198 | Naive B | QRSL1
Supplementary Data 2	human	739	Naive B	1.49336928598204e-199 | 0.847333442547773 | 0.949 | 0.675 | 3.60305207628886e-195 | Naive B | CXCR4
Supplementary Data 2	human	740	Naive B	2.44510904217412e-199 | 0.474256093038941 | 0.998 | 0.994 | 5.89931458605349e-195 | Naive B | RPL29
Supplementary Data 2	human	741	Naive B	2.79113133242239e-198 | 0.465855100861393 | 0.999 | 0.991 | 6.73416256573549e-194 | Naive B | RPS13
Supplementary Data 2	human	742	Naive B	2.91861481854506e-198 | 0.434475219515671 | 1 | 0.995 | 7.04174197270368e-194 | Naive B | RPL15
Supplementary Data 2	human	743	Naive B	3.32401645465315e-198 | 0.532211477066228 | 0.26 | 0.031 | 8.01985450014165e-194 | Naive B | TLR10
Supplementary Data 2	human	744	Naive B	1.102622819026e-197 | 0.696149863669518 | 0.447 | 0.117 | 2.66029807546404e-193 | Naive B | CIITA
Supplementary Data 2	human	745	Naive B	4.57296453687046e-197 | 0.476189108064554 | 1 | 0.993 | 1.10331915381074e-192 | Naive B | RPL8
Supplementary Data 2	human	746	Naive B	3.71326018940209e-195 | 0.651984080096661 | 0.393 | 0.099 | 8.95898285897042e-191 | Naive B | ADK
Supplementary Data 2	human	747	Naive B	4.04692920177576e-192 | 0.631181044403648 | 0.941 | 0.762 | 9.76402608512439e-188 | Naive B | LAPTM5
Supplementary Data 2	human	748	Naive B	1.31561015568272e-185 | 0.428821854599974 | 1 | 0.996 | 3.1741726226157e-181 | Naive B | RPS3A
Supplementary Data 2	human	749	Naive B	5.91056325138095e-184 | 0.633015682073133 | 0.917 | 0.719 | 1.42604159566068e-179 | Naive B | LIMD2
Supplementary Data 2	human	750	Naive B	2.415738153098e-183 | 0.461982317555506 | 1 | 0.996 | 5.82845144197955e-179 | Naive B | RPL13A
Supplementary Data 2	human	751	Naive B	3.8589249831143e-182 | 0.727280406310363 | 0.73 | 0.43 | 9.31042830675987e-178 | Naive B | FOXP1
Supplementary Data 2	human	752	Naive B	2.09592335318287e-180 | 0.653451790563096 | 0.599 | 0.319 | 5.05683427422432e-176 | Naive B | TMEM243
Supplementary Data 2	human	753	Naive B	1.30364858923595e-178 | 0.680756577171925 | 0.531 | 0.206 | 3.14531295124957e-174 | Naive B | RASGRP2
Supplementary Data 2	human	754	Naive B	8.06659346164813e-177 | 0.64040837166721 | 0.333 | 0.038 | 1.94622700449184e-172 | Naive B | MZB1
Supplementary Data 2	human	755	Naive B	1.86783258584458e-176 | 0.529900560993294 | 0.289 | 0.035 | 4.50651967986721e-172 | Naive B | RAB30
Supplementary Data 2	human	756	Naive B	8.56437044986199e-176 | 0.417749139194578 | 0.206 | 0.011 | 2.0663256584382e-171 | Naive B | STAP1
Supplementary Data 2	human	757	Naive B	2.11948257086873e-175 | 0.447222493844174 | 0.999 | 0.985 | 5.11367559873499e-171 | Naive B | RACK1
Supplementary Data 2	human	758	Naive B	2.40415081413591e-173 | 0.610310413116913 | 0.415 | 0.123 | 5.80049466926571e-169 | Naive B | PLEKHF2
Supplementary Data 2	human	759	Naive B	2.54724369916139e-171 | 0.410535710883385 | 1 | 0.997 | 6.14573487296668e-167 | Naive B | RPL11
Supplementary Data 2	human	760	Naive B	9.79429261588767e-170 | 0.41119945469643 | 1 | 0.997 | 2.36306897943522e-165 | Naive B | RPL32
Supplementary Data 2	human	761	Naive B	2.12185596609059e-169 | 0.519861370886815 | 0.248 | 0.035 | 5.11940188938676e-165 | Naive B | ARHGAP24
Supplementary Data 2	human	762	Naive B	2.55525548824124e-169 | 0.747438238427343 | 0.475 | 0.151 | 6.16506491647964e-165 | Naive B | OTUD1
Supplementary Data 2	human	763	Naive B	3.04370958358965e-168 | 0.474137003683738 | 0.214 | 0.011 | 7.34355811232674e-164 | Naive B | CD200
Supplementary Data 2	human	764	Naive B	3.44715140747422e-166 | 0.463076549176491 | 0.994 | 0.985 | 8.31694220081305e-162 | Naive B | RPL10A
Supplementary Data 2	human	765	Naive B	7.23245260957421e-166 | 0.66795567978068 | 0.641 | 0.344 | 1.74497384111197e-161 | Naive B | SNHG7
Supplementary Data 2	human	766	Naive B	2.69620679558973e-162 | 0.699950079300893 | 0.452 | 0.181 | 6.50513813571935e-158 | Naive B | FAM3C
Supplementary Data 2	human	767	Naive B	4.02803001976446e-161 | 0.425355843273346 | 0.998 | 0.992 | 9.71842802868571e-157 | Naive B | RPS9
Supplementary Data 2	human	768	Naive B	1.67521640213277e-160 | 0.708968296171331 | 0.525 | 0.166 | 4.04179461342573e-156 | Naive B | CXXC5
Supplementary Data 2	human	769	Naive B	1.55669430454066e-158 | 0.66526703225477 | 0.739 | 0.312 | 3.75583634856524e-154 | Naive B | HLA-DRB5
Supplementary Data 2	human	770	Naive B	8.86445435102959e-156 | 0.638503477401751 | 0.483 | 0.203 | 2.13872690127291e-151 | Naive B | PLEKHA2
Supplementary Data 2	human	771	Naive B	2.10956354747745e-154 | 0.583354190936182 | 0.176 | 0.01 | 5.08974397099885e-150 | Naive B | LINC01857
Supplementary Data 2	human	772	Naive B	2.14090825887999e-153 | 0.724479673131931 | 0.428 | 0.116 | 5.16536935619975e-149 | Naive B | RNASE6
Supplementary Data 2	human	773	Naive B	1.20897358271599e-152 | 0.60959311151967 | 0.452 | 0.139 | 2.91689056301886e-148 | Naive B | TPD52
Supplementary Data 2	human	774	Naive B	1.59597912443636e-151 | 0.571958068388866 | 0.776 | 0.542 | 3.8506188335276e-147 | Naive B | MTPN
Supplementary Data 2	human	775	Naive B	1.30289237389702e-150 | 0.484397034046376 | 0.281 | 0.062 | 3.14348843050135e-146 | Naive B | HLA-DOA
Supplementary Data 2	human	776	Naive B	1.52844632578883e-149 | 0.648524119949618 | 0.775 | 0.523 | 3.68768245023071e-145 | Naive B | ISG20
Supplementary Data 2	human	777	Naive B	2.33111881747173e-148 | 0.572938009695876 | 0.491 | 0.223 | 5.62429037091404e-144 | Naive B | DRAM2
Supplementary Data 2	human	778	Naive B	2.78067806579764e-148 | 0.431889131505609 | 0.214 | 0.02 | 6.70894196934996e-144 | Naive B | E2F5
Supplementary Data 2	human	779	Naive B	7.02831708366395e-148 | 0.741795908374236 | 0.93 | 0.622 | 1.6957220627756e-143 | Naive B | KLF2
Supplementary Data 2	human	780	Naive B	1.21130488614217e-146 | 0.404625146739723 | 0.131 | 0.002 | 2.92251529879522e-142 | Naive B | CNTNAP2
Supplementary Data 2	human	781	Naive B	2.12049125901926e-144 | 0.662321820249828 | 0.73 | 0.422 | 5.11610926063578e-140 | Naive B | RIPOR2
Supplementary Data 2	human	782	Naive B	7.86816183432471e-142 | 0.557193370435844 | 0.328 | 0.099 | 1.89835140576752e-137 | Naive B | KDM4B
Supplementary Data 2	human	783	Naive B	1.25350302170026e-141 | 0.401602280868081 | 0.999 | 0.995 | 3.02432674045621e-137 | Naive B | RPL21
Supplementary Data 2	human	784	Naive B	1.99863101632258e-140 | 0.459266386589395 | 0.227 | 0.022 | 4.82209705308148e-136 | Naive B | COBLL1
Supplementary Data 2	human	785	Naive B	2.25841714300206e-140 | 0.587808297298389 | 0.377 | 0.129 | 5.44888304092107e-136 | Naive B | TMEM154
Supplementary Data 2	human	786	Naive B	1.45214943271969e-139 | 0.595325936813288 | 0.694 | 0.447 | 3.50360093632281e-135 | Naive B | SMAP2
Supplementary Data 2	human	787	Naive B	7.18988318066825e-138 | 0.542336050199245 | 0.33 | 0.108 | 1.73470311499983e-133 | Naive B | IFT57
Supplementary Data 2	human	788	Naive B	2.34457807801899e-135 | 0.546364895561377 | 0.409 | 0.145 | 5.65676352883642e-131 | Naive B | TSPAN3
Supplementary Data 2	human	789	Naive B	2.7219377570794e-135 | 0.495898410430198 | 0.284 | 0.067 | 6.56721922650546e-131 | Naive B | TAPT1
Supplementary Data 2	human	790	Naive B	1.09342029974778e-133 | 0.607242261340091 | 0.594 | 0.371 | 2.63809515720146e-129 | Naive B | PRKCB
Supplementary Data 2	human	791	Naive B	2.29306347316204e-133 | 0.630809940786085 | 0.427 | 0.131 | 5.53247424169804e-129 | Naive B | MTSS1
Supplementary Data 2	human	792	Naive B	7.28785473277934e-132 | 0.473864283943794 | 0.99 | 0.948 | 1.75834071137767e-127 | Naive B | RPLP0
Supplementary Data 2	human	793	Naive B	9.41165075536847e-132 | 0.989481015557368 | 0.475 | 0.168 | 2.27074897774775e-127 | Naive B | CD83
Supplementary Data 2	human	794	Naive B	3.65334507572958e-131 | 0.427856824525733 | 0.998 | 0.982 | 8.81442566421276e-127 | Naive B | RPS10
Supplementary Data 2	human	795	Naive B	1.40425570512404e-127 | 0.541479753049348 | 0.369 | 0.116 | 3.38804773975276e-123 | Naive B | FGD2
Supplementary Data 2	human	796	Naive B	6.5184334655865e-125 | 0.565952571140536 | 0.395 | 0.12 | 1.57270244224205e-120 | Naive B | LY86
Supplementary Data 2	human	797	Naive B	8.83450990750448e-124 | 0.431972656404541 | 0.995 | 0.978 | 2.13150220538361e-119 | Naive B | RPSA
Supplementary Data 2	human	798	Naive B	9.11940481000466e-123 | 0.450370526118922 | 0.851 | 0.721 | 2.20023879850983e-118 | Naive B | ATP6V1G1
Supplementary Data 2	human	799	Naive B	1.83089164412582e-122 | 0.6090105923777 | 0.239 | 0.032 | 4.41739226978235e-118 | Naive B | PPP1R14A
Supplementary Data 2	human	800	Naive B	2.44466002349697e-120 | 0.498052101015541 | 0.176 | 0.027 | 5.89823123869115e-116 | Naive B | CCDC191
Supplementary Data 2	human	801	Naive B	2.68344855272534e-118 | 0.456501423664849 | 0.343 | 0.07 | 6.47435632316042e-114 | Naive B | FCGR2B
Supplementary Data 2	human	802	Naive B	7.33458900204156e-117 | 0.501245886893293 | 0.326 | 0.083 | 1.76961628852257e-112 | Naive B | ADAM19
Supplementary Data 2	human	803	Naive B	1.14319522651795e-115 | 0.428223460178574 | 0.984 | 0.955 | 2.75818712301987e-111 | Naive B | EEF1B2
Supplementary Data 2	human	804	Naive B	1.77661137216866e-115 | 0.551000407322827 | 0.564 | 0.339 | 4.28643025763132e-111 | Naive B | TRIM38
Supplementary Data 2	human	805	Naive B	3.82456385864193e-115 | 0.460547146152237 | 0.907 | 0.801 | 9.22752522174538e-111 | Naive B | NOP53
Supplementary Data 2	human	806	Naive B	2.2691292093754e-114 | 0.412562725116372 | 0.994 | 0.968 | 5.47472804346002e-110 | Naive B | RPS21
Supplementary Data 2	human	807	Naive B	5.77249423571452e-113 | 0.496731323399502 | 0.362 | 0.124 | 1.39272968425084e-108 | Naive B | SPINT2
Supplementary Data 2	human	808	Naive B	2.13727981960669e-112 | 0.581651378531096 | 0.535 | 0.264 | 5.15661502076506e-108 | Naive B | PPM1K
Supplementary Data 2	human	809	Naive B	2.63294173218449e-111 | 0.520521909826543 | 0.484 | 0.266 | 6.35249851724153e-107 | Naive B | MBD4
Supplementary Data 2	human	810	Naive B	1.15665066142346e-109 | 0.502335131631628 | 0.574 | 0.37 | 2.79065105081638e-105 | Naive B | RCSD1
Supplementary Data 2	human	811	Naive B	1.87324995783463e-109 | 0.465514820478141 | 0.999 | 0.96 | 4.51959017326761e-105 | Naive B | BTG1
Supplementary Data 2	human	812	Naive B	4.23459588299067e-109 | 0.521616325179977 | 0.395 | 0.133 | 1.02168094868916e-104 | Naive B | IFNGR2
Supplementary Data 2	human	813	Naive B	9.49027179810815e-108 | 0.53101513238081 | 0.64 | 0.434 | 2.28971787672955e-103 | Naive B | MDM4
Supplementary Data 2	human	814	Naive B	5.43353564426306e-105 | 0.502634201967608 | 0.378 | 0.16 | 1.31094914489135e-100 | Naive B | CAMK2D
Supplementary Data 2	human	815	Naive B	1.27174324231692e-104 | 0.405739120355589 | 0.207 | 0.031 | 3.06833492073802e-100 | Naive B | PAWR
Supplementary Data 2	human	816	Naive B	1.7326913443217e-104 | 0.498916267116144 | 0.398 | 0.109 | 4.18046440644496e-100 | Naive B | BASP1
Supplementary Data 2	human	817	Naive B	6.97386360684692e-104 | 0.506614768152083 | 0.498 | 0.249 | 1.68258407242396e-99 | Naive B | NCOA3
Supplementary Data 2	human	818	Naive B	2.85095029947148e-102 | 0.47823934345362 | 0.392 | 0.166 | 6.87848778753485e-98 | Naive B | GGA2
Supplementary Data 2	human	819	FCRL3	6.58723764229408e-102 | 0.601783493206356 | 0.327 | 0.1 | 1.58930282595629e-97 | Naive B | FCRL3
Supplementary Data 2	human	819	Naive B	6.58723764229408e-102 | 0.601783493206356 | 0.327 | 0.1 | 1.58930282595629e-97 | Naive B | FCRL3
Supplementary Data 2	human	820	Naive B	2.02081647388682e-99 | 0.445537849486951 | 0.485 | 0.306 | 4.87562390654673e-95 | Naive B | BLOC1S2
Supplementary Data 2	human	821	Naive B	9.03441812206172e-99 | 0.470671080413367 | 0.418 | 0.239 | 2.17973406030983e-94 | Naive B | SYNGR2
Supplementary Data 2	human	822	Naive B	4.09887603674042e-97 | 0.454357494244015 | 0.311 | 0.115 | 9.88935821384362e-93 | Naive B | FCHSD2
Supplementary Data 2	human	823	Naive B	6.45172561825249e-97 | 0.467185005720534 | 0.752 | 0.532 | 1.55660783991578e-92 | Naive B | SNX3
Supplementary Data 2	human	824	Naive B	1.85949005972278e-96 | 0.47993091911555 | 0.474 | 0.168 | 4.48639166709316e-92 | Naive B | PDLIM1
Supplementary Data 2	human	825	Naive B	2.66155799530636e-96 | 0.452390798807126 | 0.391 | 0.187 | 6.42154097527566e-92 | Naive B | UVRAG
Supplementary Data 2	human	826	Naive B	1.54864641062466e-95 | 0.46958036847474 | 0.568 | 0.385 | 3.73641919491412e-91 | Naive B | PARP1
Supplementary Data 2	human	827	Naive B	2.14003699735211e-95 | 0.484684567172909 | 0.45 | 0.239 | 5.16326726351144e-91 | Naive B | EBLN3P
Supplementary Data 2	human	828	Naive B	7.3900138023828e-94 | 0.482590905041713 | 0.665 | 0.479 | 1.7829886301009e-89 | Naive B | SP110
Supplementary Data 2	human	829	Naive B	5.51602323130541e-93 | 0.428277995518548 | 0.277 | 0.099 | 1.33085092501706e-88 | Naive B | GUCD1
Supplementary Data 2	human	830	Naive B	6.64271974135152e-93 | 0.451893281481611 | 0.881 | 0.759 | 1.60268899199588e-88 | Naive B | PNISR
Supplementary Data 2	human	831	Naive B	1.36136409844784e-92 | 0.456276367278203 | 0.695 | 0.532 | 3.28456316032509e-88 | Naive B | SP100
Supplementary Data 2	human	832	Naive B	1.73355975048263e-92 | 0.49983125049702 | 0.201 | 0.043 | 4.18255960998945e-88 | Naive B | NEIL1
Supplementary Data 2	human	833	Naive B	6.46700708934558e-91 | 0.498358835500291 | 0.631 | 0.45 | 1.56029480044641e-86 | Naive B | EZR
Supplementary Data 2	human	834	Naive B	1.33454283980266e-88 | 0.556962635234204 | 0.331 | 0.137 | 3.21985150959188e-84 | Naive B | GPR18
Supplementary Data 2	human	835	Naive B	4.03292955294271e-85 | 0.475424237055369 | 0.24 | 0.052 | 9.73024913238488e-81 | Naive B | PLD4
Supplementary Data 2	human	836	Naive B	9.93268528525789e-85 | 0.509124718112243 | 0.422 | 0.156 | 2.39645897877417e-80 | Naive B | CALHM6
Supplementary Data 2	human	837	Naive B	1.5011796816634e-83 | 0.478873785307174 | 0.416 | 0.204 | 3.62189621794928e-79 | Naive B | KIAA0040
Supplementary Data 2	human	838	Naive B	1.54747890756069e-83 | 0.445765224213149 | 0.282 | 0.137 | 3.73360236027167e-79 | Naive B | LRMP
Supplementary Data 2	human	839	Naive B	9.96737227612025e-83 | 0.448739168684473 | 0.33 | 0.149 | 2.40482790905953e-78 | Naive B | SYK
Supplementary Data 2	human	840	Naive B	1.09298758996178e-81 | 0.43688384462146 | 0.4 | 0.214 | 2.63705115830078e-77 | Naive B | WASHC4
Supplementary Data 2	human	841	Naive B	8.57826998295118e-81 | 0.447278690648692 | 0.356 | 0.124 | 2.06967919878663e-76 | Naive B | P2RY10
Supplementary Data 2	human	842	Naive B	1.07561094787757e-79 | 0.433383105214724 | 0.657 | 0.484 | 2.59512653394421e-75 | Naive B | NSD3
Supplementary Data 2	human	843	Naive B	1.96067261989272e-78 | 0.423828990084478 | 0.392 | 0.191 | 4.73051483001518e-74 | Naive B | MAP3K1
Supplementary Data 2	human	844	Naive B	4.39252444680794e-78 | 0.479760721451878 | 0.45 | 0.2 | 1.05978437328135e-73 | Naive B | LAT2
Supplementary Data 2	human	845	Naive B	9.2471233531926e-78 | 0.427202452421814 | 0.323 | 0.125 | 2.23105345142478e-73 | Naive B | TMEM156
Supplementary Data 2	human	846	Naive B	1.03210677648628e-77 | 0.481693465296843 | 0.761 | 0.548 | 2.49016401962845e-73 | Naive B | REL
Supplementary Data 2	human	847	Naive B	2.30909521275721e-77 | 0.443763495197371 | 0.297 | 0.117 | 5.57115401981931e-73 | Naive B | SMC6
Supplementary Data 2	human	848	Naive B	2.72018687273284e-74 | 0.438693521743921 | 0.334 | 0.151 | 6.56299486784252e-70 | Naive B | SEL1L3
Supplementary Data 2	human	849	Naive B	4.10104034904698e-74 | 0.41466235263242 | 0.426 | 0.247 | 9.89458005014564e-70 | Naive B | APPL1
Supplementary Data 2	human	850	Naive B	3.27321285620074e-73 | 0.415437631638592 | 0.522 | 0.353 | 7.89728065815554e-69 | Naive B | CDC40
Supplementary Data 2	human	851	Naive B	2.83362718049182e-72 | 0.459049916803149 | 0.659 | 0.476 | 6.83669229837261e-68 | Naive B | PTPN6
Supplementary Data 2	human	852	Naive B	4.57497874483585e-72 | 0.413813438548424 | 0.343 | 0.174 | 1.10380512176655e-67 | Naive B | SCPEP1
Supplementary Data 2	human	853	Naive B	9.0939303938998e-72 | 0.44370709759428 | 0.438 | 0.227 | 2.1940925861362e-67 | Naive B | SP140
Supplementary Data 2	human	854	Naive B	5.43248236796352e-69 | 0.536908956204457 | 0.36 | 0.159 | 1.31069502091856e-64 | Naive B | AC025164.1
Supplementary Data 2	human	855	Naive B	1.02637842741907e-68 | 0.467818240201879 | 0.49 | 0.234 | 2.47634323183399e-64 | Naive B | LYN
Supplementary Data 2	human	856	Naive B	2.8805404943101e-68 | 0.506837783585247 | 0.415 | 0.234 | 6.94988005062199e-64 | Naive B | GABPB1-AS1
Supplementary Data 2	human	857	Naive B	5.99313460721888e-68 | 0.447449128920243 | 0.52 | 0.317 | 1.4459635866837e-63 | Naive B | SH3BP5
Supplementary Data 2	human	858	Naive B	1.01445786499393e-67 | 0.401613853964254 | 0.242 | 0.064 | 2.44758249087086e-63 | Naive B | CCR6
Supplementary Data 2	human	859	Naive B	2.58119138871079e-66 | 0.425325621459626 | 0.5 | 0.349 | 6.22764046354253e-62 | Naive B | PARP14
Supplementary Data 2	human	860	Naive B	7.87070838155438e-64 | 0.444549891744211 | 0.698 | 0.517 | 1.89896581121763e-59 | Naive B | UCP2
Supplementary Data 2	human	861	Naive B	4.45674256156165e-62 | 0.403071235335582 | 0.472 | 0.294 | 1.07527827782798e-57 | Naive B | PRDM2
Supplementary Data 2	human	862	Naive B	3.54054784483959e-53 | 0.41849547822801 | 0.22 | 0.092 | 8.54227978524449e-49 | Naive B | MYC
Supplementary Data 2	human	863	Naive B	1.36719247739281e-51 | 0.430355422113813 | 0.416 | 0.242 | 3.29862529020564e-47 | Naive B | MARCKSL1
Supplementary Data 2	human	864	Naive B	1.52532237406644e-29 | 0.429528706287928 | 0.288 | 0.154 | 3.6801452919101e-25 | Naive B | GPR183
Supplementary Data 2	human	865	Memory B	0 | 2.51795459670325 | 0.992 | 0.033 | 0 | Memory B | CD79A
Supplementary Data 2	human	866	Memory B	0 | 2.47337186552333 | 0.99 | 0.061 | 0 | Memory B | MS4A1
Supplementary Data 2	human	867	Memory B	0 | 1.94802696947271 | 0.958 | 0.037 | 0 | Memory B | BANK1
Supplementary Data 2	human	867	NK	0 | 1.94802696947271 | 0.958 | 0.037 | 0 | Memory B | BANK1
Supplementary Data 2	human	868	Memory B	0 | 1.68700956195301 | 0.944 | 0.143 | 0 | Memory B | CD79B
Supplementary Data 2	human	869	Memory B	0 | 1.59930828867126 | 0.876 | 0.041 | 0 | Memory B | RALGPS2
Supplementary Data 2	human	870	Memory B	0 | 1.43529067552158 | 0.85 | 0.027 | 0 | Memory B | TNFRSF13C
Supplementary Data 2	human	871	Memory B	0 | 1.40808857996352 | 0.784 | 0.386 | 0 | Memory B | IGKC
Supplementary Data 2	human	872	Memory B	0 | 1.38727397390942 | 1 | 0.543 | 0 | Memory B | HLA-DRA
Supplementary Data 2	human	873	Memory B	0 | 1.36480030426152 | 1 | 0.808 | 0 | Memory B | CD74
Supplementary Data 2	human	874	Memory B	0 | 1.34711927612593 | 0.998 | 0.802 | 0 | Memory B | CD37
Supplementary Data 2	human	875	Memory B	0 | 1.21476634496229 | 0.692 | 0.019 | 0 | Memory B | LINC00926
Supplementary Data 2	human	876	Memory B	0 | 1.16420538167443 | 0.624 | 0.011 | 0 | Memory B | CD24
Supplementary Data 2	human	877	Memory B	0 | 1.09962475158905 | 0.656 | 0.025 | 0 | Memory B | SPIB
Supplementary Data 2	human	878	Memory B	0 | 1.07800020108226 | 0.673 | 0.014 | 0 | Memory B | BLK
Supplementary Data 2	human	879	Memory B	0 | 1.06525701413831 | 0.694 | 0.063 | 0 | Memory B | BCL11A
Supplementary Data 2	human	880	Memory B	0 | 1.00461122033101 | 0.463 | 0.013 | 0 | Memory B | VPREB3
Supplementary Data 2	human	881	Memory B	0 | 0.997423939163729 | 0.592 | 0.017 | 0 | Memory B | CD22
Supplementary Data 2	human	882	Memory B	0 | 0.983314650761746 | 0.592 | 0.005 | 0 | Memory B | TNFRSF13B
Supplementary Data 2	human	883	Memory B	0 | 0.966221256479696 | 0.571 | 0.011 | 0 | Memory B | FCRLA
Supplementary Data 2	human	884	Memory B	0 | 0.935137104824516 | 0.526 | 0.009 | 0 | Memory B | FCRL2
Supplementary Data 2	human	885	Memory B	0 | 0.913578457589146 | 0.571 | 0.037 | 0 | Memory B | AIM2
Supplementary Data 2	human	886	Memory B	0 | 0.913464131276964 | 0.574 | 0.032 | 0 | Memory B | ARHGAP24
Supplementary Data 2	human	887	Memory B	0 | 0.889415624116736 | 0.598 | 0.044 | 0 | Memory B | GNG7
Supplementary Data 2	human	888	Memory B	0 | 0.797261454584883 | 0.411 | 0.007 | 0 | Memory B | SSPN
Supplementary Data 2	human	889	Memory B	0 | 0.793856918458314 | 0.526 | 0.029 | 0 | Memory B | TLR10
Supplementary Data 2	human	890	Memory B	0 | 0.781341695027292 | 0.495 | 0.009 | 0 | Memory B | POU2AF1
Supplementary Data 2	human	891	Memory B	0 | 0.714822800020313 | 0.439 | 0.01 | 0 | Memory B | LINC02397
Supplementary Data 2	human	892	Memory B	0 | 0.670683690898034 | 0.458 | 0.009 | 0 | Memory B | PAX5
Supplementary Data 2	human	893	Memory B	1.48219693752374e-323 | 0.747235404448274 | 0.494 | 0.02 | 3.57609655116353e-319 | Memory B | COBLL1
Supplementary Data 2	human	894	Memory B	2.060253743158e-321 | 0.849895788506798 | 0.313 | 0.002 | 4.9707742061173e-317 | Memory B | LINC01781
Supplementary Data 2	human	895	Memory B	9.78050870310394e-318 | 0.75075481325621 | 1 | 0.987 | 2.35974333479789e-313 | Memory B | RPS11
Supplementary Data 2	human	896	Memory B	7.06045454854817e-316 | 1.16817354249734 | 0.981 | 0.34 | 1.70347586892822e-311 | Memory B | HLA-DQA1
Supplementary Data 2	human	897	Memory B	5.3906203467265e-310 | 0.731880510730915 | 0.479 | 0.02 | 1.3005949710547e-305 | Memory B | OSBPL10
Supplementary Data 2	human	898	Memory B	0 | 1.06541761927059 | 0.761 | 0.134 | 1.26201212080113e-304 | Memory B | 2024-03-01 00:00:00
Supplementary Data 2	human	899	Memory B	1.45250942214546e-307 | 0.738480961504909 | 0.461 | 0.018 | 3.50446948281036e-303 | Memory B | FAM129C
Supplementary Data 2	human	900	Memory B	8.41089756668182e-303 | 0.670300049348255 | 0.402 | 0.009 | 2.02929725591332e-298 | Memory B | CD19
Supplementary Data 2	human	901	Memory B	1.92041560844322e-297 | 0.839005096242946 | 0.374 | 0.008 | 4.63338673849095e-293 | Memory B | LINC01857
Supplementary Data 2	human	902	Memory B	1.96924989750628e-297 | 0.701802154153431 | 1 | 0.995 | 4.7512092277134e-293 | Memory B | RPS8
Supplementary Data 2	human	903	Memory B	9.7843755549794e-289 | 1.08991070382563 | 0.74 | 0.118 | 2.36067629014988e-284 | Memory B | TCF4
Supplementary Data 2	human	904	Memory B	5.3422091228391e-282 | 0.906970077112319 | 0.671 | 0.104 | 1.28891479506739e-277 | Memory B | SWAP70
Supplementary Data 2	human	905	Memory B	2.95740980600515e-279 | 0.744349271452148 | 0.505 | 0.032 | 7.13534263894863e-275 | Memory B | HLA-DOB
Supplementary Data 2	human	906	Memory B	4.83626706496592e-276 | 1.06842435873895 | 0.984 | 0.428 | 1.16684615476433e-271 | Memory B | HLA-DQB1
Supplementary Data 2	human	907	Memory B	9.79375813744197e-275 | 0.687943300758542 | 0.395 | 0.013 | 2.36294002582062e-270 | Memory B | CPNE5
Supplementary Data 2	human	908	Memory B	2.7346672263038e-271 | 1.09528335855732 | 0.84 | 0.233 | 6.59793161690318e-267 | Memory B | POU2F2
Supplementary Data 2	human	909	Memory B	9.89056258844087e-261 | 0.533929744719941 | 0.374 | 0.011 | 2.38629603571313e-256 | Memory B | PNOC
Supplementary Data 2	human	910	Memory B	2.76236909479455e-259 | 0.614476285983811 | 0.998 | 0.997 | 6.66476791501081e-255 | Memory B | RPS23
Supplementary Data 2	human	911	Memory B	2.98185920698973e-258 | 0.912407767084336 | 0.995 | 0.728 | 7.19433170870411e-254 | Memory B | HLA-DPB1
Supplementary Data 2	human	912	Memory B	4.71642971168496e-254 | 0.520527468209911 | 0.356 | 0.012 | 1.13793299653823e-249 | Memory B | FCRL1
Supplementary Data 2	human	913	Memory B	3.54017462867965e-253 | 0.815944230841509 | 0.361 | 0.011 | 8.54137932661539e-249 | Memory B | FAM30A
Supplementary Data 2	human	914	Memory B	8.5566575464124e-249 | 0.607439097608202 | 0.453 | 0.03 | 2.06446476622292e-244 | Memory B | BLNK
Supplementary Data 2	human	914	NK	8.5566575464124e-249 | 0.607439097608202 | 0.453 | 0.03 | 2.06446476622292e-244 | Memory B | BLNK
Supplementary Data 2	human	915	Memory B	1.31748762222525e-241 | 0.807683062102154 | 0.502 | 0.052 | 3.17870238614287e-237 | Memory B | ADAM28
Supplementary Data 2	human	916	Memory B	1.15802862946702e-239 | 0.817851542283734 | 0.561 | 0.071 | 2.79397567431507e-235 | Memory B | GAPT
Supplementary Data 2	human	917	Memory B	5.63866363390289e-238 | 0.866543503596296 | 0.334 | 0.009 | 1.36044037495175e-233 | Memory B | FCRL5
Supplementary Data 2	human	918	Memory B	2.02914411029874e-234 | 0.617104571947375 | 1 | 0.996 | 4.89571599491778e-230 | Memory B | RPL13A
Supplementary Data 2	human	919	Memory B	1.05659164645996e-231 | 0.724274604565775 | 0.534 | 0.065 | 2.54923866541394e-227 | Memory B | CLECL1
Supplementary Data 2	human	920	Memory B	2.03708228594166e-228 | 0.616791115791642 | 0.444 | 0.031 | 4.91486843129144e-224 | Memory B | PKIG
Supplementary Data 2	human	921	Memory B	5.13646834893118e-227 | 0.407317531500743 | 0.227 | 0.001 | 1.23927571854663e-222 | Memory B | SHISA8
Supplementary Data 2	human	922	Memory B	2.33218815265807e-226 | 0.732867053929517 | 0.574 | 0.079 | 5.62687035591811e-222 | Memory B | CD40
Supplementary Data 2	human	923	Memory B	4.2952665315594e-225 | 0.787535407711728 | 0.998 | 0.708 | 1.03631895606934e-220 | Memory B | HLA-DPA1
Supplementary Data 2	human	924	Memory B	6.65860554789925e-224 | 1.04911023210162 | 0.421 | 0.162 | 1.60652176054165e-219 | Memory B | IGLC2
Supplementary Data 2	human	925	Memory B	5.05156808374513e-223 | 0.902746835006077 | 0.74 | 0.166 | 1.21879183156519e-218 | Memory B | MEF2C
Supplementary Data 2	human	926	Memory B	1.25674938662829e-220 | 0.878545748269792 | 0.632 | 0.149 | 3.03215924511808e-216 | Memory B | DAPP1
Supplementary Data 2	human	927	Memory B	7.58464382168461e-220 | 0.877252024623286 | 0.687 | 0.151 | 1.82994701485784e-215 | Memory B | CCDC50
Supplementary Data 2	human	928	Memory B	1.00628266753773e-219 | 1.16794338755613 | 0.927 | 0.482 | 2.42785819196828e-215 | Memory B | LTB
Supplementary Data 2	human	929	Memory B	4.36269146824988e-214 | 0.525104990917842 | 0.316 | 0.01 | 1.05258657054465e-209 | Memory B | EBF1
Supplementary Data 2	human	930	Memory B	5.4031711148311e-214 | 0.538365172804983 | 0.998 | 0.997 | 1.3036230948753e-209 | Memory B | RPL11
Supplementary Data 2	human	931	Memory B	8.8573487641745e-211 | 0.434036644752417 | 0.261 | 0.004 | 2.13701253633238e-206 | Memory B | ZBTB32
Supplementary Data 2	human	932	Memory B	6.12379184591864e-208 | 1.41161037497722 | 0.497 | 0.103 | 1.47748725866479e-203 | Memory B | IGHM
Supplementary Data 2	human	933	Memory B	9.89335047713795e-207 | 0.778467656166969 | 0.552 | 0.104 | 2.38696866961907e-202 | Memory B | SCIMP
Supplementary Data 2	human	934	Memory B	5.44911035140663e-204 | 1.04733682651964 | 0.689 | 0.15 | 1.31470685448388e-199 | Memory B | GPR183
Supplementary Data 2	human	935	Memory B	2.03248901665367e-202 | 0.588973927771878 | 0.45 | 0.054 | 4.90378625048032e-198 | Memory B | CD180
Supplementary Data 2	human	936	Memory B	2.27749050500822e-201 | 0.809933017943263 | 0.437 | 0.038 | 5.49490134143333e-197 | Memory B | JCHAIN
Supplementary Data 2	human	937	Memory B	2.87436378188325e-199 | 0.817012446989169 | 0.281 | 0.008 | 6.93497749654973e-195 | Memory B | IGHA2
Supplementary Data 2	human	938	Memory B	4.99729765145054e-193 | 0.780354720973994 | 0.998 | 0.704 | 1.20569800436547e-188 | Memory B | HLA-DRB1
Supplementary Data 2	human	939	Memory B	1.90336478243603e-189 | 0.816779459879362 | 0.79 | 0.232 | 4.5922482105834e-185 | Memory B | HLA-DMB
Supplementary Data 2	human	940	Memory B	5.9279985250677e-189 | 0.504505257503291 | 1 | 0.995 | 1.43024820414308e-184 | Memory B | RPL18
Supplementary Data 2	human	941	Memory B	1.47758882763952e-188 | 0.588423795427775 | 0.51 | 0.069 | 3.56497856444586e-184 | Memory B | FCGR2B
Supplementary Data 2	human	942	Memory B	2.31542459237858e-184 | 0.552683276720352 | 1 | 0.998 | 5.5864249140318e-180 | Memory B | RPS18
Supplementary Data 2	human	943	Memory B	9.590102035822e-182 | 0.674613520403482 | 0.492 | 0.08 | 2.31380391818277e-177 | Memory B | EAF2
Supplementary Data 2	human	944	Memory B	2.13798724566475e-179 | 0.72898061568446 | 0.556 | 0.112 | 5.15832182761534e-175 | Memory B | HVCN1
Supplementary Data 2	human	945	Memory B	2.08050604790997e-176 | 0.507240118151278 | 1 | 0.999 | 5.01963694179238e-172 | Memory B | RPLP1
Supplementary Data 2	human	946	Memory B	5.24782424974241e-176 | 0.769337810593521 | 0.635 | 0.149 | 1.26614255673535e-171 | Memory B | CD82
Supplementary Data 2	human	947	Memory B	2.68315054003669e-175 | 0.584255634697023 | 0.416 | 0.045 | 6.47363730794653e-171 | Memory B | AFF3
Supplementary Data 2	human	948	Memory B	4.24168638404248e-175 | 0.71677721404206 | 0.587 | 0.128 | 1.02339167387793e-170 | Memory B | TMEM154
Supplementary Data 2	human	949	Memory B	5.36496561058755e-175 | 0.764404442537229 | 0.753 | 0.291 | 1.29440525286646e-170 | Memory B | SNX2
Supplementary Data 2	human	950	Memory B	2.05730203347783e-174 | 0.681467209336759 | 0.487 | 0.068 | 4.96365261617197e-170 | Memory B | P2RX5
Supplementary Data 2	human	951	Memory B	1.16206219288286e-173 | 0.689269519780196 | 0.579 | 0.108 | 2.80370745276849e-169 | Memory B | BASP1
Supplementary Data 2	human	952	Memory B	2.508416784415e-173 | 0.757303645029404 | 0.892 | 0.359 | 6.05205717575807e-169 | Memory B | HLA-DMA
Supplementary Data 2	human	953	Memory B	4.68891393789111e-172 | 0.565334459140761 | 0.992 | 0.977 | 1.13129426579499e-167 | Memory B | RPS5
Supplementary Data 2	human	954	Memory B	2.45932914415028e-170 | 0.525794464854077 | 1 | 0.996 | 5.93362342609138e-166 | Memory B | RPL39
Supplementary Data 2	human	955	Memory B	1.21702751869356e-167 | 0.682623171312778 | 0.529 | 0.107 | 2.93632229435195e-163 | Memory B | IFT57
Supplementary Data 2	human	956	Memory B	2.07932735482211e-167 | 0.748654425010888 | 0.995 | 0.699 | 5.01679310897931e-163 | Memory B | CD52
Supplementary Data 2	human	957	Memory B	3.49290240853187e-166 | 0.505627826317992 | 0.998 | 0.995 | 8.42732564106484e-162 | Memory B | RPL18A
Supplementary Data 2	human	958	Memory B	2.75020345120079e-165 | 0.793209115518003 | 0.742 | 0.244 | 6.63541586671215e-161 | Memory B | FCMR
Supplementary Data 2	human	959	Memory B	1.45890871707941e-164 | 0.490620549873564 | 1 | 0.995 | 3.51990906169749e-160 | Memory B | RPLP2
Supplementary Data 2	human	960	Memory B	1.98436440527389e-162 | 0.509720661751877 | 0.998 | 0.993 | 4.7876760006043e-158 | Memory B | RPL12
Supplementary Data 2	human	961	Memory B	1.32948655342464e-161 | 0.66512899258105 | 0.573 | 0.12 | 3.20765220744764e-157 | Memory B | LY86
Supplementary Data 2	human	962	Memory B	1.60362623365318e-160 | 0.483484230298497 | 0.998 | 0.995 | 3.86906901393502e-156 | Memory B | RPL9
Supplementary Data 2	human	963	Memory B	6.7362753560817e-160 | 0.600423901234079 | 0.992 | 0.955 | 1.62526115516183e-155 | Memory B | EEF1B2
Supplementary Data 2	human	964	Memory B	2.04180239082603e-158 | 0.471656034330827 | 0.998 | 0.997 | 4.92625662834595e-154 | Memory B | RPL32
Supplementary Data 2	human	965	Memory B	1.99283993979318e-156 | 0.405983075840971 | 0.253 | 0.013 | 4.80812492273899e-152 | Memory B | CDK14
Supplementary Data 2	human	966	Memory B	7.37225664065819e-156 | 0.525981320783862 | 0.998 | 0.98 | 1.7787043596916e-151 | Memory B | RPS20
Supplementary Data 2	human	967	Memory B	8.41030397324965e-153 | 0.467439235325766 | 1 | 0.993 | 2.02915403962594e-148 | Memory B | RPS16
Supplementary Data 2	human	968	Memory B	4.08657160582661e-151 | 0.684859989275741 | 0.64 | 0.167 | 9.85967131337786e-147 | Memory B | CXXC5
Supplementary Data 2	human	969	Memory B	1.43496931161687e-149 | 0.558355035781648 | 0.994 | 0.93 | 3.46215045813801e-145 | Memory B | RPL23
Supplementary Data 2	human	970	Memory B	9.04312245069355e-148 | 0.674856924584998 | 0.677 | 0.195 | 2.18183415367883e-143 | Memory B | IRF8
Supplementary Data 2	human	971	Memory B	1.7920546589915e-145 | 0.453914276350559 | 0.998 | 0.996 | 4.32369027574879e-141 | Memory B | RPS28
Supplementary Data 2	human	972	Memory B	1.12855856664349e-140 | 0.738160151115309 | 0.831 | 0.422 | 2.72287325374075e-136 | Memory B | RIPOR2
Supplementary Data 2	human	973	Memory B	1.3733291384635e-138 | 0.579692056368169 | 0.523 | 0.115 | 3.3134312123709e-134 | Memory B | FGD2
Supplementary Data 2	human	974	Memory B	1.61617626848991e-138 | 0.689238130012273 | 0.637 | 0.213 | 3.89934848298561e-134 | Memory B | STX7
Supplementary Data 2	human	975	Memory B	2.0546237893883e-138 | 0.584899915733668 | 0.608 | 0.163 | 4.95719081665715e-134 | Memory B | MARCKS
Supplementary Data 2	human	976	Memory B	1.16415187875152e-137 | 0.758459211254435 | 0.561 | 0.19 | 2.80874923786379e-133 | Memory B | SMIM14
Supplementary Data 2	human	977	Memory B	8.90906481254981e-137 | 0.518038070039938 | 0.995 | 0.982 | 2.14949006732389e-132 | Memory B | RPS10
Supplementary Data 2	human	978	Memory B	6.19002868077075e-136 | 0.4554515927353 | 0.998 | 0.994 | 1.49346821980956e-131 | Memory B | RPL23A
Supplementary Data 2	human	979	Memory B	6.44100508967476e-136 | 0.481277733468679 | 0.363 | 0.043 | 1.55402129798583e-131 | Memory B | RIC3
Supplementary Data 2	human	980	Memory B	7.71914345872597e-135 | 0.644092229709185 | 0.702 | 0.256 | 1.86239774228681e-130 | Memory B | SYPL1
Supplementary Data 2	human	981	Memory B	4.37657572795422e-134 | 0.560610929846065 | 0.615 | 0.168 | 1.05593642588351e-129 | Memory B | PDLIM1
Supplementary Data 2	human	982	Memory B	9.11980850572064e-132 | 0.658850270341777 | 0.531 | 0.138 | 2.20033619817522e-127 | Memory B | CYB561A3
Supplementary Data 2	human	983	Memory B	4.04253423713552e-131 | 0.450618298465767 | 0.361 | 0.046 | 9.75342235393686e-127 | Memory B | WDFY4
Supplementary Data 2	human	984	Memory B	2.85943700765441e-130 | 0.493435886285136 | 0.445 | 0.078 | 6.8989636683678e-126 | Memory B | STRBP
Supplementary Data 2	human	985	Memory B	4.8808709319357e-129 | 0.616581650818633 | 0.595 | 0.192 | 1.17760772974813e-124 | Memory B | SMARCB1
Supplementary Data 2	human	986	Memory B	7.87816312772896e-129 | 0.446949529351754 | 1 | 0.994 | 1.90076441782717e-124 | Memory B | RPL8
Supplementary Data 2	human	987	Memory B	6.41812147048669e-128 | 0.584187342918044 | 0.234 | 0.018 | 1.54850016718432e-123 | Memory B | IGHD
Supplementary Data 2	human	988	Memory B	1.39068518114434e-127 | 0.675977025519701 | 0.827 | 0.449 | 3.35530613654694e-123 | Memory B | EZR
Supplementary Data 2	human	989	Memory B	1.74897158285643e-127 | 0.453670962010106 | 1 | 0.987 | 4.2197437379577e-123 | Memory B | RPL27A
Supplementary Data 2	human	990	Memory B	4.08605942982921e-127 | 0.43636211133504 | 0.998 | 0.995 | 9.85843558634894e-123 | Memory B | RPS6
Supplementary Data 2	human	991	Memory B	7.54903122447883e-127 | 0.475905439965793 | 0.358 | 0.069 | 1.82135476353001e-122 | Memory B | TBC1D9
Supplementary Data 2	human	992	Memory B	3.98326577764437e-126 | 0.43889760105613 | 0.997 | 0.991 | 9.61042534172258e-122 | Memory B | RPS13
Supplementary Data 2	human	993	Memory B	1.0346494611282e-125 | 0.49919275070205 | 0.992 | 0.969 | 2.49629875486402e-121 | Memory B | RPS21
Supplementary Data 2	human	994	Memory B	2.00974440089539e-124 | 0.5763097719298 | 0.519 | 0.138 | 4.8489103160403e-120 | Memory B | LYL1
Supplementary Data 2	human	995	Memory B	2.15256134855125e-124 | 1.1940668606126 | 0.284 | 0.065 | 5.19348476564959e-120 | Memory B | IGLC3
Supplementary Data 2	human	996	Memory B	7.0219129623613e-121 | 0.572011905465593 | 0.494 | 0.118 | 1.69417694042891e-116 | Memory B | CIITA
Supplementary Data 2	human	997	Memory B	1.06792852731467e-120 | 0.599541749509243 | 0.535 | 0.143 | 2.57659115785212e-116 | Memory B | ORAI2
Supplementary Data 2	human	998	Memory B	3.14545370926713e-120 | 0.422045549738872 | 0.998 | 0.994 | 7.5890361643488e-116 | Memory B | RPL29
Supplementary Data 2	human	999	Memory B	7.19281592456746e-120 | 0.404088411611559 | 1 | 0.996 | 1.73541069812039e-115 | Memory B | RPS3A
Supplementary Data 2	human	1000	Memory B	3.1156654890125e-119 | 0.421394369391491 | 0.997 | 0.991 | 7.51716612534046e-115 | Memory B | RPS25
Supplementary Data 2	human	1001	Memory B	7.25962664782835e-118 | 0.416197696367656 | 1 | 0.995 | 1.75153012132155e-113 | Memory B | RPL21
Supplementary Data 2	human	1002	Memory B	1.27962504741315e-115 | 0.442154099094077 | 0.994 | 0.985 | 3.0873513518937e-111 | Memory B | RPL10A
Supplementary Data 2	human	1003	Memory B	2.85774306694767e-115 | 0.478216555870411 | 0.406 | 0.091 | 6.89487669762465e-111 | Memory B | BTK
Supplementary Data 2	human	1004	Memory B	6.09274741335664e-115 | 0.41939725809434 | 1 | 0.996 | 1.46999716842056e-110 | Memory B | RPL34
Supplementary Data 2	human	1005	Memory B	7.55863242375117e-115 | 0.423075578736289 | 0.998 | 0.994 | 1.82367124487844e-110 | Memory B | RPL37
Supplementary Data 2	human	1006	Memory B	3.66528730703139e-114 | 0.681278366848528 | 0.744 | 0.314 | 8.84323868567464e-110 | Memory B | HLA-DRB5
Supplementary Data 2	human	1007	Memory B	5.10331908756814e-114 | 0.442128374455319 | 0.771 | 0.326 | 1.23127779625756e-109 | Memory B | CTSZ
Supplementary Data 2	human	1008	Memory B	3.71993872883754e-113 | 0.501429436542937 | 0.952 | 0.805 | 8.97509617106632e-109 | Memory B | EEF2
Supplementary Data 2	human	1009	Memory B	1.11187312850572e-110 | 0.637087909053148 | 0.756 | 0.37 | 2.68261629714576e-106 | Memory B | PRKCB
Supplementary Data 2	human	1010	Memory B	1.79832651767204e-110 | 0.690814216722828 | 0.727 | 0.301 | 4.33882238918734e-106 | Memory B | BIRC3
Supplementary Data 2	human	1011	Memory B	8.58399725005976e-107 | 0.493688786225763 | 0.387 | 0.077 | 2.07106101652192e-102 | Memory B | QRSL1
Supplementary Data 2	human	1012	Memory B	1.35621548965734e-105 | 0.680624531186904 | 0.953 | 0.623 | 3.27214111189626e-101 | Memory B | KLF2
Supplementary Data 2	human	1013	Memory B	6.75049839321231e-104 | 0.644928106510763 | 0.532 | 0.156 | 1.62869274733033e-99 | Memory B | SELL
Supplementary Data 2	human	1014	Memory B	8.87476049852339e-104 | 0.400175221226003 | 0.998 | 0.98 | 2.14121346547874e-99 | Memory B | RPL22
Supplementary Data 2	human	1015	Memory B	1.07650852100298e-99 | 0.48690219188741 | 0.394 | 0.091 | 2.59729210862388e-95 | Memory B | HHEX
Supplementary Data 2	human	1016	Memory B	1.12125157370538e-99 | 0.563724105729302 | 0.482 | 0.148 | 2.70524367187898e-95 | Memory B | SYK
Supplementary Data 2	human	1017	Memory B	2.51745926993355e-98 | 0.544580372341666 | 0.485 | 0.132 | 6.07387398056866e-94 | Memory B | MTSS1
Supplementary Data 2	human	1018	Memory B	2.94738432454629e-98 | 0.460500624616378 | 0.463 | 0.119 | 7.11115415983284e-94 | Memory B | BCAS4
Supplementary Data 2	human	1019	Memory B	2.40151497707617e-97 | 0.521996448372554 | 0.271 | 0.033 | 5.79413518519168e-93 | Memory B | PPP1R14A
Supplementary Data 2	human	1020	Memory B	7.06415477461302e-96 | 0.423384977461937 | 1 | 0.997 | 1.70436862247088e-91 | Memory B | RPS27
Supplementary Data 2	human	1021	Memory B	9.75170070908965e-96 | 0.428818748771104 | 1 | 0.978 | 2.35279283008206e-91 | Memory B | RPSA
Supplementary Data 2	human	1022	Memory B	1.41041053219117e-93 | 0.529289044323589 | 0.503 | 0.15 | 3.40289749101764e-89 | Memory B | SEL1L3
Supplementary Data 2	human	1023	Memory B	2.11408652821868e-93 | 0.560314821452644 | 0.598 | 0.226 | 5.10065656663321e-89 | Memory B | SP140
Supplementary Data 2	human	1024	Memory B	1.22198130706928e-92 | 0.426245504621047 | 0.479 | 0.133 | 2.94827429956604e-88 | Memory B | IFNGR2
Supplementary Data 2	human	1025	Memory B	1.96294448110994e-92 | 0.569615927408941 | 0.597 | 0.249 | 4.73599614957396e-88 | Memory B | NCOA3
Supplementary Data 2	human	1026	Memory B	3.42980608984734e-89 | 0.454751061684426 | 0.647 | 0.258 | 8.27509315297468e-85 | Memory B | NCF1
Supplementary Data 2	human	1027	Memory B	2.48767991690181e-87 | 0.409792599056342 | 0.985 | 0.927 | 6.00202533550899e-83 | Memory B | RPL4
Supplementary Data 2	human	1028	Memory B	6.13568337081731e-85 | 0.42350540387654 | 0.263 | 0.039 | 1.48035632687709e-80 | Memory B | CCR7
Supplementary Data 2	human	1029	Memory B	1.0612687346572e-84 | 0.548777711617058 | 0.306 | 0.063 | 2.56052307610743e-80 | Memory B | CD72
Supplementary Data 2	human	1030	Memory B	5.53515863102421e-84 | 0.459900880000196 | 0.34 | 0.074 | 1.33546772290721e-79 | Memory B | METTL8
Supplementary Data 2	human	1031	Memory B	1.22485121864625e-83 | 0.541619445313101 | 0.602 | 0.265 | 2.9551985352278e-79 | Memory B | MBD4
Supplementary Data 2	human	1032	Memory B	1.70241686662993e-83 | 0.429129680465065 | 0.335 | 0.083 | 4.10742117411804e-79 | Memory B | ALOX5
Supplementary Data 2	human	1033	Memory B	1.82285006944383e-82 | 0.499065056781973 | 0.555 | 0.207 | 4.39799036254712e-78 | Memory B | RASGRP2
Supplementary Data 2	human	1034	Memory B	1.57179317033364e-81 | 0.471340456133256 | 0.308 | 0.069 | 3.79226538206397e-77 | Memory B | MIR29B2CHG
Supplementary Data 2	human	1035	Memory B	7.34051242114577e-81 | 0.572710998629022 | 0.65 | 0.301 | 1.77104543184984e-76 | Memory B | ATP2B1
Supplementary Data 2	human	1036	Memory B	1.65212950695258e-80 | 0.475978567032383 | 0.527 | 0.191 | 3.98609286142448e-76 | Memory B | MAP3K1
Supplementary Data 2	human	1037	Memory B	1.65289327912408e-80 | 0.470868101234563 | 0.432 | 0.124 | 3.98793561454267e-76 | Memory B | TMEM156
Supplementary Data 2	human	1038	Memory B	1.74676082977713e-80 | 0.447534053976198 | 0.465 | 0.141 | 4.21440985400328e-76 | Memory B | TPD52
Supplementary Data 2	human	1039	Memory B	6.82419546060628e-79 | 0.516715540190604 | 0.798 | 0.478 | 1.64647363878048e-74 | Memory B | SP110
Supplementary Data 2	human	1040	Memory B	1.83458807640539e-78 | 0.485400632013483 | 0.897 | 0.658 | 4.42631065194329e-74 | Memory B | ZFAS1
Supplementary Data 2	human	1041	Memory B	1.20624276005438e-77 | 0.693610900609864 | 0.785 | 0.515 | 2.9103019071832e-73 | Memory B | HERPUD1
Supplementary Data 2	human	1042	Memory B	2.56816925901361e-76 | 0.420349510604035 | 0.852 | 0.499 | 6.19622197122213e-72 | Memory B | RNASET2
Supplementary Data 2	human	1043	FCRL3	2.38664097586716e-75 | 0.534940655330358 | 0.384 | 0.1 | 5.75824868247469e-71 | Memory B | FCRL3
Supplementary Data 2	human	1043	Memory B	2.38664097586716e-75 | 0.534940655330358 | 0.384 | 0.1 | 5.75824868247469e-71 | Memory B | FCRL3
Supplementary Data 2	human	1044	Memory B	8.49377323224009e-75 | 0.428935958328144 | 0.426 | 0.126 | 2.04929266774257e-70 | Memory B | PARP15
Supplementary Data 2	human	1045	Memory B	2.1047904675334e-73 | 0.422905734766568 | 0.506 | 0.181 | 5.07822796101785e-69 | Memory B | CTSH
Supplementary Data 2	human	1046	Memory B	3.25925621312789e-73 | 0.447087166719106 | 0.477 | 0.166 | 7.86360746541365e-69 | Memory B | GGA2
Supplementary Data 2	human	1047	Memory B	1.26833204370503e-70 | 0.468613762323829 | 0.558 | 0.238 | 3.06010472184713e-66 | Memory B | SYNGR2
Supplementary Data 2	human	1048	Memory B	3.88436427602343e-69 | 0.459460195298364 | 0.837 | 0.517 | 9.37180568876173e-65 | Memory B | EVI2B
Supplementary Data 2	human	1049	Memory B	2.31783170109628e-68 | 0.438406550650274 | 0.487 | 0.187 | 5.59223254523499e-64 | Memory B | UVRAG
Supplementary Data 2	human	1050	Memory B	2.5960634948585e-68 | 0.404457262460907 | 0.405 | 0.125 | 6.2635223940451e-64 | Memory B | SPINT2
Supplementary Data 2	human	1051	Memory B	2.88584141484228e-68 | 0.471049754239931 | 0.576 | 0.25 | 6.96266958158997e-64 | Memory B | ODC1
Supplementary Data 2	human	1052	Memory B	1.09630468081086e-67 | 0.504672120093176 | 0.932 | 0.763 | 2.64505430339237e-63 | Memory B | LAPTM5
Supplementary Data 2	human	1053	Memory B	4.94833764233942e-67 | 0.425974831769277 | 0.427 | 0.146 | 1.19388542296723e-62 | Memory B | TSPAN3
Supplementary Data 2	human	1054	Memory B	7.33478220695754e-67 | 0.451447027547648 | 0.523 | 0.224 | 1.76966290307264e-62 | Memory B | DRAM2
Supplementary Data 2	human	1055	Memory B	1.49744685924563e-65 | 0.467614143415914 | 0.345 | 0.098 | 3.61289003730193e-61 | Memory B | DAAM1
Supplementary Data 2	human	1056	Memory B	1.56511951632958e-63 | 0.455219585114853 | 0.59 | 0.265 | 3.77616385704837e-59 | Memory B | PPM1K
Supplementary Data 2	human	1057	Memory B	2.28676270695829e-60 | 0.444742768098604 | 0.66 | 0.345 | 5.51727238307827e-56 | Memory B | SNHG7
Supplementary Data 2	human	1058	Memory B	1.62477174743109e-59 | 0.434735871361893 | 0.715 | 0.404 | 3.92008679502699e-55 | Memory B | CHCHD10
Supplementary Data 2	human	1059	Memory B	2.06299480339902e-59 | 0.458004466339187 | 0.777 | 0.475 | 4.97738756216081e-55 | Memory B | PTPN6
Supplementary Data 2	human	1060	Memory B	1.17714647192197e-58 | 0.457130685601642 | 0.595 | 0.293 | 2.84010129280613e-54 | Memory B | PRDM2
Supplementary Data 2	human	1061	Memory B	6.9260023505962e-57 | 0.417901483492364 | 0.682 | 0.385 | 1.67103658712835e-52 | Memory B | PARP1
Supplementary Data 2	human	1062	Memory B	6.01932419937365e-56 | 0.423571416126093 | 0.371 | 0.137 | 1.45228234958288e-51 | Memory B | LRMP
Supplementary Data 2	human	1063	Memory B	9.16902175451189e-56 | 0.416981957055889 | 0.616 | 0.321 | 2.21220987871108e-51 | Memory B | TMEM243
Supplementary Data 2	human	1064	Memory B	1.43965225264999e-54 | 0.42953456222596 | 0.626 | 0.34 | 3.47344898996864e-50 | Memory B | TRIM38
Supplementary Data 2	human	1065	Memory B	1.27138539088998e-52 | 0.419814589348006 | 0.531 | 0.241 | 3.06747153260026e-48 | Memory B | CD55
Supplementary Data 2	human	1066	Memory B	1.57573645590667e-51 | 0.442100074953631 | 0.602 | 0.308 | 3.80177934716603e-47 | Memory B | ZBTB20
Supplementary Data 2	human	1067	Memory B	1.56933554993449e-50 | 0.708168915346512 | 0.421 | 0.17 | 3.78633588132693e-46 | Memory B | CD83
Supplementary Data 2	human	1068	Memory B	7.43932333758437e-50 | 0.458018463085694 | 0.294 | 0.091 | 1.79488554165898e-45 | Memory B | MYC
Supplementary Data 2	human	1069	Memory B	1.49557951666025e-49 | 0.415246305508661 | 0.552 | 0.287 | 3.60838469984618e-45 | Memory B | PTPN1
Supplementary Data 2	human	1070	Memory B	1.54414654707799e-46 | 0.41204870169082 | 0.718 | 0.448 | 3.72556237413506e-42 | Memory B | SMAP2
Supplementary Data 2	human	1071	Memory B	2.75836894745608e-30 | 0.466066548522135 | 0.619 | 0.498 | 6.65511675952728e-26 | Memory B | ITGB1
Supplementary Data 2	human	2409	NK	5.8433644793143e-225 | 0.62071934292825 | 0.556 | 0.109 | 1.40982854792416e-220 | Kupffer | ANKH
Supplementary Data 2	human	2441	NK	2.46146471934717e-195 | 0.470909268674398 | 0.538 | 0.121 | 5.93877592836892e-191 | Kupffer | MKNK1
Supplementary Data 2	human	2566	NK	4.53342574244004e-62 | 0.448280415804006 | 0.427 | 0.181 | 1.09377962887851e-57 | Kupffer | ANKRD36C
Supplementary Data 2	human	2699	NK	0 | 0.580926867059629 | 0.702 | 0.106 | 0 | mDC | KCNK6
Supplementary Data 2	human	2879	NK	1.22967865085411e-295 | 1.03751643997972 | 0.813 | 0.031 | 2.96684568091571e-291 | pDC | BLNK
Supplementary Data 2	human	2982	NK	7.23708766220426e-143 | 0.420661147104444 | 0.324 | 0.003 | 1.74609214026002e-138 | pDC | KCNK17
Supplementary Data 2	human	3312	NK	0 | 1.13392758317564 | 0.852 | 0.04 | 0 | cDC | CLNK
Supplementary Data 2	human	3353	NK	1.28244972488936e-286 | 0.951766139879165 | 0.808 | 0.116 | 3.09416645124055e-282 | cDC | KCNK6
Supplementary Data 2	human	3820	NK	9.67293191396878e-136 | 0.814511822685609 | 0.336 | 0.004 | 2.33378828288325e-131 | Hepatocyte | ETNK2
Supplementary Data 2	human	4059	NK	1.51967323401102e-67 | 0.7577301374474 | 0.355 | 0.069 | 3.66651561169838e-63 | Hepatocyte | IDNK
Supplementary Data 2	human	4087	NK	3.89427137804359e-63 | 0.479810438451733 | 0.178 | 0.005 | 9.39570855380578e-59 | Hepatocyte | PANK1
Supplementary Data 2	human	4122	NK	1.95276789464547e-59 | 0.685844432150792 | 0.341 | 0.092 | 4.71144309941113e-55 | Hepatocyte | PINK1
Supplementary Data 2	human	4610	NK	0 | 1.12143625093293 | 0.617 | 0.002 | 0 | Endothelial | SHANK3
Supplementary Data 2	human	4758	NK	0 | 0.791423117541206 | 0.47 | 0.022 | 0 | Endothelial | KANK3
Supplementary Data 2	human	4818	NK	0 | 0.685253415318448 | 0.36 | 0.004 | 0 | Endothelial | CNKSR3
Supplementary Data 2	human	5009	NK	0 | 0.420457130814243 | 0.215 | 0.002 | 0 | Endothelial | ANKRD29
Supplementary Data 2	human	5054	NK	1.92435203078878e-297 | 0.498355347404035 | 0.19 | 0.006 | 4.64288414468409e-293 | Endothelial | ANKRD55
Supplementary Data 2	human	5089	NK	5.74407519015613e-277 | 0.741133513440055 | 0.353 | 0.116 | 1.38587302112897e-272 | Endothelial | KCNK6
Supplementary Data 2	human	5207	NK	1.06273655365441e-194 | 0.435908400971477 | 0.371 | 0.085 | 2.56406448300201e-190 | Endothelial | PINK1
Supplementary Data 2	human	5285	NK	1.02072764592061e-154 | 0.413281737032934 | 0.383 | 0.11 | 2.46270959131266e-150 | Endothelial | CSNK1E
Supplementary Data 2	human	5340	NK	2.22374074518026e-120 | 0.422979243528363 | 0.723 | 0.493 | 5.36521929589642e-116 | Endothelial | CSNK1A1
Supplementary Data 2	human	5361	NK	6.68539470601474e-102 | 0.451690327157263 | 0.748 | 0.562 | 1.61298518072018e-97 | Endothelial | NKTR
Supplementary Data 2	human	5611	NK	1.00438780418389e-80 | 2.23164609013338 | 0.264 | 0.001 | 2.42328645515447e-76 | Cholangiocyte | SPINK1
Supplementary Data 2	human	5676	NK	1.52421658142451e-68 | 0.591059045031942 | 0.236 | 0 | 3.67747734600292e-64 | Cholangiocyte | ANKRD1
Supplementary Data 2	human	5769	NK	8.56557045440413e-55 | 0.510433486031289 | 0.409 | 0.013 | 2.06661518353408e-50 | Cholangiocyte | CNKSR3
Supplementary Data 2	human	6163	NK	1.77689123746928e-17 | 0.400498742188368 | 0.673 | 0.273 | 4.28710548864214e-13 | Cholangiocyte | PNKD
Supplementary Data 2	human	6303	NK	0 | 1.29407108966012 | 0.817 | 0.012 | 0 | Stellate | KANK2
Supplementary Data 2	human	6425	NK	4.57200616152867e-229 | 1.32474950050737 | 0.652 | 0.044 | 1.10308792659202e-224 | Stellate | ANK3
Supplementary Data 2	human	6523	NK	4.86907911463349e-173 | 0.610372742774798 | 0.436 | 0.007 | 1.17476271798762e-168 | Stellate | KANK1
Supplementary Data 2	human	6563	NK	2.78657225014127e-162 | 0.741191386690357 | 0.341 | 0.003 | 6.72316286791584e-158 | Stellate | KCNK17
Supplementary Data 2	human	6786	NK	8.1824117446902e-92 | 0.669998824848594 | 0.465 | 0.054 | 1.97417048164141e-87 | Stellate | ANKS1A
Supplementary Data 2	human	6880	NK	3.77083015496966e-63 | 0.552913803928813 | 0.538 | 0.115 | 9.09788191489529e-59 | Stellate | CSNK1E
Supplementary Data 3	human	876	NK	0 | 1.07018146374873 | 0.995 | 0.404 | 0 | Effector CD8+ T | NKG7
Supplementary Data 3	human	1068	NK	0 | 0.65445583186929 | 0.828 | 0.178 | 0 | mDC | KCNK6
Supplementary Data 3	human	1174	Memory B	0 | 2.32148165834932 | 0.72 | 0.158 | 0 | Memory B | IGKC
Supplementary Data 3	human	1175	Memory B	0 | 2.03095493776138 | 0.983 | 0.092 | 0 | Memory B | MS4A1
Supplementary Data 3	human	1176	Memory B	0 | 1.9467819780684 | 0.384 | 0.056 | 0 | Memory B | IGLC2
Supplementary Data 3	human	1177	Memory B	0 | 1.91832759110963 | 0.993 | 0.095 | 0 | Memory B | CD79A
Supplementary Data 3	human	1178	Memory B	0 | 1.8498100530555 | 0.305 | 0.044 | 0 | Memory B | IGLC3
Supplementary Data 3	human	1179	Memory B	0 | 1.68389011266747 | 0.975 | 0.087 | 0 | Memory B | BANK1
Supplementary Data 3	human	1179	NK	0 | 1.68389011266747 | 0.975 | 0.087 | 0 | Memory B | BANK1
Supplementary Data 3	human	1180	Memory B	0 | 1.66483500361307 | 0.616 | 0.101 | 0 | Memory B | IGHM
Supplementary Data 3	human	1181	Memory B	0 | 1.54699354832493 | 0.94 | 0.193 | 0 | Memory B | CD79B
Supplementary Data 3	human	1182	Memory B	0 | 1.45825235769062 | 0.926 | 0.114 | 0 | Memory B | RALGPS2
Supplementary Data 3	human	1183	Memory B	0 | 1.30068510433945 | 0.953 | 0.465 | 0 | Memory B | LTB
Supplementary Data 3	human	1184	Memory B	0 | 1.25587377845562 | 1 | 0.803 | 0 | Memory B | CD74
Supplementary Data 3	human	1185	Memory B	0 | 1.21518362892458 | 0.955 | 0.311 | 0 | Memory B | HLA-DQA1
Supplementary Data 3	human	1186	Memory B	0 | 1.21303391391488 | 1 | 0.635 | 0 | Memory B | HLA-DRA
Supplementary Data 3	human	1187	Memory B	0 | 1.2050214554636 | 0.522 | 0.038 | 0 | Memory B | JCHAIN
Supplementary Data 3	human	1188	Memory B	0 | 1.16665732127707 | 0.843 | 0.078 | 0 | Memory B | TNFRSF13C
Supplementary Data 3	human	1189	Memory B	0 | 1.15843683584446 | 0.572 | 0.013 | 0 | Memory B | IGHG3
Supplementary Data 3	human	1190	Memory B	0 | 1.15333508330544 | 1 | 0.76 | 0 | Memory B | HLA-DPB1
Supplementary Data 3	human	1191	Memory B	0 | 1.13214212197946 | 0.984 | 0.498 | 0 | Memory B | HLA-DQB1
Supplementary Data 3	human	1192	Memory B	0 | 1.09840918167638 | 0.593 | 0.007 | 0 | Memory B | IGHG1
Supplementary Data 3	human	1193	Memory B	0 | 1.0810426813663 | 0.762 | 0.136 | 0 | Memory B | TCF4
Supplementary Data 3	human	1194	Memory B	0 | 1.05874587571559 | 0.534 | 0.04 | 0 | Memory B | IGHA1
Supplementary Data 3	human	1195	Memory B	0 | 1.04634490804758 | 0.718 | 0.034 | 0 | Memory B | SPIB
Supplementary Data 3	human	1196	Memory B	0 | 1.03366992978663 | 0.826 | 0.081 | 0 | Memory B | LINC00926
Supplementary Data 3	human	1197	Memory B	0 | 1.02925736280391 | 1 | 0.896 | 0 | Memory B | CD37
Supplementary Data 3	human	1198	Memory B	0 | 1.000297026716 | 0.706 | 0.033 | 0 | Memory B | BLK
Supplementary Data 3	human	1199	Memory B	0 | 0.948291782651284 | 0.998 | 0.735 | 0 | Memory B | HLA-DPA1
Supplementary Data 3	human	1200	Memory B	0 | 0.943416211239195 | 0.273 | 0.007 | 0 | Memory B | IGHA2
Supplementary Data 3	human	1201	Memory B	0 | 0.934588866505487 | 0.756 | 0.183 | 0 | Memory B | CCDC50
Supplementary Data 3	human	1202	Memory B	0 | 0.929256914699968 | 0.734 | 0.199 | 0 | Memory B | GPR183
Supplementary Data 3	human	1203	Memory B	0 | 0.897384308579072 | 0.592 | 0.003 | 0 | Memory B | TNFRSF13B
Supplementary Data 3	human	1204	Memory B	0 | 0.882647221945116 | 0.34 | 0.006 | 0 | Memory B | LINC01781
Supplementary Data 3	human	1205	Memory B	0 | 0.877734917280958 | 0.488 | 0.048 | 0 | Memory B | VPREB3
Supplementary Data 3	human	1206	Memory B	0 | 0.854564372240869 | 0.686 | 0.127 | 0 | Memory B | CD82
Supplementary Data 3	human	1207	Memory B	0 | 0.848668057378251 | 0.747 | 0.172 | 0 | Memory B | SWAP70
Supplementary Data 3	human	1208	Memory B	0 | 0.841511964218598 | 0.627 | 0.061 | 0 | Memory B | P2RX5
Supplementary Data 3	human	1209	Memory B	0 | 0.84019525106991 | 0.738 | 0.172 | 0 | Memory B | BCL11A
Supplementary Data 3	human	1210	Memory B	0 | 0.827886728492605 | 0.646 | 0.055 | 0 | Memory B | CD22
Supplementary Data 3	human	1211	Memory B	0 | 0.824524333322385 | 0.543 | 0.027 | 0 | Memory B | FCRL2
Supplementary Data 3	human	1212	Memory B	0 | 0.810099252843358 | 0.997 | 0.732 | 0 | Memory B | HLA-DRB1
Supplementary Data 3	human	1213	Memory B	0 | 0.797750452308038 | 0.722 | 0.098 | 0 | Memory B | PDLIM1
Supplementary Data 3	human	1214	Memory B	0 | 0.795993303436037 | 0.522 | 0.024 | 0 | Memory B | CD24
Supplementary Data 3	human	1215	Memory B	0 | 0.794910458397709 | 0.556 | 0.026 | 0 | Memory B | FCRLA
Supplementary Data 3	human	1216	Memory B	0 | 0.78482551822957 | 0.404 | 0.031 | 0 | Memory B | FAM30A
Supplementary Data 3	human	1217	Memory B	0 | 0.761513782467386 | 0.612 | 0.067 | 0 | Memory B | GNG7
Supplementary Data 3	human	1218	Memory B	0 | 0.760401694882865 | 0.36 | 0.021 | 0 | Memory B | PPP1R14A
Supplementary Data 3	human	1219	Memory B	0 | 0.757478393785023 | 0.749 | 0.232 | 0 | Memory B | CXXC5
Supplementary Data 3	human	1220	Memory B	0 | 0.747453890592699 | 0.883 | 0.536 | 0 | Memory B | EZR
Supplementary Data 3	human	1221	Memory B	0 | 0.735196609343898 | 0.544 | 0.031 | 0 | Memory B | COBLL1
Supplementary Data 3	human	1222	Memory B	0 | 0.7249912635883 | 0.55 | 0.028 | 0 | Memory B | OSBPL10
Supplementary Data 3	human	1223	Memory B	0 | 0.720059573519421 | 0.387 | 0.013 | 0 | Memory B | LINC01857
Supplementary Data 3	human	1224	Memory B	0 | 0.717083742363526 | 0.508 | 0.045 | 0 | Memory B | CLECL1
Supplementary Data 3	human	1225	Memory B	0 | 0.716099842652585 | 0.539 | 0.02 | 0 | Memory B | POU2AF1
Supplementary Data 3	human	1226	Memory B	0 | 0.712303508658833 | 0.48 | 0.038 | 0 | Memory B | AIM2
Supplementary Data 3	human	1227	Memory B	0 | 0.70766841832222 | 0.701 | 0.241 | 0 | Memory B | SMARCB1
Supplementary Data 3	human	1228	Memory B	0 | 0.689254738617633 | 0.397 | 0.003 | 0 | Memory B | IGHG2
Supplementary Data 3	human	1229	Memory B	0 | 0.680066308137019 | 0.543 | 0.054 | 0 | Memory B | FAM129C
Supplementary Data 3	human	1230	Memory B	0 | 0.679565495017244 | 0.521 | 0.07 | 0 | Memory B | FCGR2B
Supplementary Data 3	human	1231	Memory B	0 | 0.676823645633338 | 0.9 | 0.45 | 0 | Memory B | HLA-DMA
Supplementary Data 3	human	1232	Memory B	0 | 0.673931510366948 | 0.541 | 0.09 | 0 | Memory B | ARHGAP24
Supplementary Data 3	human	1233	Memory B	0 | 0.670417546983792 | 0.485 | 0.023 | 0 | Memory B | TLR10
Supplementary Data 3	human	1234	Memory B	0 | 0.665545748317877 | 0.53 | 0.072 | 0 | Memory B | ADAM28
Supplementary Data 3	human	1235	Memory B	0 | 0.659640992170079 | 0.601 | 0.157 | 0 | Memory B | IFT57
Supplementary Data 3	human	1236	Memory B	0 | 0.658066709045192 | 0.534 | 0.042 | 0 | Memory B | PAX5
Supplementary Data 3	human	1237	Memory B	0 | 0.649114294516277 | 0.715 | 0.23 | 0 | Memory B | FCMR
Supplementary Data 3	human	1238	Memory B	0 | 0.627739280219426 | 0.429 | 0.021 | 0 | Memory B | CPNE5
Supplementary Data 3	human	1239	Memory B	0 | 0.608766796764575 | 0.631 | 0.239 | 0 | Memory B | ORAI2
Supplementary Data 3	human	1240	Memory B	0 | 0.607188929915188 | 0.555 | 0.098 | 0 | Memory B | TMEM156
Supplementary Data 3	human	1241	Memory B	0 | 0.602580875397638 | 0.527 | 0.102 | 0 | Memory B | CD40
Supplementary Data 3	human	1242	Memory B	0 | 0.601405282426194 | 0.599 | 0.229 | 0 | Memory B | CYB561A3
Supplementary Data 3	human	1243	Memory B	0 | 0.589651153615754 | 0.425 | 0.076 | 0 | Memory B | IGHD
Supplementary Data 3	human	1244	Memory B	0 | 0.588643110358957 | 0.528 | 0.096 | 0 | Memory B | SEL1L3
Supplementary Data 3	human	1245	Memory B	0 | 0.587326072314716 | 1 | 0.996 | 0 | Memory B | RPS11
Supplementary Data 3	human	1246	Memory B	0 | 0.58466902229745 | 0.613 | 0.184 | 0 | Memory B | SP140
Supplementary Data 3	human	1247	Memory B	0 | 0.583872553503641 | 0.581 | 0.169 | 0 | Memory B | EAF2
Supplementary Data 3	human	1248	Memory B	0 | 0.577938599890076 | 0.523 | 0.076 | 0 | Memory B | AFF3
Supplementary Data 3	human	1249	Memory B	0 | 0.577245071388322 | 0.683 | 0.295 | 0 | Memory B | SYPL1
Supplementary Data 3	human	1250	Memory B	0 | 0.574928543848073 | 0.835 | 0.395 | 0 | Memory B | HLA-DMB
Supplementary Data 3	human	1251	Memory B	0 | 0.566892392711712 | 0.82 | 0.461 | 0 | Memory B | SNX2
Supplementary Data 3	human	1252	Memory B	0 | 0.56475951544335 | 1 | 0.997 | 0 | Memory B | RPS8
Supplementary Data 3	human	1253	Memory B	0 | 0.562696777837192 | 0.283 | 0.013 | 0 | Memory B | FCRL5
Supplementary Data 3	human	1254	Memory B	0 | 0.560905983499922 | 1 | 0.997 | 0 | Memory B | RPL13A
Supplementary Data 3	human	1255	Memory B	0 | 0.555387191360063 | 0.49 | 0.046 | 0 | Memory B | HLA-DOB
Supplementary Data 3	human	1256	Memory B	0 | 0.554823745683644 | 0.999 | 0.988 | 0 | Memory B | RPS5
Supplementary Data 3	human	1257	Memory B	0 | 0.551585229387658 | 0.997 | 0.978 | 0 | Memory B | EEF1B2
Supplementary Data 3	human	1258	Memory B	0 | 0.550055264126639 | 0.305 | 0.001 | 0 | Memory B | SSPN
Supplementary Data 3	human	1259	Memory B	0 | 0.547490898069785 | 0.332 | 0.046 | 0 | Memory B | CD1C
Supplementary Data 3	human	1260	Memory B	0 | 0.540466462045599 | 1 | 0.997 | 0 | Memory B | RPS18
Supplementary Data 3	human	1261	Memory B	0 | 0.539874889461261 | 0.468 | 0.041 | 0 | Memory B | PKIG
Supplementary Data 3	human	1262	Memory B	0 | 0.530224317749366 | 0.442 | 0.033 | 0 | Memory B | BLNK
Supplementary Data 3	human	1262	NK	0 | 0.530224317749366 | 0.442 | 0.033 | 0 | Memory B | BLNK
Supplementary Data 3	human	1263	Memory B	0 | 0.527695452454838 | 0.389 | 0.024 | 0 | Memory B | CD19
Supplementary Data 3	human	1264	Memory B	0 | 0.523244971754025 | 0.302 | 0.002 | 0 | Memory B | IGHG4
Supplementary Data 3	human	1265	Memory B	0 | 0.517134135659382 | 0.456 | 0.093 | 0 | Memory B | ACP5
Supplementary Data 3	human	1266	Memory B	0 | 0.509360354075793 | 1 | 0.992 | 0 | Memory B | RPS20
Supplementary Data 3	human	1267	Memory B	0 | 0.509169670801414 | 0.539 | 0.099 | 0 | Memory B | TPD52
Supplementary Data 3	human	1268	Memory B	0 | 0.50745719815324 | 0.67 | 0.245 | 0 | Memory B | ODC1
Supplementary Data 3	human	1269	Memory B	0 | 0.501535819891231 | 1 | 0.997 | 0 | Memory B | RPS23
Supplementary Data 3	human	1270	Memory B	0 | 0.498874443022195 | 0.493 | 0.088 | 0 | Memory B | STRBP
Supplementary Data 3	human	1271	Memory B	0 | 0.493584983040576 | 1 | 0.985 | 0 | Memory B | RPSA
Supplementary Data 3	human	1272	Memory B	0 | 0.487749258217907 | 0.396 | 0.034 | 0 | Memory B | PNOC
Supplementary Data 3	human	1273	Memory B	0 | 0.478895167453695 | 0.487 | 0.087 | 0 | Memory B | BCAS4
Supplementary Data 3	human	1274	Memory B	0 | 0.475977247549836 | 0.692 | 0.267 | 0 | Memory B | IKZF3
Supplementary Data 3	human	1275	Memory B	0 | 0.473298013674148 | 1 | 0.996 | 0 | Memory B | RPL23A
Supplementary Data 3	human	1276	Memory B	0 | 0.472797922486407 | 0.384 | 0.02 | 0 | Memory B | EBF1
Supplementary Data 3	human	1277	Memory B	0 | 0.461196689611519 | 1 | 0.999 | 0 | Memory B | RPS27
Supplementary Data 3	human	1278	Memory B	0 | 0.456507238208105 | 1 | 0.996 | 0 | Memory B | RPL8
Supplementary Data 3	human	1279	Memory B	0 | 0.453962563595514 | 1 | 0.996 | 0 | Memory B | RPL18A
Supplementary Data 3	human	1280	Memory B	0 | 0.445293069158171 | 1 | 0.99 | 0 | Memory B | RPS21
Supplementary Data 3	human	1281	Memory B	0 | 0.440112304380566 | 1 | 0.997 | 0 | Memory B | RPLP2
Supplementary Data 3	human	1282	Memory B	0 | 0.432972467960632 | 0.401 | 0.089 | 0 | Memory B | WDFY4
Supplementary Data 3	human	1283	Memory B	0 | 0.427993489441353 | 0.341 | 0.029 | 0 | Memory B | LINC02397
Supplementary Data 3	human	1284	Memory B	0 | 0.426232379989512 | 1 | 0.999 | 0 | Memory B | RPL41
Supplementary Data 3	human	1285	Memory B	0 | 0.418790672753099 | 0.372 | 0.068 | 0 | Memory B | SEMA4B
Supplementary Data 3	human	1286	Memory B	0 | 0.413468174590862 | 1 | 0.997 | 0 | Memory B | RPS29
Supplementary Data 3	human	1287	Memory B	0 | 0.411977573269797 | 1 | 0.998 | 0 | Memory B | RPL11
Supplementary Data 3	human	1288	Memory B	0 | 0.410269712881003 | 1 | 0.995 | 0 | Memory B | RPS10
Supplementary Data 3	human	1289	Memory B	0 | 0.40897108933505 | 1 | 0.995 | 0 | Memory B | RPL27A
Supplementary Data 3	human	1290	Memory B	0 | 0.404076316963989 | 1 | 0.995 | 0 | Memory B | RPL12
Supplementary Data 3	human	1291	Memory B	9.57033951622531e-314 | 0.492960539888625 | 0.31 | 0.044 | 0 | Memory B | ID3
Supplementary Data 3	human	1292	Memory B	1.12996439669449e-312 | 0.54038510442788 | 0.559 | 0.189 | 2.47970686854605e-308 | Memory B | BASP1
Supplementary Data 3	human	1293	Memory B	2.35839450186417e-297 | 0.420819008249509 | 0.457 | 0.118 | 5.17549673434092e-293 | Memory B | TRAF5
Supplementary Data 3	human	1294	Memory B	3.34501529596122e-291 | 0.512352814715323 | 0.67 | 0.336 | 7.3406360669869e-287 | Memory B | NCOA3
Supplementary Data 3	human	1295	Memory B	1.03751621738642e-290 | 0.903150912096096 | 0.398 | 0.136 | 2.2768293390545e-286 | Memory B | HLA-DQA2
Supplementary Data 3	human	1296	Memory B	5.21240958894362e-285 | 0.436705570866867 | 0.302 | 0.046 | 1.14386328429368e-280 | Memory B | TTN
Supplementary Data 3	human	1297	Memory B	7.57017058676123e-283 | 0.425291893082625 | 0.413 | 0.141 | 1.66127393526475e-278 | Memory B | TBC1D9
Supplementary Data 3	human	1298	Memory B	5.8208950737002e-282 | 0.501683375431496 | 0.531 | 0.195 | 1.27739542392351e-277 | Memory B | GAPT
Supplementary Data 3	human	1299	Memory B	1.05445893280022e-279 | 0.44882598991884 | 0.999 | 0.909 | 2.31401012803009e-275 | Memory B | CD52
Supplementary Data 3	human	1300	Memory B	5.46773967261405e-279 | 0.443376671685803 | 0.406 | 0.104 | 1.19989547115515e-274 | Memory B | QRSL1
Supplementary Data 3	human	1301	Memory B	1.16005798622924e-274 | 0.408451263206094 | 0.497 | 0.151 | 2.54574725078006e-270 | Memory B | VEGFB
Supplementary Data 3	human	1302	Memory B	9.62254845796371e-274 | 0.484671796239541 | 0.729 | 0.34 | 2.11166825910014e-269 | Memory B | MEF2C
Supplementary Data 3	human	1303	Memory B	1.88109089476641e-272 | 0.533817047007022 | 0.868 | 0.505 | 4.12805396856488e-268 | Memory B | POU2F2
Supplementary Data 3	human	1304	Memory B	8.81460688928101e-272 | 0.526225360025988 | 0.727 | 0.4 | 1.93436548185272e-267 | Memory B | PRDM2
Supplementary Data 3	human	1305	Memory B	7.93050757119559e-267 | 0.481715129908689 | 0.762 | 0.377 | 1.74034988649887e-262 | Memory B | 2024-03-01 00:00:00
Supplementary Data 3	human	1306	Memory B	1.56793169862001e-263 | 0.463455371511051 | 0.5 | 0.178 | 3.44082611262161e-259 | Memory B | TSPAN3
Supplementary Data 3	human	1307	Memory B	5.17901469565764e-261 | 0.502443090351412 | 0.737 | 0.402 | 1.13653477496207e-256 | Memory B | SNHG7
Supplementary Data 3	human	1308	Memory B	3.57021909912147e-259 | 0.488448295427221 | 0.714 | 0.384 | 7.83484581302207e-255 | Memory B | MBD4
Supplementary Data 3	human	1309	Memory B	1.91767948462201e-255 | 0.541420662564583 | 0.637 | 0.281 | 4.20834762900301e-251 | Memory B | BIRC3
Supplementary Data 3	human	1310	Memory B	1.60209154944878e-254 | 0.41500471655017 | 0.294 | 0.05 | 3.51578990526534e-250 | Memory B | CD72
Supplementary Data 3	human	1311	Memory B	6.54936641294428e-247 | 0.441111787021583 | 0.506 | 0.187 | 1.43725845932062e-242 | Memory B | GGA2
Supplementary Data 3	human	1312	Memory B	2.63879950384469e-234 | 0.449555341338424 | 0.801 | 0.445 | 5.79084551118717e-230 | Memory B | ISG20
Supplementary Data 3	human	1313	Memory B	2.41563361345971e-231 | 0.460702933223591 | 0.63 | 0.325 | 5.30110796473734e-227 | Memory B | PTPN1
Supplementary Data 3	human	1314	Memory B	7.10554213335818e-230 | 0.441779441522226 | 0.531 | 0.217 | 1.55931122116545e-225 | Memory B | CIITA
Supplementary Data 3	human	1315	Memory B	4.5841179287461e-225 | 0.472012005811989 | 0.557 | 0.22 | 1.00598467946333e-220 | Memory B | ARID5B
Supplementary Data 3	human	1316	Memory B	9.27655720022194e-224 | 0.447721412295897 | 0.762 | 0.469 | 2.0357404775887e-219 | Memory B | CHCHD10
Supplementary Data 3	human	1317	Memory B	7.78703233162482e-220 | 0.433336886345063 | 0.624 | 0.285 | 1.70886424517507e-215 | Memory B | IRF8
Supplementary Data 3	human	1318	Memory B	6.97016794871939e-214 | 0.440696282210919 | 0.818 | 0.556 | 1.52960335634647e-209 | Memory B | SP110
Supplementary Data 3	human	1319	Memory B	1.22186021357799e-212 | 0.400261744790964 | 0.67 | 0.324 | 2.68137223869691e-208 | Memory B | LY86
Supplementary Data 3	human	1320	Memory B	5.47906981634765e-210 | 0.486190526268819 | 0.598 | 0.302 | 1.20238187119749e-205 | Memory B | DAPP1
Supplementary Data 3	human	1321	Memory B	1.02300020677462e-208 | 0.405612490811233 | 0.835 | 0.595 | 2.24497395376691e-204 | Memory B | ISCU
Supplementary Data 3	human	1322	Memory B	8.83189168456106e-208 | 0.442936393096581 | 0.567 | 0.243 | 1.93815863017692e-203 | Memory B | PPM1K
Supplementary Data 3	human	1323	Memory B	6.9960098589414e-200 | 0.431810698258175 | 0.573 | 0.271 | 1.53527436354469e-195 | Memory B | HVCN1
Supplementary Data 3	human	1324	Memory B	1.38826529850429e-196 | 0.417524404956543 | 0.665 | 0.362 | 3.04654819756766e-192 | Memory B | PARP1
Supplementary Data 3	human	1325	Memory B	2.06872107242786e-191 | 0.461792359728377 | 0.637 | 0.326 | 4.53980839344293e-187 | Memory B | ZBTB20
Supplementary Data 3	human	1326	Memory B	1.01887199699447e-189 | 0.410041635203087 | 0.505 | 0.226 | 2.23591459740437e-185 | Memory B | VOPP1
Supplementary Data 3	human	1327	Memory B	6.86990505130651e-186 | 0.457237008875499 | 0.498 | 0.285 | 1.50760066350921e-181 | Memory B | SMIM14
Supplementary Data 3	human	1328	Memory B	9.0492705589425e-181 | 0.415366507851031 | 0.625 | 0.334 | 1.98586242415993e-176 | Memory B | TMEM154
Supplementary Data 3	human	1329	Memory B	1.83323240083932e-159 | 0.412504392958857 | 0.606 | 0.349 | 4.02302850364189e-155 | Memory B | STX7
Supplementary Data 3	human	1330	Memory B	3.45139173032935e-153 | 0.405137955665304 | 0.753 | 0.556 | 7.57407915220775e-149 | Memory B | RPL22L1
Supplementary Data 3	human	1331	Memory B	3.6575514648189e-139 | 0.423311101765583 | 0.825 | 0.639 | 8.02649668954508e-135 | Memory B | PLAC8
Supplementary Data 3	human	1332	Memory B	2.49783033573818e-133 | 0.405975255283333 | 0.745 | 0.525 | 5.48148867177743e-129 | Memory B | HERPUD1
Supplementary Data 3	human	1333	Memory B	4.94065645841247e-323 | 0.419174313484232 | 0.342 | 0.054 | 1.08422705979862e-318 | Memory B | CSGALNACT1
Supplementary Data 3	human	1415	NK	2.66440276460353e-226 | 0.421056479950284 | 0.873 | 0.727 | 5.84703186692246e-222 | Memory CD4+ T | ANKRD12
Supplementary Data 3	human	1444	NK	0 | 0.618634037232006 | 0.958 | 0.418 | 0 | Memory CD8+ T | NKG7
Supplementary Data 3	human	1581	NK	3.54793935487359e-61 | 0.485175991402238 | 0.895 | 0.449 | 7.78595291427009e-57 | Mitosis T | NKG7
Supplementary Data 3	human	1716	Naive B	0 | 2.92490916367368 | 0.996 | 0.056 | 0 | Naive B | IGHM
Supplementary Data 3	human	1717	Naive B	0 | 2.47545081624546 | 0.977 | 0.023 | 0 | Naive B | IGHD
Supplementary Data 3	human	1718	Naive B	0 | 2.30972382743556 | 0.702 | 0.142 | 0 | Naive B | IGKC
Supplementary Data 3	human	1719	Naive B	0 | 2.26619964666984 | 0.992 | 0.067 | 0 | Naive B | CD79A
Supplementary Data 3	human	1720	Naive B	0 | 2.20800200373564 | 0.481 | 0.039 | 0 | Naive B | IGLC2
Supplementary Data 3	human	1721	Naive B	0 | 2.13153830476267 | 0.836 | 0.006 | 0 | Naive B | TCL1A
Supplementary Data 3	human	1722	Naive B	0 | 1.92310282438332 | 0.346 | 0.033 | 0 | Naive B | IGLC3
Supplementary Data 3	human	1723	Naive B	0 | 1.86327654668369 | 0.951 | 0.067 | 0 | Naive B | MS4A1
Supplementary Data 3	human	1724	Naive B	0 | 1.78463910285508 | 0.913 | 0.172 | 0 | Naive B | CD79B
Supplementary Data 3	human	1725	Naive B	0 | 1.7579000401348 | 0.883 | 0.054 | 0 | Naive B | LINC00926
Supplementary Data 3	human	1726	Naive B	0 | 1.64225731565133 | 0.854 | 0.053 | 0 | Naive B | TNFRSF13C
Supplementary Data 3	human	1727	Naive B	0 | 1.52511464875021 | 0.999 | 0.893 | 0 | Naive B | CD37
Supplementary Data 3	human	1728	Naive B	0 | 1.52116855023596 | 1 | 0.797 | 0 | Naive B | CD74
Supplementary Data 3	human	1729	Naive B	0 | 1.51702448976056 | 0.976 | 0.575 | 0 | Naive B | CXCR4
Supplementary Data 3	human	1730	Naive B	0 | 1.48063031616874 | 0.855 | 0.068 | 0 | Naive B | BANK1
Supplementary Data 3	human	1730	NK	0 | 1.48063031616874 | 0.855 | 0.068 | 0 | Naive B | BANK1
Supplementary Data 3	human	1731	Naive B	0 | 1.46489145517929 | 0.739 | 0.026 | 0 | Naive B | FCER2
Supplementary Data 3	human	1732	Naive B	0 | 1.40013041043786 | 0.809 | 0.098 | 0 | Naive B | RALGPS2
Supplementary Data 3	human	1733	Naive B	0 | 1.36340001046859 | 0.724 | 0.098 | 0 | Naive B | PLPP5
Supplementary Data 3	human	1734	Naive B	0 | 1.34428194134073 | 0.849 | 0.319 | 0 | Naive B | MEF2C
Supplementary Data 3	human	1735	Naive B	0 | 1.29647383824209 | 0.981 | 0.483 | 0 | Naive B | HLA-DQB1
Supplementary Data 3	human	1736	Naive B	0 | 1.28946420878911 | 0.62 | 0.024 | 0 | Naive B | VPREB3
Supplementary Data 3	human	1737	Naive B	0 | 1.2557346658172 | 1 | 0.624 | 0 | Naive B | HLA-DRA
Supplementary Data 3	human	1738	Naive B	0 | 1.23015487598645 | 0.662 | 0.18 | 0 | Naive B | IL4R
Supplementary Data 3	human	1739	Naive B	0 | 1.20768844289486 | 0.643 | 0.037 | 0 | Naive B | CD22
Supplementary Data 3	human	1740	Naive B	0 | 1.19245375804746 | 0.724 | 0.156 | 0 | Naive B | BCL11A
Supplementary Data 3	human	1741	Naive B	0 | 1.12500316866105 | 1 | 0.971 | 0 | Naive B | BTG1
Supplementary Data 3	human	1742	Naive B	0 | 1.12280335745461 | 0.628 | 0.054 | 0 | Naive B | AFF3
Supplementary Data 3	human	1743	Naive B	0 | 1.1193872029794 | 0.997 | 0.753 | 0 | Naive B | HLA-DPB1
Supplementary Data 3	human	1744	Naive B	0 | 1.07140137512109 | 0.592 | 0.035 | 0 | Naive B | FAM129C
Supplementary Data 3	human	1745	Naive B	0 | 1.05643378840413 | 0.87 | 0.298 | 0 | Naive B | HLA-DQA1
Supplementary Data 3	human	1746	Naive B	0 | 1.045419330074 | 0.678 | 0.253 | 0 | Naive B | HVCN1
Supplementary Data 3	human	1747	Naive B	0 | 1.03908644783823 | 0.61 | 0.154 | 0 | Naive B | EAF2
Supplementary Data 3	human	1748	Naive B	0 | 1.00700161805831 | 0.681 | 0.266 | 0 | Naive B | BIRC3
Supplementary Data 3	human	1749	Naive B	0 | 1.0009743803351 | 0.529 | 0.058 | 0 | Naive B | ADAM28
Supplementary Data 3	human	1750	Naive B	0 | 0.998057962526132 | 0.539 | 0.02 | 0 | Naive B | FCRL1
Supplementary Data 3	human	1751	Naive B	0 | 0.994689822756729 | 0.998 | 0.723 | 0 | Naive B | HLA-DRB1
Supplementary Data 3	human	1752	Naive B	0 | 0.969461746272833 | 0.542 | 0.026 | 0 | Naive B | PAX5
Supplementary Data 3	human	1753	Naive B	0 | 0.961089991336986 | 0.959 | 0.45 | 0 | Naive B | LTB
Supplementary Data 3	human	1754	Naive B	0 | 0.944202606861192 | 0.824 | 0.382 | 0 | Naive B | HLA-DMB
Supplementary Data 3	human	1755	Naive B	0 | 0.939067662816526 | 0.529 | 0.051 | 0 | Naive B | P2RX5
Supplementary Data 3	human	1756	Naive B	0 | 0.938838164153874 | 0.489 | 0.034 | 0 | Naive B | BCL7A
Supplementary Data 3	human	1757	Naive B	0 | 0.907650875336828 | 0.996 | 0.727 | 0 | Naive B | HLA-DPA1
Supplementary Data 3	human	1758	Naive B	0 | 0.907055501876915 | 0.542 | 0.071 | 0 | Naive B | STRBP
Supplementary Data 3	human	1759	Naive B	0 | 0.869899054139738 | 0.948 | 0.874 | 0 | Naive B | TSC22D3
Supplementary Data 3	human	1760	Naive B	0 | 0.863496028405608 | 0.572 | 0.168 | 0 | Naive B | SWAP70
Supplementary Data 3	human	1761	Naive B	0 | 0.863134420779296 | 0.518 | 0.089 | 0 | Naive B | CD40
Supplementary Data 3	human	1762	Naive B	0 | 0.858735379657474 | 0.473 | 0.034 | 0 | Naive B | HLA-DOB
Supplementary Data 3	human	1763	Naive B	0 | 0.851642794628025 | 0.462 | 0.015 | 0 | Naive B | TSPAN13
Supplementary Data 3	human	1764	Naive B	0 | 0.848470692647235 | 0.462 | 0.053 | 0 | Naive B | BACH2
Supplementary Data 3	human	1765	Naive B	0 | 0.840922894913947 | 0.858 | 0.44 | 0 | Naive B | HLA-DMA
Supplementary Data 3	human	1766	Naive B	0 | 0.835503787509659 | 0.569 | 0.205 | 0 | Naive B | ZCCHC7
Supplementary Data 3	human	1767	Naive B	0 | 0.816429325964907 | 0.558 | 0.132 | 0 | Naive B | TCF4
Supplementary Data 3	human	1768	Naive B	0 | 0.814672171117656 | 0.833 | 0.56 | 0 | Naive B | FOXP1
Supplementary Data 3	human	1769	Naive B	0 | 0.811532096085815 | 0.994 | 0.972 | 0 | Naive B | JUND
Supplementary Data 3	human	1770	Naive B	0 | 0.804529271471973 | 0.639 | 0.273 | 0 | Naive B | IRF8
Supplementary Data 3	human	1771	Naive B	0 | 0.780374628437243 | 0.352 | 0.024 | 0 | Naive B | FAM30A
Supplementary Data 3	human	1772	Naive B	0 | 0.779841339919101 | 0.708 | 0.394 | 0 | Naive B | SNHG7
Supplementary Data 3	human	1773	Naive B	0 | 0.773804848292486 | 0.488 | 0.153 | 0 | Naive B | PDE4B
Supplementary Data 3	human	1774	Naive B	0 | 0.771263085857326 | 0.617 | 0.223 | 0 | Naive B | FCMR
Supplementary Data 3	human	1775	Naive B	0 | 0.765895947975878 | 0.758 | 0.455 | 0 | Naive B | SNX2
Supplementary Data 3	human	1776	Naive B	0 | 0.757265116172106 | 0.401 | 0.034 | 0 | Naive B | CD72
Supplementary Data 3	human	1777	Naive B	0 | 0.752725845544108 | 0.538 | 0.266 | 0 | Naive B | GABPB1-AS1
Supplementary Data 3	human	1778	Naive B	0 | 0.752085636917915 | 1 | 0.996 | 0 | Naive B | RPL18A
Supplementary Data 3	human	1779	Naive B	0 | 0.749964640023971 | 0.424 | 0.042 | 0 | Naive B | CDCA7L
Supplementary Data 3	human	1780	Naive B	0 | 0.749407326145041 | 0.372 | 0.017 | 0 | Naive B | LINC02397
Supplementary Data 3	human	1781	Naive B	0 | 0.746977389066833 | 1 | 0.987 | 0 | Naive B | RPS5
Supplementary Data 3	human	1782	Naive B	0 | 0.745833296599691 | 0.588 | 0.343 | 0 | Naive B | STX7
Supplementary Data 3	human	1783	Naive B	0 | 0.738407368935432 | 0.412 | 0.032 | 0 | Naive B | PKIG
Supplementary Data 3	human	1784	Naive B	0 | 0.738296038965044 | 0.754 | 0.536 | 0 | Naive B | EZR
Supplementary Data 3	human	1785	Naive B	0 | 0.735042231820293 | 0.77 | 0.437 | 0 | Naive B | ISG20
Supplementary Data 3	human	1786	Naive B	0 | 0.72721841828092 | 0.485 | 0.194 | 0 | Naive B | ADK
Supplementary Data 3	human	1787	Naive B	0 | 0.725300122998342 | 0.659 | 0.39 | 0 | Naive B | YBX3
Supplementary Data 3	human	1788	Naive B	0 | 0.723644757207055 | 0.436 | 0.063 | 0 | Naive B | GNG7
Supplementary Data 3	human	1789	Naive B	0 | 0.722217971557784 | 0.514 | 0.252 | 0 | Naive B | CD83
Supplementary Data 3	human	1790	Naive B	0 | 0.714778253191699 | 0.524 | 0.223 | 0 | Naive B | CYB561A3
Supplementary Data 3	human	1791	Naive B	0 | 0.707207992062309 | 0.463 | 0.091 | 0 | Naive B | TPD52
Supplementary Data 3	human	1792	Naive B	0 | 0.703607144008378 | 0.536 | 0.234 | 0 | Naive B | ORAI2
Supplementary Data 3	human	1793	Naive B	0 | 0.697760215916553 | 0.794 | 0.579 | 0 | Naive B | REL
Supplementary Data 3	human	1794	Naive B	0 | 0.695854892378146 | 0.568 | 0.205 | 0 | Naive B | HLA-DRB5
Supplementary Data 3	human	1795	Naive B	0 | 0.689008339099222 | 0.425 | 0.094 | 0 | Naive B | TMEM156
Supplementary Data 3	human	1796	Naive B	0 | 0.683324264226354 | 0.491 | 0.096 | 0 | Naive B | PDLIM1
Supplementary Data 3	human	1797	Naive B	0 | 0.673044236668574 | 0.488 | 0.199 | 0 | Naive B | SNX29
Supplementary Data 3	human	1798	Naive B	0 | 0.669468006189763 | 0.55 | 0.263 | 0 | Naive B | RBM38
Supplementary Data 3	human	1799	Naive B	0 | 0.667899220573456 | 0.514 | 0.213 | 0 | Naive B | ARID5B
Supplementary Data 3	human	1800	Naive B	0 | 0.667159630930219 | 0.63 | 0.347 | 0 | Naive B | CD69
Supplementary Data 3	human	1801	Naive B	0 | 0.654597559634384 | 1 | 0.996 | 0 | Naive B | RPS11
Supplementary Data 3	human	1802	Naive B	0 | 0.648097951162163 | 0.593 | 0.321 | 0 | Naive B | EBLN3P
Supplementary Data 3	human	1803	Naive B	0 | 0.632746349257234 | 0.344 | 0.033 | 0 | Naive B | RAB30
Supplementary Data 3	human	1804	Naive B	0 | 0.630659289070783 | 0.528 | 0.267 | 0 | Naive B | PLEKHA2
Supplementary Data 3	human	1805	Naive B	0 | 0.630587137076132 | 0.384 | 0.037 | 0 | Naive B | BLK
Supplementary Data 3	human	1806	Naive B	0 | 0.625834730999766 | 0.716 | 0.536 | 0 | Naive B | TAF1D
Supplementary Data 3	human	1807	Naive B	0 | 0.625692563222282 | 0.671 | 0.372 | 0 | Naive B | 2024-03-01 00:00:00
Supplementary Data 3	human	1808	Naive B	0 | 0.622690222980246 | 0.326 | 0.032 | 0 | Naive B | COBLL1
Supplementary Data 3	human	1809	Naive B	0 | 0.620657942421499 | 0.331 | 0.027 | 0 | Naive B | FCRL2
Supplementary Data 3	human	1810	Naive B	0 | 0.618153186519148 | 0.996 | 0.988 | 0 | Naive B | TXNIP
Supplementary Data 3	human	1811	Naive B	0 | 0.617277328501183 | 0.329 | 0.017 | 0 | Naive B | SNX22
Supplementary Data 3	human	1812	Naive B	0 | 0.613009513395948 | 0.313 | 0.025 | 0 | Naive B | CD24
Supplementary Data 3	human	1813	Naive B	0 | 0.605076356570111 | 0.591 | 0.4 | 0 | Naive B | PRDM2
Supplementary Data 3	human	1814	Naive B	0 | 0.600520176000563 | 0.914 | 0.832 | 0 | Naive B | SF1
Supplementary Data 3	human	1815	Naive B	0 | 0.59727994418462 | 0.362 | 0.118 | 0 | Naive B | PHACTR1
Supplementary Data 3	human	1816	Naive B	0 | 0.595391577418172 | 1 | 0.997 | 0 | Naive B | RPS23
Supplementary Data 3	human	1817	Naive B	0 | 0.593867959010983 | 0.386 | 0.14 | 0 | Naive B | FAM3C
Supplementary Data 3	human	1818	Naive B	0 | 0.585590957237904 | 0.253 | 0.007 | 0 | Naive B | PCDH9
Supplementary Data 3	human	1819	Naive B	0 | 0.583277808229049 | 0.314 | 0.028 | 0 | Naive B | FCRLA
Supplementary Data 3	human	1820	Naive B	0 | 0.578813992921339 | 0.544 | 0.282 | 0 | Naive B | CALHM6
Supplementary Data 3	human	1821	Naive B	0 | 0.578608152404976 | 0.496 | 0.235 | 0 | Naive B | CXXC5
Supplementary Data 3	human	1822	Naive B	0 | 0.575293787080247 | 0.288 | 0.004 | 0 | Naive B | COL19A1
Supplementary Data 3	human	1823	Naive B	0 | 0.575180647795227 | 1 | 0.999 | 0 | Naive B | RPS27
Supplementary Data 3	human	1824	Naive B	0 | 0.573937108214145 | 0.335 | 0.09 | 0 | Naive B | TAPT1
Supplementary Data 3	human	1825	Naive B	0 | 0.573088539502803 | 0.347 | 0.087 | 0 | Naive B | C16orf74
Supplementary Data 3	human	1826	Naive B	0 | 0.572569262270332 | 0.347 | 0.136 | 0 | Naive B | TP53INP1
Supplementary Data 3	human	1827	Naive B	0 | 0.570498803900798 | 0.317 | 0.044 | 0 | Naive B | SPIB
Supplementary Data 3	human	1828	Naive B	0 | 0.563745455770948 | 0.94 | 0.858 | 0 | Naive B | CIRBP
Supplementary Data 3	human	1829	Naive B	0 | 0.563010654475825 | 1 | 0.985 | 0 | Naive B | RPSA
Supplementary Data 3	human	1830	Naive B	0 | 0.559903222708883 | 0.435 | 0.208 | 0 | Naive B | CAMK2D
Supplementary Data 3	human	1831	Naive B	0 | 0.559884629152716 | 0.7 | 0.57 | 0 | Naive B | MDM4
Supplementary Data 3	human	1832	Naive B	0 | 0.557757483954058 | 0.363 | 0.095 | 0 | Naive B | SEL1L3
Supplementary Data 3	human	1833	Naive B	0 | 0.554913843144796 | 0.22 | 0.005 | 0 | Naive B | CNTNAP2
Supplementary Data 3	human	1834	Naive B	0 | 0.55145898097755 | 0.576 | 0.372 | 0 | Naive B | TMEM243
Supplementary Data 3	human	1835	Naive B	0 | 0.549732081403958 | 1 | 0.997 | 0 | Naive B | RPL13A
Supplementary Data 3	human	1836	Naive B	0 | 0.549393345247805 | 0.43 | 0.215 | 0 | Naive B | CIITA
Supplementary Data 3	human	1837	Naive B	0 | 0.543545278512192 | 0.645 | 0.538 | 0 | Naive B | EIF1B
Supplementary Data 3	human	1838	Naive B	0 | 0.541662381709269 | 0.95 | 0.869 | 0 | Naive B | NOP53
Supplementary Data 3	human	1839	Naive B	0 | 0.538891038606311 | 0.97 | 0.871 | 0 | Naive B | LAPTM5
Supplementary Data 3	human	1840	Naive B	0 | 0.537093359081229 | 0.321 | 0.072 | 0 | Naive B | ADAM19
Supplementary Data 3	human	1841	Naive B	0 | 0.525905394351889 | 0.604 | 0.375 | 0 | Naive B | TSTD1
Supplementary Data 3	human	1842	Naive B	0 | 0.524400052531705 | 0.473 | 0.219 | 0 | Naive B | NCK2
Supplementary Data 3	human	1843	Naive B	0 | 0.522933227979473 | 0.766 | 0.641 | 0 | Naive B | SEC62
Supplementary Data 3	human	1844	Naive B	0 | 0.517342982575002 | 1 | 0.997 | 0 | Naive B | RPS19
Supplementary Data 3	human	1845	Naive B	0 | 0.515129675968769 | 0.712 | 0.548 | 0 | Naive B | NSD3
Supplementary Data 3	human	1846	Naive B	0 | 0.514155749981763 | 1 | 0.996 | 0 | Naive B | RPS8
Supplementary Data 3	human	1847	Naive B	0 | 0.512287551462269 | 0.285 | 0.031 | 0 | Naive B | PNOC
Supplementary Data 3	human	1848	Naive B	0 | 0.51204711563015 | 0.282 | 0.021 | 0 | Naive B | CD19
Supplementary Data 3	human	1849	Naive B	0 | 0.511294225833108 | 0.49 | 0.298 | 0 | Naive B | SYPL1
Supplementary Data 3	human	1850	Naive B	0 | 0.506088863154229 | 0.446 | 0.29 | 0 | Naive B | PMAIP1
Supplementary Data 3	human	1851	Naive B	0 | 0.505834433739779 | 0.554 | 0.392 | 0 | Naive B | BLOC1S2
Supplementary Data 3	human	1852	Naive B	0 | 0.505601537617331 | 0.259 | 0.018 | 0 | Naive B | EBF1
Supplementary Data 3	human	1853	Naive B	0 | 0.50504439866417 | 0.188 | 0.005 | 0 | Naive B | FAM111B
Supplementary Data 3	human	1854	Naive B	0 | 0.502567855168222 | 0.332 | 0.077 | 0 | Naive B | P2RY10
Supplementary Data 3	human	1855	Naive B	0 | 0.501934987642586 | 0.483 | 0.22 | 0 | Naive B | RHOH
Supplementary Data 3	human	1856	Naive B	0 | 0.500086293610787 | 0.343 | 0.151 | 0 | Naive B | GUCD1
Supplementary Data 3	human	1857	Naive B	0 | 0.499343137441449 | 0.995 | 0.907 | 0 | Naive B | CD52
Supplementary Data 3	human	1858	Naive B	0 | 0.498282125642346 | 0.595 | 0.426 | 0 | Naive B | CD55
Supplementary Data 3	human	1859	Naive B	0 | 0.497014234750529 | 1 | 0.998 | 0 | Naive B | RPL13
Supplementary Data 3	human	1860	Naive B	0 | 0.490563060050981 | 0.385 | 0.187 | 0 | Naive B | GGA2
Supplementary Data 3	human	1861	Naive B	0 | 0.490238029134968 | 1 | 0.997 | 0 | Naive B | RPL18
Supplementary Data 3	human	1862	Naive B	0 | 0.489208669021317 | 1 | 0.996 | 0 | Naive B | RPL8
Supplementary Data 3	human	1863	Naive B	0 | 0.487288013390418 | 0.71 | 0.595 | 0 | Naive B | SP100
Supplementary Data 3	human	1864	Naive B	0 | 0.487234079606877 | 1 | 0.99 | 0 | Naive B | RPS21
Supplementary Data 3	human	1865	Naive B	0 | 0.484891861614258 | 0.452 | 0.228 | 0 | Naive B | MTSS1
Supplementary Data 3	human	1866	Naive B	0 | 0.478188927166264 | 0.4 | 0.212 | 0 | Naive B | KIAA0040
Supplementary Data 3	human	1867	Naive B	0 | 0.477580857209797 | 0.999 | 0.995 | 0 | Naive B | RPL12
Supplementary Data 3	human	1868	Naive B	0 | 0.473445628513931 | 0.408 | 0.236 | 0 | Naive B | HHEX
Supplementary Data 3	human	1869	Naive B	0 | 0.472064733317656 | 1 | 0.992 | 0 | Naive B | RPL10A
Supplementary Data 3	human	1870	Naive B	0 | 0.471775041065221 | 0.273 | 0.033 | 0 | Naive B | BLNK
Supplementary Data 3	human	1870	NK	0 | 0.471775041065221 | 0.273 | 0.033 | 0 | Naive B | BLNK
Supplementary Data 3	human	1871	Naive B	0 | 0.471590079157378 | 0.406 | 0.286 | 0 | Naive B | SMIM14
Supplementary Data 3	human	1872	Naive B	0 | 0.47091451407988 | 1 | 0.998 | 0 | Naive B | RPL21
Supplementary Data 3	human	1873	Naive B	0 | 0.464828103267901 | 0.997 | 0.971 | 0 | Naive B | RPLP0
Supplementary Data 3	human	1874	Naive B	0 | 0.463949119558344 | 0.415 | 0.24 | 0 | Naive B | UVRAG
Supplementary Data 3	human	1875	Naive B	0 | 0.460664816829174 | 0.304 | 0.102 | 0 | Naive B | QRSL1
Supplementary Data 3	human	1876	Naive B	0 | 0.458505999020052 | 0.479 | 0.345 | 0 | Naive B | TAGAP
Supplementary Data 3	human	1877	Naive B	0 | 0.454839637189692 | 0.735 | 0.641 | 0 | Naive B | PRKCB
Supplementary Data 3	human	1878	Naive B	0 | 0.454838889307737 | 0.679 | 0.586 | 0 | Naive B | ARID1B
Supplementary Data 3	human	1879	Naive B	0 | 0.454522948926612 | 0.372 | 0.22 | 0 | Naive B | CHPT1
Supplementary Data 3	human	1880	Naive B	0 | 0.454487754983539 | 0.998 | 0.991 | 0 | Naive B | RPL35
Supplementary Data 3	human	1881	Naive B	0 | 0.45132687977309 | 0.941 | 0.885 | 0 | Naive B | PNISR
Supplementary Data 3	human	1882	Naive B	0 | 0.450781752808044 | 0.42 | 0.285 | 0 | Naive B | TCOF1
Supplementary Data 3	human	1883	Naive B	0 | 0.449432347265984 | 0.315 | 0.088 | 0 | Naive B | BCAS4
Supplementary Data 3	human	1884	Naive B	0 | 0.443287444655177 | 0.243 | 0.034 | 0 | Naive B | RUBCNL
Supplementary Data 3	human	1885	Naive B	0 | 0.443021909299503 | 1 | 0.991 | 0 | Naive B | RPS20
Supplementary Data 3	human	1886	Naive B	0 | 0.442282936928171 | 0.449 | 0.277 | 0 | Naive B | SP140L
Supplementary Data 3	human	1887	Naive B	0 | 0.441903863185654 | 0.737 | 0.618 | 0 | Naive B | SMAP2
Supplementary Data 3	human	1888	Naive B	0 | 0.439946926242182 | 0.315 | 0.152 | 0 | Naive B | FCHSD2
Supplementary Data 3	human	1889	Naive B	0 | 0.438951794959286 | 0.328 | 0.125 | 0 | Naive B | TCF3
Supplementary Data 3	human	1890	Naive B	0 | 0.436749318807726 | 0.352 | 0.197 | 0 | Naive B | PLEKHF2
Supplementary Data 3	human	1891	Naive B	0 | 0.434694919156241 | 0.349 | 0.175 | 0 | Naive B | CCDC32
Supplementary Data 3	human	1892	Naive B	0 | 0.433783261670419 | 1 | 0.995 | 0 | Naive B | RPS10
Supplementary Data 3	human	1893	Naive B	0 | 0.432806507622501 | 0.37 | 0.206 | 0 | Naive B | CSNK1G3
Supplementary Data 3	human	1893	NK	0 | 0.432806507622501 | 0.37 | 0.206 | 0 | Naive B | CSNK1G3
Supplementary Data 3	human	1894	Naive B	0 | 0.432274990965274 | 0.245 | 0.046 | 0 | Naive B | HLA-DOA
Supplementary Data 3	human	1895	Naive B	0 | 0.431771135339237 | 0.228 | 0.018 | 0 | Naive B | PAWR
Supplementary Data 3	human	1896	Naive B	0 | 0.430243991719431 | 0.519 | 0.389 | 0 | Naive B | MBD4
Supplementary Data 3	human	1897	Naive B	0 | 0.429941582253289 | 0.924 | 0.851 | 0 | Naive B | LIMD2
Supplementary Data 3	human	1898	Naive B	0 | 0.428624166991998 | 0.499 | 0.345 | 0 | Naive B | EPB41L4A-AS1
Supplementary Data 3	human	1899	Naive B	0 | 0.427498973019422 | 0.998 | 0.977 | 0 | Naive B | EEF1B2
Supplementary Data 3	human	1900	Naive B	0 | 0.425735765971404 | 0.999 | 0.996 | 0 | Naive B | RPL37A
Supplementary Data 3	human	1901	Naive B	0 | 0.422263083719543 | 1 | 0.998 | 0 | Naive B | FAU
Supplementary Data 3	human	1902	Naive B	0 | 0.421409508843007 | 0.285 | 0.08 | 0 | Naive B | CHD7
Supplementary Data 3	human	1903	Naive B	0 | 0.420496820992835 | 0.417 | 0.266 | 0 | Naive B | DGKD
Supplementary Data 3	human	1904	Naive B	0 | 0.420314885380172 | 1 | 0.998 | 0 | Naive B | RPL15
Supplementary Data 3	human	1905	Naive B	0 | 0.418355578128383 | 0.774 | 0.693 | 0 | Naive B | PNN
Supplementary Data 3	human	1906	Naive B	0 | 0.417061317468328 | 0.371 | 0.228 | 0 | Naive B | RERE
Supplementary Data 3	human	1907	Naive B	0 | 0.416947099345789 | 1 | 0.997 | 0 | Naive B | RPLP2
Supplementary Data 3	human	1908	Naive B	0 | 0.416269206584575 | 0.317 | 0.165 | 0 | Naive B | IFT57
Supplementary Data 3	human	1909	Naive B	0 | 0.415827253166322 | 1 | 0.996 | 0 | Naive B | RPL9
Supplementary Data 3	human	1910	Naive B	0 | 0.4140784173106 | 0.245 | 0.051 | 0 | Naive B | ADARB1
Supplementary Data 3	human	1911	Naive B	0 | 0.41339123955093 | 1 | 0.997 | 0 | Naive B | RPL39
Supplementary Data 3	human	1912	Naive B	0 | 0.413235132042185 | 0.22 | 0.013 | 0 | Naive B | STAP1
Supplementary Data 3	human	1913	Naive B	0 | 0.412685121515964 | 0.218 | 0.025 | 0 | Naive B | MICAL3
Supplementary Data 3	human	1914	Naive B	0 | 0.4122503172345 | 0.232 | 0.037 | 0 | Naive B | OSBPL10
Supplementary Data 3	human	1915	Naive B	0 | 0.410081545497046 | 0.236 | 0.028 | 0 | Naive B | POU2AF1
Supplementary Data 3	human	1916	Naive B	0 | 0.409845159571894 | 0.349 | 0.179 | 0 | Naive B | TSPAN3
Supplementary Data 3	human	1917	Naive B	0 | 0.408396167403837 | 0.646 | 0.558 | 0 | Naive B | RPL22L1
Supplementary Data 3	human	1918	Naive B	0 | 0.407472889932848 | 0.46 | 0.332 | 0 | Naive B | APPL1
Supplementary Data 3	human	1919	Naive B	0 | 0.405615858443059 | 0.207 | 0.017 | 0 | Naive B | CXCR5
Supplementary Data 3	human	1920	Naive B	0 | 0.405524037355993 | 0.766 | 0.72 | 0 | Naive B | TRA2B
Supplementary Data 3	human	1921	Naive B	0 | 0.401449410147408 | 1 | 0.997 | 0 | Naive B | RPL32
Supplementary Data 3	human	1922	Naive B	1.21527761794147e-305 | 0.41372305118889 | 0.196 | 0.039 | 2.66692673257255e-301 | Naive B | NEIL1
Supplementary Data 3	human	1923	Naive B	1.40088776581336e-296 | 0.439296349758345 | 0.391 | 0.127 | 3.07424820207743e-292 | Naive B | CCR7
Supplementary Data 3	human	1924	Naive B	1.15794418789831e-286 | 0.450730892495826 | 0.434 | 0.243 | 2.54110852034285e-282 | Naive B | PPM1K
Supplementary Data 3	human	1925	Naive B	7.67814569468489e-281 | 0.409497753771585 | 0.319 | 0.118 | 1.6849690726986e-276 | Naive B | TRAF5
Supplementary Data 3	human	1926	Naive B	5.52882117963692e-230 | 0.443891435660229 | 0.576 | 0.384 | 1.21329980787132e-225 | Naive B | STK17A
Supplementary Data 3	human	1927	Naive B	1.59708162560244e-192 | 0.567100023772989 | 0.22 | 0.141 | 3.50479562738456e-188 | Naive B | HLA-DQA2
Supplementary Data 3	human	1928	Naive B	7.72641194673654e-315 | 0.440054704403654 | 0.686 | 0.574 | 1.69556110171133e-310 | Naive B | SNHG8
Supplementary Data 3	human	1929	Naive B	1.13635098543487e-322 | 0.403651605334292 | 0.332 | 0.199 | 2.49372223753682e-318 | Naive B | GAPT
Supplementary Data 3	human	1930	Naive B	2.40384675590183e-318 | 0.407448935059534 | 0.335 | 0.179 | 5.27524170582658e-314 | Naive B | MHENCR
Supplementary Data 3	human	2200	NK	0 | 2.537774084172 | 0.973 | 0.217 | 0 | NK | GNLY
Supplementary Data 3	human	2201	NK	0 | 2.0093314229939 | 0.939 | 0.156 | 0 | NK | FGFBP2
Supplementary Data 3	human	2202	NK	0 | 1.97753835112926 | 0.998 | 0.337 | 0 | NK | NKG7
Supplementary Data 3	human	2203	NK	0 | 1.97158978997591 | 0.958 | 0.146 | 0 | NK | GZMB
Supplementary Data 3	human	2204	NK	0 | 1.90353176380886 | 0.973 | 0.196 | 0 | NK | PRF1
Supplementary Data 3	human	2205	NK	0 | 1.80706282510558 | 0.784 | 0.105 | 0 | NK | SPON2
Supplementary Data 3	human	2206	NK	0 | 1.79149329522368 | 0.838 | 0.045 | 0 | NK | TRDC
Supplementary Data 3	human	2207	NK	0 | 1.77208853995597 | 0.977 | 0.159 | 0 | NK | KLRD1
Supplementary Data 3	human	2208	NK	0 | 1.74995594007754 | 0.99 | 0.237 | 0 | NK | CST7
Supplementary Data 3	human	2209	NK	0 | 1.73767483760822 | 0.958 | 0.301 | 0 | NK | CD247
Supplementary Data 3	human	2210	NK	0 | 1.73248173025352 | 0.845 | 0.068 | 0 | NK | KLRF1
Supplementary Data 3	human	2211	NK	0 | 1.61076172770321 | 0.967 | 0.239 | 0 | NK | CTSW
Supplementary Data 3	human	2212	NK	0 | 1.56415398445415 | 0.982 | 0.237 | 0 | NK | GZMA
Supplementary Data 3	human	2213	NK	0 | 1.56041223082151 | 0.91 | 0.195 | 0 | NK | HOPX
Supplementary Data 3	human	2214	NK	0 | 1.55434183617014 | 0.691 | 0.089 | 0 | NK | CLIC3
Supplementary Data 3	human	2215	NK	0 | 1.53762382229631 | 0.94 | 0.301 | 0 | NK | CCL5
Supplementary Data 3	human	2216	NK	0 | 1.46668577631489 | 0.801 | 0.136 | 0 | NK | KLRB1
Supplementary Data 3	human	2217	NK	0 | 1.44052324514668 | 0.915 | 0.185 | 0 | NK | GZMH
Supplementary Data 3	human	2218	NK	0 | 1.29163570376025 | 0.825 | 0.214 | 0 | NK | CCL4
Supplementary Data 3	human	2219	NK	0 | 1.26505390647968 | 0.291 | 0.043 | 0 | NK | MYOM2
Supplementary Data 3	human	2220	NK	0 | 1.19031296978061 | 0.933 | 0.306 | 0 | NK | GZMM
Supplementary Data 3	human	2221	NK	0 | 1.17053155953852 | 0.772 | 0.283 | 0 | NK | CD7
Supplementary Data 3	human	2222	NK	0 | 1.16552285557647 | 0.906 | 0.227 | 0 | NK | FCGR3A
Supplementary Data 3	human	2223	NK	0 | 1.11412088497204 | 0.613 | 0.092 | 0 | NK | IL2RB
Supplementary Data 3	human	2224	NK	0 | 1.10989954285375 | 0.967 | 0.512 | 0 | NK | ARL4C
Supplementary Data 3	human	2225	NK	0 | 1.10620330409347 | 0.932 | 0.588 | 0 | NK | ABHD17A
Supplementary Data 3	human	2226	NK	0 | 1.10435271798318 | 0.671 | 0.281 | 0 | NK | CMC1
Supplementary Data 3	human	2227	NK	0 | 1.09978704545232 | 0.683 | 0.097 | 0 | NK | ADGRG1
Supplementary Data 3	human	2228	NK	0 | 1.09951231073992 | 0.156 | 0.027 | 0 | NK | PTGDS
Supplementary Data 3	human	2229	NK	0 | 1.05939592377225 | 0.568 | 0.112 | 0 | NK | LAIR2
Supplementary Data 3	human	2230	NK	0 | 1.04577836821494 | 0.712 | 0.144 | 0 | NK | MATK
Supplementary Data 3	human	2231	NK	0 | 1.01998282356322 | 0.363 | 0.024 | 0 | NK | KLRC2
Supplementary Data 3	human	2232	NK	0 | 0.986592204087027 | 0.589 | 0.069 | 0 | NK | PRSS23
Supplementary Data 3	human	2233	NK	0 | 0.973909656576322 | 0.778 | 0.235 | 0 | NK | TRBC1
Supplementary Data 3	human	2234	NK	0 | 0.960204572315843 | 0.446 | 0.055 | 0 | NK | CD160
Supplementary Data 3	human	2235	NK	0 | 0.949173291075555 | 0.986 | 0.798 | 0 | NK | HCST
Supplementary Data 3	human	2236	NK	0 | 0.938922385416416 | 0.962 | 0.791 | 0 | NK | IFITM2
Supplementary Data 3	human	2237	NK	0 | 0.92446278837793 | 0.442 | 0.069 | 0 | NK | TRGC1
Supplementary Data 3	human	2238	NK	0 | 0.911598734636224 | 0.574 | 0.083 | 0 | NK | S1PR5
Supplementary Data 3	human	2239	NK	0 | 0.911565829582302 | 0.782 | 0.243 | 0 | NK | C12orf75
Supplementary Data 3	human	2240	NK	0 | 0.910293243521299 | 0.643 | 0.156 | 0 | NK | PYHIN1
Supplementary Data 3	human	2241	NK	0 | 0.907391483231803 | 0.561 | 0.095 | 0 | NK | TTC38
Supplementary Data 3	human	2242	NK	0 | 0.892780601405454 | 0.892 | 0.573 | 0 | NK | RARRES3
Supplementary Data 3	human	2243	NK	0 | 0.88921665806743 | 0.692 | 0.261 | 0 | NK | APMAP
Supplementary Data 3	human	2244	NK	0 | 0.884444730343643 | 0.243 | 0.019 | 0 | NK | KLRC1
Supplementary Data 3	human	2245	NK	0 | 0.880353726478276 | 0.957 | 0.657 | 0 | NK | EFHD2
Supplementary Data 3	human	2246	NK	0 | 0.875609660189427 | 0.776 | 0.395 | 0 | NK | RUNX3
Supplementary Data 3	human	2247	NK	0 | 0.86178865731504 | 0.522 | 0.095 | 0 | NK | NCR3
Supplementary Data 3	human	2248	NK	0 | 0.850207603078151 | 0.665 | 0.185 | 0 | NK | SAMD3
Supplementary Data 3	human	2249	NK	0 | 0.840413243036181 | 0.761 | 0.299 | 0 | NK | SYNE2
Supplementary Data 3	human	2250	NK	0 | 0.839382145698302 | 0.398 | 0.072 | 0 | NK | XCL2
Supplementary Data 3	human	2251	NK	0 | 0.838575823215391 | 0.907 | 0.597 | 0 | NK | CD81
Supplementary Data 3	human	2252	NK	0 | 0.834120987685124 | 0.512 | 0.121 | 0 | NK | CEP78
Supplementary Data 3	human	2253	NK	0 | 0.829733079148744 | 0.103 | 0.011 | 0 | NK | HBA1
Supplementary Data 3	human	2254	NK	0 | 0.822301561137442 | 0.551 | 0.097 | 0 | NK | FCRL6
Supplementary Data 3	human	2255	NK	0 | 0.821608280231739 | 0.473 | 0.145 | 0 | NK | SYNGR1
Supplementary Data 3	human	2256	NK	0 | 0.820793198052811 | 0.924 | 0.66 | 0 | NK | CD63
Supplementary Data 3	human	2257	NK	0 | 0.820468968199501 | 0.64 | 0.216 | 0 | NK | CHST12
Supplementary Data 3	human	2258	NK	0 | 0.804099963713365 | 0.504 | 0.092 | 0 | NK | TXK
Supplementary Data 3	human	2259	NK	0 | 0.795099217662326 | 0.878 | 0.622 | 0 | NK | LITAF
Supplementary Data 3	human	2260	NK	0 | 0.789252635630383 | 0.826 | 0.512 | 0 | NK | ID2
Supplementary Data 3	human	2261	NK	0 | 0.788380309049151 | 0.663 | 0.287 | 0 | NK | SYNE1
Supplementary Data 3	human	2262	NK	0 | 0.785205283924336 | 0.753 | 0.404 | 0 | NK | IL32
Supplementary Data 3	human	2263	NK	0 | 0.776640976810118 | 0.393 | 0.158 | 0 | NK | IGFBP7
Supplementary Data 3	human	2264	NK	0 | 0.7761014919363 | 0.767 | 0.343 | 0 | NK | IFITM1
Supplementary Data 3	human	2265	NK	0 | 0.770281259598611 | 0.445 | 0.053 | 0 | NK | PTGDR
Supplementary Data 3	human	2266	NK	0 | 0.762186511292674 | 0.592 | 0.288 | 0 | NK | GNPTAB
Supplementary Data 3	human	2267	NK	0 | 0.742706083494941 | 0.591 | 0.312 | 0 | NK | CX3CR1
Supplementary Data 3	human	2268	NK	0 | 0.741434467459369 | 0.515 | 0.128 | 0 | NK | MYBL1
Supplementary Data 3	human	2269	NK	0 | 0.740572353574272 | 0.675 | 0.373 | 0 | NK | APOBEC3G
Supplementary Data 3	human	2270	NK	0 | 0.739314953414364 | 0.997 | 0.958 | 0 | NK | CALM1
Supplementary Data 3	human	2271	NK	0 | 0.731182851401603 | 0.461 | 0.078 | 0 | NK | TBX21
Supplementary Data 3	human	2272	NK	0 | 0.731145705684225 | 0.476 | 0.077 | 0 | NK | C1orf21
Supplementary Data 3	human	2273	NK	0 | 0.730591160136444 | 0.569 | 0.165 | 0 | NK | ZAP70
Supplementary Data 3	human	2274	NK	0 | 0.725544853051043 | 0.854 | 0.604 | 0 | NK | PLAC8
Supplementary Data 3	human	2275	NK	0 | 0.720259119121728 | 0.87 | 0.565 | 0 | NK | EVL
Supplementary Data 3	human	2276	NK	0 | 0.71955287949947 | 0.698 | 0.395 | 0 | NK | ARPC5L
Supplementary Data 3	human	2277	NK	0 | 0.703530420590867 | 0.796 | 0.585 | 0 | NK | MBP
Supplementary Data 3	human	2278	NK	0 | 0.694226626542144 | 0.481 | 0.146 | 0 | NK | TFDP2
Supplementary Data 3	human	2279	NK	0 | 0.678356134077465 | 0.945 | 0.823 | 0 | NK | 2024-09-07 00:00:00
Supplementary Data 3	human	2280	NK	0 | 0.671745420661184 | 0.833 | 0.661 | 0 | NK | PPP2R5C
Supplementary Data 3	human	2281	NK	0 | 0.671698568968109 | 0.65 | 0.257 | 0 | NK | SKAP1
Supplementary Data 3	human	2282	NK	0 | 0.670324237108174 | 0.562 | 0.224 | 0 | NK | PTPN4
Supplementary Data 3	human	2283	NK	0 | 0.660547796853812 | 0.893 | 0.652 | 0 | NK | CD99
Supplementary Data 3	human	2284	NK	0 | 0.658089243238275 | 0.668 | 0.408 | 0 | NK | SLC9A3R1
Supplementary Data 3	human	2285	NK	0 | 0.656445927182962 | 0.749 | 0.521 | 0 | NK | PRMT2
Supplementary Data 3	human	2286	NK	0 | 0.6548825902098 | 0.972 | 0.906 | 0 | NK | UBB
Supplementary Data 3	human	2287	NK	0 | 0.65254993655068 | 0.308 | 0.018 | 0 | NK | SH2D1B
Supplementary Data 3	human	2288	NK	0 | 0.649154326329868 | 0.533 | 0.189 | 0 | NK | PRKCH
Supplementary Data 3	human	2289	NK	0 | 0.641845920643143 | 0.995 | 0.958 | 0 | NK | MYL12A
Supplementary Data 3	human	2290	NK	0 | 0.632432465048534 | 0.576 | 0.352 | 0 | NK | ALOX5AP
Supplementary Data 3	human	2291	NK	0 | 0.629273519416263 | 0.399 | 0.071 | 0 | NK | PLEKHF1
Supplementary Data 3	human	2292	NK	0 | 0.627371889870223 | 0.749 | 0.523 | 0 | NK | PAXX
Supplementary Data 3	human	2293	NK	0 | 0.626103682684974 | 0.769 | 0.47 | 0 | NK | IL2RG
Supplementary Data 3	human	2294	NK	0 | 0.623805293575335 | 0.556 | 0.227 | 0 | NK | RHOC
Supplementary Data 3	human	2295	NK	0 | 0.62224833202821 | 1 | 0.998 | 0 | NK | HLA-C
Supplementary Data 3	human	2296	NK	0 | 0.622218153971721 | 0.626 | 0.253 | 0 | NK | RORA
Supplementary Data 3	human	2297	NK	0 | 0.619451430440364 | 0.545 | 0.333 | 0 | NK | CD300A
Supplementary Data 3	human	2298	NK	0 | 0.60740166674368 | 0.709 | 0.321 | 0 | NK | LCK
Supplementary Data 3	human	2299	NK	0 | 0.606194300159854 | 0.396 | 0.083 | 0 | NK | TGFBR3
Supplementary Data 3	human	2300	NK	0 | 0.605766654610653 | 0.819 | 0.735 | 0 | NK | JAK1
Supplementary Data 3	human	2301	NK	0 | 0.605080070597993 | 1 | 0.997 | 0 | NK | HLA-A
Supplementary Data 3	human	2302	NK	0 | 0.596416477764545 | 0.382 | 0.129 | 0 | NK | GK5
Supplementary Data 3	human	2303	NK	0 | 0.585886878042999 | 1 | 1 | 0 | NK | B2M
Supplementary Data 3	human	2304	NK	0 | 0.583501448495307 | 0.948 | 0.834 | 0 | NK | RAP1B
Supplementary Data 3	human	2305	NK	0 | 0.57813756544242 | 0.401 | 0.139 | 0 | NK | TRG-AS1
Supplementary Data 3	human	2306	NK	0 | 0.576608444786806 | 0.914 | 0.823 | 0 | NK | RAC2
Supplementary Data 3	human	2307	NK	0 | 0.573552568560931 | 0.561 | 0.353 | 0 | NK | GNG2
Supplementary Data 3	human	2308	NK	0 | 0.573278932979923 | 0.482 | 0.311 | 0 | NK | METRNL
Supplementary Data 3	human	2309	NK	0 | 0.572126000609141 | 0.603 | 0.393 | 0 | NK | DSTN
Supplementary Data 3	human	2310	NK	0 | 0.571426359934818 | 0.995 | 0.964 | 0 | NK | PFN1
Supplementary Data 3	human	2311	NK	0 | 0.57137284327452 | 0.726 | 0.548 | 0 | NK | SUN2
Supplementary Data 3	human	2312	NK	0 | 0.562160505720024 | 0.533 | 0.304 | 0 | NK | TPST2
Supplementary Data 3	human	2313	NK	0 | 0.560909495003225 | 0.482 | 0.212 | 0 | NK | FKBP11
Supplementary Data 3	human	2314	NK	0 | 0.559554329005213 | 0.539 | 0.317 | 0 | NK | RASSF1
Supplementary Data 3	human	2315	NK	0 | 0.557298316238568 | 0.398 | 0.118 | 0 | NK | LINC01871
Supplementary Data 3	human	2316	NK	0 | 0.553824065063367 | 0.656 | 0.481 | 0 | NK | DHRS7
Supplementary Data 3	human	2317	NK	0 | 0.550315630918613 | 0.648 | 0.445 | 0 | NK | BTN3A2
Supplementary Data 3	human	2318	NK	0 | 0.549938964814304 | 0.342 | 0.071 | 0 | NK | SH2D2A
Supplementary Data 3	human	2319	NK	0 | 0.547611587514798 | 0.381 | 0.133 | 0 | NK | SYTL3
Supplementary Data 3	human	2320	NK	0 | 0.545005874480485 | 0.36 | 0.169 | 0 | NK | ASCL2
Supplementary Data 3	human	2321	NK	0 | 0.542475251616552 | 0.666 | 0.474 | 0 | NK | ITGAL
Supplementary Data 3	human	2322	NK	0 | 0.541528027557091 | 0.895 | 0.802 | 0 | NK | HLA-F
Supplementary Data 3	human	2323	NK	0 | 0.537905292439352 | 0.442 | 0.198 | 0 | NK | PLA2G16
Supplementary Data 3	human	2324	NK	0 | 0.53466787491158 | 0.479 | 0.243 | 0 | NK | STOM
Supplementary Data 3	human	2325	NK	0 | 0.534394037131322 | 0.803 | 0.668 | 0 | NK | BIN2
Supplementary Data 3	human	2326	NK	0 | 0.531847730890027 | 0.74 | 0.593 | 0 | NK | CCND3
Supplementary Data 3	human	2327	NK	0 | 0.531499919365555 | 0.853 | 0.632 | 0 | NK | PLEK
Supplementary Data 3	human	2328	NK	0 | 0.530978499957089 | 0.76 | 0.672 | 0 | NK | CALR
Supplementary Data 3	human	2329	NK	0 | 0.529241146194523 | 0.349 | 0.09 | 0 | NK | MCTP2
Supplementary Data 3	human	2330	NK	0 | 0.52825719128395 | 0.456 | 0.257 | 0 | NK | HDDC2
Supplementary Data 3	human	2331	NK	0 | 0.524540733561655 | 0.446 | 0.25 | 0 | NK | DDIT4
Supplementary Data 3	human	2332	NK	0 | 0.523598115851508 | 0.411 | 0.198 | 0 | NK | DENND2D
Supplementary Data 3	human	2333	NK	0 | 0.519035192976831 | 0.566 | 0.407 | 0 | NK | XBP1
Supplementary Data 3	human	2334	NK	0 | 0.5188893823148 | 0.386 | 0.141 | 0 | NK | PRDM1
Supplementary Data 3	human	2335	NK	0 | 0.51560839072726 | 0.646 | 0.338 | 0 | NK | CD2
Supplementary Data 3	human	2336	NK	0 | 0.514422545220082 | 0.731 | 0.576 | 0 | NK | CLEC2B
Supplementary Data 3	human	2337	NK	0 | 0.509520873368692 | 0.36 | 0.2 | 0 | NK | STARD3NL
Supplementary Data 3	human	2338	NK	0 | 0.508936936069302 | 0.864 | 0.759 | 0 | NK | RNF213
Supplementary Data 3	human	2339	NK	0 | 0.506626652779758 | 0.68 | 0.477 | 0 | NK | TBC1D10C
Supplementary Data 3	human	2340	NK	0 | 0.504915190976673 | 0.221 | 0.017 | 0 | NK | AKR1C3
Supplementary Data 3	human	2341	NK	0 | 0.504856210175979 | 0.429 | 0.196 | 0 | NK | PTPN7
Supplementary Data 3	human	2342	NK	0 | 0.503922319988367 | 0.469 | 0.274 | 0 | NK | ABI3
Supplementary Data 3	human	2343	NK	0 | 0.501514815031512 | 0.339 | 0.136 | 0 | NK | GTF3C1
Supplementary Data 3	human	2344	NK	0 | 0.501320117336158 | 0.424 | 0.246 | 0 | NK | DIP2A
Supplementary Data 3	human	2345	NK	0 | 0.499155658633692 | 0.301 | 0.054 | 0 | NK | F2R
Supplementary Data 3	human	2346	NK	0 | 0.498239811195208 | 0.709 | 0.587 | 0 | NK | OSTF1
Supplementary Data 3	human	2347	NK	0 | 0.497370674096603 | 0.362 | 0.127 | 0 | NK | SLAMF7
Supplementary Data 3	human	2348	NK	0 | 0.497237322848832 | 0.753 | 0.643 | 0 | NK | NDUFB7
Supplementary Data 3	human	2349	NK	0 | 0.495185512129283 | 0.385 | 0.124 | 0 | NK | STAT4
Supplementary Data 3	human	2350	NK	0 | 0.491677680992359 | 0.574 | 0.339 | 0 | NK | LYAR
Supplementary Data 3	human	2351	NK	0 | 0.490365123605679 | 0.764 | 0.588 | 0 | NK | CTSC
Supplementary Data 3	human	2352	NK	0 | 0.486147264446084 | 0.999 | 0.994 | 0 | NK | HLA-E
Supplementary Data 3	human	2353	NK	0 | 0.486050077792104 | 0.691 | 0.554 | 0 | NK | FYN
Supplementary Data 3	human	2354	NK	0 | 0.484607873203182 | 0.326 | 0.082 | 0 | NK | LLGL2
Supplementary Data 3	human	2355	NK	0 | 0.483872280105666 | 0.58 | 0.427 | 0 | NK | PIP4K2A
Supplementary Data 3	human	2356	NK	0 | 0.482712467276103 | 0.588 | 0.431 | 0 | NK | AC245297.3
Supplementary Data 3	human	2357	NK	0 | 0.479069725204954 | 0.528 | 0.336 | 0 | NK | SLFN5
Supplementary Data 3	human	2358	NK	0 | 0.478763126306268 | 1 | 0.999 | 0 | NK | MALAT1
Supplementary Data 3	human	2359	NK	0 | 0.478429955170528 | 0.239 | 0.014 | 0 | NK | NCAM1
Supplementary Data 3	human	2360	NK	0 | 0.477350828293952 | 0.853 | 0.744 | 0 | NK | DBI
Supplementary Data 3	human	2361	NK	0 | 0.476298478314896 | 0.318 | 0.08 | 0 | NK | TIGIT
Supplementary Data 3	human	2362	NK	0 | 0.475879878545328 | 0.465 | 0.254 | 0 | NK | LINC00623
Supplementary Data 3	human	2363	NK	0 | 0.475337351187806 | 0.363 | 0.127 | 0 | NK | TSEN54
Supplementary Data 3	human	2364	NK	0 | 0.474943655623787 | 0.592 | 0.357 | 0 | NK | STK17A
Supplementary Data 3	human	2365	NK	0 | 0.472075445481888 | 0.582 | 0.423 | 0 | NK | SPN
Supplementary Data 3	human	2366	NK	0 | 0.47170897237155 | 0.919 | 0.793 | 0 | NK | AES
Supplementary Data 3	human	2367	NK	0 | 0.47064538119051 | 0.585 | 0.428 | 0 | NK | SIGIRR
Supplementary Data 3	human	2368	NK	0 | 0.468548334673973 | 0.343 | 0.107 | 0 | NK | CD226
Supplementary Data 3	human	2369	NK	0 | 0.46786995808105 | 0.349 | 0.118 | 0 | NK | PRR5
Supplementary Data 3	human	2370	NK	0 | 0.467720604273323 | 0.447 | 0.231 | 0 | NK | ITGB7
Supplementary Data 3	human	2371	NK	0 | 0.457504243235862 | 0.797 | 0.716 | 0 | NK | NDUFB2
Supplementary Data 3	human	2372	NK	0 | 0.456855343392051 | 0.687 | 0.523 | 0 | NK | DOK2
Supplementary Data 3	human	2373	NK	0 | 0.454382553026839 | 0.25 | 0.098 | 0 | NK | CHST2
Supplementary Data 3	human	2374	NK	0 | 0.451641997272965 | 1 | 0.999 | 0 | NK | HLA-B
Supplementary Data 3	human	2375	NK	0 | 0.450985436337401 | 0.482 | 0.352 | 0 | NK | CDK2AP2
Supplementary Data 3	human	2376	NK	0 | 0.447100792880496 | 0.393 | 0.197 | 0 | NK | PTPN22
Supplementary Data 3	human	2377	NK	0 | 0.443756389573668 | 0.764 | 0.679 | 0 | NK | FAM49B
Supplementary Data 3	human	2378	NK	0 | 0.440974306358301 | 0.398 | 0.234 | 0 | NK | SSBP3
Supplementary Data 3	human	2379	NK	0 | 0.440950172899495 | 0.582 | 0.468 | 0 | NK | ACTN4
Supplementary Data 3	human	2380	NK	0 | 0.440732522716709 | 0.295 | 0.141 | 0 | NK | PTMS
Supplementary Data 3	human	2381	NK	0 | 0.440340000120861 | 0.724 | 0.647 | 0 | NK | PDIA3
Supplementary Data 3	human	2382	NK	0 | 0.43821520519884 | 0.361 | 0.201 | 0 | NK | LPCAT1
Supplementary Data 3	human	2383	NK	0 | 0.436712956563592 | 0.992 | 0.968 | 0 | NK | CFL1
Supplementary Data 3	human	2384	NK	0 | 0.436430297983498 | 0.996 | 0.967 | 0 | NK | CYBA
Supplementary Data 3	human	2385	NK	0 | 0.434738144628419 | 0.33 | 0.14 | 0 | NK | USP28
Supplementary Data 3	human	2386	NK	0 | 0.432572135232841 | 0.438 | 0.283 | 0 | NK | RAB29
Supplementary Data 3	human	2387	NK	0 | 0.430359435550439 | 0.222 | 0.015 | 0 | NK | NCR1
Supplementary Data 3	human	2388	NK	0 | 0.429439145721508 | 0.709 | 0.65 | 0 | NK | CDC42SE1
Supplementary Data 3	human	2389	NK	0 | 0.429432993067039 | 0.544 | 0.416 | 0 | NK | C1orf56
Supplementary Data 3	human	2390	NK	0 | 0.428467720255876 | 0.589 | 0.496 | 0 | NK | AKNA
Supplementary Data 3	human	2391	NK	0 | 0.426777679806136 | 0.96 | 0.909 | 0 | NK | MYL12B
Supplementary Data 3	human	2392	NK	0 | 0.425907014195705 | 0.469 | 0.309 | 0 | NK | MLLT6
Supplementary Data 3	human	2393	NK	0 | 0.425632713909939 | 0.495 | 0.341 | 0 | NK | SYTL1
Supplementary Data 3	human	2394	NK	0 | 0.422189425263372 | 0.474 | 0.245 | 0 | NK | IKZF3
Supplementary Data 3	human	2395	NK	0 | 0.42186514793761 | 0.441 | 0.219 | 0 | NK | OPTN
Supplementary Data 3	human	2396	NK	0 | 0.419465513927166 | 0.235 | 0.047 | 0 | NK | IFNG
Supplementary Data 3	human	2397	NK	0 | 0.417461775344285 | 0.422 | 0.317 | 0 | NK | PTPN12
Supplementary Data 3	human	2398	NK	0 | 0.415984243267669 | 0.315 | 0.142 | 0 | NK | MIB2
Supplementary Data 3	human	2399	NK	0 | 0.415721521204336 | 0.389 | 0.261 | 0 | NK | CISD3
Supplementary Data 3	human	2400	NK	0 | 0.414598293647998 | 0.646 | 0.54 | 0 | NK | SELENOW
Supplementary Data 3	human	2401	NK	0 | 0.411065537299763 | 0.43 | 0.279 | 0 | NK | RASAL3
Supplementary Data 3	human	2402	NK	0 | 0.410616963262086 | 0.218 | 0.021 | 0 | NK | NMUR1
Supplementary Data 3	human	2403	NK	0 | 0.409568874834001 | 0.264 | 0.072 | 0 | NK | MXRA7
Supplementary Data 3	human	2404	NK	0 | 0.408242269908755 | 0.507 | 0.383 | 0 | NK | POLR3GL
Supplementary Data 3	human	2405	NK	0 | 0.406988340773325 | 0.321 | 0.208 | 0 | NK | HIPK2
Supplementary Data 3	human	2406	NK	0 | 0.404008026389967 | 0.92 | 0.896 | 0 | NK | RBM39
Supplementary Data 3	human	2407	NK	0 | 0.403402277347711 | 0.286 | 0.101 | 0 | NK | NFATC2
Supplementary Data 3	human	2408	NK	0 | 0.403050632768545 | 0.311 | 0.182 | 0 | NK | HSH2D
Supplementary Data 3	human	2409	NK	0 | 0.40255235310261 | 0.579 | 0.5 | 0 | NK | MACF1
Supplementary Data 3	human	2410	NK	0 | 0.402201060738795 | 0.407 | 0.296 | 0 | NK | UBE2F
Supplementary Data 3	human	2411	NK	0 | 0.40058392283847 | 0.595 | 0.475 | 0 | NK | ANXA6
Supplementary Data 3	human	2412	NK	0 | 0.400051204592663 | 0.677 | 0.594 | 0 | NK | CCDC85B
Supplementary Data 3	human	2413	NK	7.96802140805466e-211 | 0.484260832100071 | 0.103 | 0.025 | 1.7485822979976e-206 | NK | S100B
Supplementary Data 3	human	2461	NK	3.00679757639106e-273 | 0.556313308108278 | 0.53 | 0.001 | 6.59841728139018e-269 | pDC | KCNK17
Supplementary Data 3	human	2494	NK	1.08348991770758e-201 | 0.92628877614707 | 0.817 | 0.047 | 2.37771862440928e-197 | pDC | BLNK
Supplementary Data 3	human	2798	NK	8.26854995551992e-41 | 0.475433675398415 | 0.987 | 0.735 | 1.81453328773885e-36 | pDC | ANKRD12
Supplementary Data 3	human	2962	NK	8.27076439425374e-10 | 0.444907501965608 | 0.605 | 0.15 | 1.81501924631898e-05 | Plasma | ANKRD28
Supplementary Data 3	human	3130	NK	0 | 1.74205961005741 | 0.7 | 0.021 | 6.13498116859232e-305 | Platelet | ANKRD9
Supplementary Data 3	human	3140	NK	7.24540289947207e-298 | 1.94675604275383 | 0.738 | 0.002 | 1.59000366628915e-293 | Platelet | ENKUR
Supplementary Data 3	human	3340	NK	6.18048725236393e-136 | 1.20012746551469 | 0.388 | 0.011 | 1.35630792753126e-131 | Platelet | INKA1
Supplementary Data 3	human	3592	NK	2.98183828708759e-66 | 0.764656004128481 | 0.369 | 0.188 | 6.54364412101373e-62 | Platelet | KCNK6
Supplementary Data 3	human	3597	NK	6.46900425339116e-65 | 0.600497859971185 | 0.219 | 0.005 | 1.41962298340669e-60 | Platelet | ANKRD33B
Supplementary Data 3	human	3649	NK	3.5771843247899e-58 | 0.736952864823664 | 0.369 | 0.15 | 7.85013100075144e-54 | Platelet | ANKRD28
Supplementary Data 3	human	3660	NK	2.6856955139944e-57 | 0.58680693423858 | 0.206 | 0.01 | 5.89375880546072e-53 | Platelet | ANK1
Supplementary Data 3	human	3870	NK	2.10795560742408e-26 | 0.731883174743407 | 0.475 | 0.123 | 4.62590858049214e-22 | Platelet | BANK1
Supplementary Data 3	human	3916	NK	9.98843549718634e-58 | 1.93474937036736 | 0.724 | 0.01 | 2.19196216985754e-53 | Progenitor | SPINK2
Supplementary Data 3	human	3978	NK	1.40900056070275e-19 | 0.517442052048784 | 0.31 | 0.001 | 3.09205173046219e-15 | Progenitor | CNKSR3
Supplementary Data 3	human	3989	NK	9.5336840058853e-18 | 1.0579476780019 | 0.724 | 0.15 | 2.09216695509153e-13 | Progenitor | ANKRD28
Supplementary Data 3	human	4000	NK	4.65576658923792e-16 | 0.501785151435806 | 0.31 | 0.003 | 1.02170797800826e-11 | Progenitor | KCNK17
Supplementary Data 3	human	4160	NK	8.53402187045519e-167 | 0.460162908594279 | 0.224 | 0.001 | 1.87279109947139e-162 | Treg | FANK1
Supplementary Data 3	human	4209	NK	2.74235118700707e-62 | 0.563579882289613 | 0.861 | 0.735 | 6.01808967988701e-58 | Treg | ANKRD12
Supplementary Data 4	unspecified	13	Memory B	Memory B | -1.00159569000864 | 4.59583241558852 | 0.051519429064318 | 0.114487620142929
Supplementary Data 4	unspecified	14	Naive B	Naive B | -0.878432983235603 | 2.55640683608674 | 0.133838377562367 | 0.267676755124735
Supplementary Data 4	unspecified	16	CD16+ NK	CD16+ NK | -0.589528588779984 | 1.92240318382142 | 0.188890491219306 | 0.31267976695127
Supplementary Data 4	unspecified	16	NK	CD16+ NK | -0.589528588779984 | 1.92240318382142 | 0.188890491219306 | 0.31267976695127
Supplementary Data 4	unspecified	24	CD16- NK	CD16- NK | 0.100492822849492 | 0.0286668530250432 | 0.868154473105059 | 0.868154473105059
Supplementary Data 4	unspecified	24	NK	CD16- NK | 0.100492822849492 | 0.0286668530250432 | 0.868154473105059 | 0.868154473105059
Supplementary Data 4	unspecified	28	Naive B	Naive B | 1.97842599227984 | 23.6554861484038 | 0.000121886885880678 | 0.00195019017409085
Supplementary Data 4	unspecified	36	NK	NK | -0.514260592424038 | 2.13531265563425 | 0.161030845936219 | 0.286277059442166
Supplementary Data 4	unspecified	43	Memory B	Memory B | -0.0171351322500392 | 0.00304568850393209 | 0.956579489136213 | 0.956579489136213
Supplementary Data 4	unspecified	67	NK	NKT | 0.0282808530488943 | 0.00529896029974536 | 0.942762430224311 | 0.942762430224311
Supplementary Data 4	unspecified	79	NK	NKT | -1.09050354577705 | 1.39754903500385 | 0.25245603841102 | 0.308557380280135
Supplementary Data 4	unspecified	101	NK	GZMC- NK | -1.2531078415565 | 17.5585539341362 | 0.0043481770825971 | 0.00797165798476135
Supplementary Data 4	unspecified	105	NK	GZMC+ NK | -0.103409151503908 | 0.063539216635571 | 0.808629263031133 | 0.840638117348215
Supplementary Data 5	human	80	NK	4.82802662449409e-92 | 1.41045442051479 | 0.917 | 0.178 | 1.16485798369169e-87 | Activated Stellate | ANK3
Supplementary Data 5	human	158	NK	9.35279090365462e-56 | 0.914522229957914 | 0.871 | 0.232 | 2.25654786132475e-51 | Activated Stellate | KANK2
Supplementary Data 5	human	237	NK	7.93986399318558e-39 | 0.616335332176003 | 0.545 | 0.076 | 1.91565098563589e-34 | Activated Stellate | KANK1
Supplementary Data 5	human	254	NK	1.9381046912926e-35 | 0.692867059408558 | 0.727 | 0.201 | 4.67606518868166e-31 | Activated Stellate | ANKS1A
Supplementary Data 5	human	325	NK	1.19464693727148e-25 | 0.599602571100317 | 0.311 | 0.028 | 2.8823246655549e-21 | Activated Stellate | KCNK17
Supplementary Data 5	human	628	NK	6.08145732900061e-40 | 2.22482065648583 | 0.261 | 0 | 1.46727320976798e-35 | Cholangiocyte | SPINK1
Supplementary Data 5	human	679	NK	5.16531960835226e-32 | 0.585726108175836 | 0.234 | 0.001 | 1.24623666190715e-27 | Cholangiocyte | ANKRD1
Supplementary Data 5	human	967	NK	3.32655317873668e-164 | 1.07780044350396 | 0.616 | 0.023 | 8.025974854338e-160 | Endothelial | SHANK3
Supplementary Data 5	human	1050	NK	1.14147944286134e-93 | 0.758345038800311 | 0.469 | 0.045 | 2.75404745179156e-89 | Endothelial | KANK3
Supplementary Data 5	human	1100	NK	3.77064083427325e-78 | 0.816765907107342 | 0.749 | 0.394 | 9.09742514085107e-74 | Endothelial | NKTR
Supplementary Data 5	human	1303	NK	6.95978223988288e-47 | 0.582853910817208 | 0.51 | 0.23 | 1.67918666101654e-42 | Endothelial | WNK1
Supplementary Data 5	human	1318	NK	1.03028887626397e-45 | 0.546583332485437 | 0.334 | 0.067 | 2.48577797176208e-41 | Endothelial | ANKRD28
Supplementary Data 5	human	1403	NK	3.24394963507767e-39 | 0.500537455665868 | 0.19 | 0.01 | 7.8266772845519e-35 | Endothelial | ANKRD55
Supplementary Data 5	human	1453	NK	1.20554722705209e-34 | 0.699347080994475 | 0.353 | 0.129 | 2.90862379470858e-30 | Endothelial | KCNK6
Supplementary Data 5	human	1561	NK	4.44202861629665e-27 | 0.445425702000646 | 0.696 | 0.477 | 1.07172824425389e-22 | Endothelial | ANKRD12
Supplementary Data 5	human	1962	NK	2.26818021883638e-62 | 0.7908587696868 | 0.338 | 0.027 | 5.47243841398652e-58 | Hepatocyte | ETNK2
Supplementary Data 5	human	2011	NK	2.7730312254719e-54 | 0.803577561860432 | 0.357 | 0.061 | 6.69049243769605e-50 | Hepatocyte | IDNK
Supplementary Data 5	human	2358	NK	3.05673565733835e-27 | 0.467771474706 | 0.178 | 0.015 | 7.37498612046023e-23 | Hepatocyte | PANK1
Supplementary Data 5	human	2558	NK	5.93644786426994e-44 | 0.859619537326744 | 0.757 | 0.238 | 1.43228677621241e-39 | Stellate | KANK2
Supplementary Data 5	human	2583	NK	1.01578257268505e-38 | 0.73655439443793 | 0.371 | 0.022 | 2.45077861311721e-34 | Stellate | KCNK17
Supplementary Data 6	human	43	NK	4.84322926104576e-19 | 3.15933716863771 | 0.7 | 0.014 | 1.16852592381251e-14 | Control | SPINK1 | Cholangiocyte
Supplementary Data 6	human	148	NK	5.02793506242979e-09 | 0.431140118666339 | 0.575 | 0.056 | 0.000121308989251243 | Control | ANK3 | Cholangiocyte
Supplementary Data 6	human	228	NK	1.43447116094187e-06 | 0.505813697136049 | 0.575 | 0.113 | 0.0346094857000445 | Control | KCNK5 | Cholangiocyte
Supplementary Data 6	human	490	NK	2.83745152162459e-38 | 0.589816449712767 | 0.469 | 0.172 | 6.84591928622364e-34 | Control | ANKRD28 | Endothelial
Supplementary Data 6	human	528	NK	2.58381485735222e-30 | 0.397040181795764 | 0.279 | 0.056 | 6.2339701063337e-26 | Control | ANK3 | Endothelial
Supplementary Data 6	human	554	NK	2.7412754445096e-26 | 0.391906777622953 | 0.319 | 0.092 | 6.61387526496832e-22 | Control | ANKRD29 | Endothelial
Supplementary Data 6	human	602	NK	5.3940270912158e-20 | 0.399684054819501 | 0.604 | 0.397 | 1.30141691629764e-15 | Control | WNK1 | Endothelial
Supplementary Data 6	human	705	NK	1.38295236690196e-49 | 0.710160852168612 | 0.556 | 0.184 | 3.33664917562436e-45 | PBC | KCNK6 | Endothelial
Supplementary Data 6	human	753	NK	1.53416802268149e-30 | 0.469801664719858 | 0.595 | 0.365 | 3.70148718832364e-26 | PBC | KANK3 | Endothelial
Supplementary Data 6	human	801	NK	3.90912044591119e-25 | 0.450527602979 | 0.308 | 0.092 | 9.43153489984993e-21 | PBC | ANKRD55 | Endothelial
Supplementary Data 6	human	899	NK	1.54423412142874e-14 | 0.301648782591866 | 0.322 | 0.216 | 3.72577366477113e-10 | PBC | PNKP | Endothelial
Supplementary Data 7	human	340	NK	0 | 1.2521232191279 | 0.867 | 0.011 | 0 | cDC | CLNK
Supplementary Data 7	human	410	NK	3.55752773359583e-125 | 0.673160266455158 | 0.816 | 0.434 | 8.58324716284665e-121 | cDC | KCNK6
Supplementary Data 7	human	761	NK	3.08174977970529e-243 | 0.715400266381805 | 0.6 | 0.14 | 7.43533769349495e-239 | Kupffer | ANKH
Supplementary Data 7	human	798	NK	8.98693008690426e-193 | 0.73907856700441 | 0.459 | 0.104 | 2.16827662206739e-188 | Kupffer | ANKRD36C
Supplementary Data 7	human	865	NK	1.24504184850416e-113 | 0.448622344019483 | 0.587 | 0.257 | 3.00391246788598e-109 | Kupffer | MKNK1
Supplementary Data 7	human	886	NK	1.46966648381228e-100 | 0.431935978111906 | 0.618 | 0.402 | 3.54586432549388e-96 | Kupffer | ETNK1
Supplementary Data 7	human	1051	NK	1.27757898098884e-248 | 1.00397649392526 | 0.828 | 0.103 | 3.08241480743178e-244 | pDC | BLNK
Supplementary Data 7	human	1140	NK	3.44097111046264e-128 | 0.820110895323731 | 0.967 | 0.722 | 8.30203099821322e-124 | pDC | ANKRD12
Supplementary Data 7	human	1179	NK	1.80659015757295e-101 | 0.423165277913686 | 0.328 | 0.007 | 4.35876007317626e-97 | pDC | KCNK17
Supplementary Data 7	human	1321	NK	1.8672256329996e-56 | 0.538630660011602 | 0.887 | 0.619 | 4.50505528473813e-52 | pDC | ANKRD11
Supplementary Data 8	human	483	NK	2.12867554367563e-32 | 0.771932542725038 | 0.714 | 0.33 | 5.1358554842262e-28 | Control | ANKRD36C | Kupffer
Supplementary Data 8	human	488	NK	7.09664508095817e-25 | 0.542739652446733 | 0.793 | 0.503 | 1.71220755868278e-20 | Control | ANKH | Kupffer
Supplementary Data 8	human	494	NK	6.57255561974414e-23 | 0.424808018350349 | 0.8 | 0.526 | 1.58576049437567e-18 | Control | ETNK1 | Kupffer
Supplementary Data 8	human	540	NK	9.69794655449747e-14 | 0.342749735470993 | 0.657 | 0.438 | 2.33982356520361e-09 | Control | NKTR | Kupffer
Supplementary Data 9	human	162	NK	1.53649996061867e-238 | 0.596920624897516 | 0.994 | 0.733 | 3.70711345498468e-234 | CD4+ CTL | NKG7
Supplementary Data 9	human	271	NK	0 | 0.576255538104718 | 0.99 | 0.615 | 0 | CD8+ Trm | NKG7
Supplementary Data 9	human	297	NK	0 | 1.15694598916534 | 1 | 0.719 | 0 | CD8+ CTL | NKG7
Supplementary Data 9	human	368	NK	3.48931680038402e-141 | 0.685366736129162 | 0.995 | 0.738 | 8.41867464428652e-137 | γδT | NKG7
Supplementary Data 9	human	393	NK	3.02277238255866e-287 | 0.998833117015458 | 0.543 | 0.085 | 7.29304292739928e-283 | NKT | ZNF683
Supplementary Data 9	human	394	NK	3.07008293990004e-217 | 1.0388358715842 | 0.745 | 0.256 | 7.40718910909682e-213 | NKT | XCL1
Supplementary Data 9	human	395	NK	1.30255744166512e-172 | 0.643407671208778 | 0.906 | 0.478 | 3.14268033950544e-168 | NKT | KLRD1
Supplementary Data 9	human	396	NK	3.88714795669573e-170 | 1.01236486174435 | 0.457 | 0.106 | 9.37852187511979e-166 | NKT | KLRC2
Supplementary Data 9	human	397	NK	1.70841886857384e-153 | 0.738332502755242 | 0.683 | 0.346 | 4.12190220420811e-149 | NKT | RBPJ
Supplementary Data 9	human	398	NK	1.31108479553189e-140 | 0.601722433893964 | 0.587 | 0.549 | 3.1632542861798e-136 | NKT | CD7
Supplementary Data 9	human	399	NK	2.98576393025738e-133 | 0.721561266889349 | 0.556 | 0.236 | 7.20375263453198e-129 | NKT | PTMS
Supplementary Data 9	human	400	NK	1.56142021741831e-130 | 0.536763396075399 | 0.891 | 0.704 | 3.76723855856516e-126 | NKT | CD63
Supplementary Data 9	human	401	NK	1.89784008115528e-103 | 0.413858453327653 | 0.997 | 0.93 | 4.57891876380334e-99 | NKT | CCL5
Supplementary Data 9	human	402	NK	1.63130681570127e-96 | 0.501763895703518 | 0.306 | 0.074 | 3.93585395424247e-92 | NKT | ATP1B1
Supplementary Data 9	human	403	NK	4.91463690474261e-95 | 0.579949158870195 | 0.769 | 0.512 | 1.18575444600725e-90 | NKT | HOPX
Supplementary Data 9	human	404	NK	1.25357722064285e-84 | 0.557806349089725 | 0.537 | 0.248 | 3.02450576024499e-80 | NKT | NCR3
Supplementary Data 9	human	405	NK	9.69597326696163e-84 | 0.53218231917061 | 0.276 | 0.079 | 2.33934747011983e-79 | NKT | ITGA1
Supplementary Data 9	human	406	NK	1.07042845578661e-81 | 0.530511059939932 | 0.567 | 0.318 | 2.58262273527636e-77 | NKT | TRG-AS1
Supplementary Data 9	human	407	NK	2.6254217999642e-78 | 0.574360678961263 | 0.713 | 0.439 | 6.33435517677363e-74 | NKT | LGALS1
Supplementary Data 9	human	408	NK	6.67757280549908e-71 | 0.491351398131443 | 0.796 | 0.588 | 1.61109799078276e-66 | NKT | CTSW
Supplementary Data 9	human	409	NK	2.38668560775956e-70 | 0.475132119718306 | 0.212 | 0.052 | 5.75835636584148e-66 | NKT | LINC02446
Supplementary Data 9	human	410	NK	3.25917202236756e-64 | 0.408317662864843 | 0.652 | 0.4 | 7.86340433836622e-60 | NKT | PLP2
Supplementary Data 9	human	411	NK	5.0658524114077e-63 | 0.423662473676669 | 0.546 | 0.311 | 1.22223821130034e-58 | NKT | SCML4
Supplementary Data 9	human	412	NK	4.51087065910076e-61 | 0.755264069772721 | 0.335 | 0.162 | 1.08833776392124e-56 | NKT | TYROBP
Supplementary Data 9	human	413	NK	3.35016861146448e-52 | 0.405619603977222 | 0.482 | 0.26 | 8.08295180888034e-48 | NKT | LAG3
Supplementary Data 9	human	414	NK	2.64270165709187e-43 | 0.405230247919713 | 0.34 | 0.177 | 6.37604628806555e-39 | NKT | LGALS3
Supplementary Data 9	human	415	NK	1.27519279105579e-31 | 0.42445046623481 | 0.679 | 0.504 | 3.07665764698031e-27 | NKT | IFNG
Supplementary Data 9	human	416	NK	2.17526733282148e-31 | 0.6697272464781 | 0.265 | 0.15 | 5.24826749389838e-27 | NKT | TRDC
Supplementary Data 10	human	262	NK	6.67982932573368e-36 | 0.482102412520642 | 0.966 | 0.65 | 1.61164242141977e-31 | Control | NKG7 | GZMB- IFNG+ gdT
Supplementary Data 10	human	317	NK	6.07866555853079e-09 | 0.3187307224831 | 0.655 | 0.509 | 0.000146659963930672 | Control | NKTR | GZMB- IFNG+ gdT
Supplementary Data 10	human	613	NK	1.038021524562e-38 | 0.542674602380472 | 0.951 | 0.781 | 2.50443453231075e-34 | Control | NKG7 | Memory CD8+ T
Supplementary Data 10	human	821	NK	1.42849052858078e-259 | 1.30415331634371 | 0.692 | 0.323 | 3.44651909830685e-255 | Control | NKG7 | Th1
Supplementary Data 10	human	947	NK	8.25412835181243e-51 | 0.32374060902677 | 0.135 | 0.011 | 1.99147354744179e-46 | PBC | CLNK | Th1
Supplementary Data 12	mouse	140	NK	0 | 1.30431772880067 | 0.62 | 0.088 | 0 | Hepatocyte | Pank1
Supplementary Data 12	mouse	290	NK	1.53471816962139e-232 | 0.854198413372937 | 0.393 | 0.011 | 3.38865771852403e-228 | Hepatocyte | Etnk2
Supplementary Data 12	mouse	476	NK	2.52341892916377e-130 | 0.521054562336495 | 0.236 | 0.007 | 5.5717089955936e-126 | Hepatocyte | Anks4b
Supplementary Data 12	mouse	907	NK	5.6572318677329e-285 | 1.3328775468372 | 0.572 | 0.002 | 1.24911679639542e-280 | Stellate | Nkain4
Supplementary Data 12	mouse	1185	NK	1.32706809100232e-86 | 0.47627513296468 | 0.486 | 0.051 | 2.93016634493313e-82 | Stellate | Kank1
Supplementary Data 12	mouse	1200	NK	1.4309129607451e-81 | 0.866275711187196 | 0.245 | 0.01 | 3.15945581732519e-77 | Stellate | Ank3
Supplementary Data 12	mouse	1437	NK	0 | 1.11524339242919 | 0.822 | 0.003 | 0 | Cholangiocyte | Shank2
Supplementary Data 12	mouse	1458	NK	1.8777530057057e-283 | 0.774149352692982 | 0.685 | 0.001 | 4.14607863659819e-279 | Cholangiocyte | Kcnk1
Supplementary Data 12	mouse	1467	NK	5.40449608790216e-259 | 1.04474820873049 | 0.761 | 0.007 | 1.1933127362088e-254 | Cholangiocyte | Ank3
Supplementary Data 12	mouse	1480	NK	1.97532221798546e-242 | 1.39255077868019 | 0.579 | 0.001 | 4.3615114573119e-238 | Cholangiocyte | Ankrd1
Supplementary Data 12	mouse	1804	NK	1.43572913811343e-68 | 0.532724835661517 | 0.655 | 0.117 | 3.17008993695446e-64 | Cholangiocyte | Tnks1bp1
Supplementary Data 12	mouse	1893	NK	2.14950549331946e-51 | 0.540148423848868 | 0.736 | 0.229 | 4.74610812924936e-47 | Cholangiocyte | Pnkd
Supplementary Data 12	mouse	2406	NK	0 | 0.703883644061142 | 0.556 | 0.053 | 0 | Endothelial | Cnksr3
Supplementary Data 12	mouse	2431	NK	0 | 0.679929651247346 | 0.531 | 0.025 | 0 | Endothelial | Shank3
Supplementary Data 12	mouse	2514	NK	0 | 0.591683924605751 | 0.48 | 0.033 | 0 | Endothelial | Kank3
Supplementary Data 12	mouse	2707	NK	0 | 0.448391604278256 | 0.433 | 0.118 | 0 | Endothelial | Kcnk6
Supplementary Data 12	mouse	3240	NK	0 | 0.504408108820574 | 0.161 | 0.039 | 0 | Myeloid | Ankrd33b
Supplementary Data 12	mouse	3389	NK	0 | 1.78287275320966 | 0.826 | 0.077 | 0 | B | Bank1
Supplementary Data 12	mouse	3452	NK	0 | 0.911383610626501 | 0.443 | 0.04 | 0 | B | Blnk
Supplementary Data 12	mouse	3540	NK	0 | 0.681835550579722 | 0.674 | 0.542 | 0 | B | Etnk1
Supplementary Data 12	mouse	3555	NK	0 | 0.643323598034912 | 0.473 | 0.291 | 0 | B | Csnk1g3
Supplementary Data 12	mouse	3701	NK	0 | 0.431331703223214 | 0.805 | 0.782 | 0 | B | Ankrd11
Supplementary Data 12	mouse	3772	NK	0 | 2.32515520616531 | 0.721 | 0.036 | 0 | T | Nkg7
Supplementary Data 12	mouse	4086	NK	0 | 0.539788354856138 | 0.878 | 0.768 | 0 | T | Ankrd11
Supplementary Data 12	mouse	4088	NK	0 | 0.538651257157971 | 0.647 | 0.51 | 0 | T | Ankrd12
Supplementary Data 12	mouse	4199	NK	0 | 0.424318694040434 | 0.688 | 0.562 | 0 | T | Ankrd44
Supplementary Data 12	mouse	4527	NK	6.57928436948201e-100 | 0.563890403862747 | 0.408 | 0.132 | 1.45270598878163e-95 | Cycling | Nkg7
Supplementary Data 13	mouse	542	NK	4.56818524335028e-38 | 0.390803323588121 | 0.368 | 0.043 | 1.00865530173174e-33 | Control | Shank3 | Cycling
Supplementary Data 13	mouse	559	NK	2.25991524928905e-37 | 0.309767166853456 | 0.283 | 0.014 | 4.98989287043022e-33 | Control | Nkd1 | Cycling
Supplementary Data 13	mouse	577	NK	1.63259166236885e-36 | 0.433232795271794 | 0.375 | 0.056 | 3.60476239051042e-32 | Control | Cnksr3 | Cycling
Supplementary Data 13	mouse	693	NK	9.03479107533613e-30 | 0.351612916238074 | 0.327 | 0.054 | 1.99488186943422e-25 | Control | Kank3 | Cycling
Supplementary Data 13	mouse	879	NK	6.57690385625902e-21 | 0.306260775236462 | 0.335 | 0.13 | 1.45218037146199e-16 | Control | Kcnk6 | Cycling
Supplementary Data 13	mouse	1228	NK	2.66334285936226e-24 | 0.458897973610774 | 0.492 | 0.171 | 5.88066103347186e-20 | PBC | Pnkp | Cycling
Supplementary Data 13	mouse	1305	NK	2.39845203964807e-19 | 0.487941898977241 | 0.521 | 0.212 | 5.29578210354293e-15 | PBC | Nkg7 | Cycling
Supplementary Data 13	mouse	1867	NK	2.65373372931076e-148 | 0.418890569121928 | 0.309 | 0.135 | 5.85944407431816e-144 | Control | Bank1 | Myeloid
Supplementary Data 13	mouse	1942	NK	9.45471646132446e-99 | 0.319008511506919 | 0.805 | 0.723 | 2.08760139466044e-94 | Control | Wnk1 | Myeloid
Supplementary Data 13	mouse	2223	NK	1.20616637082277e-85 | 0.303551642526715 | 0.302 | 0.119 | 2.66321534677668e-81 | PBC | Pnkp | Myeloid
Supplementary Data 13	mouse	2241	NK	5.60923174008704e-75 | 0.417743089510955 | 0.203 | 0.058 | 1.23851836821122e-70 | PBC | Ankrd33b | Myeloid
Supplementary Data 13	mouse	2382	NK	4.00797842746362e-15 | 0.982937859705196 | 0.5 | 0.068 | 8.84961636783967e-11 | Control | Ank3 | Stellate
Supplementary Data 13	mouse	2606	NK	4.17633567112605e-09 | 0.352708363312769 | 0.657 | 0.665 | 9.22134916184632e-05 | Control | Etnk1 | Stellate
Supplementary Data 13	mouse	2653	NK	1.88514736723225e-08 | 0.329184483131951 | 0.814 | 0.851 | 0.00041624053868488 | Control | Wnk1 | Stellate
Supplementary Data 13	mouse	2787	NK	7.2400358222161e-07 | 0.343461219381229 | 0.314 | 0.124 | 0.0159859990954531 | Control | Cnksr3 | Stellate
Supplementary Data 13	mouse	2792	NK	7.54914782143085e-07 | 0.41069091224037 | 0.5 | 0.298 | 0.0166685183897193 | Control | Nkd1 | Stellate
Supplementary Data 13	mouse	2921	NK	2.78829446284254e-19 | 0.625461064400333 | 0.783 | 0.235 | 6.15655417395633e-15 | PBC | Nkain4 | Stellate
Supplementary Data 13	mouse	3591	NK	8.26961627718741e-26 | 0.329174217361651 | 0.683 | 0.548 | 1.82593127400298e-21 | PBC | Ankrd12 | T
Supplementary Data 13	mouse	3594	NK	1.56668417096328e-25 | 0.331674845217144 | 0.863 | 0.776 | 3.45923864948692e-21 | PBC | Wnk1 | T
Supplementary Data 14	mouse	265	NK	3.13991831606085e-110 | 0.417206185350152 | 0.691 | 0.494 | 6.93293964186236e-106 | Monocyte | Ankrd44
Supplementary Data 14	mouse	426	NK	0 | 0.684301205955437 | 0.495 | 0.031 | 0 | Kupffer | Bank1
Supplementary Data 14	mouse	923	NK	8.1824838621665e-138 | 0.485325497283158 | 0.248 | 0.064 | 1.80669243676636e-133 | DC | Blnk
Supplementary Data 14	mouse	1009	NK	2.79887571320447e-53 | 0.413448952141946 | 0.848 | 0.725 | 6.17991757475547e-49 | DC | Wnk1
Supplementary Data 14	mouse	1063	NK	0 | 1.43911302350851 | 0.634 | 0.031 | 0 | Neutrophils | Ankrd33b
Supplementary Data 14	mouse	1163	NK	0 | 0.723144839313684 | 0.541 | 0.166 | 0 | Neutrophils | Pnkp
Supplementary Data 14	mouse	1302	NK	4.43073051403136e-193 | 0.58300912357043 | 0.684 | 0.716 | 9.78305297498123e-189 | Neutrophils | Nktr
Supplementary Data 15	mouse	182	NK	2.37398505182371e-71 | 0.329147329754149 | 0.507 | 0.484 | 5.24175899442675e-67 | Control | Bank1 | Kupffer
Supplementary Data 15	mouse	834	NK	5.63680707094214e-23 | 0.415763554147822 | 0.522 | 0.584 | 1.24460700126402e-18 | Control | Wnk1 | Neutrophils
Supplementary Data 15	mouse	1266	NK	3.01262617184656e-28 | 0.477895079881223 | 0.578 | 0.17 | 6.6518785874372e-24 | PBC | Pnkp | Neutrophils
Supplementary Data 15	mouse	1384	NK	5.03613475383909e-12 | 0.604535959938105 | 0.709 | 0.44 | 1.11197855364767e-07 | PBC | Nktr | Neutrophils
Supplementary Data 16	mouse	9	NK	1.44620675739516e-124 | 0.92576384771038 | 0.993 | 0.692 | 3.1932245203285e-120 | Effector CD8+ T | Nkg7
Supplementary Data 16	mouse	98	NK	4.65297003051422e-110 | 0.544723531156723 | 0.966 | 0.669 | 1.02737578273754e-105 | Gzmb+ γδT | Nkg7
Supplementary Data 16	mouse	152	NK	4.21546349038804e-285 | 2.18921359565366 | 0.78 | 0.197 | 9.30774338677679e-281 | GZMC- NK | Irf8
Supplementary Data 16	mouse	153	NK	2.45052827185782e-247 | 1.86947653263845 | 0.845 | 0.244 | 5.41076642426207e-243 | GZMC- NK | Prf1
Supplementary Data 16	mouse	154	NK	3.63735037066947e-203 | 1.39848494261212 | 0.816 | 0.203 | 8.03126961843818e-199 | GZMC- NK | Il18rap
Supplementary Data 16	mouse	155	NK	2.51068014486744e-179 | 1.55711363928686 | 0.826 | 0.327 | 5.5435817598673e-175 | GZMC- NK | Tyrobp
Supplementary Data 16	mouse	156	NK	1.21678327482455e-175 | 1.62333706848315 | 0.867 | 0.219 | 2.6866574708126e-171 | GZMC- NK | Gzma
Supplementary Data 16	mouse	157	NK	1.43240783041511e-173 | 1.14843260186763 | 0.533 | 0.034 | 3.16275648955657e-169 | GZMC- NK | Itgam
Supplementary Data 16	mouse	158	NK	1.26234170887471e-156 | 1.06307927157307 | 0.349 | 0.001 | 2.78725049319537e-152 | GZMC- NK | Cma1
Supplementary Data 16	mouse	159	NK	1.38816389747976e-150 | 1.49656621124706 | 0.361 | 0.003 | 3.06506588563532e-146 | GZMC- NK | Klra8
Supplementary Data 16	mouse	160	NK	3.20594129166522e-142 | 1.13471339824947 | 0.608 | 0.075 | 7.0787183719968e-138 | GZMC- NK | Ncr1
Supplementary Data 16	mouse	161	NK	7.52819649062579e-139 | 1.05400604285464 | 0.857 | 0.504 | 1.66222578513017e-134 | GZMC- NK | Ugcg
Supplementary Data 16	mouse	162	NK	2.49347611747985e-138 | 1.19107964894735 | 0.755 | 0.175 | 5.50559526739552e-134 | GZMC- NK | Klrb1c
Supplementary Data 16	mouse	163	NK	2.01528772061093e-135 | 0.737892292540826 | 0.327 | 0.003 | 4.44975528710893e-131 | GZMC- NK | S1pr5
Supplementary Data 16	mouse	164	NK	8.85580418766741e-135 | 1.57843309227125 | 0.315 | 0.002 | 1.95536156463696e-130 | GZMC- NK | Klra4
Supplementary Data 16	mouse	165	NK	2.31580148845196e-131 | 1.10333414206371 | 0.906 | 0.605 | 5.11328968650194e-127 | GZMC- NK | Lgals1
Supplementary Data 16	mouse	166	NK	1.41050881983663e-130 | 1.11084049555713 | 0.826 | 0.322 | 3.11440347419929e-126 | GZMC- NK | Plek
Supplementary Data 16	mouse	167	NK	2.20241195886718e-130 | 1.19962582901829 | 0.862 | 0.353 | 4.86292560517874e-126 | GZMC- NK | Fcer1g
Supplementary Data 16	mouse	168	NK	1.83069727724911e-127 | 1.00289600976652 | 0.874 | 0.295 | 4.04217958816604e-123 | GZMC- NK | Klre1
Supplementary Data 16	mouse	169	NK	1.59249588738842e-126 | 0.888457069028967 | 0.998 | 0.692 | 3.51623091935362e-122 | GZMC- NK | Nkg7
Supplementary Data 16	mouse	170	NK	4.55748733937098e-114 | 0.89803099022981 | 0.891 | 0.338 | 1.00629320453311e-109 | GZMC- NK | Klrk1
Supplementary Data 16	mouse	171	NK	5.94686546721587e-113 | 1.06576878338172 | 0.429 | 0.035 | 1.31306789516126e-108 | GZMC- NK | Klri2
Supplementary Data 16	mouse	172	NK	8.67855174555519e-112 | 1.08155960488342 | 0.845 | 0.398 | 1.91622422541859e-107 | GZMC- NK | Serpinb9
Supplementary Data 16	mouse	173	NK	1.32957448011362e-105 | 0.999458821613187 | 0.332 | 0.017 | 2.93570045209087e-101 | GZMC- NK | Cx3cr1
Supplementary Data 16	mouse	174	NK	2.17010774533537e-104 | 1.07241927490731 | 0.726 | 0.273 | 4.7915979017005e-100 | GZMC- NK | Zeb2
Supplementary Data 16	mouse	175	NK	1.89551183828056e-100 | 0.974659452475717 | 0.705 | 0.196 | 4.18529013892348e-96 | GZMC- NK | Klrc2
Supplementary Data 16	mouse	176	NK	3.24036790008364e-97 | 0.913734741215696 | 0.753 | 0.346 | 7.15473232338467e-93 | GZMC- NK | Anxa2
Supplementary Data 16	mouse	177	NK	9.59072883661638e-93 | 0.727384141317782 | 0.932 | 0.743 | 2.1176329271249e-88 | GZMC- NK | H2afz
Supplementary Data 16	mouse	178	NK	1.15019036830435e-92 | 0.846457040609343 | 0.993 | 0.719 | 2.53962033321601e-88 | GZMC- NK | Ccl5
Supplementary Data 16	mouse	179	NK	6.76576289739037e-92 | 0.841931559871588 | 0.923 | 0.658 | 1.49388044774379e-87 | GZMC- NK | Itga4
Supplementary Data 16	mouse	180	NK	2.41767384969279e-91 | 0.858254877421026 | 0.525 | 0.12 | 5.33822386012169e-87 | GZMC- NK | Atp1b1
Supplementary Data 16	mouse	181	NK	1.33539897643692e-90 | 0.714274202211011 | 0.998 | 0.803 | 2.94856093997273e-86 | GZMC- NK | Ahnak
Supplementary Data 16	mouse	182	NK	7.48155466058382e-88 | 0.965381600022296 | 0.591 | 0.147 | 1.65192726905691e-83 | GZMC- NK | Eomes
Supplementary Data 16	mouse	183	NK	1.22384853184793e-86 | 0.644509812090259 | 0.324 | 0.024 | 2.70225755832023e-82 | GZMC- NK | Adamts14
Supplementary Data 16	mouse	184	NK	2.71554270841132e-86 | 0.794721307340799 | 0.879 | 0.535 | 5.99591830017221e-82 | GZMC- NK | Itgb1
Supplementary Data 16	mouse	185	NK	1.11559394160627e-84 | 0.498562443122642 | 1 | 0.994 | 2.46323142306664e-80 | GZMC- NK | Ptprc
Supplementary Data 16	mouse	186	NK	2.69870498647013e-83 | 0.784121192459284 | 0.433 | 0.074 | 5.95874061012605e-79 | GZMC- NK | Itga2
Supplementary Data 16	mouse	187	NK	1.59029227118794e-82 | 0.733692481453605 | 0.472 | 0.09 | 3.51136533478297e-78 | GZMC- NK | 1700025G04Rik
Supplementary Data 16	mouse	188	NK	3.81218854770374e-82 | 0.808848688365306 | 0.981 | 0.856 | 8.41731231332986e-78 | GZMC- NK | AW112010
Supplementary Data 16	mouse	189	NK	4.53424622411633e-80 | 0.759141208282071 | 0.351 | 0.035 | 1.00116156628489e-75 | GZMC- NK | Klrg1
Supplementary Data 16	mouse	190	NK	2.06706328981353e-79 | 0.518828812192187 | 1 | 1 | 4.56407574390827e-75 | GZMC- NK | Actb
Supplementary Data 16	mouse	191	NK	7.97468776199867e-79 | 0.703717284772165 | 0.845 | 0.388 | 1.76081105784931e-74 | GZMC- NK | Klrd1
Supplementary Data 16	mouse	192	NK	2.52519461310575e-75 | 0.890729670577113 | 0.782 | 0.384 | 5.5756297057375e-71 | GZMC- NK | Serpinb6b
Supplementary Data 16	mouse	193	NK	7.76748964140452e-75 | 0.549643399205248 | 0.278 | 0.022 | 1.71506171282212e-70 | GZMC- NK | Rap1gap2
Supplementary Data 16	mouse	194	NK	9.31512642134055e-75 | 0.747948909744588 | 0.455 | 0.12 | 2.05677991383199e-70 | GZMC- NK | Lpin1
Supplementary Data 16	mouse	195	NK	2.9620015151195e-73 | 0.914284549260468 | 0.407 | 0.064 | 6.54009934538386e-69 | GZMC- NK | Klra7
Supplementary Data 16	mouse	196	NK	7.38148348936302e-73 | 0.676811371168573 | 0.874 | 0.619 | 1.62983155445136e-68 | GZMC- NK | Itgb2
Supplementary Data 16	mouse	197	NK	4.09376201169408e-71 | 0.721702641146519 | 0.351 | 0.079 | 9.03902652182053e-67 | GZMC- NK | D1Ertd622e
Supplementary Data 16	mouse	198	NK	1.66836920337127e-68 | 1.13979655022091 | 0.358 | 0.063 | 3.68375920104377e-64 | GZMC- NK | Klra9
Supplementary Data 16	mouse	199	NK	2.5753517495325e-68 | 0.602366367422467 | 0.339 | 0.051 | 5.68637666296777e-64 | GZMC- NK | Pogk
Supplementary Data 16	mouse	200	NK	4.06521686564598e-68 | 0.72493787335173 | 0.864 | 0.606 | 8.97599883934632e-64 | GZMC- NK | Pik3r1
Supplementary Data 16	mouse	201	NK	3.45681218951927e-67 | 0.71466148005576 | 0.755 | 0.49 | 7.63264131445855e-63 | GZMC- NK | Spn
Supplementary Data 16	mouse	202	NK	4.81870028727564e-67 | 0.731371239355045 | 0.596 | 0.249 | 1.06396902343046e-62 | GZMC- NK | Tm6sf1
Supplementary Data 16	mouse	203	NK	1.53839191977296e-63 | 0.431114339501122 | 1 | 0.999 | 3.39676935885869e-59 | GZMC- NK | Tmsb4x
Supplementary Data 16	mouse	204	NK	1.06268126505155e-62 | 0.617747024420863 | 0.148 | 0 | 2.34640023323382e-58 | GZMC- NK | Serpinb9b
Supplementary Data 16	mouse	205	NK	1.37453142091714e-61 | 0.68191052436135 | 0.785 | 0.509 | 3.03496537738504e-57 | GZMC- NK | Emp3
Supplementary Data 16	mouse	206	NK	1.02998610646703e-58 | 0.648342408922456 | 0.734 | 0.414 | 2.2742093230792e-54 | GZMC- NK | Flna
Supplementary Data 16	mouse	207	NK	1.11039148528058e-58 | 0.507328602536571 | 0.937 | 0.866 | 2.45174439949953e-54 | GZMC- NK | Jak1
Supplementary Data 16	mouse	208	NK	4.11401938095459e-58 | 0.635701733555181 | 0.407 | 0.1 | 9.08375479314774e-54 | GZMC- NK | Cd9
Supplementary Data 16	mouse	209	NK	2.57291857527639e-57 | 0.635807711362529 | 0.724 | 0.384 | 5.68100421421027e-53 | GZMC- NK | Zyx
Supplementary Data 16	mouse	210	NK	3.20901436413274e-56 | 0.619576498644046 | 0.366 | 0.07 | 7.08550371600508e-52 | GZMC- NK | Klrb1a
Supplementary Data 16	mouse	211	NK	2.92542779583632e-55 | 0.633928372437449 | 0.574 | 0.197 | 6.4593445732066e-51 | GZMC- NK | Spry2
Supplementary Data 16	mouse	212	NK	1.34334273904657e-54 | 0.636267108671489 | 0.489 | 0.174 | 2.96610076781483e-50 | GZMC- NK | Arsb
Supplementary Data 16	mouse	213	NK	4.27729665352122e-53 | 0.565185185524119 | 0.896 | 0.771 | 9.44427101097485e-49 | GZMC- NK | Rap1b
Supplementary Data 16	mouse	214	NK	5.67328536247449e-51 | 0.830650459946128 | 0.373 | 0.09 | 1.25266140803437e-46 | GZMC- NK | Car2
Supplementary Data 16	mouse	215	NK	8.29444642654972e-51 | 0.617669971162026 | 0.683 | 0.328 | 1.83141377098218e-46 | GZMC- NK | Chsy1
Supplementary Data 16	mouse	216	NK	1.22249914772942e-49 | 0.724377716323318 | 0.368 | 0.082 | 2.69927811818656e-45 | GZMC- NK | Klrb1b
Supplementary Data 16	mouse	217	NK	1.77176999502622e-49 | 0.605547970072229 | 0.717 | 0.391 | 3.9120681490179e-45 | GZMC- NK | 2024-09-11 00:00:00
Supplementary Data 16	mouse	218	NK	1.97923262358936e-49 | 0.570714219754255 | 0.45 | 0.162 | 4.3701456328853e-45 | GZMC- NK | Hsd11b1
Supplementary Data 16	mouse	219	NK	4.63061799067335e-49 | 0.60650491597915 | 0.489 | 0.185 | 1.02244045234067e-44 | GZMC- NK | Pde2a
Supplementary Data 16	mouse	220	NK	1.09988017068484e-48 | 0.445532346766732 | 0.194 | 0.019 | 2.42853541687212e-44 | GZMC- NK | As3mt
Supplementary Data 16	mouse	221	NK	1.65686813013867e-44 | 0.449518277252047 | 0.23 | 0.035 | 3.65836483134619e-40 | GZMC- NK | Borcs7
Supplementary Data 16	mouse	222	NK	1.82774152462432e-44 | 0.472390785550621 | 0.169 | 0.019 | 4.0356532863705e-40 | GZMC- NK | Kcnj8
Supplementary Data 16	mouse	223	NK	2.36296524676174e-44 | 0.51809277883834 | 0.903 | 0.699 | 5.21742726484991e-40 | GZMC- NK | Il2rb
Supplementary Data 16	mouse	224	NK	2.81377537401071e-44 | 0.491684653118285 | 0.947 | 0.812 | 6.21281602581564e-40 | GZMC- NK | Ifngr1
Supplementary Data 16	mouse	225	NK	8.49597806829049e-44 | 0.402945447407162 | 0.196 | 0.021 | 1.87591195747854e-39 | GZMC- NK | Car5b
Supplementary Data 16	mouse	226	NK	2.28538275043353e-43 | 0.443594888233628 | 0.956 | 0.8 | 5.04612511295724e-39 | GZMC- NK | S100a10
Supplementary Data 16	mouse	227	NK	3.06533722521959e-43 | 0.519675088137045 | 0.683 | 0.452 | 6.76826459328486e-39 | GZMC- NK | Ywhaq
Supplementary Data 16	mouse	228	NK	3.22961159999022e-43 | 0.555503917166536 | 0.634 | 0.306 | 7.1309824127784e-39 | GZMC- NK | Sytl3
Supplementary Data 16	mouse	229	NK	7.24208234827796e-41 | 0.465338090447042 | 0.295 | 0.066 | 1.59905178249977e-36 | GZMC- NK | Syk
Supplementary Data 16	mouse	230	NK	8.48838897475819e-41 | 0.528174069839773 | 0.542 | 0.353 | 1.87423628562661e-36 | GZMC- NK | Pycard
Supplementary Data 16	mouse	231	NK	3.80277642990555e-40 | 0.501877073294985 | 0.69 | 0.399 | 8.39653035723144e-36 | GZMC- NK | Reep5
Supplementary Data 16	mouse	232	NK	3.43023796942047e-38 | 0.419611274135814 | 0.908 | 0.823 | 7.57396543648039e-34 | GZMC- NK | Tln1
Supplementary Data 16	mouse	233	NK	3.76241882487549e-38 | 0.656128892466113 | 0.523 | 0.239 | 8.30742076532509e-34 | GZMC- NK | Sell
Supplementary Data 16	mouse	234	NK	1.32434371441777e-37 | 0.498914536390636 | 0.392 | 0.151 | 2.92415092143443e-33 | GZMC- NK | Gramd4
Supplementary Data 16	mouse	235	NK	4.85354863525725e-37 | 0.508517682569816 | 0.811 | 0.608 | 1.0716635386648e-32 | GZMC- NK | Tpm4
Supplementary Data 16	mouse	236	NK	6.58388176788222e-37 | 0.506986838052874 | 0.831 | 0.567 | 1.45372109434839e-32 | GZMC- NK | Txk
Supplementary Data 16	mouse	237	NK	1.40748470203933e-35 | 0.581308329893192 | 0.191 | 0.028 | 3.10772622210283e-31 | GZMC- NK | Klra3
Supplementary Data 16	mouse	238	NK	9.03061081458393e-35 | 0.584260270812718 | 0.39 | 0.196 | 1.99395886786013e-30 | GZMC- NK | Sgk1
Supplementary Data 16	mouse	239	NK	1.00919631479385e-34 | 0.449324783210022 | 0.274 | 0.066 | 2.22830546306482e-30 | GZMC- NK | Rbpms
Supplementary Data 16	mouse	240	NK	2.99038353466727e-34 | 0.422831716254207 | 0.862 | 0.699 | 6.60276684454533e-30 | GZMC- NK | Ctsd
Supplementary Data 16	mouse	241	NK	4.43925559958633e-34 | 0.410042278173512 | 0.874 | 0.762 | 9.80187636388662e-30 | GZMC- NK | Cyba
Supplementary Data 16	mouse	242	NK	9.08090311899781e-34 | 0.53470741695055 | 0.564 | 0.284 | 2.00506340867472e-29 | GZMC- NK | Gm2682
Supplementary Data 16	mouse	243	NK	2.94864900521293e-33 | 0.4441364066824 | 0.303 | 0.095 | 6.51061700351016e-29 | GZMC- NK | Gsap
Supplementary Data 16	mouse	244	NK	3.34269901757088e-33 | 0.600793081584509 | 0.354 | 0.11 | 7.38067943079649e-29 | GZMC- NK | Klrc1
Supplementary Data 16	mouse	245	NK	9.32899876631199e-33 | 0.509552507726778 | 0.533 | 0.305 | 2.05984292760169e-28 | GZMC- NK | Arhgef18
Supplementary Data 16	mouse	246	IL12RB2	2.01010496467435e-32 | 0.49455087543339 | 0.375 | 0.137 | 4.43831176200097e-28 | GZMC- NK | Il12rb2
Supplementary Data 16	mouse	246	NK	2.01010496467435e-32 | 0.49455087543339 | 0.375 | 0.137 | 4.43831176200097e-28 | GZMC- NK | Il12rb2
Supplementary Data 16	mouse	247	NK	2.36675582383527e-32 | 0.488606479679396 | 0.673 | 0.403 | 5.22579685902828e-28 | GZMC- NK | Peak1
Supplementary Data 16	mouse	248	NK	6.09789606591303e-32 | 0.421698369995321 | 0.818 | 0.647 | 1.3464154513536e-27 | GZMC- NK | Calm2
Supplementary Data 16	mouse	249	NK	8.4332228244618e-32 | 0.450968010395255 | 0.768 | 0.538 | 1.86205559964117e-27 | GZMC- NK | Ccnd3
Supplementary Data 16	mouse	250	NK	1.36724143749908e-31 | 0.56581249291187 | 0.7 | 0.402 | 3.01886909399796e-27 | GZMC- NK | Ccl4
Supplementary Data 16	mouse	251	NK	1.84637983194075e-31 | 0.437815473075612 | 0.242 | 0.064 | 4.07680666892518e-27 | GZMC- NK | Rap2a
Supplementary Data 16	mouse	252	NK	6.45278468562611e-31 | 0.438083756341428 | 0.31 | 0.097 | 1.42477485858624e-26 | GZMC- NK | Samd3
Supplementary Data 16	mouse	253	NK	9.16761013535172e-31 | 0.539013339569684 | 0.404 | 0.167 | 2.02420831788566e-26 | GZMC- NK | Camk2n1
Supplementary Data 16	mouse	254	NK	1.43646165674548e-30 | 0.44715905938445 | 0.695 | 0.433 | 3.17170733809401e-26 | GZMC- NK | Efhd2
Supplementary Data 16	mouse	255	NK	1.81686663394364e-29 | 0.753934548297246 | 0.443 | 0.196 | 4.01164152774756e-25 | GZMC- NK | Ccl3
Supplementary Data 16	mouse	256	NK	2.50015834799424e-29 | 0.810386676242177 | 0.441 | 0.207 | 5.52034963237129e-25 | GZMC- NK | Ly6c2
Supplementary Data 16	mouse	257	NK	1.92716343060326e-28 | 0.453482881144935 | 0.45 | 0.215 | 4.255176854772e-24 | GZMC- NK | Rasa3
Supplementary Data 16	mouse	258	NK	2.49014569052933e-28 | 0.484070529872914 | 0.666 | 0.471 | 5.49824168468877e-24 | GZMC- NK | D16Ertd472e
Supplementary Data 16	mouse	259	NK	7.37868006367823e-28 | 0.602642691793422 | 0.831 | 0.649 | 1.62921255806015e-23 | GZMC- NK | Klf2
Supplementary Data 16	mouse	260	NK	1.06583997990811e-27 | 0.433390211223947 | 0.368 | 0.136 | 2.3533746756371e-23 | GZMC- NK | Klrb1f
Supplementary Data 16	mouse	261	NK	1.1525445909941e-27 | 0.418521394606056 | 0.763 | 0.552 | 2.54481845691497e-23 | GZMC- NK | Tagln2
Supplementary Data 16	mouse	262	NK	1.52584685307718e-27 | 0.46932742219123 | 0.45 | 0.205 | 3.36906985159441e-23 | GZMC- NK | Tbx21
Supplementary Data 16	mouse	263	NK	1.53172236667092e-27 | 0.439616880476462 | 0.387 | 0.151 | 3.38204298560939e-23 | GZMC- NK | Metrnl
Supplementary Data 16	mouse	264	NK	1.9059394203156e-27 | 0.442047740375493 | 0.172 | 0.032 | 4.20831424005685e-23 | GZMC- NK | Vegfa
Supplementary Data 16	mouse	265	NK	2.01418113032351e-27 | 0.50147664040774 | 0.801 | 0.655 | 4.44731193575432e-23 | GZMC- NK | Neat1
Supplementary Data 16	mouse	266	NK	3.17050608655168e-27 | 0.432784021391425 | 0.32 | 0.125 | 7.00047743910612e-23 | GZMC- NK | Mirt1
Supplementary Data 16	mouse	267	NK	1.08885255211249e-26 | 0.431882324278986 | 0.351 | 0.153 | 2.40418643506439e-22 | GZMC- NK | Mosmo
Supplementary Data 16	mouse	268	NK	1.1831337082869e-26 | 0.447606110620424 | 0.462 | 0.25 | 2.61235922789747e-22 | GZMC- NK | AI506816
Supplementary Data 16	mouse	269	NK	1.92819148696509e-26 | 0.445847489306368 | 0.337 | 0.119 | 4.25744680321891e-22 | GZMC- NK | Itgax
Supplementary Data 16	mouse	270	NK	7.06462239684915e-26 | 0.443215250648133 | 0.489 | 0.26 | 1.55986862522429e-21 | GZMC- NK | Dok2
Supplementary Data 16	mouse	271	NK	7.45461645497521e-26 | 0.401373049472825 | 0.751 | 0.555 | 1.64597931325853e-21 | GZMC- NK | Sptbn1
Supplementary Data 16	mouse	272	NK	8.02642185042123e-25 | 0.4380801482208 | 0.617 | 0.415 | 1.77223394457301e-20 | GZMC- NK | Plec
Supplementary Data 16	mouse	273	NK	8.2951517610465e-25 | 0.400436598715437 | 0.69 | 0.48 | 1.83156950883907e-20 | GZMC- NK | Bin2
Supplementary Data 16	mouse	274	NK	3.96460528585534e-23 | 0.637045125187189 | 0.155 | 0.032 | 8.7538484711686e-19 | GZMC- NK | Klra1
Supplementary Data 16	mouse	275	NK	8.83573651795823e-23 | 0.42131197181234 | 0.567 | 0.346 | 1.95093062316518e-18 | GZMC- NK | Zmiz1
Supplementary Data 16	mouse	276	NK	9.66493508404475e-23 | 0.560441730504358 | 0.494 | 0.344 | 2.13401766655708e-18 | GZMC- NK | Icam1
Supplementary Data 16	mouse	277	NK	4.28440522246504e-22 | 0.403219687339838 | 0.351 | 0.153 | 9.45996673120281e-18 | GZMC- NK | Xdh
Supplementary Data 16	mouse	278	NK	8.10918413208651e-21 | 0.400151163110094 | 0.789 | 0.632 | 1.7905078563647e-16 | GZMC- NK | Vim
Supplementary Data 16	mouse	279	NK	3.46811485898102e-19 | 0.450280365865666 | 0.722 | 0.516 | 7.65759760863009e-15 | GZMC- NK | Hist1h1e
Supplementary Data 16	mouse	280	NK	2.57172960842997e-17 | 0.56014550741724 | 0.712 | 0.628 | 5.67837897541338e-13 | GZMC- NK | Alb
Supplementary Data 16	mouse	281	NK	5.66631627254207e-17 | 0.451074271341913 | 0.709 | 0.547 | 1.25112263297729e-12 | GZMC- NK | Nr4a1
Supplementary Data 16	mouse	282	NK	8.31342473220973e-216 | 1.72720921784291 | 0.875 | 0.061 | 1.83560418087191e-211 | GZMC+ NK | Klrb1b
Supplementary Data 16	mouse	283	NK	2.20436194988054e-162 | 1.50600146665891 | 0.992 | 0.363 | 4.86723118533622e-158 | GZMC+ NK | Fcer1g
Supplementary Data 16	mouse	284	NK	7.90826936706354e-157 | 1.32880812615881 | 0.811 | 0.1 | 1.74614587624763e-152 | GZMC+ NK | Gm36723
Supplementary Data 16	mouse	285	NK	1.13081353036746e-150 | 1.62133524998765 | 0.943 | 0.337 | 2.49683627505135e-146 | GZMC+ NK | Tyrobp
Supplementary Data 16	mouse	286	NK	7.23480292754863e-148 | 1.17656304655749 | 0.781 | 0.083 | 1.59744448640274e-143 | GZMC+ NK | Ncr1
Supplementary Data 16	mouse	287	NK	5.13610991345697e-141 | 1.89754773139679 | 0.921 | 0.26 | 1.1340530688913e-136 | GZMC+ NK | Xcl1
Supplementary Data 16	mouse	288	NK	1.70824205913252e-119 | 2.52146502261654 | 0.449 | 0.014 | 3.7717984665646e-115 | GZMC+ NK | Gzmc
Supplementary Data 16	mouse	289	NK	2.56970389426388e-119 | 1.15723588001422 | 0.872 | 0.188 | 5.67390619853465e-115 | GZMC+ NK | Klrb1c
Supplementary Data 16	mouse	290	NK	1.26323432255507e-98 | 0.863577604556134 | 0.996 | 0.7 | 2.7892213842016e-94 | GZMC+ NK | Il2rb
Supplementary Data 16	mouse	291	NK	1.35544278537432e-89 | 0.869234321816756 | 0.947 | 0.353 | 2.99281767010649e-85 | GZMC+ NK | Klrk1
Supplementary Data 16	mouse	292	NK	5.19782966850738e-85 | 1.04335276578205 | 0.592 | 0.086 | 1.14768079080643e-80 | GZMC+ NK | Car2
Supplementary Data 16	mouse	293	NK	1.63509772059349e-79 | 0.807477994458934 | 0.536 | 0.069 | 3.61029576707042e-75 | GZMC+ NK | Klrb1a
Supplementary Data 16	mouse	294	NK	2.67337837533513e-76 | 1.00524373068397 | 0.913 | 0.419 | 5.90281945273996e-72 | GZMC+ NK | Fgl2
Supplementary Data 16	mouse	295	NK	2.21529848517536e-75 | 0.796760171411747 | 0.94 | 0.56 | 4.8913790552672e-71 | GZMC+ NK | Ctsw
Supplementary Data 16	mouse	296	NK	3.71276072659414e-75 | 0.981214490462324 | 0.94 | 0.453 | 8.19777568431986e-71 | GZMC+ NK | Cd7
Supplementary Data 16	mouse	297	NK	4.03814951301097e-72 | 0.848616630657825 | 0.468 | 0.057 | 8.91623412472822e-68 | GZMC+ NK | Cited4
Supplementary Data 16	mouse	298	NK	6.38224123693445e-67 | 0.651992934155346 | 0.992 | 0.891 | 1.40919886511513e-62 | GZMC+ NK | Sh3bgrl3
Supplementary Data 16	mouse	299	NK	1.65156605495629e-63 | 0.673441219407227 | 0.551 | 0.105 | 3.64665784934348e-59 | GZMC+ NK | Sulf2
Supplementary Data 16	mouse	300	NK	3.1161734068e-63 | 0.795162636029759 | 0.562 | 0.113 | 6.88051088221441e-59 | GZMC+ NK | Itgax
Supplementary Data 16	mouse	301	NK	1.7702376096425e-60 | 0.709647788904325 | 0.706 | 0.213 | 3.90868464209065e-56 | GZMC+ NK | Klrc2
Supplementary Data 16	mouse	302	NK	9.42521573567419e-59 | 0.667668288442959 | 0.577 | 0.131 | 2.08108763443686e-54 | GZMC+ NK | Klrb1f
Supplementary Data 16	mouse	303	NK	4.56902443990734e-58 | 0.696373114125739 | 0.683 | 0.204 | 1.00884059633154e-53 | GZMC+ NK | Spry2
Supplementary Data 16	mouse	304	NK	1.66184817555866e-56 | 0.674317317402655 | 0.645 | 0.181 | 3.66936077163351e-52 | GZMC+ NK | Cd244a
Supplementary Data 16	mouse	305	NK	1.41683992391298e-55 | 0.835380134797182 | 0.879 | 0.424 | 3.12838255199986e-51 | GZMC+ NK | S100a4
Supplementary Data 16	mouse	306	NK	1.60564734838875e-55 | 0.871726171636645 | 0.97 | 0.758 | 3.54526934524235e-51 | GZMC+ NK | Rgs1
Supplementary Data 16	mouse	307	NK	8.87047669088875e-55 | 0.844887677447316 | 0.543 | 0.126 | 1.95860125334824e-50 | GZMC+ NK | Tmem176b
Supplementary Data 16	mouse	308	NK	7.01632930632648e-54 | 0.710164820131833 | 0.46 | 0.082 | 1.54920551083689e-49 | GZMC+ NK | Sema6d
Supplementary Data 16	mouse	309	NK	1.11163501100854e-53 | 0.887060828062794 | 0.823 | 0.395 | 2.45449010430685e-49 | GZMC+ NK | Serpinb6b
Supplementary Data 16	mouse	310	NK	4.88562231001264e-53 | 0.510143767372237 | 0.302 | 0.024 | 1.07874540605079e-48 | GZMC+ NK | Scn1b
Supplementary Data 16	mouse	311	NK	7.83909093363853e-53 | 0.738866777232657 | 0.853 | 0.403 | 1.73087127814739e-48 | GZMC+ NK | Klrd1
Supplementary Data 16	mouse	312	NK	2.94380117621798e-52 | 0.830553909663219 | 0.819 | 0.377 | 6.4999129970893e-48 | GZMC+ NK | Ccr5
Supplementary Data 16	mouse	313	NK	5.5916578033226e-52 | 0.863107865916314 | 0.845 | 0.413 | 1.23463804297363e-47 | GZMC+ NK | Serpinb9
Supplementary Data 16	mouse	314	NK	1.20720100616873e-49 | 0.421460820762524 | 0.192 | 0.004 | 2.66549982162055e-45 | GZMC+ NK | Zmat4
Supplementary Data 16	mouse	315	NK	2.1899626759345e-48 | 0.686858402407952 | 0.883 | 0.514 | 4.83543758846339e-44 | GZMC+ NK | Ugcg
Supplementary Data 16	mouse	316	NK	4.63341773048572e-48 | 0.718457465931459 | 0.396 | 0.063 | 1.02305863489125e-43 | GZMC+ NK | Styk1
Supplementary Data 16	mouse	317	NK	1.45341926818891e-47 | 0.58262814404812 | 0.596 | 0.176 | 3.20914974416111e-43 | GZMC+ NK | Ern1
Supplementary Data 16	mouse	318	NK	1.64085866450858e-47 | 1.20961019208094 | 0.796 | 0.404 | 3.62301593123495e-43 | GZMC+ NK | Gzmb
Supplementary Data 16	mouse	319	NK	5.14366370831859e-47 | 0.94067554783031 | 0.472 | 0.111 | 1.13572094679675e-42 | GZMC+ NK | Klrc1
Supplementary Data 16	mouse	320	NK	5.56626033243645e-47 | 0.854493466644833 | 0.645 | 0.223 | 1.22903028140197e-42 | GZMC+ NK | Gem
Supplementary Data 16	mouse	321	NK	6.04576008420815e-47 | 0.643286606149845 | 0.717 | 0.272 | 1.33490382659316e-42 | GZMC+ NK | Prf1
Supplementary Data 16	mouse	322	NK	8.93152237587078e-45 | 0.509181112523019 | 0.528 | 0.147 | 1.97208014059227e-40 | GZMC+ NK | 2900026A02Rik
Supplementary Data 16	mouse	323	NK	9.88914644459129e-45 | 0.531879938903241 | 0.755 | 0.322 | 2.18352353496576e-40 | GZMC+ NK | Klre1
Supplementary Data 16	mouse	324	NK	6.14853143107898e-44 | 0.639596786759962 | 0.702 | 0.271 | 1.35759573998224e-39 | GZMC+ NK | Cd160
Supplementary Data 16	mouse	325	NK	7.27834996668415e-44 | 1.16561966260328 | 0.789 | 0.407 | 1.60705967264386e-39 | GZMC+ NK | Ccl4
Supplementary Data 16	mouse	326	NK	3.58379552842055e-42 | 0.884777987003351 | 0.902 | 0.59 | 7.91302052675258e-38 | GZMC+ NK | S100a6
Supplementary Data 16	mouse	327	NK	6.65325908720336e-42 | 0.598829967363046 | 0.279 | 0.033 | 1.4690396064545e-37 | GZMC+ NK | Kit
Supplementary Data 16	mouse	328	NK	1.17853093862501e-41 | 0.508844662547637 | 0.419 | 0.088 | 2.60219631248403e-37 | GZMC+ NK | Napsa
Supplementary Data 16	mouse	329	NK	2.55083513955876e-41 | 0.672416448579118 | 0.445 | 0.102 | 5.63224398814575e-37 | GZMC+ NK | Tmem176a
Supplementary Data 16	mouse	330	NK	3.85867036232274e-39 | 0.420164281821071 | 0.268 | 0.031 | 8.5199441600086e-35 | GZMC+ NK | Eef2k
Supplementary Data 16	mouse	331	NK	5.05742913227936e-39 | 0.44567728663286 | 0.619 | 0.226 | 1.11668035240728e-34 | GZMC+ NK | Irf8
Supplementary Data 16	mouse	332	NK	2.86296153910484e-38 | 0.476079129177037 | 0.404 | 0.089 | 6.32141907834349e-34 | GZMC+ NK | Plcg2
Supplementary Data 16	mouse	333	NK	6.41328708495029e-38 | 0.635561105080574 | 0.672 | 0.273 | 1.41605378835702e-33 | GZMC+ NK | Itga1
Supplementary Data 16	mouse	334	NK	7.26628546327722e-38 | 0.501276072248469 | 0.6 | 0.215 | 1.60439583029161e-33 | GZMC+ NK | Padi2
Supplementary Data 16	mouse	335	NK	4.88343686657931e-37 | 0.526094815968291 | 0.755 | 0.367 | 1.07826286014071e-32 | GZMC+ NK | Evl
Supplementary Data 16	mouse	336	NK	6.47174801855938e-37 | 0.520018468627717 | 0.909 | 0.571 | 1.42896196249791e-32 | GZMC+ NK | Txk
Supplementary Data 16	mouse	337	NK	1.00901355064638e-36 | 0.502994866038199 | 0.992 | 0.86 | 2.22790191982721e-32 | GZMC+ NK | AW112010
Supplementary Data 16	mouse	338	NK	3.41175069376863e-36 | 0.603574411921034 | 0.925 | 0.663 | 7.53314553184114e-32 | GZMC+ NK | Neurl3
Supplementary Data 16	mouse	339	NK	3.93492779606966e-36 | 0.464940700083019 | 0.34 | 0.063 | 8.68832057372181e-32 | GZMC+ NK | Gas7
Supplementary Data 16	mouse	340	NK	6.35893869580392e-36 | 0.516525910745294 | 0.732 | 0.337 | 1.4040536640335e-31 | GZMC+ NK | Chsy1
Supplementary Data 16	mouse	341	NK	1.54460260810223e-35 | 0.803414206161383 | 0.268 | 0.038 | 3.41048255868972e-31 | GZMC+ NK | Nrgn
Supplementary Data 16	mouse	342	NK	1.96856102516276e-35 | 0.443444053829059 | 0.313 | 0.053 | 4.34658274355937e-31 | GZMC+ NK | Clnk
Supplementary Data 16	mouse	343	NK	2.48439751841704e-35 | 0.534932004615907 | 0.906 | 0.702 | 5.48554972066481e-31 | GZMC+ NK | Ctsd
Supplementary Data 16	mouse	344	NK	3.81681837416827e-35 | 0.441697941539585 | 0.989 | 0.903 | 8.42753497016353e-31 | GZMC+ NK | Ly6e
Supplementary Data 16	mouse	345	NK	5.52884619260601e-35 | 0.400120959921127 | 0.287 | 0.043 | 1.22076923932741e-30 | GZMC+ NK | Cxxc5
Supplementary Data 16	mouse	346	NK	7.47248032728869e-34 | 0.554036095533937 | 0.792 | 0.436 | 1.64992365626534e-29 | GZMC+ NK | Efhd2
Supplementary Data 16	mouse	347	NK	1.08525743799842e-33 | 0.444765755922706 | 1 | 0.954 | 2.3962484231005e-29 | GZMC+ NK | Cd52
Supplementary Data 16	mouse	348	NK	2.02137539047292e-33 | 0.535401544375811 | 0.358 | 0.079 | 4.46319686216422e-29 | GZMC+ NK | Ppp1r3b
Supplementary Data 16	mouse	349	NK	2.71227309671251e-33 | 0.587474125274967 | 0.891 | 0.598 | 5.98869899754122e-29 | GZMC+ NK | Mxd1
Supplementary Data 16	mouse	350	NK	3.48796959163114e-33 | 0.418981034299302 | 0.362 | 0.082 | 7.70143685832155e-29 | GZMC+ NK | Apobr
Supplementary Data 16	mouse	351	NK	3.94213380838404e-32 | 0.456807523774696 | 0.736 | 0.361 | 8.70423144891196e-28 | GZMC+ NK | Anxa2
Supplementary Data 16	mouse	352	NK	4.46544142585067e-32 | 0.666151734453737 | 0.913 | 0.686 | 9.85969466827829e-28 | GZMC+ NK | Rgs2
Supplementary Data 16	mouse	353	NK	1.17689486688429e-31 | 0.523693659672448 | 0.6 | 0.243 | 2.5985838660805e-27 | GZMC+ NK | Tnfsf10
Supplementary Data 16	mouse	354	NK	4.75512515916615e-31 | 0.407170433269375 | 0.26 | 0.04 | 1.04993163514388e-26 | GZMC+ NK | C1qtnf6
Supplementary Data 16	mouse	355	NK	8.17415567874691e-31 | 0.502788124234909 | 0.46 | 0.145 | 1.80485357386732e-26 | GZMC+ NK | Ckb
Supplementary Data 16	mouse	356	NK	8.48320486051231e-31 | 0.538100565124021 | 0.615 | 0.26 | 1.87309163320112e-26 | GZMC+ NK | Slamf7
Supplementary Data 16	mouse	357	NK	8.53388203145738e-31 | 0.401493140026582 | 0.932 | 0.617 | 1.88428115254579e-26 | GZMC+ NK | Bhlhe40
Supplementary Data 16	mouse	358	NK	1.18256333145002e-30 | 0.544267451563339 | 0.774 | 0.414 | 2.61109983584164e-26 | GZMC+ NK | Serpina3g
Supplementary Data 16	mouse	359	NK	1.27803282872324e-30 | 0.489409982678809 | 0.645 | 0.289 | 2.82189648582092e-26 | GZMC+ NK | Itm2c
Supplementary Data 16	mouse	360	NK	9.16209560093099e-30 | 0.515449519762276 | 0.702 | 0.346 | 2.02299070868556e-25 | GZMC+ NK | Ptms
Supplementary Data 16	mouse	361	NK	2.39952444980493e-29 | 0.440442615088265 | 0.608 | 0.26 | 5.29814998516929e-25 | GZMC+ NK | Dok2
Supplementary Data 16	mouse	362	NK	2.75918644529486e-29 | 0.479165609414775 | 0.419 | 0.125 | 6.09228367121104e-25 | GZMC+ NK | Myo1e
Supplementary Data 16	mouse	363	NK	3.40509494309097e-29 | 0.490645000811895 | 0.819 | 0.524 | 7.51844963434486e-25 | GZMC+ NK | Tab2
Supplementary Data 16	mouse	364	NK	6.44562253228128e-29 | 0.534431927883668 | 0.853 | 0.543 | 1.42319345512771e-24 | GZMC+ NK | St8sia4
Supplementary Data 16	mouse	365	NK	6.84588877802435e-29 | 0.512763910898523 | 0.683 | 0.352 | 1.51157224218778e-24 | GZMC+ NK | Os9
Supplementary Data 16	mouse	366	NK	7.39241475859313e-29 | 0.552947239140019 | 0.449 | 0.146 | 1.63224517869736e-24 | GZMC+ NK | Tcrg-C4
Supplementary Data 16	mouse	367	NK	1.19495279974346e-28 | 0.518183345854852 | 0.313 | 0.068 | 2.63845578183355e-24 | GZMC+ NK | Osgin1
Supplementary Data 16	mouse	368	NK	9.43944677013401e-28 | 0.511163965503166 | 0.762 | 0.427 | 2.08422984684559e-23 | GZMC+ NK | Cd226
Supplementary Data 16	mouse	369	NK	2.52233463244984e-27 | 0.513758700027919 | 0.608 | 0.278 | 5.56931486844925e-23 | GZMC+ NK | Pglyrp1
Supplementary Data 16	mouse	370	NK	3.10880036018077e-27 | 0.401824827613204 | 0.43 | 0.142 | 6.86423119527913e-23 | GZMC+ NK | Lat2
Supplementary Data 16	mouse	371	NK	3.26998729808597e-27 | 0.508884826583904 | 0.585 | 0.262 | 7.22013195417381e-23 | GZMC+ NK | Nedd4
Supplementary Data 16	mouse	372	NK	4.99747005818227e-27 | 0.462897255312681 | 0.46 | 0.16 | 1.10344138884664e-22 | GZMC+ NK | Trip4
Supplementary Data 16	mouse	373	NK	4.16362714300418e-26 | 0.453571952593748 | 0.46 | 0.166 | 9.19328873175323e-22 | GZMC+ NK | Rnf130
Supplementary Data 16	mouse	374	NK	2.50228482695e-25 | 0.437763127468784 | 0.517 | 0.209 | 5.52504489790561e-21 | GZMC+ NK | Tbx21
Supplementary Data 16	mouse	375	NK	1.25409268760734e-24 | 0.499695416714185 | 0.521 | 0.22 | 2.769036654237e-20 | GZMC+ NK | Coro2a
Supplementary Data 16	mouse	376	NK	2.37374800176399e-24 | 0.458528913362062 | 0.392 | 0.127 | 5.24123558789489e-20 | GZMC+ NK | Ahr
Supplementary Data 16	mouse	377	NK	4.99225699328304e-24 | 0.418318188663206 | 0.849 | 0.565 | 1.10229034411689e-19 | GZMC+ NK | Gpx4
Supplementary Data 16	mouse	378	NK	6.61898810418894e-24 | 0.413069277843802 | 0.411 | 0.141 | 1.46147257340492e-19 | GZMC+ NK | Mgat4a
Supplementary Data 16	mouse	379	NK	1.48721360313625e-23 | 0.462856759937275 | 0.396 | 0.137 | 3.28376763572484e-19 | GZMC+ NK | Hvcn1
Supplementary Data 16	mouse	380	NK	1.77232577798115e-22 | 0.422842565643005 | 0.592 | 0.287 | 3.91329531778238e-18 | GZMC+ NK | Litaf
Supplementary Data 16	mouse	381	NK	8.94740965983749e-22 | 0.472295108941266 | 0.268 | 0.065 | 1.97558805289212e-17 | GZMC+ NK | Gcnt2
Supplementary Data 16	mouse	382	NK	1.05997034649952e-21 | 0.429584701194531 | 0.657 | 0.35 | 2.34041452507095e-17 | GZMC+ NK | Plek
Supplementary Data 16	mouse	383	NK	1.12940500369721e-21 | 0.419533244734939 | 0.536 | 0.246 | 2.49372624816345e-17 | GZMC+ NK | Rin3
Supplementary Data 16	mouse	384	NK	2.60848014444287e-21 | 0.40885198347781 | 0.438 | 0.173 | 5.75952415892986e-17 | GZMC+ NK | Cd200r1
Supplementary Data 16	mouse	385	NK	2.8102284005998e-21 | 0.439771326093292 | 0.879 | 0.654 | 6.20498430852436e-17 | GZMC+ NK | Nabp1
Supplementary Data 16	mouse	386	NK	1.69792771489027e-20 | 0.46123671126312 | 0.653 | 0.361 | 3.74902439447772e-16 | GZMC+ NK | Kctd12
Supplementary Data 16	mouse	387	NK	1.78464812536491e-20 | 0.492351058472233 | 0.245 | 0.059 | 3.94050306080571e-16 | GZMC+ NK | Klri2
Supplementary Data 16	mouse	388	NK	2.82532970692095e-20 | 0.464939373593661 | 0.555 | 0.281 | 6.23832799288145e-16 | GZMC+ NK | Pag1
Supplementary Data 16	mouse	389	NK	6.12132401367911e-20 | 0.405381907926039 | 0.343 | 0.114 | 1.35158834222035e-15 | GZMC+ NK | Cd9
Supplementary Data 16	mouse	390	NK	7.16800656095569e-20 | 0.44061268798124 | 0.46 | 0.199 | 1.58269584865902e-15 | GZMC+ NK | Snhg5
Supplementary Data 16	mouse	391	NK	7.27749284112648e-20 | 0.405270117796233 | 0.86 | 0.615 | 1.60687041932073e-15 | GZMC+ NK | Pik3r1
Supplementary Data 16	mouse	392	NK	1.40212472526931e-19 | 0.420469108679099 | 0.325 | 0.105 | 3.09589139339464e-15 | GZMC+ NK | Myo6
Supplementary Data 16	mouse	393	NK	4.06786799566188e-19 | 0.460376837199991 | 0.755 | 0.486 | 8.98185253442144e-15 | GZMC+ NK | Cebpb
Supplementary Data 16	mouse	394	NK	4.30789899148815e-19 | 0.419006719301448 | 0.445 | 0.189 | 9.51184097320583e-15 | GZMC+ NK | Pecam1
Supplementary Data 16	mouse	395	NK	7.09890943178492e-19 | 0.456569900261372 | 0.577 | 0.332 | 1.56743920253811e-14 | GZMC+ NK | Sppl2a
Supplementary Data 16	mouse	396	NK	1.39047764987559e-17 | 0.651131506938881 | 0.453 | 0.204 | 3.0701746509253e-13 | GZMC+ NK | Ccl3
Supplementary Data 16	mouse	397	NK	9.2439546179551e-17 | 0.457873008760739 | 0.423 | 0.188 | 2.04106517964449e-12 | GZMC+ NK | Hilpda
Supplementary Data 16	mouse	398	NK	1.68003143423827e-14 | 0.631804772964602 | 0.649 | 0.529 | 3.70950940679811e-10 | GZMC+ NK | Cd74
Supplementary Data 16	mouse	399	NK	1.93369101842316e-11 | 0.419897787704401 | 0.377 | 0.187 | 4.26958976867833e-07 | GZMC+ NK | Ccr2
Supplementary Data 16	mouse	400	NK	2.98571824101259e-07 | 0.407559734848412 | 0.192 | 0.083 | 0.0065924658761558 | GZMC+ NK | Klra9
Supplementary Data 16	mouse	422	NK	2.23560561358315e-36 | 0.409686950104297 | 0.221 | 0.001 | 4.9362171947916e-32 | Il17a+ γδT | Kcnk1
Supplementary Data 16	mouse	1128	NK	5.31136448475482e-38 | 0.658642597432065 | 0.62 | 0.271 | 1.17274927823387e-33 | Treg | Tank
Supplementary Data 16	mouse	1146	NK	6.07707492900835e-33 | 1.30993187147546 | 0.164 | 0.013 | 1.34181814432504e-28 | Treg | Penk
Supplementary Data 17	mouse	227	NK	2.97704557626998e-100 | 2.25083902365953 | 0.99 | 0.466 | 6.57331663240412e-96 | Control | Alb | GZMC- NK
Supplementary Data 17	mouse	228	NK	7.62910356394669e-43 | 1.37768769631953 | 0.737 | 0.123 | 1.68450606691943e-38 | Control | Apoa2 | GZMC- NK
Supplementary Data 17	mouse	229	NK	4.91296775100281e-37 | 1.26474642953409 | 0.784 | 0.315 | 1.08478327942142e-32 | Control | Trf | GZMC- NK
Supplementary Data 17	mouse	230	NK	8.70343291011226e-35 | 0.485118684407501 | 1 | 1 | 1.92171798655279e-30 | Control | Gm42418 | GZMC- NK
Supplementary Data 17	mouse	231	NK	8.18378071019318e-26 | 1.04780842396828 | 0.546 | 0.11 | 1.80697878081065e-21 | Control | Ttr | GZMC- NK
Supplementary Data 17	mouse	232	NK	6.29958249675271e-25 | 0.978083626014138 | 0.5 | 0.073 | 1.390947815283e-20 | Control | Gc | GZMC- NK
Supplementary Data 17	mouse	233	NK	6.98092494883684e-25 | 1.00267489217138 | 0.577 | 0.187 | 1.54138822870317e-20 | Control | Apoa1 | GZMC- NK
Supplementary Data 17	mouse	234	NK	2.34766168659269e-24 | 0.752464120815592 | 0.912 | 0.845 | 5.18363700399666e-20 | Control | Apoe | GZMC- NK
Supplementary Data 17	mouse	235	NK	1.34164052681143e-21 | 0.85094628711549 | 0.402 | 0.041 | 2.96234228319964e-17 | Control | Serpina1c | GZMC- NK
Supplementary Data 17	mouse	236	NK	1.8733863981892e-20 | 0.768412855237935 | 0.325 | 0.014 | 4.13643716720176e-16 | Control | Mup3 | GZMC- NK
Supplementary Data 17	mouse	237	NK	4.55248880939458e-20 | 0.849062060589285 | 0.402 | 0.059 | 1.00518952911432e-15 | Control | Apob | GZMC- NK
Supplementary Data 17	mouse	238	NK	1.59578983162756e-19 | 0.775025943961648 | 0.387 | 0.041 | 3.52350394823365e-15 | Control | Apoc3 | GZMC- NK
Supplementary Data 17	mouse	239	NK	4.72018377456327e-19 | 0.791891805203345 | 0.423 | 0.078 | 1.04221657742357e-14 | Control | Scd1 | GZMC- NK
Supplementary Data 17	mouse	240	NK	3.79317494410116e-18 | 0.797660511004456 | 0.407 | 0.087 | 8.37533027657536e-14 | Control | Ahsg | GZMC- NK
Supplementary Data 17	mouse	241	NK	2.4405002426756e-17 | 0.599658394281855 | 0.278 | 0.014 | 5.38862453582772e-13 | Control | Car3 | GZMC- NK
Supplementary Data 17	mouse	242	NK	9.01570452183833e-17 | 0.746859790688292 | 0.737 | 0.47 | 1.9906675584219e-12 | Control | Selenop | GZMC- NK
Supplementary Data 17	mouse	243	NK	9.27707861907625e-17 | 0.706440027209276 | 0.361 | 0.059 | 2.04837895909204e-12 | Control | Serpina1b | GZMC- NK
Supplementary Data 17	mouse	244	NK	9.66084057853472e-17 | 0.897610554453725 | 0.613 | 0.297 | 2.13311359974047e-12 | Control | Zbtb20 | GZMC- NK
Supplementary Data 17	mouse	245	NK	3.258164237292e-15 | 0.563263294111858 | 0.938 | 0.785 | 7.19402663594073e-11 | Control | Ugcg | GZMC- NK
Supplementary Data 17	mouse	246	NK	3.56631568445428e-15 | 0.618184500843238 | 0.278 | 0.018 | 7.87442503127506e-11 | Control | Bhmt | GZMC- NK
Supplementary Data 17	mouse	247	NK	7.17868938256025e-15 | 0.703462403967106 | 0.655 | 0.315 | 1.5850546156693e-10 | Control | Apoc1 | GZMC- NK
Supplementary Data 17	mouse	248	NK	1.11656939662274e-14 | 0.597692139445937 | 0.309 | 0.059 | 2.465385227743e-10 | Control | Kng1 | GZMC- NK
Supplementary Data 17	mouse	249	NK	1.16249740076993e-14 | 0.633088629289378 | 0.309 | 0.037 | 2.5667942609e-10 | Control | Cps1 | GZMC- NK
Supplementary Data 17	mouse	250	NK	1.3584479980278e-14 | 1.06206544863068 | 0.505 | 0.146 | 2.99945317964538e-10 | Control | Klra4 | GZMC- NK
Supplementary Data 17	mouse	251	NK	6.95922943682286e-14 | 0.595955604769591 | 0.294 | 0.046 | 1.53659785965049e-09 | Control | Ces1c | GZMC- NK
Supplementary Data 17	mouse	252	NK	7.35628688106831e-14 | 0.451311356293807 | 1 | 0.977 | 1.62426814333988e-09 | Control | Lars2 | GZMC- NK
Supplementary Data 17	mouse	253	NK	1.4351514655813e-13 | 0.638657445778125 | 0.711 | 0.356 | 3.16881443600351e-09 | Control | Sell | GZMC- NK
Supplementary Data 17	mouse	254	NK	2.08574572181887e-13 | 0.771212751133691 | 0.387 | 0.128 | 4.60532655377607e-09 | Control | Fabp1 | GZMC- NK
Supplementary Data 17	mouse	255	NK	3.38669928069313e-13 | 0.704215394761628 | 0.474 | 0.242 | 7.47783201177042e-09 | Control | D1Ertd622e | GZMC- NK
Supplementary Data 17	mouse	256	NK	5.27843724356163e-13 | 0.545790255968225 | 0.268 | 0.027 | 1.16547894337841e-08 | Control | Serpina1d | GZMC- NK
Supplementary Data 17	mouse	257	NK	6.65292931870928e-13 | 0.423205364978357 | 1 | 0.968 | 1.46896679357101e-08 | Control | AY036118 | GZMC- NK
Supplementary Data 17	mouse	258	NK	1.51308659030394e-12 | 0.585880215137065 | 0.345 | 0.091 | 3.34089519139109e-08 | Control | Fgb | GZMC- NK
Supplementary Data 17	mouse	259	NK	4.01679965735805e-12 | 0.462523873900352 | 0.216 | 0.014 | 8.86909364344658e-08 | Control | Tinagl1 | GZMC- NK
Supplementary Data 17	mouse	260	NK	4.52426544493172e-12 | 0.678596804781923 | 0.304 | 0.064 | 9.98957810240925e-08 | Control | Serpina3k | GZMC- NK
Supplementary Data 17	mouse	261	NK	5.36981383967375e-12 | 0.476692240524737 | 0.918 | 0.817 | 1.18565489579996e-07 | Control | Serinc3 | GZMC- NK
Supplementary Data 17	mouse	262	NK	8.52478828919519e-12 | 0.43209176340328 | 0.155 | 0 | 1.8822732542543e-07 | Control | Tdo2 | GZMC- NK
Supplementary Data 17	mouse	263	NK	1.27351491973167e-11 | 0.49556597718204 | 0.876 | 0.648 | 2.81192094276752e-07 | Control | Klrb1c | GZMC- NK
Supplementary Data 17	mouse	264	NK	1.33076872627367e-11 | 0.520405343552576 | 0.897 | 0.831 | 2.93833734761227e-07 | Control | Ccnd2 | GZMC- NK
Supplementary Data 17	mouse	265	NK	1.40433148160401e-11 | 0.577397420135123 | 0.763 | 0.507 | 3.10076391138165e-07 | Control | Satb1 | GZMC- NK
Supplementary Data 17	mouse	266	NK	3.06046109791297e-11 | 0.545082219159762 | 0.784 | 0.635 | 6.75749810419184e-07 | Control | Klrc2 | GZMC- NK
Supplementary Data 17	mouse	267	NK	3.49077396920763e-11 | 0.651069276754451 | 0.448 | 0.205 | 7.70762892401045e-07 | Control | C3 | GZMC- NK
Supplementary Data 17	mouse	268	NK	4.58290876564939e-11 | 0.617969448915511 | 0.299 | 0.064 | 1.01190625545538e-06 | Control | Cyp2e1 | GZMC- NK
Supplementary Data 17	mouse	269	NK	5.53429555474072e-11 | 0.578470866287805 | 0.536 | 0.292 | 1.22197245848675e-06 | Control | Cd9 | GZMC- NK
Supplementary Data 17	mouse	270	NK	9.06674349465259e-11 | 0.509776472786938 | 0.289 | 0.055 | 2.00193696361929e-06 | Control | Mgst1 | GZMC- NK
Supplementary Data 17	mouse	271	NK	1.14415254412249e-10 | 0.404250416543167 | 0.186 | 0.009 | 2.52628881742246e-06 | Control | Slco1b2 | GZMC- NK
Supplementary Data 17	mouse	272	NK	1.9564007527779e-10 | 0.670303897472861 | 0.577 | 0.297 | 4.3197328621336e-06 | Control | Klri2 | GZMC- NK
Supplementary Data 17	mouse	273	NK	2.16808107976773e-10 | 0.816155391351077 | 0.526 | 0.215 | 4.78712302412714e-06 | Control | Klra8 | GZMC- NK
Supplementary Data 17	mouse	274	NK	2.69950826067573e-10 | 0.503469536406906 | 0.284 | 0.091 | 5.96051423957201e-06 | Control | Gstm1 | GZMC- NK
Supplementary Data 17	mouse	275	NK	2.8126294389613e-10 | 0.506442439129008 | 0.247 | 0.037 | 6.21028580122655e-06 | Control | Rbp4 | GZMC- NK
Supplementary Data 17	mouse	276	NK	2.94313303456628e-10 | 0.311888134287228 | 0.763 | 0.79 | 6.49843774032235e-06 | Control | Ikzf1 | GZMC- NK
Supplementary Data 17	mouse	277	NK	3.14266632402934e-10 | 0.381986919051216 | 0.567 | 0.543 | 6.93900724345678e-06 | Control | mt-Atp8 | GZMC- NK
Supplementary Data 17	mouse	278	NK	4.22063742398337e-10 | 0.452195018413385 | 0.216 | 0.027 | 9.31916743215527e-06 | Control | Pigr | GZMC- NK
Supplementary Data 17	mouse	279	NK	1.03398778873782e-09 | 0.478584849783153 | 0.242 | 0.064 | 2.2830450375331e-05 | Control | Igfbp4 | GZMC- NK
Supplementary Data 17	mouse	280	NK	1.07907472259339e-09 | 0.474997944667199 | 0.351 | 0.123 | 2.38259698748621e-05 | Control | Dnase1l3 | GZMC- NK
Supplementary Data 17	mouse	281	NK	1.17485263036007e-09 | 0.598542888854287 | 0.577 | 0.342 | 2.59407460783504e-05 | Control | Il18r1 | GZMC- NK
Supplementary Data 17	mouse	282	NK	1.39966894856337e-09 | 0.38548819114944 | 0.948 | 0.753 | 3.09046903842792e-05 | Control | Prf1 | GZMC- NK
Supplementary Data 17	mouse	283	NK	2.00642807282061e-09 | 0.465257303879482 | 0.407 | 0.21 | 4.4301931847879e-05 | Control | Gsap | GZMC- NK
Supplementary Data 17	mouse	284	NK	2.46607531290931e-09 | 0.435614423062421 | 0.17 | 0.014 | 5.44509429090376e-05 | Control | F2 | GZMC- NK
Supplementary Data 17	mouse	285	NK	2.51463318463878e-09 | 0.515713581838168 | 0.253 | 0.055 | 5.55231007168243e-05 | Control | Serpina1a | GZMC- NK
Supplementary Data 17	mouse	286	NK	2.94561248372738e-09 | 0.479809310304802 | 0.32 | 0.187 | 6.50391236407005e-05 | Control | Cat | GZMC- NK
Supplementary Data 17	mouse	287	NK	2.99538335487589e-09 | 0.510399115303702 | 0.366 | 0.192 | 6.61380644756597e-05 | Control | Rbpms | GZMC- NK
Supplementary Data 17	mouse	288	NK	4.04345457457651e-09 | 0.542189771726845 | 0.335 | 0.155 | 8.92794770066493e-05 | Control | Ptprb | GZMC- NK
Supplementary Data 17	mouse	289	NK	4.17238796747593e-09 | 0.354199732184104 | 0.149 | 0.005 | 9.21263263218686e-05 | Control | Hamp2 | GZMC- NK
Supplementary Data 17	mouse	290	NK	5.519174684534e-09 | 0.314124206247957 | 0.722 | 0.721 | 0.000121863377034511 | Control | Prpf4b | GZMC- NK
Supplementary Data 17	mouse	291	NK	5.91143847858917e-09 | 0.500978047887643 | 0.201 | 0.041 | 0.000130524561607249 | Control | Pzp | GZMC- NK
Supplementary Data 17	mouse	292	NK	6.17230742815661e-09 | 0.400630419412383 | 0.201 | 0.023 | 0.000136284548013698 | Control | Cdo1 | GZMC- NK
Supplementary Data 17	mouse	293	NK	6.77087303535791e-09 | 0.358416037911639 | 0.948 | 0.785 | 0.000149500876620703 | Control | Fcer1g | GZMC- NK
Supplementary Data 17	mouse	294	NK	7.75689583575155e-09 | 0.403098885762907 | 0.469 | 0.352 | 0.000171272260053394 | Control | Stag1 | GZMC- NK
Supplementary Data 17	mouse	295	NK	9.31951847321956e-09 | 0.413335687165126 | 0.16 | 0.027 | 0.000205774967888688 | Control | Mug1 | GZMC- NK
Supplementary Data 17	mouse	296	NK	9.54424634294099e-09 | 0.465475744387209 | 0.593 | 0.397 | 0.000210736959252137 | Control | Pde2a | GZMC- NK
Supplementary Data 17	mouse	297	NK	1.45256756362088e-08 | 0.374912029049241 | 0.897 | 0.676 | 0.000320726918047491 | Control | Irf8 | GZMC- NK
Supplementary Data 17	mouse	298	NK	1.46702657761329e-08 | 0.32919160755254 | 0.366 | 0.288 | 0.000323919468337015 | Control | Tm9sf2 | GZMC- NK
Supplementary Data 17	mouse	299	NK	2.55470080926367e-08 | 0.461740012177401 | 0.67 | 0.58 | 0.000564077938685418 | Control | Cbl | GZMC- NK
Supplementary Data 17	mouse	300	NK	2.8743282262304e-08 | 0.393130477909409 | 0.196 | 0.027 | 0.000634651672351672 | Control | Serpinc1 | GZMC- NK
Supplementary Data 17	mouse	301	NK	3.74165038268265e-08 | 0.460312007557026 | 0.742 | 0.489 | 0.000826156404496329 | Control | Ncr1 | GZMC- NK
Supplementary Data 17	mouse	302	NK	3.86449952966391e-08 | 0.43091313521072 | 0.186 | 0.041 | 0.000853281496149791 | Control | Cyp3a11 | GZMC- NK
Supplementary Data 17	mouse	303	NK	6.79716224354433e-08 | 0.407650664870292 | 0.51 | 0.416 | 0.00150081342337459 | Control | Qk | GZMC- NK
Supplementary Data 17	mouse	304	NK	6.83559757373377e-08 | 0.416047495435973 | 0.49 | 0.224 | 0.00150929994428042 | Control | Cma1 | GZMC- NK
Supplementary Data 17	mouse	305	NK	7.71726338875184e-08 | 0.403206924647009 | 0.186 | 0.027 | 0.00170397175623641 | Control | Mat1a | GZMC- NK
Supplementary Data 17	mouse	306	NK	9.20436191810886e-08 | 0.394388808063626 | 0.222 | 0.05 | 0.00203232311151844 | Control | Aldob | GZMC- NK
Supplementary Data 17	mouse	307	NK	9.72378070824282e-08 | 0.335271797547283 | 0.18 | 0.041 | 0.00214701078038001 | Control | Plg | GZMC- NK
Supplementary Data 17	mouse	308	NK	9.8595358779656e-08 | 0.382092456367317 | 0.263 | 0.123 | 0.00217698552185481 | Control | Aldh2 | GZMC- NK
Supplementary Data 17	mouse	309	NK	1.11904550811404e-07 | 0.320802834333676 | 0.464 | 0.397 | 0.0024708524819158 | Control | Taok1 | GZMC- NK
Supplementary Data 17	mouse	310	NK	1.58303466002725e-07 | 0.327968570305649 | 0.129 | 0.009 | 0.00349534052934016 | Control | Hpd | GZMC- NK
Supplementary Data 17	mouse	311	NK	1.71244486876537e-07 | 0.323320692830587 | 0.18 | 0.046 | 0.00378107827023394 | Control | Cyp2c29 | GZMC- NK
Supplementary Data 17	mouse	312	NK	1.84192974692582e-07 | 0.346327603619739 | 0.799 | 0.708 | 0.00406698088121221 | Control | Sptbn1 | GZMC- NK
Supplementary Data 17	mouse	313	NK	2.36026268625235e-07 | 0.318245740599745 | 0.165 | 0.046 | 0.0052114600112452 | Control | Stab2 | GZMC- NK
Supplementary Data 17	mouse	314	NK	2.36304237589044e-07 | 0.426847869451606 | 0.495 | 0.379 | 0.00521759756596608 | Control | Itga2 | GZMC- NK
Supplementary Data 17	mouse	315	NK	2.65297392877993e-07 | 0.435675774635228 | 0.294 | 0.128 | 0.00585776643474608 | Control | Clec4g | GZMC- NK
Supplementary Data 17	mouse	316	NK	2.66642335630084e-07 | 0.598712749706056 | 0.495 | 0.237 | 0.00588746277071225 | Control | Klra9 | GZMC- NK
Supplementary Data 17	mouse	317	NK	4.34739008630557e-07 | 0.412494023453624 | 0.639 | 0.425 | 0.00959903731056271 | Control | Atp1b1 | GZMC- NK
Supplementary Data 17	mouse	318	NK	5.24910683175096e-07 | 0.435852007235908 | 0.237 | 0.087 | 0.0115900278845061 | Control | Arl4d | GZMC- NK
Supplementary Data 17	mouse	319	NK	5.71405817234142e-07 | 0.471575226943956 | 0.304 | 0.11 | 0.0126166404445299 | Control | Fcgr2b | GZMC- NK
Supplementary Data 17	mouse	320	NK	6.91862781318555e-07 | 0.379001173690706 | 0.206 | 0.064 | 0.0152763302115137 | Control | Oit3 | GZMC- NK
Supplementary Data 17	mouse	321	NK	6.99250852236243e-07 | 0.339682964933246 | 0.902 | 0.831 | 0.0154394588173762 | Control | Pik3r1 | GZMC- NK
Supplementary Data 17	mouse	322	NK	7.16433108624771e-07 | 0.31958631001 | 0.485 | 0.425 | 0.0158188430384349 | Control | Pura | GZMC- NK
Supplementary Data 17	mouse	323	NK	7.46150110527616e-07 | 0.365908162659124 | 0.149 | 0.041 | 0.0164749944404498 | Control | Wfdc21 | GZMC- NK
Supplementary Data 17	mouse	324	NK	8.84379035581073e-07 | 0.346948190502796 | 0.557 | 0.525 | 0.0195270891056301 | Control | Phip | GZMC- NK
Supplementary Data 17	mouse	325	NK	9.72509294752061e-07 | 0.323164254977358 | 0.165 | 0.023 | 0.0214730052281255 | Control | Hamp | GZMC- NK
Supplementary Data 17	mouse	326	NK	1.02495061675215e-06 | 0.352301748731505 | 0.16 | 0.046 | 0.0226309096178874 | Control | Gpr182 | GZMC- NK
Supplementary Data 17	mouse	327	NK	1.3529487660137e-06 | 0.456110187430116 | 0.706 | 0.489 | 0.0298731087535826 | Control | Eomes | GZMC- NK
Supplementary Data 17	mouse	328	NK	1.56307190692866e-06 | 0.33327243516057 | 0.686 | 0.63 | 0.0345126277049848 | Control | Bptf | GZMC- NK
Supplementary Data 17	mouse	329	NK	1.66348730559932e-06 | 0.318200292033269 | 0.325 | 0.251 | 0.036729799707633 | Control | Rif1 | GZMC- NK
Supplementary Data 17	mouse	330	NK	1.93843729969063e-06 | 0.367525095130169 | 0.459 | 0.301 | 0.042800695577169 | Control | Vezf1 | GZMC- NK
Supplementary Data 17	mouse	331	NK	2.30105232371786e-52 | 1.27674384468605 | 0.781 | 0.072 | 5.08072353076905e-48 | PBC | S100a9 | GZMC- NK
Supplementary Data 17	mouse	332	NK	6.84544585671922e-34 | 1.22859581231338 | 0.717 | 0.149 | 1.5114744451636e-29 | PBC | Igkc | GZMC- NK
Supplementary Data 17	mouse	333	NK	3.75857098679535e-33 | 1.08899532098317 | 0.484 | 0.01 | 8.29892473884413e-29 | PBC | Ighg1 | GZMC- NK
Supplementary Data 17	mouse	334	NK	7.69205294182166e-33 | 0.98832174292391 | 0.548 | 0.036 | 1.69840528955422e-28 | PBC | S100a8 | GZMC- NK
Supplementary Data 17	mouse	335	NK	4.84057876239339e-29 | 0.839177163489109 | 0.539 | 0.052 | 1.06879979073646e-24 | PBC | Marco | GZMC- NK
Supplementary Data 17	mouse	336	NK	6.84312646563467e-22 | 0.896658255458436 | 0.42 | 0.036 | 1.51096232361213e-17 | PBC | Plac8 | GZMC- NK
Supplementary Data 17	mouse	337	NK	2.91729922288966e-19 | 1.14189195897117 | 0.42 | 0.062 | 6.44139668414036e-15 | PBC | Cd3d | GZMC- NK
Supplementary Data 17	mouse	338	NK	4.54288059409486e-19 | 0.352424800416522 | 0.995 | 1 | 1.00306803517614e-14 | PBC | B2m | GZMC- NK
Supplementary Data 17	mouse	339	NK	6.54280301410827e-19 | 0.422098615634219 | 1 | 1 | 1.44465090551511e-14 | PBC | Rps3 | GZMC- NK
Supplementary Data 17	mouse	340	NK	5.06490532474235e-18 | 0.488967247494943 | 1 | 0.923 | 1.11833109570311e-13 | PBC | H2-Q7 | GZMC- NK
Supplementary Data 17	mouse	341	NK	5.97968928336266e-18 | 0.476310489962421 | 1 | 0.902 | 1.32031539376648e-13 | PBC | Rpl3 | GZMC- NK
Supplementary Data 17	mouse	342	NK	9.84141806056546e-18 | 0.606457311952505 | 0.315 | 0.015 | 2.17298510777285e-13 | PBC | Cxcl13 | GZMC- NK
Supplementary Data 17	mouse	343	NK	3.81080945715697e-17 | 0.381041047288131 | 1 | 1 | 8.4142672814026e-13 | PBC | Rpl17 | GZMC- NK
Supplementary Data 17	mouse	344	NK	6.7869691386291e-17 | 0.378762059857769 | 1 | 0.99 | 1.4985627858093e-12 | PBC | Rps10 | GZMC- NK
Supplementary Data 17	mouse	345	NK	7.60427738913973e-17 | 1.0739076699346 | 0.626 | 0.237 | 1.67902444752205e-12 | PBC | Trbc2 | GZMC- NK
Supplementary Data 17	mouse	346	NK	1.25887256283102e-16 | 0.595950862173749 | 0.977 | 0.804 | 2.7795906187309e-12 | PBC | Tnfaip3 | GZMC- NK
Supplementary Data 17	mouse	347	NK	2.37345907883317e-16 | 0.397322718357953 | 0.991 | 0.99 | 5.24059764606363e-12 | PBC | Rps18 | GZMC- NK
Supplementary Data 17	mouse	348	NK	2.97307069849281e-16 | 0.862573514573326 | 0.347 | 0.036 | 6.56454010227212e-12 | PBC | Cd3e | GZMC- NK
Supplementary Data 17	mouse	349	NK	4.0599186019504e-16 | 0.634975016384448 | 0.589 | 0.191 | 8.96430027310648e-12 | PBC | Lyz2 | GZMC- NK
Supplementary Data 17	mouse	350	NK	5.78812624834306e-16 | 0.858142948804333 | 0.365 | 0.046 | 1.27801827563415e-11 | PBC | Cd3g | GZMC- NK
Supplementary Data 17	mouse	351	NK	8.14029247322474e-16 | 0.543431623291379 | 0.977 | 0.887 | 1.79737657808802e-11 | PBC | Srgn | GZMC- NK
Supplementary Data 17	mouse	352	NK	8.41188869698236e-16 | 0.471274628960807 | 0.991 | 0.964 | 1.85734502429371e-11 | PBC | Rplp0 | GZMC- NK
Supplementary Data 17	mouse	353	NK	8.4692928926853e-16 | 0.306793438398345 | 0.995 | 1 | 1.87001987070491e-11 | PBC | Rpl19 | GZMC- NK
Supplementary Data 17	mouse	354	NK	1.67039499357377e-15 | 1.05388040514561 | 0.416 | 0.082 | 3.68823214581087e-11 | PBC | Ifi27l2a | GZMC- NK
Supplementary Data 17	mouse	355	NK	1.87789030992676e-15 | 0.790822755036184 | 0.543 | 0.165 | 4.14638180431828e-11 | PBC | Thy1 | GZMC- NK
Supplementary Data 17	mouse	356	NK	3.36136905720801e-15 | 0.382224418002635 | 0.21 | 0 | 7.42190287831529e-11 | PBC | Ngp | GZMC- NK
Supplementary Data 17	mouse	357	NK	4.60067575080883e-15 | 0.658732980784253 | 0.721 | 0.34 | 1.01582920577859e-10 | PBC | Pycard | GZMC- NK
Supplementary Data 17	mouse	358	NK	6.07709253661755e-15 | 0.540906529357205 | 0.621 | 0.232 | 1.34182203208516e-10 | PBC | Psmb9 | GZMC- NK
Supplementary Data 17	mouse	359	NK	6.21682409622583e-15 | 0.777363008172645 | 0.416 | 0.082 | 1.37267476044666e-10 | PBC | Lgals3 | GZMC- NK
Supplementary Data 17	mouse	360	NK	7.34898492466671e-15 | 0.409586856117821 | 0.982 | 0.943 | 1.62265587136641e-10 | PBC | Rpl24 | GZMC- NK
Supplementary Data 17	mouse	361	NK	1.57863210940166e-14 | 0.851802449098564 | 0.388 | 0.072 | 3.48561969755886e-10 | PBC | Trac | GZMC- NK
Supplementary Data 17	mouse	362	NK	1.93101011679575e-14 | 0.666101823939765 | 0.475 | 0.124 | 4.26367033788501e-10 | PBC | Lilrb4a | GZMC- NK
Supplementary Data 17	mouse	363	NK	3.24688610776329e-14 | 0.34465429231357 | 0.196 | 0 | 7.16912452594134e-10 | PBC | Lcn2 | GZMC- NK
Supplementary Data 17	mouse	364	NK	6.63448169679145e-14 | 0.584659423263509 | 0.913 | 0.644 | 1.46489355865155e-09 | PBC | Akap13 | GZMC- NK
Supplementary Data 17	mouse	365	NK	8.32787719474e-14 | 0.372550740347008 | 1 | 0.995 | 1.83879528459859e-09 | PBC | Rpl13 | GZMC- NK
Supplementary Data 17	mouse	366	NK	1.98102057204905e-13 | 0.347520123174175 | 1 | 0.979 | 4.3740934230843e-09 | PBC | Rpl9 | GZMC- NK
Supplementary Data 17	mouse	367	NK	4.00259395605359e-13 | 0.344040733372678 | 0.995 | 0.995 | 8.83772745496632e-09 | PBC | Rps15a | GZMC- NK
Supplementary Data 17	mouse	368	NK	4.37592218332455e-13 | 0.341132253073658 | 1 | 0.995 | 9.66203618078061e-09 | PBC | Rpl18 | GZMC- NK
Supplementary Data 17	mouse	369	NK	4.57907756644318e-13 | 0.381904029294174 | 0.982 | 0.959 | 1.01106032667065e-08 | PBC | Rpl15 | GZMC- NK
Supplementary Data 17	mouse	370	NK	4.94172054282352e-13 | 0.787147125257973 | 0.489 | 0.155 | 1.09113189585543e-08 | PBC | Cx3cr1 | GZMC- NK
Supplementary Data 17	mouse	371	NK	5.96913291084353e-13 | 0.583433263845841 | 0.452 | 0.124 | 1.31798454671425e-08 | PBC | Lilr4b | GZMC- NK
Supplementary Data 17	mouse	372	NK	7.51509373001958e-13 | 0.543651984568071 | 0.63 | 0.268 | 1.65933269558832e-08 | PBC | Gimap7 | GZMC- NK
Supplementary Data 17	mouse	373	NK	1.05604544127508e-12 | 0.627252096666031 | 0.945 | 0.784 | 2.33174833433538e-08 | PBC | Crip1 | GZMC- NK
Supplementary Data 17	mouse	374	NK	1.14134230974954e-12 | 0.577173813750349 | 0.484 | 0.149 | 2.52008381992699e-08 | PBC | Gpr18 | GZMC- NK
Supplementary Data 17	mouse	375	NK	1.38584124243187e-12 | 0.386883705309145 | 0.982 | 0.948 | 3.05993746328956e-08 | PBC | Rps6 | GZMC- NK
Supplementary Data 17	mouse	376	NK	1.49889504387365e-12 | 0.470522688257596 | 0.799 | 0.459 | 3.30956025687302e-08 | PBC | Cox7a2l | GZMC- NK
Supplementary Data 17	mouse	377	NK	1.96870398481384e-12 | 0.592017328346142 | 0.671 | 0.32 | 4.34689839846896e-08 | PBC | Ifrd1 | GZMC- NK
Supplementary Data 17	mouse	378	NK	2.50869867281435e-12 | 0.398402495805738 | 0.986 | 0.938 | 5.53920666957408e-08 | PBC | Rps19 | GZMC- NK
Supplementary Data 17	mouse	379	NK	3.31719808235975e-12 | 0.402779084687695 | 0.548 | 0.211 | 7.32437336585033e-08 | PBC | Gadd45b | GZMC- NK
Supplementary Data 17	mouse	380	NK	4.01594683361103e-12 | 0.322241033687555 | 1 | 0.974 | 8.86721060861314e-08 | PBC | Rps13 | GZMC- NK
Supplementary Data 17	mouse	381	NK	4.37338739746899e-12 | 0.753265340349805 | 0.283 | 0.036 | 9.65643937361153e-08 | PBC | Cd8a | GZMC- NK
Supplementary Data 17	mouse	382	NK	5.15685746818257e-12 | 0.42367546928777 | 1 | 0.974 | 1.13863412897471e-07 | PBC | Rps20 | GZMC- NK
Supplementary Data 17	mouse	383	NK	6.83036946201536e-12 | 0.37188956813221 | 0.986 | 0.943 | 1.50814557721299e-07 | PBC | Ubb | GZMC- NK
Supplementary Data 17	mouse	384	NK	7.11251787508213e-12 | 0.967997502722849 | 0.475 | 0.165 | 1.57044394681813e-07 | PBC | S100a4 | GZMC- NK
Supplementary Data 17	mouse	385	NK	7.53431139208646e-12 | 0.891862684923832 | 0.388 | 0.098 | 1.66357595537269e-07 | PBC | Ikzf2 | GZMC- NK
Supplementary Data 17	mouse	386	NK	1.50495138299003e-11 | 0.601929445010416 | 0.607 | 0.273 | 3.32293265364198e-07 | PBC | AU020206 | GZMC- NK
Supplementary Data 17	mouse	387	NK	1.74808159192133e-11 | 0.48731234117126 | 0.799 | 0.552 | 3.8597641549623e-07 | PBC | Txn1 | GZMC- NK
Supplementary Data 17	mouse	388	NK	1.87944287228243e-11 | 0.317836128067404 | 0.845 | 0.531 | 4.14980986199961e-07 | PBC | Nme2 | GZMC- NK
Supplementary Data 17	mouse	389	NK	2.21993193847911e-11 | 0.492247635647912 | 0.881 | 0.675 | 4.90160972016187e-07 | PBC | Gapdh | GZMC- NK
Supplementary Data 17	mouse	390	NK	2.47385709283593e-11 | 0.31623654870554 | 1 | 0.979 | 5.46227646098173e-07 | PBC | Rps7 | GZMC- NK
Supplementary Data 17	mouse	391	NK	2.67879940201316e-11 | 0.5659611705823 | 0.352 | 0.077 | 5.91478907964506e-07 | PBC | Itga1 | GZMC- NK
Supplementary Data 17	mouse	392	NK	3.18991429528073e-11 | 0.369994635083955 | 0.991 | 0.974 | 7.04333076397986e-07 | PBC | Rpl28 | GZMC- NK
Supplementary Data 17	mouse	393	NK	4.16839396156869e-11 | 0.3216612301217 | 0.982 | 0.964 | 9.20381386714367e-07 | PBC | Rpl27 | GZMC- NK
Supplementary Data 17	mouse	394	NK	4.72033821626903e-11 | 0.306844240087221 | 0.995 | 0.99 | 1.0422506781522e-06 | PBC | Rps4x | GZMC- NK
Supplementary Data 17	mouse	395	NK	4.73122705514703e-11 | 0.575857531102978 | 0.904 | 0.686 | 1.04465493377646e-06 | PBC | Hmgb2 | GZMC- NK
Supplementary Data 17	mouse	396	NK	5.22927509114664e-11 | 0.337874305238924 | 0.151 | 0 | 1.15462394012518e-06 | PBC | Jaml | GZMC- NK
Supplementary Data 17	mouse	397	NK	6.03356556448679e-11 | 0.643166319349383 | 0.338 | 0.077 | 1.33221127663868e-06 | PBC | Ly6a | GZMC- NK
Supplementary Data 17	mouse	398	NK	8.41887619620833e-11 | 0.457192732624057 | 0.516 | 0.201 | 1.8588878641228e-06 | PBC | Gtf2i | GZMC- NK
Supplementary Data 17	mouse	399	NK	1.03686133662895e-10 | 0.495086198391699 | 0.333 | 0.072 | 2.28938983127673e-06 | PBC | Rnf19b | GZMC- NK
Supplementary Data 17	mouse	400	NK	1.16687726518117e-10 | 0.412240454089839 | 0.945 | 0.768 | 2.57646500152002e-06 | PBC | Naca | GZMC- NK
Supplementary Data 17	mouse	401	NK	1.30343375664528e-10 | 0.349328125745214 | 0.995 | 0.959 | 2.87798173467279e-06 | PBC | Rpl12 | GZMC- NK
Supplementary Data 17	mouse	402	NK	1.74899268438578e-10 | 0.648710401981442 | 0.986 | 1 | 3.86177584712381e-06 | PBC | Ccl5 | GZMC- NK
Supplementary Data 17	mouse	403	NK	2.03571005182483e-10 | 0.580564020231588 | 0.452 | 0.155 | 4.49484779442921e-06 | PBC | Dgat1 | GZMC- NK
Supplementary Data 17	mouse	404	NK	2.19459562820363e-10 | 0.476614356787419 | 0.831 | 0.582 | 4.84566714707362e-06 | PBC | Psmb8 | GZMC- NK
Supplementary Data 17	mouse	405	NK	2.77403400194412e-10 | 0.650508683894536 | 0.845 | 0.608 | 6.12506707629262e-06 | PBC | Nfkbia | GZMC- NK
Supplementary Data 17	mouse	406	NK	2.87563136131957e-10 | 0.577489863631832 | 0.849 | 0.577 | 6.3493940457936e-06 | PBC | S100a6 | GZMC- NK
Supplementary Data 17	mouse	407	NK	3.63114518918093e-10 | 0.301252773454289 | 0.648 | 0.34 | 8.01756857771148e-06 | PBC | Prdx6 | GZMC- NK
Supplementary Data 17	mouse	408	NK	3.71255779034103e-10 | 0.340656055791066 | 0.995 | 0.959 | 8.19732760107299e-06 | PBC | Rpl39 | GZMC- NK
Supplementary Data 17	mouse	409	NK	3.77844520990102e-10 | 0.423486617484127 | 0.973 | 0.907 | 8.34280702346145e-06 | PBC | Rpl10a | GZMC- NK
Supplementary Data 17	mouse	410	NK	4.03262905351127e-10 | 0.402743691672621 | 0.95 | 0.835 | 8.90404495015288e-06 | PBC | Rpl7a | GZMC- NK
Supplementary Data 17	mouse	411	NK	4.57914795876469e-10 | 0.482315370286111 | 0.89 | 0.742 | 1.01107586929524e-05 | PBC | Bhlhe40 | GZMC- NK
Supplementary Data 17	mouse	412	NK	5.02185250317857e-10 | 0.523729504476381 | 0.274 | 0.046 | 1.10882503270183e-05 | PBC | Hilpda | GZMC- NK
Supplementary Data 17	mouse	413	NK	6.44792480321217e-10 | 0.440557583863264 | 0.215 | 0.021 | 1.42370179654925e-05 | PBC | Klk8 | GZMC- NK
Supplementary Data 17	mouse	414	NK	8.0397586681622e-10 | 0.358214772523638 | 0.963 | 0.907 | 1.77517871393021e-05 | PBC | Rpl29 | GZMC- NK
Supplementary Data 17	mouse	415	NK	8.56254627521278e-10 | 0.317764658105178 | 0.219 | 0.026 | 1.89061021756698e-05 | PBC | Map4k1 | GZMC- NK
Supplementary Data 17	mouse	416	NK	9.35326217898859e-10 | 0.424693682897855 | 0.132 | 0 | 2.06520028912068e-05 | PBC | Tcrg-C2 | GZMC- NK
Supplementary Data 17	mouse	417	NK	1.07331097485434e-09 | 0.315488511062644 | 1 | 0.995 | 2.36987063247838e-05 | PBC | Rpl41 | GZMC- NK
Supplementary Data 17	mouse	418	NK	1.12141186713156e-09 | 0.359943344354983 | 0.84 | 0.557 | 2.47607740262649e-05 | PBC | Rpl22l1 | GZMC- NK
Supplementary Data 17	mouse	419	NK	1.20246300143862e-09 | 0.637974533875437 | 0.301 | 0.067 | 2.65503830717647e-05 | PBC | Bcl11b | GZMC- NK
Supplementary Data 17	mouse	420	NK	1.66669631915808e-09 | 0.457201541615688 | 0.397 | 0.129 | 3.68006547270104e-05 | PBC | Gm20186 | GZMC- NK
Supplementary Data 17	mouse	421	NK	2.01758558281891e-09 | 0.313881803347139 | 0.781 | 0.485 | 4.45482896686415e-05 | PBC | H2-T23 | GZMC- NK
Supplementary Data 17	mouse	422	NK	2.4727608387161e-09 | 0.361942987297523 | 0.781 | 0.49 | 5.45985593188515e-05 | PBC | Edf1 | GZMC- NK
Supplementary Data 17	mouse	423	NK	2.64458733266495e-09 | 0.543214234863979 | 0.32 | 0.082 | 5.8392488305242e-05 | PBC | Pim2 | GZMC- NK
Supplementary Data 17	mouse	424	NK	4.2598434756141e-09 | 0.458207728977858 | 0.288 | 0.062 | 9.40573439415594e-05 | PBC | Bcl2a1d | GZMC- NK
Supplementary Data 17	mouse	425	NK	4.45094693296412e-09 | 0.375349557729593 | 0.982 | 0.943 | 9.82769082798478e-05 | PBC | Rps2 | GZMC- NK
Supplementary Data 17	mouse	426	NK	4.64806815702344e-09 | 0.313308137148633 | 0.991 | 0.954 | 0.000102629344907078 | PBC | FTh1-like | GZMC- NK
Supplementary Data 17	mouse	427	NK	5.08308723690889e-09 | 0.357082159976083 | 0.744 | 0.448 | 0.000112234566190948 | PBC | Uba52 | GZMC- NK
Supplementary Data 17	mouse	428	NK	5.37403763059857e-09 | 0.543402509921766 | 0.461 | 0.186 | 0.000118658750883616 | PBC | Cd226 | GZMC- NK
Supplementary Data 17	mouse	429	NK	6.28553828928799e-09 | 0.455884945519163 | 0.374 | 0.119 | 0.000138784685427479 | PBC | Cd160 | GZMC- NK
Supplementary Data 17	mouse	430	NK	8.73010524816617e-09 | 0.300205009305586 | 0.991 | 0.948 | 0.000192760723879509 | PBC | Rpl6 | GZMC- NK
Supplementary Data 17	mouse	431	NK	1.32767189968438e-08 | 0.500990815141545 | 0.689 | 0.402 | 0.00029314995545031 | PBC | Slfn2 | GZMC- NK
Supplementary Data 17	mouse	432	NK	1.48575163160099e-08 | 0.430175210796389 | 0.498 | 0.216 | 0.000328053960257498 | PBC | Gng2 | GZMC- NK
Supplementary Data 17	mouse	433	NK	1.49835999884624e-08 | 0.38894537693574 | 0.329 | 0.093 | 0.00033083788774525 | PBC | Lmnb1 | GZMC- NK
Supplementary Data 17	mouse	434	NK	1.56592379459449e-08 | 0.338707003414016 | 0.986 | 0.938 | 0.000345755973846464 | PBC | Ets1 | GZMC- NK
Supplementary Data 17	mouse	435	NK	2.07821550656882e-08 | 0.625735752222702 | 0.416 | 0.155 | 0.000458869983850396 | PBC | Gramd3 | GZMC- NK
Supplementary Data 17	mouse	436	NK	2.27648109260878e-08 | 0.718449830148936 | 0.493 | 0.376 | 0.000502647025248019 | PBC | Cd7 | GZMC- NK
Supplementary Data 17	mouse	437	NK	2.41352164211448e-08 | 0.554046694080241 | 0.53 | 0.253 | 0.000532905578578877 | PBC | Ms4a6b | GZMC- NK
Supplementary Data 17	mouse	438	NK	2.45226202420085e-08 | 0.337593449623653 | 0.986 | 0.923 | 0.000541459454943548 | PBC | Rps26 | GZMC- NK
Supplementary Data 17	mouse	439	NK	2.9901996911879e-08 | 0.346115458515757 | 0.269 | 0.062 | 0.000660236091814288 | PBC | Trerf1 | GZMC- NK
Supplementary Data 17	mouse	440	NK	3.01955211511039e-08 | 0.342056415394789 | 0.959 | 0.933 | 0.000666717107016375 | PBC | Sh3bgrl3 | GZMC- NK
Supplementary Data 17	mouse	441	NK	4.97010932301345e-08 | 0.36662976230393 | 0.753 | 0.479 | 0.00109740013852137 | PBC | Gas5 | GZMC- NK
Supplementary Data 17	mouse	442	NK	6.96244228195496e-08 | 0.447656565309422 | 0.753 | 0.557 | 0.00153730725585566 | PBC | Sec61b | GZMC- NK
Supplementary Data 17	mouse	443	NK	8.1878957493627e-08 | 0.330393119325938 | 0.995 | 0.969 | 0.00180788738145928 | PBC | Hsp90ab1 | GZMC- NK
Supplementary Data 17	mouse	444	NK	9.31591803919708e-08 | 0.355398308773483 | 0.265 | 0.067 | 0.00205695470305472 | PBC | Abcb1b | GZMC- NK
Supplementary Data 17	mouse	445	NK	9.46025879387278e-08 | 0.362951105833161 | 0.584 | 0.314 | 0.00208882514168711 | PBC | Sla | GZMC- NK
Supplementary Data 17	mouse	446	NK	1.0385321816656e-07 | 0.312177089323983 | 0.995 | 0.985 | 0.00229307905711764 | PBC | Rpl32 | GZMC- NK
Supplementary Data 17	mouse	447	NK	1.06342233910597e-07 | 0.379909975494213 | 0.224 | 0.041 | 0.00234803652474598 | PBC | Top2a | GZMC- NK
Supplementary Data 17	mouse	448	NK	1.67395405663757e-07 | 0.316757998057554 | 0.927 | 0.83 | 0.00369609055705576 | PBC | Eef1b2 | GZMC- NK
Supplementary Data 17	mouse	449	NK	1.69428850748441e-07 | 0.301073920502184 | 0.767 | 0.505 | 0.00374098902452558 | PBC | Pdia3 | GZMC- NK
Supplementary Data 17	mouse	450	NK	2.73505097702353e-07 | 0.501294438315991 | 0.626 | 0.361 | 0.00603899255726796 | PBC | Cd74 | GZMC- NK
Supplementary Data 17	mouse	451	NK	3.19690118185402e-07 | 0.384218329285947 | 0.904 | 0.799 | 0.00705875780953368 | PBC | Sub1 | GZMC- NK
Supplementary Data 17	mouse	452	NK	3.49650341246445e-07 | 0.457675914344225 | 0.804 | 0.603 | 0.00772027953472151 | PBC | Mxd1 | GZMC- NK
Supplementary Data 17	mouse	453	NK	3.76037315098316e-07 | 0.336940249357822 | 0.584 | 0.32 | 0.00830290391737081 | PBC | H2-T22 | GZMC- NK
Supplementary Data 17	mouse	454	NK	3.83070649728198e-07 | 0.410949837978166 | 0.192 | 0.031 | 0.00845819994599861 | PBC | Capg | GZMC- NK
Supplementary Data 17	mouse	455	NK	4.3816658798097e-07 | 0.369517081555586 | 0.283 | 0.082 | 0.00967471826261981 | PBC | Icos | GZMC- NK
Supplementary Data 17	mouse	456	NK	5.25406162985136e-07 | 0.344664311977586 | 0.178 | 0.026 | 0.0116009680787118 | PBC | Tcrg-C4 | GZMC- NK
Supplementary Data 17	mouse	457	NK	5.38451304828864e-07 | 0.330634525393137 | 0.717 | 0.459 | 0.0118890048106213 | PBC | Ldha | GZMC- NK
Supplementary Data 17	mouse	458	NK	5.65772452521769e-07 | 0.334592746307905 | 0.712 | 0.454 | 0.0124922557516807 | PBC | Krtcap2 | GZMC- NK
Supplementary Data 17	mouse	459	NK	6.1670123302745e-07 | 0.68540762731957 | 0.342 | 0.124 | 0.0136167632252461 | PBC | Rora | GZMC- NK
Supplementary Data 17	mouse	460	NK	8.0516940779639e-07 | 0.360478041091589 | 0.758 | 0.51 | 0.0177781405241443 | PBC | Fam107b | GZMC- NK
Supplementary Data 17	mouse	461	NK	8.1288362825471e-07 | 0.358128468929968 | 0.137 | 0.01 | 0.017948470511864 | PBC | Trat1 | GZMC- NK
Supplementary Data 17	mouse	462	NK	9.76010239801838e-07 | 0.336997609004052 | 0.553 | 0.299 | 0.0215503060948246 | PBC | Coq10b | GZMC- NK
Supplementary Data 17	mouse	463	NK	1.0743399454386e-06 | 0.386597347048983 | 0.68 | 0.428 | 0.0237214259952843 | PBC | Cd48 | GZMC- NK
Supplementary Data 17	mouse	464	NK	1.25906783544666e-06 | 0.333340844484432 | 0.575 | 0.325 | 0.0278002178066622 | PBC | Orai1 | GZMC- NK
Supplementary Data 17	mouse	465	NK	1.28564078471632e-06 | 0.347322301793748 | 0.822 | 0.613 | 0.0283869485265364 | PBC | Eef1g | GZMC- NK
Supplementary Data 17	mouse	466	NK	1.3044391767812e-06 | 0.409542019874129 | 0.315 | 0.108 | 0.028802017023329 | PBC | Cdk6 | GZMC- NK
Supplementary Data 17	mouse	467	NK	1.31041789962373e-06 | 0.474803378640743 | 0.447 | 0.211 | 0.028934027223692 | PBC | Serpina3g | GZMC- NK
Supplementary Data 17	mouse	468	NK	1.51002530746144e-06 | 0.416964567469609 | 0.817 | 0.649 | 0.0333413587887485 | PBC | Ly6e | GZMC- NK
Supplementary Data 17	mouse	469	NK	1.55174886393277e-06 | 0.300825388945853 | 0.411 | 0.186 | 0.0342626149156356 | PBC | Rpl9-ps6 | GZMC- NK
Supplementary Data 17	mouse	470	NK	1.56208439603448e-06 | 0.302490436069356 | 0.397 | 0.175 | 0.0344908234644412 | PBC | Snrpd3 | GZMC- NK
Supplementary Data 17	mouse	471	NK	1.82380518631981e-06 | 0.316889575229984 | 0.986 | 0.964 | 0.0402696185139414 | PBC | Cd52 | GZMC- NK
Supplementary Data 17	mouse	472	NK	1.8669927052521e-06 | 0.393279018687265 | 0.863 | 0.727 | 0.0412231989319664 | PBC | Rpl35 | GZMC- NK
Supplementary Data 17	mouse	473	NK	6.67587170662809e-70 | 2.30523648164417 | 0.987 | 0.426 | 1.47403247282348e-65 | Control | Alb | GZMC+ NK
Supplementary Data 17	mouse	474	NK	1.0522522724757e-23 | 1.23691444895673 | 0.779 | 0.181 | 2.32337301762634e-19 | Control | Apoa2 | GZMC+ NK
Supplementary Data 17	mouse	475	NK	4.92864982169932e-22 | 0.959306666375137 | 0.584 | 0.037 | 1.08824588063121e-17 | Control | Gc | GZMC+ NK
Supplementary Data 17	mouse	476	NK	7.48827683959998e-19 | 0.851805055797321 | 0.974 | 0.84 | 1.65341152618367e-14 | Control | Apoe | GZMC+ NK
Supplementary Data 17	mouse	477	NK	1.3992474645902e-17 | 0.933779788488309 | 0.87 | 0.5 | 3.08953840181516e-13 | Control | Trf | GZMC+ NK
Supplementary Data 17	mouse	478	NK	1.66297615640524e-17 | 0.804905732705371 | 0.506 | 0.043 | 3.67185135334277e-13 | Control | Cyp2e1 | GZMC+ NK
Supplementary Data 17	mouse	479	NK	2.63745807428194e-17 | 0.910764530261054 | 0.532 | 0.074 | 5.82350742801452e-13 | Control | Ttr | GZMC+ NK
Supplementary Data 17	mouse	480	NK	4.06443609380244e-17 | 0.847914863376649 | 0.481 | 0.037 | 8.97427489511578e-13 | Control | Serpina1b | GZMC+ NK
Supplementary Data 17	mouse	481	NK	1.26571398067301e-15 | 0.905617544141176 | 0.597 | 0.138 | 2.79469646932601e-11 | Control | Apoa1 | GZMC+ NK
Supplementary Data 17	mouse	482	NK	3.22546525461006e-15 | 0.850149489049857 | 0.494 | 0.064 | 7.121827282179e-11 | Control | Apob | GZMC+ NK
Supplementary Data 17	mouse	483	NK	5.73209857028814e-15 | 0.845905461950632 | 0.442 | 0.037 | 1.26564736431962e-10 | Control | Serpina1a | GZMC+ NK
Supplementary Data 17	mouse	484	NK	9.68077701030815e-15 | 0.768289960176849 | 0.403 | 0.021 | 2.13751556387604e-10 | Control | Ces1c | GZMC+ NK
Supplementary Data 17	mouse	485	NK	1.94017178138295e-13 | 0.714864548228718 | 0.351 | 0.016 | 4.28389929329355e-09 | Control | Bhmt | GZMC+ NK
Supplementary Data 17	mouse	486	NK	3.49715891082456e-13 | 0.698034915677446 | 0.364 | 0.021 | 7.72172687510063e-09 | Control | Serpina1c | GZMC+ NK
Supplementary Data 17	mouse	487	NK	7.59242185521411e-13 | 0.771010974954265 | 0.481 | 0.09 | 1.67640674563128e-08 | Control | Ahsg | GZMC+ NK
Supplementary Data 17	mouse	488	NK	2.2298098330342e-12 | 0.727492525896783 | 0.416 | 0.064 | 4.9234201113395e-08 | Control | Scd1 | GZMC+ NK
Supplementary Data 17	mouse	489	NK	2.39464018333888e-12 | 0.62459229497142 | 0.364 | 0.027 | 5.28736552481226e-08 | Control | Mup3 | GZMC+ NK
Supplementary Data 17	mouse	490	NK	2.98986515615404e-12 | 0.754132244875518 | 0.779 | 0.457 | 6.60162226478813e-08 | Control | Selenop | GZMC+ NK
Supplementary Data 17	mouse	491	NK	4.04675858417301e-12 | 0.838273438420274 | 0.481 | 0.112 | 8.93524295385401e-08 | Control | Fabp1 | GZMC+ NK
Supplementary Data 17	mouse	492	NK	7.42897060033817e-12 | 0.709458877513558 | 0.649 | 0.218 | 1.64031670855467e-07 | Control | C3 | GZMC+ NK
Supplementary Data 17	mouse	493	NK	1.13156735262171e-11 | 0.692373061775684 | 0.377 | 0.043 | 2.49850071458873e-07 | Control | Serpina3k | GZMC+ NK
Supplementary Data 17	mouse	494	NK	2.13062200273342e-10 | 0.598748480215053 | 0.338 | 0.048 | 4.7044133820354e-06 | Control | Kng1 | GZMC+ NK
Supplementary Data 17	mouse	495	NK	2.16013552553566e-10 | 0.611927947541824 | 0.273 | 0.011 | 4.76957924038273e-06 | Control | Mug1 | GZMC+ NK
Supplementary Data 17	mouse	496	NK	2.22487395605878e-09 | 0.487052971600474 | 0.286 | 0.021 | 4.91252169497778e-05 | Control | Apoh | GZMC+ NK
Supplementary Data 17	mouse	497	NK	3.71737786706669e-09 | 0.781395257627093 | 0.727 | 0.367 | 8.20797033048326e-05 | Control | Klrc1 | GZMC+ NK
Supplementary Data 17	mouse	498	NK	3.87402637204901e-09 | 0.684049311797443 | 0.662 | 0.335 | 8.55385022948422e-05 | Control | Apoc1 | GZMC+ NK
Supplementary Data 17	mouse	499	NK	7.05776247372684e-09 | 0.38551431553179 | 0.221 | 0.005 | 0.000155835395419889 | Control | Cdo1 | GZMC+ NK
Supplementary Data 17	mouse	500	NK	1.98348667851783e-08 | 0.530381066714206 | 0.299 | 0.037 | 0.000437953858616737 | Control | Arl4d | GZMC+ NK
Supplementary Data 17	mouse	501	NK	3.96867020299913e-08 | 0.692249199410183 | 0.455 | 0.128 | 0.000876282380822208 | Control | Klf3 | GZMC+ NK
Supplementary Data 17	mouse	502	NK	4.78495437946664e-08 | 0.574289778583628 | 0.429 | 0.122 | 0.00105651792698624 | Control | Fgb | GZMC+ NK
Supplementary Data 17	mouse	503	NK	1.98076913788796e-07 | 0.300930096611021 | 0.143 | 0 | 0.00437353825645662 | Control | Hamp2 | GZMC+ NK
Supplementary Data 17	mouse	504	NK	2.02415531369361e-07 | 0.414142821470539 | 0.208 | 0.011 | 0.00446933493263549 | Control | Plg | GZMC+ NK
Supplementary Data 17	mouse	505	NK	2.11884693121404e-07 | 0.5109825066163 | 0.26 | 0.032 | 0.00467841402412061 | Control | Cyp3a11 | GZMC+ NK
Supplementary Data 17	mouse	506	NK	2.1943241263978e-07 | 0.489493845630572 | 0.273 | 0.037 | 0.00484506767108634 | Control | Serpina1d | GZMC+ NK
Supplementary Data 17	mouse	507	NK	2.26504173221322e-07 | 0.345496197039305 | 0.208 | 0.011 | 0.00500121214472678 | Control | Hpd | GZMC+ NK
Supplementary Data 17	mouse	508	NK	2.40885031916059e-07 | 0.405144011479421 | 0.935 | 0.904 | 0.00531874150470659 | Control | Gimap3 | GZMC+ NK
Supplementary Data 17	mouse	509	NK	2.43140948775812e-07 | 0.426061182033066 | 0.234 | 0.021 | 0.00536855214896992 | Control | Car3 | GZMC+ NK
Supplementary Data 17	mouse	510	NK	2.44914213941398e-07 | 0.575570241330392 | 0.338 | 0.074 | 0.00540770584382608 | Control | Apoc3 | GZMC+ NK
Supplementary Data 17	mouse	511	NK	2.48887059589729e-07 | 0.454694913842435 | 0.182 | 0.005 | 0.00549542627574122 | Control | Gsta3 | GZMC+ NK
Supplementary Data 17	mouse	512	NK	2.62418574021051e-07 | 0.411316076081756 | 0.182 | 0.005 | 0.0057942021143848 | Control | Hamp | GZMC+ NK
Supplementary Data 17	mouse	513	NK	5.36565346755288e-07 | 0.657854503485445 | 0.286 | 0.064 | 0.0118473628563567 | Control | Mmp9 | GZMC+ NK
Supplementary Data 17	mouse	514	NK	5.49770273833735e-07 | 0.400652039531739 | 0.831 | 0.697 | 0.0121389276462489 | Control | Ccnd3 | GZMC+ NK
Supplementary Data 17	mouse	515	NK	9.54722604340402e-07 | 0.479879279900105 | 0.312 | 0.059 | 0.0210802751038361 | Control | Fgg | GZMC+ NK
Supplementary Data 17	mouse	516	NK	7.57584135619731e-22 | 1.00093322090803 | 0.596 | 0.013 | 1.67274577144837e-17 | PBC | Marco | GZMC+ NK
Supplementary Data 17	mouse	517	NK	9.97109360809513e-22 | 1.21599798695681 | 0.755 | 0.13 | 2.20161746866741e-17 | PBC | S100a9 | GZMC+ NK
Supplementary Data 17	mouse	518	NK	1.36201889406487e-17 | 0.939073899144411 | 0.59 | 0.052 | 3.00733771809524e-13 | PBC | S100a8 | GZMC+ NK
Supplementary Data 17	mouse	519	NK	9.11758588107053e-16 | 0.850226441463932 | 0.415 | 0 | 2.01316296254037e-11 | PBC | Ighg1 | GZMC+ NK
Supplementary Data 17	mouse	520	NK	3.34332392710505e-12 | 0.881451715610555 | 0.601 | 0.143 | 7.38205923104795e-08 | PBC | Igkc | GZMC+ NK
Supplementary Data 17	mouse	521	NK	6.47477720510052e-12 | 0.636153010310142 | 0.404 | 0.026 | 1.4296308068862e-07 | PBC | Cxcl13 | GZMC+ NK
Supplementary Data 17	mouse	522	NK	3.15212902372838e-11 | 0.361326600948722 | 1 | 1 | 6.95990088439227e-07 | PBC | Rps20 | GZMC+ NK
Supplementary Data 17	mouse	523	NK	6.82412162754806e-11 | 1.1516533941428 | 0.463 | 0.065 | 1.50676605536261e-06 | PBC | Ly6a | GZMC+ NK
Supplementary Data 17	mouse	524	NK	1.19018413906824e-10 | 0.957742533829053 | 0.415 | 0.039 | 2.62792657906268e-06 | PBC | Plac8 | GZMC+ NK
Supplementary Data 17	mouse	525	NK	6.96193473406261e-10 | 1.19123988323726 | 0.755 | 0.39 | 1.53719518928102e-05 | PBC | Cd74 | GZMC+ NK
Supplementary Data 17	mouse	526	NK	1.17411490908431e-09 | 0.621723016481567 | 0.41 | 0.065 | 2.59244571925815e-05 | PBC | Ctla4 | GZMC+ NK
Supplementary Data 17	mouse	527	NK	2.48988951967177e-09 | 0.348813898628793 | 0.995 | 1 | 5.49767605943527e-05 | PBC | Rpl32 | GZMC+ NK
Supplementary Data 17	mouse	528	NK	7.85670801702748e-09 | 0.631942009248365 | 0.415 | 0.065 | 0.000173476113015967 | PBC | Capg | GZMC+ NK
Supplementary Data 17	mouse	529	NK	6.65565344875965e-08 | 0.528746062707643 | 0.952 | 0.883 | 0.00146956828148613 | PBC | Bhlhe40 | GZMC+ NK
Supplementary Data 17	mouse	530	NK	6.81376869771933e-08 | 0.370350980879739 | 0.213 | 0 | 0.00150448012845643 | PBC | Lcn2 | GZMC+ NK
Supplementary Data 17	mouse	531	NK	1.1653733088413e-07 | 0.496100586700895 | 0.936 | 0.805 | 0.00257314426592159 | PBC | Mndal | GZMC+ NK
Supplementary Data 17	mouse	532	NK	1.25392698765164e-07 | 0.632095385996814 | 0.585 | 0.221 | 0.00276867078873482 | PBC | Lyz2 | GZMC+ NK
Supplementary Data 17	mouse	533	NK	1.26730149243481e-07 | 1.97307884439791 | 0.537 | 0.234 | 0.00279820169529607 | PBC | Gzmc | GZMC+ NK
Supplementary Data 17	mouse	534	NK	1.59824727163105e-07 | 0.385367349629974 | 0.202 | 0 | 0.00352892997576136 | PBC | Ngp | GZMC+ NK
Supplementary Data 17	mouse	535	NK	1.92447390379343e-07 | 0.863502868537601 | 0.771 | 0.455 | 0.0042492383795759 | PBC | Ctla2a | GZMC+ NK
Supplementary Data 17	mouse	536	NK	2.01854689227369e-07 | 0.348305486872736 | 1 | 1 | 0.0044569515381403 | PBC | Rps19 | GZMC+ NK
Supplementary Data 17	mouse	537	NK	2.08243224415591e-07 | 0.449008485782798 | 0.729 | 0.364 | 0.00459801039509624 | PBC | Dgat1 | GZMC+ NK
Supplementary Data 17	mouse	538	NK	2.2178877963541e-07 | 0.883023911022358 | 0.649 | 0.325 | 0.00489709625434985 | PBC | Nfkbiz | GZMC+ NK
Supplementary Data 17	mouse	539	NK	2.44032852823058e-07 | 0.323315958665958 | 0.197 | 0 | 0.00538824539033312 | PBC | Pmaip1 | GZMC+ NK
Supplementary Data 17	mouse	540	NK	2.59459292012059e-07 | 0.424737659314957 | 0.261 | 0.013 | 0.00572886116762626 | PBC | Ifi211 | GZMC+ NK
Supplementary Data 17	mouse	541	NK	2.80487904274888e-07 | 0.523186517513537 | 0.713 | 0.351 | 0.00619317292638953 | PBC | Pglyrp1 | GZMC+ NK
Supplementary Data 17	mouse	542	NK	3.41448076184373e-07 | 0.586651879248485 | 0.723 | 0.364 | 0.00753917352215096 | PBC | Ubald2 | GZMC+ NK
Supplementary Data 17	mouse	543	NK	3.8333122346676e-07 | 0.417994130726512 | 0.984 | 0.909 | 0.00846395341414605 | PBC | Tnfaip3 | GZMC+ NK
Supplementary Data 17	mouse	544	NK	6.36856144050846e-07 | 0.817257476136249 | 0.66 | 0.39 | 0.0140617836606427 | PBC | Odc1 | GZMC+ NK
Supplementary Data 17	mouse	545	NK	7.48694120182514e-07 | 0.309954368118124 | 1 | 1 | 0.0165311661736299 | PBC | Rpl28 | GZMC+ NK
Supplementary Data 17	mouse	1070	NK	9.27933102363561e-12 | 0.515737312527424 | 0.875 | 0.783 | 2.04887629001874e-07 | PBC | Wnk1 | Th1-like
Supplementary Data 17	mouse	1111	NK	2.15708020943774e-08 | 0.421349581656609 | 0.395 | 0.193 | 0.000476283310243852 | PBC | Tank | Th1-like
Supplementary Data 18	unspecified	2	NK	Regulon | GZMC- NK | Treg | Effector CD8+ T | Klra9+ T | Il17a+ gdT | Gzmb+ gdT | GZMC+ NK | Th1 | Memory CD8+ T | Naive CD4+ T | Naive CD8+ T | ILC2
