grid_id	scenario	description	disease_causal_signals	qtl_causal_signals	replicates	seed	disease_N	qtl_N	maf	causal_r2	susie_L	p12	LD_template	primary_method	sensitivity	template_allocation	disease_beta1	disease_beta2_multiplier	qtl_beta1	qtl_beta2_multiplier
R7B1C_G001	S1_one_shared	one shared causal	1	1	1000	20261002	24510	750	0.05	0.2	5	1e-06	GJOKA_locus2_or_locus4_or_OneK_sourceLD	coloc.susie matched source LD	mismatched LD only in S6; coloc.abf for screen	odd_rep=T_L02_NK_PF10;even_rep=T_L04_B_IN_PF10	0.11332868530700327	-0.8	0.3	-0.8
R7B1C_G002	S1_one_shared	one shared causal	1	1	1000	20261019	24510	750	0.05	0.2	5	1e-05	GJOKA_locus2_or_locus4_or_OneK_sourceLD	coloc.susie matched source LD	mismatched LD only in S6; coloc.abf for screen	odd_rep=T_L02_NK_PF10;even_rep=T_L04_B_IN_PF10	0.11332868530700327	-0.8	0.3	-0.8
R7B1C_G003	S1_one_shared	one shared causal	1	1	1000	20261036	24510	750	0.05	0.2	5	0.0001	GJOKA_locus2_or_locus4_or_OneK_sourceLD	coloc.susie matched source LD	mismatched LD only in S6; coloc.abf for screen	odd_rep=T_L02_NK_PF10;even_rep=T_L04_B_IN_PF10	0.11332868530700327	-0.8	0.3	-0.8
R7B1C_G004	S1_one_shared	one shared causal	1	1	1000	20261053	24510	750	0.05	0.2	10	1e-06	GJOKA_locus2_or_locus4_or_OneK_sourceLD	coloc.susie matched source LD	mismatched LD only in S6; coloc.abf for screen	odd_rep=T_L02_NK_PF10;even_rep=T_L04_B_IN_PF10	0.11332868530700327	-0.8	0.3	-0.8
R7B1C_G005	S1_one_shared	one shared causal	1	1	1000	20261070	24510	750	0.05	0.2	10	1e-05	GJOKA_locus2_or_locus4_or_OneK_sourceLD	coloc.susie matched source LD	mismatched LD only in S6; coloc.abf for screen	odd_rep=T_L02_NK_PF10;even_rep=T_L04_B_IN_PF10	0.11332868530700327	-0.8	0.3	-0.8
R7B1C_G006	S1_one_shared	one shared causal	1	1	1000	20261087	24510	750	0.05	0.2	10	0.0001	GJOKA_locus2_or_locus4_or_OneK_sourceLD	coloc.susie matched source LD	mismatched LD only in S6; coloc.abf for screen	odd_rep=T_L02_NK_PF10;even_rep=T_L04_B_IN_PF10	0.11332868530700327	-0.8	0.3	-0.8
R7B1C_G007	S1_one_shared	one shared causal	1	1	1000	20261104	24510	750	0.05	0.2	20	1e-06	GJOKA_locus2_or_locus4_or_OneK_sourceLD	coloc.susie matched source LD	mismatched LD only in S6; coloc.abf for screen	odd_rep=T_L02_NK_PF10;even_rep=T_L04_B_IN_PF10	0.11332868530700327	-0.8	0.3	-0.8
R7B1C_G008	S1_one_shared	one shared causal	1	1	1000	20261121	24510	750	0.05	0.2	20	1e-05	GJOKA_locus2_or_locus4_or_OneK_sourceLD	coloc.susie matched source LD	mismatched LD only in S6; coloc.abf for screen	odd_rep=T_L02_NK_PF10;even_rep=T_L04_B_IN_PF10	0.11332868530700327	-0.8	0.3	-0.8
R7B1C_G009	S1_one_shared	one shared causal	1	1	1000	20261138	24510	750	0.05	0.2	20	0.0001	GJOKA_locus2_or_locus4_or_OneK_sourceLD	coloc.susie matched source LD	mismatched LD only in S6; coloc.abf for screen	odd_rep=T_L02_NK_PF10;even_rep=T_L04_B_IN_PF10	0.11332868530700327	-0.8	0.3	-0.8
R7B1C_G010	S1_one_shared	one shared causal	1	1	1000	20261155	24510	750	0.05	0.5	5	1e-06	GJOKA_locus2_or_locus4_or_OneK_sourceLD	coloc.susie matched source LD	mismatched LD only in S6; coloc.abf for screen	odd_rep=T_L02_NK_PF10;even_rep=T_L04_B_IN_PF10	0.11332868530700327	-0.8	0.3	-0.8
R7B1C_G011	S1_one_shared	one shared causal	1	1	1000	20261172	24510	750	0.05	0.5	5	1e-05	GJOKA_locus2_or_locus4_or_OneK_sourceLD	coloc.susie matched source LD	mismatched LD only in S6; coloc.abf for screen	odd_rep=T_L02_NK_PF10;even_rep=T_L04_B_IN_PF10	0.11332868530700327	-0.8	0.3	-0.8
R7B1C_G012	S1_one_shared	one shared causal	1	1	1000	20261189	24510	750	0.05	0.5	5	0.0001	GJOKA_locus2_or_locus4_or_OneK_sourceLD	coloc.susie matched source LD	mismatched LD only in S6; coloc.abf for screen	odd_rep=T_L02_NK_PF10;even_rep=T_L04_B_IN_PF10	0.11332868530700327	-0.8	0.3	-0.8
R7B1C_G013	S1_one_shared	one shared causal	1	1	1000	20261206	24510	750	0.05	0.5	10	1e-06	GJOKA_locus2_or_locus4_or_OneK_sourceLD	coloc.susie matched source LD	mismatched LD only in S6; coloc.abf for screen	odd_rep=T_L02_NK_PF10;even_rep=T_L04_B_IN_PF10	0.11332868530700327	-0.8	0.3	-0.8
R7B1C_G014	S1_one_shared	one shared causal	1	1	1000	20261223	24510	750	0.05	0.5	10	1e-05	GJOKA_locus2_or_locus4_or_OneK_sourceLD	coloc.susie matched source LD	mismatched LD only in S6; coloc.abf for screen	odd_rep=T_L02_NK_PF10;even_rep=T_L04_B_IN_PF10	0.11332868530700327	-0.8	0.3	-0.8
R7B1C_G015	S1_one_shared	one shared causal	1	1	1000	20261240	24510	750	0.05	0.5	10	0.0001	GJOKA_locus2_or_locus4_or_OneK_sourceLD	coloc.susie matched source LD	mismatched LD only in S6; coloc.abf for screen	odd_rep=T_L02_NK_PF10;even_rep=T_L04_B_IN_PF10	0.11332868530700327	-0.8	0.3	-0.8
R7B1C_G016	S1_one_shared	one shared causal	1	1	1000	20261257	24510	750	0.05	0.5	20	1e-06	GJOKA_locus2_or_locus4_or_OneK_sourceLD	coloc.susie matched source LD	mismatched LD only in S6; coloc.abf for screen	odd_rep=T_L02_NK_PF10;even_rep=T_L04_B_IN_PF10	0.11332868530700327	-0.8	0.3	-0.8
R7B1C_G017	S1_one_shared	one shared causal	1	1	1000	20261274	24510	750	0.05	0.5	20	1e-05	GJOKA_locus2_or_locus4_or_OneK_sourceLD	coloc.susie matched source LD	mismatched LD only in S6; coloc.abf for screen	odd_rep=T_L02_NK_PF10;even_rep=T_L04_B_IN_PF10	0.11332868530700327	-0.8	0.3	-0.8
R7B1C_G018	S1_one_shared	one shared causal	1	1	1000	20261291	24510	750	0.05	0.5	20	0.0001	GJOKA_locus2_or_locus4_or_OneK_sourceLD	coloc.susie matched source LD	mismatched LD only in S6; coloc.abf for screen	odd_rep=T_L02_NK_PF10;even_rep=T_L04_B_IN_PF10	0.11332868530700327	-0.8	0.3	-0.8
R7B1C_G019	S1_one_shared	one shared causal	1	1	1000	20261308	24510	750	0.05	0.8	5	1e-06	GJOKA_locus2_or_locus4_or_OneK_sourceLD	coloc.susie matched source LD	mismatched LD only in S6; coloc.abf for screen	odd_rep=T_L02_NK_PF10;even_rep=T_L04_B_IN_PF10	0.11332868530700327	-0.8	0.3	-0.8
R7B1C_G020	S1_one_shared	one shared causal	1	1	1000	20261325	24510	750	0.05	0.8	5	1e-05	GJOKA_locus2_or_locus4_or_OneK_sourceLD	coloc.susie matched source LD	mismatched LD only in S6; coloc.abf for screen	odd_rep=T_L02_NK_PF10;even_rep=T_L04_B_IN_PF10	0.11332868530700327	-0.8	0.3	-0.8
R7B1C_G021	S1_one_shared	one shared causal	1	1	1000	20261342	24510	750	0.05	0.8	5	0.0001	GJOKA_locus2_or_locus4_or_OneK_sourceLD	coloc.susie matched source LD	mismatched LD only in S6; coloc.abf for screen	odd_rep=T_L02_NK_PF10;even_rep=T_L04_B_IN_PF10	0.11332868530700327	-0.8	0.3	-0.8
R7B1C_G022	S1_one_shared	one shared causal	1	1	1000	20261359	24510	750	0.05	0.8	10	1e-06	GJOKA_locus2_or_locus4_or_OneK_sourceLD	coloc.susie matched source LD	mismatched LD only in S6; coloc.abf for screen	odd_rep=T_L02_NK_PF10;even_rep=T_L04_B_IN_PF10	0.11332868530700327	-0.8	0.3	-0.8
R7B1C_G023	S1_one_shared	one shared causal	1	1	1000	20261376	24510	750	0.05	0.8	10	1e-05	GJOKA_locus2_or_locus4_or_OneK_sourceLD	coloc.susie matched source LD	mismatched LD only in S6; coloc.abf for screen	odd_rep=T_L02_NK_PF10;even_rep=T_L04_B_IN_PF10	0.11332868530700327	-0.8	0.3	-0.8
R7B1C_G024	S1_one_shared	one shared causal	1	1	1000	20261393	24510	750	0.05	0.8	10	0.0001	GJOKA_locus2_or_locus4_or_OneK_sourceLD	coloc.susie matched source LD	mismatched LD only in S6; coloc.abf for screen	odd_rep=T_L02_NK_PF10;even_rep=T_L04_B_IN_PF10	0.11332868530700327	-0.8	0.3	-0.8
R7B1C_G025	S1_one_shared	one shared causal	1	1	1000	20261410	24510	750	0.05	0.8	20	1e-06	GJOKA_locus2_or_locus4_or_OneK_sourceLD	coloc.susie matched source LD	mismatched LD only in S6; coloc.abf for screen	odd_rep=T_L02_NK_PF10;even_rep=T_L04_B_IN_PF10	0.11332868530700327	-0.8	0.3	-0.8
R7B1C_G026	S1_one_shared	one shared causal	1	1	1000	20261427	24510	750	0.05	0.8	20	1e-05	GJOKA_locus2_or_locus4_or_OneK_sourceLD	coloc.susie matched source LD	mismatched LD only in S6; coloc.abf for screen	odd_rep=T_L02_NK_PF10;even_rep=T_L04_B_IN_PF10	0.11332868530700327	-0.8	0.3	-0.8
R7B1C_G027	S1_one_shared	one shared causal	1	1	1000	20261444	24510	750	0.05	0.8	20	0.0001	GJOKA_locus2_or_locus4_or_OneK_sourceLD	coloc.susie matched source LD	mismatched LD only in S6; coloc.abf for screen	odd_rep=T_L02_NK_PF10;even_rep=T_L04_B_IN_PF10	0.11332868530700327	-0.8	0.3	-0.8
R7B1C_G028	S1_one_shared	one shared causal	1	1	1000	20261461	24510	750	0.2	0.2	5	1e-06	GJOKA_locus2_or_locus4_or_OneK_sourceLD	coloc.susie matched source LD	mismatched LD only in S6; coloc.abf for screen	odd_rep=T_L02_NK_PF10;even_rep=T_L04_B_IN_PF10	0.11332868530700327	-0.8	0.3	-0.8
R7B1C_G029	S1_one_shared	one shared causal	1	1	1000	20261478	24510	750	0.2	0.2	5	1e-05	GJOKA_locus2_or_locus4_or_OneK_sourceLD	coloc.susie matched source LD	mismatched LD only in S6; coloc.abf for screen	odd_rep=T_L02_NK_PF10;even_rep=T_L04_B_IN_PF10	0.11332868530700327	-0.8	0.3	-0.8
R7B1C_G030	S1_one_shared	one shared causal	1	1	1000	20261495	24510	750	0.2	0.2	5	0.0001	GJOKA_locus2_or_locus4_or_OneK_sourceLD	coloc.susie matched source LD	mismatched LD only in S6; coloc.abf for screen	odd_rep=T_L02_NK_PF10;even_rep=T_L04_B_IN_PF10	0.11332868530700327	-0.8	0.3	-0.8
R7B1C_G031	S1_one_shared	one shared causal	1	1	1000	20261512	24510	750	0.2	0.2	10	1e-06	GJOKA_locus2_or_locus4_or_OneK_sourceLD	coloc.susie matched source LD	mismatched LD only in S6; coloc.abf for screen	odd_rep=T_L02_NK_PF10;even_rep=T_L04_B_IN_PF10	0.11332868530700327	-0.8	0.3	-0.8
R7B1C_G032	S1_one_shared	one shared causal	1	1	1000	20261529	24510	750	0.2	0.2	10	1e-05	GJOKA_locus2_or_locus4_or_OneK_sourceLD	coloc.susie matched source LD	mismatched LD only in S6; coloc.abf for screen	odd_rep=T_L02_NK_PF10;even_rep=T_L04_B_IN_PF10	0.11332868530700327	-0.8	0.3	-0.8
R7B1C_G033	S1_one_shared	one shared causal	1	1	1000	20261546	24510	750	0.2	0.2	10	0.0001	GJOKA_locus2_or_locus4_or_OneK_sourceLD	coloc.susie matched source LD	mismatched LD only in S6; coloc.abf for screen	odd_rep=T_L02_NK_PF10;even_rep=T_L04_B_IN_PF10	0.11332868530700327	-0.8	0.3	-0.8
R7B1C_G034	S1_one_shared	one shared causal	1	1	1000	20261563	24510	750	0.2	0.2	20	1e-06	GJOKA_locus2_or_locus4_or_OneK_sourceLD	coloc.susie matched source LD	mismatched LD only in S6; coloc.abf for screen	odd_rep=T_L02_NK_PF10;even_rep=T_L04_B_IN_PF10	0.11332868530700327	-0.8	0.3	-0.8
R7B1C_G035	S1_one_shared	one shared causal	1	1	1000	20261580	24510	750	0.2	0.2	20	1e-05	GJOKA_locus2_or_locus4_or_OneK_sourceLD	coloc.susie matched source LD	mismatched LD only in S6; coloc.abf for screen	odd_rep=T_L02_NK_PF10;even_rep=T_L04_B_IN_PF10	0.11332868530700327	-0.8	0.3	-0.8
R7B1C_G036	S1_one_shared	one shared causal	1	1	1000	20261597	24510	750	0.2	0.2	20	0.0001	GJOKA_locus2_or_locus4_or_OneK_sourceLD	coloc.susie matched source LD	mismatched LD only in S6; coloc.abf for screen	odd_rep=T_L02_NK_PF10;even_rep=T_L04_B_IN_PF10	0.11332868530700327	-0.8	0.3	-0.8
R7B1C_G037	S1_one_shared	one shared causal	1	1	1000	20261614	24510	750	0.2	0.5	5	1e-06	GJOKA_locus2_or_locus4_or_OneK_sourceLD	coloc.susie matched source LD	mismatched LD only in S6; coloc.abf for screen	odd_rep=T_L02_NK_PF10;even_rep=T_L04_B_IN_PF10	0.11332868530700327	-0.8	0.3	-0.8
R7B1C_G038	S1_one_shared	one shared causal	1	1	1000	20261631	24510	750	0.2	0.5	5	1e-05	GJOKA_locus2_or_locus4_or_OneK_sourceLD	coloc.susie matched source LD	mismatched LD only in S6; coloc.abf for screen	odd_rep=T_L02_NK_PF10;even_rep=T_L04_B_IN_PF10	0.11332868530700327	-0.8	0.3	-0.8
R7B1C_G039	S1_one_shared	one shared causal	1	1	1000	20261648	24510	750	0.2	0.5	5	0.0001	GJOKA_locus2_or_locus4_or_OneK_sourceLD	coloc.susie matched source LD	mismatched LD only in S6; coloc.abf for screen	odd_rep=T_L02_NK_PF10;even_rep=T_L04_B_IN_PF10	0.11332868530700327	-0.8	0.3	-0.8
R7B1C_G040	S1_one_shared	one shared causal	1	1	1000	20261665	24510	750	0.2	0.5	10	1e-06	GJOKA_locus2_or_locus4_or_OneK_sourceLD	coloc.susie matched source LD	mismatched LD only in S6; coloc.abf for screen	odd_rep=T_L02_NK_PF10;even_rep=T_L04_B_IN_PF10	0.11332868530700327	-0.8	0.3	-0.8
R7B1C_G041	S1_one_shared	one shared causal	1	1	1000	20261682	24510	750	0.2	0.5	10	1e-05	GJOKA_locus2_or_locus4_or_OneK_sourceLD	coloc.susie matched source LD	mismatched LD only in S6; coloc.abf for screen	odd_rep=T_L02_NK_PF10;even_rep=T_L04_B_IN_PF10	0.11332868530700327	-0.8	0.3	-0.8
R7B1C_G042	S1_one_shared	one shared causal	1	1	1000	20261699	24510	750	0.2	0.5	10	0.0001	GJOKA_locus2_or_locus4_or_OneK_sourceLD	coloc.susie matched source LD	mismatched LD only in S6; coloc.abf for screen	odd_rep=T_L02_NK_PF10;even_rep=T_L04_B_IN_PF10	0.11332868530700327	-0.8	0.3	-0.8
R7B1C_G043	S1_one_shared	one shared causal	1	1	1000	20261716	24510	750	0.2	0.5	20	1e-06	GJOKA_locus2_or_locus4_or_OneK_sourceLD	coloc.susie matched source LD	mismatched LD only in S6; coloc.abf for screen	odd_rep=T_L02_NK_PF10;even_rep=T_L04_B_IN_PF10	0.11332868530700327	-0.8	0.3	-0.8
R7B1C_G044	S1_one_shared	one shared causal	1	1	1000	20261733	24510	750	0.2	0.5	20	1e-05	GJOKA_locus2_or_locus4_or_OneK_sourceLD	coloc.susie matched source LD	mismatched LD only in S6; coloc.abf for screen	odd_rep=T_L02_NK_PF10;even_rep=T_L04_B_IN_PF10	0.11332868530700327	-0.8	0.3	-0.8
R7B1C_G045	S1_one_shared	one shared causal	1	1	1000	20261750	24510	750	0.2	0.5	20	0.0001	GJOKA_locus2_or_locus4_or_OneK_sourceLD	coloc.susie matched source LD	mismatched LD only in S6; coloc.abf for screen	odd_rep=T_L02_NK_PF10;even_rep=T_L04_B_IN_PF10	0.11332868530700327	-0.8	0.3	-0.8
R7B1C_G046	S1_one_shared	one shared causal	1	1	1000	20261767	24510	750	0.2	0.8	5	1e-06	GJOKA_locus2_or_locus4_or_OneK_sourceLD	coloc.susie matched source LD	mismatched LD only in S6; coloc.abf for screen	odd_rep=T_L02_NK_PF10;even_rep=T_L04_B_IN_PF10	0.11332868530700327	-0.8	0.3	-0.8
R7B1C_G047	S1_one_shared	one shared causal	1	1	1000	20261784	24510	750	0.2	0.8	5	1e-05	GJOKA_locus2_or_locus4_or_OneK_sourceLD	coloc.susie matched source LD	mismatched LD only in S6; coloc.abf for screen	odd_rep=T_L02_NK_PF10;even_rep=T_L04_B_IN_PF10	0.11332868530700327	-0.8	0.3	-0.8
R7B1C_G048	S1_one_shared	one shared causal	1	1	1000	20261801	24510	750	0.2	0.8	5	0.0001	GJOKA_locus2_or_locus4_or_OneK_sourceLD	coloc.susie matched source LD	mismatched LD only in S6; coloc.abf for screen	odd_rep=T_L02_NK_PF10;even_rep=T_L04_B_IN_PF10	0.11332868530700327	-0.8	0.3	-0.8
R7B1C_G049	S1_one_shared	one shared causal	1	1	1000	20261818	24510	750	0.2	0.8	10	1e-06	GJOKA_locus2_or_locus4_or_OneK_sourceLD	coloc.susie matched source LD	mismatched LD only in S6; coloc.abf for screen	odd_rep=T_L02_NK_PF10;even_rep=T_L04_B_IN_PF10	0.11332868530700327	-0.8	0.3	-0.8
R7B1C_G050	S1_one_shared	one shared causal	1	1	1000	20261835	24510	750	0.2	0.8	10	1e-05	GJOKA_locus2_or_locus4_or_OneK_sourceLD	coloc.susie matched source LD	mismatched LD only in S6; coloc.abf for screen	odd_rep=T_L02_NK_PF10;even_rep=T_L04_B_IN_PF10	0.11332868530700327	-0.8	0.3	-0.8
R7B1C_G051	S1_one_shared	one shared causal	1	1	1000	20261852	24510	750	0.2	0.8	10	0.0001	GJOKA_locus2_or_locus4_or_OneK_sourceLD	coloc.susie matched source LD	mismatched LD only in S6; coloc.abf for screen	odd_rep=T_L02_NK_PF10;even_rep=T_L04_B_IN_PF10	0.11332868530700327	-0.8	0.3	-0.8
R7B1C_G052	S1_one_shared	one shared causal	1	1	1000	20261869	24510	750	0.2	0.8	20	1e-06	GJOKA_locus2_or_locus4_or_OneK_sourceLD	coloc.susie matched source LD	mismatched LD only in S6; coloc.abf for screen	odd_rep=T_L02_NK_PF10;even_rep=T_L04_B_IN_PF10	0.11332868530700327	-0.8	0.3	-0.8
R7B1C_G053	S1_one_shared	one shared causal	1	1	1000	20261886	24510	750	0.2	0.8	20	1e-05	GJOKA_locus2_or_locus4_or_OneK_sourceLD	coloc.susie matched source LD	mismatched LD only in S6; coloc.abf for screen	odd_rep=T_L02_NK_PF10;even_rep=T_L04_B_IN_PF10	0.11332868530700327	-0.8	0.3	-0.8
R7B1C_G054	S1_one_shared	one shared causal	1	1	1000	20261903	24510	750	0.2	0.8	20	0.0001	GJOKA_locus2_or_locus4_or_OneK_sourceLD	coloc.susie matched source LD	mismatched LD only in S6; coloc.abf for screen	odd_rep=T_L02_NK_PF10;even_rep=T_L04_B_IN_PF10	0.11332868530700327	-0.8	0.3	-0.8
R7B1C_G055	S1_one_shared	one shared causal	1	1	1000	20261920	24510	750	0.4	0.2	5	1e-06	GJOKA_locus2_or_locus4_or_OneK_sourceLD	coloc.susie matched source LD	mismatched LD only in S6; coloc.abf for screen	odd_rep=T_L02_NK_PF10;even_rep=T_L04_B_IN_PF10	0.11332868530700327	-0.8	0.3	-0.8
R7B1C_G056	S1_one_shared	one shared causal	1	1	1000	20261937	24510	750	0.4	0.2	5	1e-05	GJOKA_locus2_or_locus4_or_OneK_sourceLD	coloc.susie matched source LD	mismatched LD only in S6; coloc.abf for screen	odd_rep=T_L02_NK_PF10;even_rep=T_L04_B_IN_PF10	0.11332868530700327	-0.8	0.3	-0.8
R7B1C_G057	S1_one_shared	one shared causal	1	1	1000	20261954	24510	750	0.4	0.2	5	0.0001	GJOKA_locus2_or_locus4_or_OneK_sourceLD	coloc.susie matched source LD	mismatched LD only in S6; coloc.abf for screen	odd_rep=T_L02_NK_PF10;even_rep=T_L04_B_IN_PF10	0.11332868530700327	-0.8	0.3	-0.8
R7B1C_G058	S1_one_shared	one shared causal	1	1	1000	20261971	24510	750	0.4	0.2	10	1e-06	GJOKA_locus2_or_locus4_or_OneK_sourceLD	coloc.susie matched source LD	mismatched LD only in S6; coloc.abf for screen	odd_rep=T_L02_NK_PF10;even_rep=T_L04_B_IN_PF10	0.11332868530700327	-0.8	0.3	-0.8
R7B1C_G059	S1_one_shared	one shared causal	1	1	1000	20261988	24510	750	0.4	0.2	10	1e-05	GJOKA_locus2_or_locus4_or_OneK_sourceLD	coloc.susie matched source LD	mismatched LD only in S6; coloc.abf for screen	odd_rep=T_L02_NK_PF10;even_rep=T_L04_B_IN_PF10	0.11332868530700327	-0.8	0.3	-0.8
R7B1C_G060	S1_one_shared	one shared causal	1	1	1000	20262005	24510	750	0.4	0.2	10	0.0001	GJOKA_locus2_or_locus4_or_OneK_sourceLD	coloc.susie matched source LD	mismatched LD only in S6; coloc.abf for screen	odd_rep=T_L02_NK_PF10;even_rep=T_L04_B_IN_PF10	0.11332868530700327	-0.8	0.3	-0.8
R7B1C_G061	S1_one_shared	one shared causal	1	1	1000	20262022	24510	750	0.4	0.2	20	1e-06	GJOKA_locus2_or_locus4_or_OneK_sourceLD	coloc.susie matched source LD	mismatched LD only in S6; coloc.abf for screen	odd_rep=T_L02_NK_PF10;even_rep=T_L04_B_IN_PF10	0.11332868530700327	-0.8	0.3	-0.8
R7B1C_G062	S1_one_shared	one shared causal	1	1	1000	20262039	24510	750	0.4	0.2	20	1e-05	GJOKA_locus2_or_locus4_or_OneK_sourceLD	coloc.susie matched source LD	mismatched LD only in S6; coloc.abf for screen	odd_rep=T_L02_NK_PF10;even_rep=T_L04_B_IN_PF10	0.11332868530700327	-0.8	0.3	-0.8
R7B1C_G063	S1_one_shared	one shared causal	1	1	1000	20262056	24510	750	0.4	0.2	20	0.0001	GJOKA_locus2_or_locus4_or_OneK_sourceLD	coloc.susie matched source LD	mismatched LD only in S6; coloc.abf for screen	odd_rep=T_L02_NK_PF10;even_rep=T_L04_B_IN_PF10	0.11332868530700327	-0.8	0.3	-0.8
R7B1C_G064	S1_one_shared	one shared causal	1	1	1000	20262073	24510	750	0.4	0.5	5	1e-06	GJOKA_locus2_or_locus4_or_OneK_sourceLD	coloc.susie matched source LD	mismatched LD only in S6; coloc.abf for screen	odd_rep=T_L02_NK_PF10;even_rep=T_L04_B_IN_PF10	0.11332868530700327	-0.8	0.3	-0.8
R7B1C_G065	S1_one_shared	one shared causal	1	1	1000	20262090	24510	750	0.4	0.5	5	1e-05	GJOKA_locus2_or_locus4_or_OneK_sourceLD	coloc.susie matched source LD	mismatched LD only in S6; coloc.abf for screen	odd_rep=T_L02_NK_PF10;even_rep=T_L04_B_IN_PF10	0.11332868530700327	-0.8	0.3	-0.8
R7B1C_G066	S1_one_shared	one shared causal	1	1	1000	20262107	24510	750	0.4	0.5	5	0.0001	GJOKA_locus2_or_locus4_or_OneK_sourceLD	coloc.susie matched source LD	mismatched LD only in S6; coloc.abf for screen	odd_rep=T_L02_NK_PF10;even_rep=T_L04_B_IN_PF10	0.11332868530700327	-0.8	0.3	-0.8
R7B1C_G067	S1_one_shared	one shared causal	1	1	1000	20262124	24510	750	0.4	0.5	10	1e-06	GJOKA_locus2_or_locus4_or_OneK_sourceLD	coloc.susie matched source LD	mismatched LD only in S6; coloc.abf for screen	odd_rep=T_L02_NK_PF10;even_rep=T_L04_B_IN_PF10	0.11332868530700327	-0.8	0.3	-0.8
R7B1C_G068	S1_one_shared	one shared causal	1	1	1000	20262141	24510	750	0.4	0.5	10	1e-05	GJOKA_locus2_or_locus4_or_OneK_sourceLD	coloc.susie matched source LD	mismatched LD only in S6; coloc.abf for screen	odd_rep=T_L02_NK_PF10;even_rep=T_L04_B_IN_PF10	0.11332868530700327	-0.8	0.3	-0.8
R7B1C_G069	S1_one_shared	one shared causal	1	1	1000	20262158	24510	750	0.4	0.5	10	0.0001	GJOKA_locus2_or_locus4_or_OneK_sourceLD	coloc.susie matched source LD	mismatched LD only in S6; coloc.abf for screen	odd_rep=T_L02_NK_PF10;even_rep=T_L04_B_IN_PF10	0.11332868530700327	-0.8	0.3	-0.8
R7B1C_G070	S1_one_shared	one shared causal	1	1	1000	20262175	24510	750	0.4	0.5	20	1e-06	GJOKA_locus2_or_locus4_or_OneK_sourceLD	coloc.susie matched source LD	mismatched LD only in S6; coloc.abf for screen	odd_rep=T_L02_NK_PF10;even_rep=T_L04_B_IN_PF10	0.11332868530700327	-0.8	0.3	-0.8
R7B1C_G071	S1_one_shared	one shared causal	1	1	1000	20262192	24510	750	0.4	0.5	20	1e-05	GJOKA_locus2_or_locus4_or_OneK_sourceLD	coloc.susie matched source LD	mismatched LD only in S6; coloc.abf for screen	odd_rep=T_L02_NK_PF10;even_rep=T_L04_B_IN_PF10	0.11332868530700327	-0.8	0.3	-0.8
R7B1C_G072	S1_one_shared	one shared causal	1	1	1000	20262209	24510	750	0.4	0.5	20	0.0001	GJOKA_locus2_or_locus4_or_OneK_sourceLD	coloc.susie matched source LD	mismatched LD only in S6; coloc.abf for screen	odd_rep=T_L02_NK_PF10;even_rep=T_L04_B_IN_PF10	0.11332868530700327	-0.8	0.3	-0.8
R7B1C_G073	S1_one_shared	one shared causal	1	1	1000	20262226	24510	750	0.4	0.8	5	1e-06	GJOKA_locus2_or_locus4_or_OneK_sourceLD	coloc.susie matched source LD	mismatched LD only in S6; coloc.abf for screen	odd_rep=T_L02_NK_PF10;even_rep=T_L04_B_IN_PF10	0.11332868530700327	-0.8	0.3	-0.8
R7B1C_G074	S1_one_shared	one shared causal	1	1	1000	20262243	24510	750	0.4	0.8	5	1e-05	GJOKA_locus2_or_locus4_or_OneK_sourceLD	coloc.susie matched source LD	mismatched LD only in S6; coloc.abf for screen	odd_rep=T_L02_NK_PF10;even_rep=T_L04_B_IN_PF10	0.11332868530700327	-0.8	0.3	-0.8
R7B1C_G075	S1_one_shared	one shared causal	1	1	1000	20262260	24510	750	0.4	0.8	5	0.0001	GJOKA_locus2_or_locus4_or_OneK_sourceLD	coloc.susie matched source LD	mismatched LD only in S6; coloc.abf for screen	odd_rep=T_L02_NK_PF10;even_rep=T_L04_B_IN_PF10	0.11332868530700327	-0.8	0.3	-0.8
R7B1C_G076	S1_one_shared	one shared causal	1	1	1000	20262277	24510	750	0.4	0.8	10	1e-06	GJOKA_locus2_or_locus4_or_OneK_sourceLD	coloc.susie matched source LD	mismatched LD only in S6; coloc.abf for screen	odd_rep=T_L02_NK_PF10;even_rep=T_L04_B_IN_PF10	0.11332868530700327	-0.8	0.3	-0.8
R7B1C_G077	S1_one_shared	one shared causal	1	1	1000	20262294	24510	750	0.4	0.8	10	1e-05	GJOKA_locus2_or_locus4_or_OneK_sourceLD	coloc.susie matched source LD	mismatched LD only in S6; coloc.abf for screen	odd_rep=T_L02_NK_PF10;even_rep=T_L04_B_IN_PF10	0.11332868530700327	-0.8	0.3	-0.8
R7B1C_G078	S1_one_shared	one shared causal	1	1	1000	20262311	24510	750	0.4	0.8	10	0.0001	GJOKA_locus2_or_locus4_or_OneK_sourceLD	coloc.susie matched source LD	mismatched LD only in S6; coloc.abf for screen	odd_rep=T_L02_NK_PF10;even_rep=T_L04_B_IN_PF10	0.11332868530700327	-0.8	0.3	-0.8
R7B1C_G079	S1_one_shared	one shared causal	1	1	1000	20262328	24510	750	0.4	0.8	20	1e-06	GJOKA_locus2_or_locus4_or_OneK_sourceLD	coloc.susie matched source LD	mismatched LD only in S6; coloc.abf for screen	odd_rep=T_L02_NK_PF10;even_rep=T_L04_B_IN_PF10	0.11332868530700327	-0.8	0.3	-0.8
R7B1C_G080	S1_one_shared	one shared causal	1	1	1000	20262345	24510	750	0.4	0.8	20	1e-05	GJOKA_locus2_or_locus4_or_OneK_sourceLD	coloc.susie matched source LD	mismatched LD only in S6; coloc.abf for screen	odd_rep=T_L02_NK_PF10;even_rep=T_L04_B_IN_PF10	0.11332868530700327	-0.8	0.3	-0.8
R7B1C_G081	S1_one_shared	one shared causal	1	1	1000	20262362	24510	750	0.4	0.8	20	0.0001	GJOKA_locus2_or_locus4_or_OneK_sourceLD	coloc.susie matched source LD	mismatched LD only in S6; coloc.abf for screen	odd_rep=T_L02_NK_PF10;even_rep=T_L04_B_IN_PF10	0.11332868530700327	-0.8	0.3	-0.8
R7B1C_G082	S2_distinct_correlated	distinct correlated causal	1	1	1000	20262379	24510	750	0.05	0.2	5	1e-06	GJOKA_locus2_or_locus4_or_OneK_sourceLD	coloc.susie matched source LD	mismatched LD only in S6; coloc.abf for screen	odd_rep=T_L02_NK_PF10;even_rep=T_L04_B_IN_PF10	0.11332868530700327	-0.8	0.3	-0.8
R7B1C_G083	S2_distinct_correlated	distinct correlated causal	1	1	1000	20262396	24510	750	0.05	0.2	5	1e-05	GJOKA_locus2_or_locus4_or_OneK_sourceLD	coloc.susie matched source LD	mismatched LD only in S6; coloc.abf for screen	odd_rep=T_L02_NK_PF10;even_rep=T_L04_B_IN_PF10	0.11332868530700327	-0.8	0.3	-0.8
R7B1C_G084	S2_distinct_correlated	distinct correlated causal	1	1	1000	20262413	24510	750	0.05	0.2	5	0.0001	GJOKA_locus2_or_locus4_or_OneK_sourceLD	coloc.susie matched source LD	mismatched LD only in S6; coloc.abf for screen	odd_rep=T_L02_NK_PF10;even_rep=T_L04_B_IN_PF10	0.11332868530700327	-0.8	0.3	-0.8
R7B1C_G085	S2_distinct_correlated	distinct correlated causal	1	1	1000	20262430	24510	750	0.05	0.2	10	1e-06	GJOKA_locus2_or_locus4_or_OneK_sourceLD	coloc.susie matched source LD	mismatched LD only in S6; coloc.abf for screen	odd_rep=T_L02_NK_PF10;even_rep=T_L04_B_IN_PF10	0.11332868530700327	-0.8	0.3	-0.8
R7B1C_G086	S2_distinct_correlated	distinct correlated causal	1	1	1000	20262447	24510	750	0.05	0.2	10	1e-05	GJOKA_locus2_or_locus4_or_OneK_sourceLD	coloc.susie matched source LD	mismatched LD only in S6; coloc.abf for screen	odd_rep=T_L02_NK_PF10;even_rep=T_L04_B_IN_PF10	0.11332868530700327	-0.8	0.3	-0.8
R7B1C_G087	S2_distinct_correlated	distinct correlated causal	1	1	1000	20262464	24510	750	0.05	0.2	10	0.0001	GJOKA_locus2_or_locus4_or_OneK_sourceLD	coloc.susie matched source LD	mismatched LD only in S6; coloc.abf for screen	odd_rep=T_L02_NK_PF10;even_rep=T_L04_B_IN_PF10	0.11332868530700327	-0.8	0.3	-0.8
R7B1C_G088	S2_distinct_correlated	distinct correlated causal	1	1	1000	20262481	24510	750	0.05	0.2	20	1e-06	GJOKA_locus2_or_locus4_or_OneK_sourceLD	coloc.susie matched source LD	mismatched LD only in S6; coloc.abf for screen	odd_rep=T_L02_NK_PF10;even_rep=T_L04_B_IN_PF10	0.11332868530700327	-0.8	0.3	-0.8
R7B1C_G089	S2_distinct_correlated	distinct correlated causal	1	1	1000	20262498	24510	750	0.05	0.2	20	1e-05	GJOKA_locus2_or_locus4_or_OneK_sourceLD	coloc.susie matched source LD	mismatched LD only in S6; coloc.abf for screen	odd_rep=T_L02_NK_PF10;even_rep=T_L04_B_IN_PF10	0.11332868530700327	-0.8	0.3	-0.8
R7B1C_G090	S2_distinct_correlated	distinct correlated causal	1	1	1000	20262515	24510	750	0.05	0.2	20	0.0001	GJOKA_locus2_or_locus4_or_OneK_sourceLD	coloc.susie matched source LD	mismatched LD only in S6; coloc.abf for screen	odd_rep=T_L02_NK_PF10;even_rep=T_L04_B_IN_PF10	0.11332868530700327	-0.8	0.3	-0.8
R7B1C_G091	S2_distinct_correlated	distinct correlated causal	1	1	1000	20262532	24510	750	0.05	0.5	5	1e-06	GJOKA_locus2_or_locus4_or_OneK_sourceLD	coloc.susie matched source LD	mismatched LD only in S6; coloc.abf for screen	odd_rep=T_L02_NK_PF10;even_rep=T_L04_B_IN_PF10	0.11332868530700327	-0.8	0.3	-0.8
R7B1C_G092	S2_distinct_correlated	distinct correlated causal	1	1	1000	20262549	24510	750	0.05	0.5	5	1e-05	GJOKA_locus2_or_locus4_or_OneK_sourceLD	coloc.susie matched source LD	mismatched LD only in S6; coloc.abf for screen	odd_rep=T_L02_NK_PF10;even_rep=T_L04_B_IN_PF10	0.11332868530700327	-0.8	0.3	-0.8
R7B1C_G093	S2_distinct_correlated	distinct correlated causal	1	1	1000	20262566	24510	750	0.05	0.5	5	0.0001	GJOKA_locus2_or_locus4_or_OneK_sourceLD	coloc.susie matched source LD	mismatched LD only in S6; coloc.abf for screen	odd_rep=T_L02_NK_PF10;even_rep=T_L04_B_IN_PF10	0.11332868530700327	-0.8	0.3	-0.8
R7B1C_G094	S2_distinct_correlated	distinct correlated causal	1	1	1000	20262583	24510	750	0.05	0.5	10	1e-06	GJOKA_locus2_or_locus4_or_OneK_sourceLD	coloc.susie matched source LD	mismatched LD only in S6; coloc.abf for screen	odd_rep=T_L02_NK_PF10;even_rep=T_L04_B_IN_PF10	0.11332868530700327	-0.8	0.3	-0.8
R7B1C_G095	S2_distinct_correlated	distinct correlated causal	1	1	1000	20262600	24510	750	0.05	0.5	10	1e-05	GJOKA_locus2_or_locus4_or_OneK_sourceLD	coloc.susie matched source LD	mismatched LD only in S6; coloc.abf for screen	odd_rep=T_L02_NK_PF10;even_rep=T_L04_B_IN_PF10	0.11332868530700327	-0.8	0.3	-0.8
R7B1C_G096	S2_distinct_correlated	distinct correlated causal	1	1	1000	20262617	24510	750	0.05	0.5	10	0.0001	GJOKA_locus2_or_locus4_or_OneK_sourceLD	coloc.susie matched source LD	mismatched LD only in S6; coloc.abf for screen	odd_rep=T_L02_NK_PF10;even_rep=T_L04_B_IN_PF10	0.11332868530700327	-0.8	0.3	-0.8
R7B1C_G097	S2_distinct_correlated	distinct correlated causal	1	1	1000	20262634	24510	750	0.05	0.5	20	1e-06	GJOKA_locus2_or_locus4_or_OneK_sourceLD	coloc.susie matched source LD	mismatched LD only in S6; coloc.abf for screen	odd_rep=T_L02_NK_PF10;even_rep=T_L04_B_IN_PF10	0.11332868530700327	-0.8	0.3	-0.8
R7B1C_G098	S2_distinct_correlated	distinct correlated causal	1	1	1000	20262651	24510	750	0.05	0.5	20	1e-05	GJOKA_locus2_or_locus4_or_OneK_sourceLD	coloc.susie matched source LD	mismatched LD only in S6; coloc.abf for screen	odd_rep=T_L02_NK_PF10;even_rep=T_L04_B_IN_PF10	0.11332868530700327	-0.8	0.3	-0.8
R7B1C_G099	S2_distinct_correlated	distinct correlated causal	1	1	1000	20262668	24510	750	0.05	0.5	20	0.0001	GJOKA_locus2_or_locus4_or_OneK_sourceLD	coloc.susie matched source LD	mismatched LD only in S6; coloc.abf for screen	odd_rep=T_L02_NK_PF10;even_rep=T_L04_B_IN_PF10	0.11332868530700327	-0.8	0.3	-0.8
R7B1C_G100	S2_distinct_correlated	distinct correlated causal	1	1	1000	20262685	24510	750	0.05	0.8	5	1e-06	GJOKA_locus2_or_locus4_or_OneK_sourceLD	coloc.susie matched source LD	mismatched LD only in S6; coloc.abf for screen	odd_rep=T_L02_NK_PF10;even_rep=T_L04_B_IN_PF10	0.11332868530700327	-0.8	0.3	-0.8
R7B1C_G101	S2_distinct_correlated	distinct correlated causal	1	1	1000	20262702	24510	750	0.05	0.8	5	1e-05	GJOKA_locus2_or_locus4_or_OneK_sourceLD	coloc.susie matched source LD	mismatched LD only in S6; coloc.abf for screen	odd_rep=T_L02_NK_PF10;even_rep=T_L04_B_IN_PF10	0.11332868530700327	-0.8	0.3	-0.8
R7B1C_G102	S2_distinct_correlated	distinct correlated causal	1	1	1000	20262719	24510	750	0.05	0.8	5	0.0001	GJOKA_locus2_or_locus4_or_OneK_sourceLD	coloc.susie matched source LD	mismatched LD only in S6; coloc.abf for screen	odd_rep=T_L02_NK_PF10;even_rep=T_L04_B_IN_PF10	0.11332868530700327	-0.8	0.3	-0.8
R7B1C_G103	S2_distinct_correlated	distinct correlated causal	1	1	1000	20262736	24510	750	0.05	0.8	10	1e-06	GJOKA_locus2_or_locus4_or_OneK_sourceLD	coloc.susie matched source LD	mismatched LD only in S6; coloc.abf for screen	odd_rep=T_L02_NK_PF10;even_rep=T_L04_B_IN_PF10	0.11332868530700327	-0.8	0.3	-0.8
R7B1C_G104	S2_distinct_correlated	distinct correlated causal	1	1	1000	20262753	24510	750	0.05	0.8	10	1e-05	GJOKA_locus2_or_locus4_or_OneK_sourceLD	coloc.susie matched source LD	mismatched LD only in S6; coloc.abf for screen	odd_rep=T_L02_NK_PF10;even_rep=T_L04_B_IN_PF10	0.11332868530700327	-0.8	0.3	-0.8
R7B1C_G105	S2_distinct_correlated	distinct correlated causal	1	1	1000	20262770	24510	750	0.05	0.8	10	0.0001	GJOKA_locus2_or_locus4_or_OneK_sourceLD	coloc.susie matched source LD	mismatched LD only in S6; coloc.abf for screen	odd_rep=T_L02_NK_PF10;even_rep=T_L04_B_IN_PF10	0.11332868530700327	-0.8	0.3	-0.8
R7B1C_G106	S2_distinct_correlated	distinct correlated causal	1	1	1000	20262787	24510	750	0.05	0.8	20	1e-06	GJOKA_locus2_or_locus4_or_OneK_sourceLD	coloc.susie matched source LD	mismatched LD only in S6; coloc.abf for screen	odd_rep=T_L02_NK_PF10;even_rep=T_L04_B_IN_PF10	0.11332868530700327	-0.8	0.3	-0.8
R7B1C_G107	S2_distinct_correlated	distinct correlated causal	1	1	1000	20262804	24510	750	0.05	0.8	20	1e-05	GJOKA_locus2_or_locus4_or_OneK_sourceLD	coloc.susie matched source LD	mismatched LD only in S6; coloc.abf for screen	odd_rep=T_L02_NK_PF10;even_rep=T_L04_B_IN_PF10	0.11332868530700327	-0.8	0.3	-0.8
R7B1C_G108	S2_distinct_correlated	distinct correlated causal	1	1	1000	20262821	24510	750	0.05	0.8	20	0.0001	GJOKA_locus2_or_locus4_or_OneK_sourceLD	coloc.susie matched source LD	mismatched LD only in S6; coloc.abf for screen	odd_rep=T_L02_NK_PF10;even_rep=T_L04_B_IN_PF10	0.11332868530700327	-0.8	0.3	-0.8
R7B1C_G109	S2_distinct_correlated	distinct correlated causal	1	1	1000	20262838	24510	750	0.2	0.2	5	1e-06	GJOKA_locus2_or_locus4_or_OneK_sourceLD	coloc.susie matched source LD	mismatched LD only in S6; coloc.abf for screen	odd_rep=T_L02_NK_PF10;even_rep=T_L04_B_IN_PF10	0.11332868530700327	-0.8	0.3	-0.8
R7B1C_G110	S2_distinct_correlated	distinct correlated causal	1	1	1000	20262855	24510	750	0.2	0.2	5	1e-05	GJOKA_locus2_or_locus4_or_OneK_sourceLD	coloc.susie matched source LD	mismatched LD only in S6; coloc.abf for screen	odd_rep=T_L02_NK_PF10;even_rep=T_L04_B_IN_PF10	0.11332868530700327	-0.8	0.3	-0.8
R7B1C_G111	S2_distinct_correlated	distinct correlated causal	1	1	1000	20262872	24510	750	0.2	0.2	5	0.0001	GJOKA_locus2_or_locus4_or_OneK_sourceLD	coloc.susie matched source LD	mismatched LD only in S6; coloc.abf for screen	odd_rep=T_L02_NK_PF10;even_rep=T_L04_B_IN_PF10	0.11332868530700327	-0.8	0.3	-0.8
R7B1C_G112	S2_distinct_correlated	distinct correlated causal	1	1	1000	20262889	24510	750	0.2	0.2	10	1e-06	GJOKA_locus2_or_locus4_or_OneK_sourceLD	coloc.susie matched source LD	mismatched LD only in S6; coloc.abf for screen	odd_rep=T_L02_NK_PF10;even_rep=T_L04_B_IN_PF10	0.11332868530700327	-0.8	0.3	-0.8
R7B1C_G113	S2_distinct_correlated	distinct correlated causal	1	1	1000	20262906	24510	750	0.2	0.2	10	1e-05	GJOKA_locus2_or_locus4_or_OneK_sourceLD	coloc.susie matched source LD	mismatched LD only in S6; coloc.abf for screen	odd_rep=T_L02_NK_PF10;even_rep=T_L04_B_IN_PF10	0.11332868530700327	-0.8	0.3	-0.8
R7B1C_G114	S2_distinct_correlated	distinct correlated causal	1	1	1000	20262923	24510	750	0.2	0.2	10	0.0001	GJOKA_locus2_or_locus4_or_OneK_sourceLD	coloc.susie matched source LD	mismatched LD only in S6; coloc.abf for screen	odd_rep=T_L02_NK_PF10;even_rep=T_L04_B_IN_PF10	0.11332868530700327	-0.8	0.3	-0.8
R7B1C_G115	S2_distinct_correlated	distinct correlated causal	1	1	1000	20262940	24510	750	0.2	0.2	20	1e-06	GJOKA_locus2_or_locus4_or_OneK_sourceLD	coloc.susie matched source LD	mismatched LD only in S6; coloc.abf for screen	odd_rep=T_L02_NK_PF10;even_rep=T_L04_B_IN_PF10	0.11332868530700327	-0.8	0.3	-0.8
R7B1C_G116	S2_distinct_correlated	distinct correlated causal	1	1	1000	20262957	24510	750	0.2	0.2	20	1e-05	GJOKA_locus2_or_locus4_or_OneK_sourceLD	coloc.susie matched source LD	mismatched LD only in S6; coloc.abf for screen	odd_rep=T_L02_NK_PF10;even_rep=T_L04_B_IN_PF10	0.11332868530700327	-0.8	0.3	-0.8
R7B1C_G117	S2_distinct_correlated	distinct correlated causal	1	1	1000	20262974	24510	750	0.2	0.2	20	0.0001	GJOKA_locus2_or_locus4_or_OneK_sourceLD	coloc.susie matched source LD	mismatched LD only in S6; coloc.abf for screen	odd_rep=T_L02_NK_PF10;even_rep=T_L04_B_IN_PF10	0.11332868530700327	-0.8	0.3	-0.8
R7B1C_G118	S2_distinct_correlated	distinct correlated causal	1	1	1000	20262991	24510	750	0.2	0.5	5	1e-06	GJOKA_locus2_or_locus4_or_OneK_sourceLD	coloc.susie matched source LD	mismatched LD only in S6; coloc.abf for screen	odd_rep=T_L02_NK_PF10;even_rep=T_L04_B_IN_PF10	0.11332868530700327	-0.8	0.3	-0.8
R7B1C_G119	S2_distinct_correlated	distinct correlated causal	1	1	1000	20263008	24510	750	0.2	0.5	5	1e-05	GJOKA_locus2_or_locus4_or_OneK_sourceLD	coloc.susie matched source LD	mismatched LD only in S6; coloc.abf for screen	odd_rep=T_L02_NK_PF10;even_rep=T_L04_B_IN_PF10	0.11332868530700327	-0.8	0.3	-0.8
R7B1C_G120	S2_distinct_correlated	distinct correlated causal	1	1	1000	20263025	24510	750	0.2	0.5	5	0.0001	GJOKA_locus2_or_locus4_or_OneK_sourceLD	coloc.susie matched source LD	mismatched LD only in S6; coloc.abf for screen	odd_rep=T_L02_NK_PF10;even_rep=T_L04_B_IN_PF10	0.11332868530700327	-0.8	0.3	-0.8
R7B1C_G121	S2_distinct_correlated	distinct correlated causal	1	1	1000	20263042	24510	750	0.2	0.5	10	1e-06	GJOKA_locus2_or_locus4_or_OneK_sourceLD	coloc.susie matched source LD	mismatched LD only in S6; coloc.abf for screen	odd_rep=T_L02_NK_PF10;even_rep=T_L04_B_IN_PF10	0.11332868530700327	-0.8	0.3	-0.8
R7B1C_G122	S2_distinct_correlated	distinct correlated causal	1	1	1000	20263059	24510	750	0.2	0.5	10	1e-05	GJOKA_locus2_or_locus4_or_OneK_sourceLD	coloc.susie matched source LD	mismatched LD only in S6; coloc.abf for screen	odd_rep=T_L02_NK_PF10;even_rep=T_L04_B_IN_PF10	0.11332868530700327	-0.8	0.3	-0.8
R7B1C_G123	S2_distinct_correlated	distinct correlated causal	1	1	1000	20263076	24510	750	0.2	0.5	10	0.0001	GJOKA_locus2_or_locus4_or_OneK_sourceLD	coloc.susie matched source LD	mismatched LD only in S6; coloc.abf for screen	odd_rep=T_L02_NK_PF10;even_rep=T_L04_B_IN_PF10	0.11332868530700327	-0.8	0.3	-0.8
R7B1C_G124	S2_distinct_correlated	distinct correlated causal	1	1	1000	20263093	24510	750	0.2	0.5	20	1e-06	GJOKA_locus2_or_locus4_or_OneK_sourceLD	coloc.susie matched source LD	mismatched LD only in S6; coloc.abf for screen	odd_rep=T_L02_NK_PF10;even_rep=T_L04_B_IN_PF10	0.11332868530700327	-0.8	0.3	-0.8
R7B1C_G125	S2_distinct_correlated	distinct correlated causal	1	1	1000	20263110	24510	750	0.2	0.5	20	1e-05	GJOKA_locus2_or_locus4_or_OneK_sourceLD	coloc.susie matched source LD	mismatched LD only in S6; coloc.abf for screen	odd_rep=T_L02_NK_PF10;even_rep=T_L04_B_IN_PF10	0.11332868530700327	-0.8	0.3	-0.8
R7B1C_G126	S2_distinct_correlated	distinct correlated causal	1	1	1000	20263127	24510	750	0.2	0.5	20	0.0001	GJOKA_locus2_or_locus4_or_OneK_sourceLD	coloc.susie matched source LD	mismatched LD only in S6; coloc.abf for screen	odd_rep=T_L02_NK_PF10;even_rep=T_L04_B_IN_PF10	0.11332868530700327	-0.8	0.3	-0.8
R7B1C_G127	S2_distinct_correlated	distinct correlated causal	1	1	1000	20263144	24510	750	0.2	0.8	5	1e-06	GJOKA_locus2_or_locus4_or_OneK_sourceLD	coloc.susie matched source LD	mismatched LD only in S6; coloc.abf for screen	odd_rep=T_L02_NK_PF10;even_rep=T_L04_B_IN_PF10	0.11332868530700327	-0.8	0.3	-0.8
R7B1C_G128	S2_distinct_correlated	distinct correlated causal	1	1	1000	20263161	24510	750	0.2	0.8	5	1e-05	GJOKA_locus2_or_locus4_or_OneK_sourceLD	coloc.susie matched source LD	mismatched LD only in S6; coloc.abf for screen	odd_rep=T_L02_NK_PF10;even_rep=T_L04_B_IN_PF10	0.11332868530700327	-0.8	0.3	-0.8
R7B1C_G129	S2_distinct_correlated	distinct correlated causal	1	1	1000	20263178	24510	750	0.2	0.8	5	0.0001	GJOKA_locus2_or_locus4_or_OneK_sourceLD	coloc.susie matched source LD	mismatched LD only in S6; coloc.abf for screen	odd_rep=T_L02_NK_PF10;even_rep=T_L04_B_IN_PF10	0.11332868530700327	-0.8	0.3	-0.8
R7B1C_G130	S2_distinct_correlated	distinct correlated causal	1	1	1000	20263195	24510	750	0.2	0.8	10	1e-06	GJOKA_locus2_or_locus4_or_OneK_sourceLD	coloc.susie matched source LD	mismatched LD only in S6; coloc.abf for screen	odd_rep=T_L02_NK_PF10;even_rep=T_L04_B_IN_PF10	0.11332868530700327	-0.8	0.3	-0.8
R7B1C_G131	S2_distinct_correlated	distinct correlated causal	1	1	1000	20263212	24510	750	0.2	0.8	10	1e-05	GJOKA_locus2_or_locus4_or_OneK_sourceLD	coloc.susie matched source LD	mismatched LD only in S6; coloc.abf for screen	odd_rep=T_L02_NK_PF10;even_rep=T_L04_B_IN_PF10	0.11332868530700327	-0.8	0.3	-0.8
R7B1C_G132	S2_distinct_correlated	distinct correlated causal	1	1	1000	20263229	24510	750	0.2	0.8	10	0.0001	GJOKA_locus2_or_locus4_or_OneK_sourceLD	coloc.susie matched source LD	mismatched LD only in S6; coloc.abf for screen	odd_rep=T_L02_NK_PF10;even_rep=T_L04_B_IN_PF10	0.11332868530700327	-0.8	0.3	-0.8
R7B1C_G133	S2_distinct_correlated	distinct correlated causal	1	1	1000	20263246	24510	750	0.2	0.8	20	1e-06	GJOKA_locus2_or_locus4_or_OneK_sourceLD	coloc.susie matched source LD	mismatched LD only in S6; coloc.abf for screen	odd_rep=T_L02_NK_PF10;even_rep=T_L04_B_IN_PF10	0.11332868530700327	-0.8	0.3	-0.8
R7B1C_G134	S2_distinct_correlated	distinct correlated causal	1	1	1000	20263263	24510	750	0.2	0.8	20	1e-05	GJOKA_locus2_or_locus4_or_OneK_sourceLD	coloc.susie matched source LD	mismatched LD only in S6; coloc.abf for screen	odd_rep=T_L02_NK_PF10;even_rep=T_L04_B_IN_PF10	0.11332868530700327	-0.8	0.3	-0.8
R7B1C_G135	S2_distinct_correlated	distinct correlated causal	1	1	1000	20263280	24510	750	0.2	0.8	20	0.0001	GJOKA_locus2_or_locus4_or_OneK_sourceLD	coloc.susie matched source LD	mismatched LD only in S6; coloc.abf for screen	odd_rep=T_L02_NK_PF10;even_rep=T_L04_B_IN_PF10	0.11332868530700327	-0.8	0.3	-0.8
R7B1C_G136	S2_distinct_correlated	distinct correlated causal	1	1	1000	20263297	24510	750	0.4	0.2	5	1e-06	GJOKA_locus2_or_locus4_or_OneK_sourceLD	coloc.susie matched source LD	mismatched LD only in S6; coloc.abf for screen	odd_rep=T_L02_NK_PF10;even_rep=T_L04_B_IN_PF10	0.11332868530700327	-0.8	0.3	-0.8
R7B1C_G137	S2_distinct_correlated	distinct correlated causal	1	1	1000	20263314	24510	750	0.4	0.2	5	1e-05	GJOKA_locus2_or_locus4_or_OneK_sourceLD	coloc.susie matched source LD	mismatched LD only in S6; coloc.abf for screen	odd_rep=T_L02_NK_PF10;even_rep=T_L04_B_IN_PF10	0.11332868530700327	-0.8	0.3	-0.8
R7B1C_G138	S2_distinct_correlated	distinct correlated causal	1	1	1000	20263331	24510	750	0.4	0.2	5	0.0001	GJOKA_locus2_or_locus4_or_OneK_sourceLD	coloc.susie matched source LD	mismatched LD only in S6; coloc.abf for screen	odd_rep=T_L02_NK_PF10;even_rep=T_L04_B_IN_PF10	0.11332868530700327	-0.8	0.3	-0.8
R7B1C_G139	S2_distinct_correlated	distinct correlated causal	1	1	1000	20263348	24510	750	0.4	0.2	10	1e-06	GJOKA_locus2_or_locus4_or_OneK_sourceLD	coloc.susie matched source LD	mismatched LD only in S6; coloc.abf for screen	odd_rep=T_L02_NK_PF10;even_rep=T_L04_B_IN_PF10	0.11332868530700327	-0.8	0.3	-0.8
R7B1C_G140	S2_distinct_correlated	distinct correlated causal	1	1	1000	20263365	24510	750	0.4	0.2	10	1e-05	GJOKA_locus2_or_locus4_or_OneK_sourceLD	coloc.susie matched source LD	mismatched LD only in S6; coloc.abf for screen	odd_rep=T_L02_NK_PF10;even_rep=T_L04_B_IN_PF10	0.11332868530700327	-0.8	0.3	-0.8
R7B1C_G141	S2_distinct_correlated	distinct correlated causal	1	1	1000	20263382	24510	750	0.4	0.2	10	0.0001	GJOKA_locus2_or_locus4_or_OneK_sourceLD	coloc.susie matched source LD	mismatched LD only in S6; coloc.abf for screen	odd_rep=T_L02_NK_PF10;even_rep=T_L04_B_IN_PF10	0.11332868530700327	-0.8	0.3	-0.8
R7B1C_G142	S2_distinct_correlated	distinct correlated causal	1	1	1000	20263399	24510	750	0.4	0.2	20	1e-06	GJOKA_locus2_or_locus4_or_OneK_sourceLD	coloc.susie matched source LD	mismatched LD only in S6; coloc.abf for screen	odd_rep=T_L02_NK_PF10;even_rep=T_L04_B_IN_PF10	0.11332868530700327	-0.8	0.3	-0.8
R7B1C_G143	S2_distinct_correlated	distinct correlated causal	1	1	1000	20263416	24510	750	0.4	0.2	20	1e-05	GJOKA_locus2_or_locus4_or_OneK_sourceLD	coloc.susie matched source LD	mismatched LD only in S6; coloc.abf for screen	odd_rep=T_L02_NK_PF10;even_rep=T_L04_B_IN_PF10	0.11332868530700327	-0.8	0.3	-0.8
R7B1C_G144	S2_distinct_correlated	distinct correlated causal	1	1	1000	20263433	24510	750	0.4	0.2	20	0.0001	GJOKA_locus2_or_locus4_or_OneK_sourceLD	coloc.susie matched source LD	mismatched LD only in S6; coloc.abf for screen	odd_rep=T_L02_NK_PF10;even_rep=T_L04_B_IN_PF10	0.11332868530700327	-0.8	0.3	-0.8
R7B1C_G145	S2_distinct_correlated	distinct correlated causal	1	1	1000	20263450	24510	750	0.4	0.5	5	1e-06	GJOKA_locus2_or_locus4_or_OneK_sourceLD	coloc.susie matched source LD	mismatched LD only in S6; coloc.abf for screen	odd_rep=T_L02_NK_PF10;even_rep=T_L04_B_IN_PF10	0.11332868530700327	-0.8	0.3	-0.8
R7B1C_G146	S2_distinct_correlated	distinct correlated causal	1	1	1000	20263467	24510	750	0.4	0.5	5	1e-05	GJOKA_locus2_or_locus4_or_OneK_sourceLD	coloc.susie matched source LD	mismatched LD only in S6; coloc.abf for screen	odd_rep=T_L02_NK_PF10;even_rep=T_L04_B_IN_PF10	0.11332868530700327	-0.8	0.3	-0.8
R7B1C_G147	S2_distinct_correlated	distinct correlated causal	1	1	1000	20263484	24510	750	0.4	0.5	5	0.0001	GJOKA_locus2_or_locus4_or_OneK_sourceLD	coloc.susie matched source LD	mismatched LD only in S6; coloc.abf for screen	odd_rep=T_L02_NK_PF10;even_rep=T_L04_B_IN_PF10	0.11332868530700327	-0.8	0.3	-0.8
R7B1C_G148	S2_distinct_correlated	distinct correlated causal	1	1	1000	20263501	24510	750	0.4	0.5	10	1e-06	GJOKA_locus2_or_locus4_or_OneK_sourceLD	coloc.susie matched source LD	mismatched LD only in S6; coloc.abf for screen	odd_rep=T_L02_NK_PF10;even_rep=T_L04_B_IN_PF10	0.11332868530700327	-0.8	0.3	-0.8
R7B1C_G149	S2_distinct_correlated	distinct correlated causal	1	1	1000	20263518	24510	750	0.4	0.5	10	1e-05	GJOKA_locus2_or_locus4_or_OneK_sourceLD	coloc.susie matched source LD	mismatched LD only in S6; coloc.abf for screen	odd_rep=T_L02_NK_PF10;even_rep=T_L04_B_IN_PF10	0.11332868530700327	-0.8	0.3	-0.8
R7B1C_G150	S2_distinct_correlated	distinct correlated causal	1	1	1000	20263535	24510	750	0.4	0.5	10	0.0001	GJOKA_locus2_or_locus4_or_OneK_sourceLD	coloc.susie matched source LD	mismatched LD only in S6; coloc.abf for screen	odd_rep=T_L02_NK_PF10;even_rep=T_L04_B_IN_PF10	0.11332868530700327	-0.8	0.3	-0.8
R7B1C_G151	S2_distinct_correlated	distinct correlated causal	1	1	1000	20263552	24510	750	0.4	0.5	20	1e-06	GJOKA_locus2_or_locus4_or_OneK_sourceLD	coloc.susie matched source LD	mismatched LD only in S6; coloc.abf for screen	odd_rep=T_L02_NK_PF10;even_rep=T_L04_B_IN_PF10	0.11332868530700327	-0.8	0.3	-0.8
R7B1C_G152	S2_distinct_correlated	distinct correlated causal	1	1	1000	20263569	24510	750	0.4	0.5	20	1e-05	GJOKA_locus2_or_locus4_or_OneK_sourceLD	coloc.susie matched source LD	mismatched LD only in S6; coloc.abf for screen	odd_rep=T_L02_NK_PF10;even_rep=T_L04_B_IN_PF10	0.11332868530700327	-0.8	0.3	-0.8
R7B1C_G153	S2_distinct_correlated	distinct correlated causal	1	1	1000	20263586	24510	750	0.4	0.5	20	0.0001	GJOKA_locus2_or_locus4_or_OneK_sourceLD	coloc.susie matched source LD	mismatched LD only in S6; coloc.abf for screen	odd_rep=T_L02_NK_PF10;even_rep=T_L04_B_IN_PF10	0.11332868530700327	-0.8	0.3	-0.8
R7B1C_G154	S2_distinct_correlated	distinct correlated causal	1	1	1000	20263603	24510	750	0.4	0.8	5	1e-06	GJOKA_locus2_or_locus4_or_OneK_sourceLD	coloc.susie matched source LD	mismatched LD only in S6; coloc.abf for screen	odd_rep=T_L02_NK_PF10;even_rep=T_L04_B_IN_PF10	0.11332868530700327	-0.8	0.3	-0.8
R7B1C_G155	S2_distinct_correlated	distinct correlated causal	1	1	1000	20263620	24510	750	0.4	0.8	5	1e-05	GJOKA_locus2_or_locus4_or_OneK_sourceLD	coloc.susie matched source LD	mismatched LD only in S6; coloc.abf for screen	odd_rep=T_L02_NK_PF10;even_rep=T_L04_B_IN_PF10	0.11332868530700327	-0.8	0.3	-0.8
R7B1C_G156	S2_distinct_correlated	distinct correlated causal	1	1	1000	20263637	24510	750	0.4	0.8	5	0.0001	GJOKA_locus2_or_locus4_or_OneK_sourceLD	coloc.susie matched source LD	mismatched LD only in S6; coloc.abf for screen	odd_rep=T_L02_NK_PF10;even_rep=T_L04_B_IN_PF10	0.11332868530700327	-0.8	0.3	-0.8
R7B1C_G157	S2_distinct_correlated	distinct correlated causal	1	1	1000	20263654	24510	750	0.4	0.8	10	1e-06	GJOKA_locus2_or_locus4_or_OneK_sourceLD	coloc.susie matched source LD	mismatched LD only in S6; coloc.abf for screen	odd_rep=T_L02_NK_PF10;even_rep=T_L04_B_IN_PF10	0.11332868530700327	-0.8	0.3	-0.8
R7B1C_G158	S2_distinct_correlated	distinct correlated causal	1	1	1000	20263671	24510	750	0.4	0.8	10	1e-05	GJOKA_locus2_or_locus4_or_OneK_sourceLD	coloc.susie matched source LD	mismatched LD only in S6; coloc.abf for screen	odd_rep=T_L02_NK_PF10;even_rep=T_L04_B_IN_PF10	0.11332868530700327	-0.8	0.3	-0.8
R7B1C_G159	S2_distinct_correlated	distinct correlated causal	1	1	1000	20263688	24510	750	0.4	0.8	10	0.0001	GJOKA_locus2_or_locus4_or_OneK_sourceLD	coloc.susie matched source LD	mismatched LD only in S6; coloc.abf for screen	odd_rep=T_L02_NK_PF10;even_rep=T_L04_B_IN_PF10	0.11332868530700327	-0.8	0.3	-0.8
R7B1C_G160	S2_distinct_correlated	distinct correlated causal	1	1	1000	20263705	24510	750	0.4	0.8	20	1e-06	GJOKA_locus2_or_locus4_or_OneK_sourceLD	coloc.susie matched source LD	mismatched LD only in S6; coloc.abf for screen	odd_rep=T_L02_NK_PF10;even_rep=T_L04_B_IN_PF10	0.11332868530700327	-0.8	0.3	-0.8
R7B1C_G161	S2_distinct_correlated	distinct correlated causal	1	1	1000	20263722	24510	750	0.4	0.8	20	1e-05	GJOKA_locus2_or_locus4_or_OneK_sourceLD	coloc.susie matched source LD	mismatched LD only in S6; coloc.abf for screen	odd_rep=T_L02_NK_PF10;even_rep=T_L04_B_IN_PF10	0.11332868530700327	-0.8	0.3	-0.8
R7B1C_G162	S2_distinct_correlated	distinct correlated causal	1	1	1000	20263739	24510	750	0.4	0.8	20	0.0001	GJOKA_locus2_or_locus4_or_OneK_sourceLD	coloc.susie matched source LD	mismatched LD only in S6; coloc.abf for screen	odd_rep=T_L02_NK_PF10;even_rep=T_L04_B_IN_PF10	0.11332868530700327	-0.8	0.3	-0.8
R7B1C_G163	S3_disease2_qtl1_partial	two disease signals one partly shared	2	1	1000	20263756	24510	750	0.05	0.2	5	1e-06	GJOKA_locus2_or_locus4_or_OneK_sourceLD	coloc.susie matched source LD	mismatched LD only in S6; coloc.abf for screen	odd_rep=T_L02_NK_PF10;even_rep=T_L04_B_IN_PF10	0.11332868530700327	-0.8	0.3	-0.8
R7B1C_G164	S3_disease2_qtl1_partial	two disease signals one partly shared	2	1	1000	20263773	24510	750	0.05	0.2	5	1e-05	GJOKA_locus2_or_locus4_or_OneK_sourceLD	coloc.susie matched source LD	mismatched LD only in S6; coloc.abf for screen	odd_rep=T_L02_NK_PF10;even_rep=T_L04_B_IN_PF10	0.11332868530700327	-0.8	0.3	-0.8
R7B1C_G165	S3_disease2_qtl1_partial	two disease signals one partly shared	2	1	1000	20263790	24510	750	0.05	0.2	5	0.0001	GJOKA_locus2_or_locus4_or_OneK_sourceLD	coloc.susie matched source LD	mismatched LD only in S6; coloc.abf for screen	odd_rep=T_L02_NK_PF10;even_rep=T_L04_B_IN_PF10	0.11332868530700327	-0.8	0.3	-0.8
R7B1C_G166	S3_disease2_qtl1_partial	two disease signals one partly shared	2	1	1000	20263807	24510	750	0.05	0.2	10	1e-06	GJOKA_locus2_or_locus4_or_OneK_sourceLD	coloc.susie matched source LD	mismatched LD only in S6; coloc.abf for screen	odd_rep=T_L02_NK_PF10;even_rep=T_L04_B_IN_PF10	0.11332868530700327	-0.8	0.3	-0.8
R7B1C_G167	S3_disease2_qtl1_partial	two disease signals one partly shared	2	1	1000	20263824	24510	750	0.05	0.2	10	1e-05	GJOKA_locus2_or_locus4_or_OneK_sourceLD	coloc.susie matched source LD	mismatched LD only in S6; coloc.abf for screen	odd_rep=T_L02_NK_PF10;even_rep=T_L04_B_IN_PF10	0.11332868530700327	-0.8	0.3	-0.8
R7B1C_G168	S3_disease2_qtl1_partial	two disease signals one partly shared	2	1	1000	20263841	24510	750	0.05	0.2	10	0.0001	GJOKA_locus2_or_locus4_or_OneK_sourceLD	coloc.susie matched source LD	mismatched LD only in S6; coloc.abf for screen	odd_rep=T_L02_NK_PF10;even_rep=T_L04_B_IN_PF10	0.11332868530700327	-0.8	0.3	-0.8
R7B1C_G169	S3_disease2_qtl1_partial	two disease signals one partly shared	2	1	1000	20263858	24510	750	0.05	0.2	20	1e-06	GJOKA_locus2_or_locus4_or_OneK_sourceLD	coloc.susie matched source LD	mismatched LD only in S6; coloc.abf for screen	odd_rep=T_L02_NK_PF10;even_rep=T_L04_B_IN_PF10	0.11332868530700327	-0.8	0.3	-0.8
R7B1C_G170	S3_disease2_qtl1_partial	two disease signals one partly shared	2	1	1000	20263875	24510	750	0.05	0.2	20	1e-05	GJOKA_locus2_or_locus4_or_OneK_sourceLD	coloc.susie matched source LD	mismatched LD only in S6; coloc.abf for screen	odd_rep=T_L02_NK_PF10;even_rep=T_L04_B_IN_PF10	0.11332868530700327	-0.8	0.3	-0.8
R7B1C_G171	S3_disease2_qtl1_partial	two disease signals one partly shared	2	1	1000	20263892	24510	750	0.05	0.2	20	0.0001	GJOKA_locus2_or_locus4_or_OneK_sourceLD	coloc.susie matched source LD	mismatched LD only in S6; coloc.abf for screen	odd_rep=T_L02_NK_PF10;even_rep=T_L04_B_IN_PF10	0.11332868530700327	-0.8	0.3	-0.8
R7B1C_G172	S3_disease2_qtl1_partial	two disease signals one partly shared	2	1	1000	20263909	24510	750	0.05	0.5	5	1e-06	GJOKA_locus2_or_locus4_or_OneK_sourceLD	coloc.susie matched source LD	mismatched LD only in S6; coloc.abf for screen	odd_rep=T_L02_NK_PF10;even_rep=T_L04_B_IN_PF10	0.11332868530700327	-0.8	0.3	-0.8
R7B1C_G173	S3_disease2_qtl1_partial	two disease signals one partly shared	2	1	1000	20263926	24510	750	0.05	0.5	5	1e-05	GJOKA_locus2_or_locus4_or_OneK_sourceLD	coloc.susie matched source LD	mismatched LD only in S6; coloc.abf for screen	odd_rep=T_L02_NK_PF10;even_rep=T_L04_B_IN_PF10	0.11332868530700327	-0.8	0.3	-0.8
R7B1C_G174	S3_disease2_qtl1_partial	two disease signals one partly shared	2	1	1000	20263943	24510	750	0.05	0.5	5	0.0001	GJOKA_locus2_or_locus4_or_OneK_sourceLD	coloc.susie matched source LD	mismatched LD only in S6; coloc.abf for screen	odd_rep=T_L02_NK_PF10;even_rep=T_L04_B_IN_PF10	0.11332868530700327	-0.8	0.3	-0.8
R7B1C_G175	S3_disease2_qtl1_partial	two disease signals one partly shared	2	1	1000	20263960	24510	750	0.05	0.5	10	1e-06	GJOKA_locus2_or_locus4_or_OneK_sourceLD	coloc.susie matched source LD	mismatched LD only in S6; coloc.abf for screen	odd_rep=T_L02_NK_PF10;even_rep=T_L04_B_IN_PF10	0.11332868530700327	-0.8	0.3	-0.8
R7B1C_G176	S3_disease2_qtl1_partial	two disease signals one partly shared	2	1	1000	20263977	24510	750	0.05	0.5	10	1e-05	GJOKA_locus2_or_locus4_or_OneK_sourceLD	coloc.susie matched source LD	mismatched LD only in S6; coloc.abf for screen	odd_rep=T_L02_NK_PF10;even_rep=T_L04_B_IN_PF10	0.11332868530700327	-0.8	0.3	-0.8
R7B1C_G177	S3_disease2_qtl1_partial	two disease signals one partly shared	2	1	1000	20263994	24510	750	0.05	0.5	10	0.0001	GJOKA_locus2_or_locus4_or_OneK_sourceLD	coloc.susie matched source LD	mismatched LD only in S6; coloc.abf for screen	odd_rep=T_L02_NK_PF10;even_rep=T_L04_B_IN_PF10	0.11332868530700327	-0.8	0.3	-0.8
R7B1C_G178	S3_disease2_qtl1_partial	two disease signals one partly shared	2	1	1000	20264011	24510	750	0.05	0.5	20	1e-06	GJOKA_locus2_or_locus4_or_OneK_sourceLD	coloc.susie matched source LD	mismatched LD only in S6; coloc.abf for screen	odd_rep=T_L02_NK_PF10;even_rep=T_L04_B_IN_PF10	0.11332868530700327	-0.8	0.3	-0.8
R7B1C_G179	S3_disease2_qtl1_partial	two disease signals one partly shared	2	1	1000	20264028	24510	750	0.05	0.5	20	1e-05	GJOKA_locus2_or_locus4_or_OneK_sourceLD	coloc.susie matched source LD	mismatched LD only in S6; coloc.abf for screen	odd_rep=T_L02_NK_PF10;even_rep=T_L04_B_IN_PF10	0.11332868530700327	-0.8	0.3	-0.8
R7B1C_G180	S3_disease2_qtl1_partial	two disease signals one partly shared	2	1	1000	20264045	24510	750	0.05	0.5	20	0.0001	GJOKA_locus2_or_locus4_or_OneK_sourceLD	coloc.susie matched source LD	mismatched LD only in S6; coloc.abf for screen	odd_rep=T_L02_NK_PF10;even_rep=T_L04_B_IN_PF10	0.11332868530700327	-0.8	0.3	-0.8
R7B1C_G181	S3_disease2_qtl1_partial	two disease signals one partly shared	2	1	1000	20264062	24510	750	0.05	0.8	5	1e-06	GJOKA_locus2_or_locus4_or_OneK_sourceLD	coloc.susie matched source LD	mismatched LD only in S6; coloc.abf for screen	odd_rep=T_L02_NK_PF10;even_rep=T_L04_B_IN_PF10	0.11332868530700327	-0.8	0.3	-0.8
R7B1C_G182	S3_disease2_qtl1_partial	two disease signals one partly shared	2	1	1000	20264079	24510	750	0.05	0.8	5	1e-05	GJOKA_locus2_or_locus4_or_OneK_sourceLD	coloc.susie matched source LD	mismatched LD only in S6; coloc.abf for screen	odd_rep=T_L02_NK_PF10;even_rep=T_L04_B_IN_PF10	0.11332868530700327	-0.8	0.3	-0.8
R7B1C_G183	S3_disease2_qtl1_partial	two disease signals one partly shared	2	1	1000	20264096	24510	750	0.05	0.8	5	0.0001	GJOKA_locus2_or_locus4_or_OneK_sourceLD	coloc.susie matched source LD	mismatched LD only in S6; coloc.abf for screen	odd_rep=T_L02_NK_PF10;even_rep=T_L04_B_IN_PF10	0.11332868530700327	-0.8	0.3	-0.8
R7B1C_G184	S3_disease2_qtl1_partial	two disease signals one partly shared	2	1	1000	20264113	24510	750	0.05	0.8	10	1e-06	GJOKA_locus2_or_locus4_or_OneK_sourceLD	coloc.susie matched source LD	mismatched LD only in S6; coloc.abf for screen	odd_rep=T_L02_NK_PF10;even_rep=T_L04_B_IN_PF10	0.11332868530700327	-0.8	0.3	-0.8
R7B1C_G185	S3_disease2_qtl1_partial	two disease signals one partly shared	2	1	1000	20264130	24510	750	0.05	0.8	10	1e-05	GJOKA_locus2_or_locus4_or_OneK_sourceLD	coloc.susie matched source LD	mismatched LD only in S6; coloc.abf for screen	odd_rep=T_L02_NK_PF10;even_rep=T_L04_B_IN_PF10	0.11332868530700327	-0.8	0.3	-0.8
R7B1C_G186	S3_disease2_qtl1_partial	two disease signals one partly shared	2	1	1000	20264147	24510	750	0.05	0.8	10	0.0001	GJOKA_locus2_or_locus4_or_OneK_sourceLD	coloc.susie matched source LD	mismatched LD only in S6; coloc.abf for screen	odd_rep=T_L02_NK_PF10;even_rep=T_L04_B_IN_PF10	0.11332868530700327	-0.8	0.3	-0.8
R7B1C_G187	S3_disease2_qtl1_partial	two disease signals one partly shared	2	1	1000	20264164	24510	750	0.05	0.8	20	1e-06	GJOKA_locus2_or_locus4_or_OneK_sourceLD	coloc.susie matched source LD	mismatched LD only in S6; coloc.abf for screen	odd_rep=T_L02_NK_PF10;even_rep=T_L04_B_IN_PF10	0.11332868530700327	-0.8	0.3	-0.8
R7B1C_G188	S3_disease2_qtl1_partial	two disease signals one partly shared	2	1	1000	20264181	24510	750	0.05	0.8	20	1e-05	GJOKA_locus2_or_locus4_or_OneK_sourceLD	coloc.susie matched source LD	mismatched LD only in S6; coloc.abf for screen	odd_rep=T_L02_NK_PF10;even_rep=T_L04_B_IN_PF10	0.11332868530700327	-0.8	0.3	-0.8
R7B1C_G189	S3_disease2_qtl1_partial	two disease signals one partly shared	2	1	1000	20264198	24510	750	0.05	0.8	20	0.0001	GJOKA_locus2_or_locus4_or_OneK_sourceLD	coloc.susie matched source LD	mismatched LD only in S6; coloc.abf for screen	odd_rep=T_L02_NK_PF10;even_rep=T_L04_B_IN_PF10	0.11332868530700327	-0.8	0.3	-0.8
R7B1C_G190	S3_disease2_qtl1_partial	two disease signals one partly shared	2	1	1000	20264215	24510	750	0.2	0.2	5	1e-06	GJOKA_locus2_or_locus4_or_OneK_sourceLD	coloc.susie matched source LD	mismatched LD only in S6; coloc.abf for screen	odd_rep=T_L02_NK_PF10;even_rep=T_L04_B_IN_PF10	0.11332868530700327	-0.8	0.3	-0.8
R7B1C_G191	S3_disease2_qtl1_partial	two disease signals one partly shared	2	1	1000	20264232	24510	750	0.2	0.2	5	1e-05	GJOKA_locus2_or_locus4_or_OneK_sourceLD	coloc.susie matched source LD	mismatched LD only in S6; coloc.abf for screen	odd_rep=T_L02_NK_PF10;even_rep=T_L04_B_IN_PF10	0.11332868530700327	-0.8	0.3	-0.8
R7B1C_G192	S3_disease2_qtl1_partial	two disease signals one partly shared	2	1	1000	20264249	24510	750	0.2	0.2	5	0.0001	GJOKA_locus2_or_locus4_or_OneK_sourceLD	coloc.susie matched source LD	mismatched LD only in S6; coloc.abf for screen	odd_rep=T_L02_NK_PF10;even_rep=T_L04_B_IN_PF10	0.11332868530700327	-0.8	0.3	-0.8
R7B1C_G193	S3_disease2_qtl1_partial	two disease signals one partly shared	2	1	1000	20264266	24510	750	0.2	0.2	10	1e-06	GJOKA_locus2_or_locus4_or_OneK_sourceLD	coloc.susie matched source LD	mismatched LD only in S6; coloc.abf for screen	odd_rep=T_L02_NK_PF10;even_rep=T_L04_B_IN_PF10	0.11332868530700327	-0.8	0.3	-0.8
R7B1C_G194	S3_disease2_qtl1_partial	two disease signals one partly shared	2	1	1000	20264283	24510	750	0.2	0.2	10	1e-05	GJOKA_locus2_or_locus4_or_OneK_sourceLD	coloc.susie matched source LD	mismatched LD only in S6; coloc.abf for screen	odd_rep=T_L02_NK_PF10;even_rep=T_L04_B_IN_PF10	0.11332868530700327	-0.8	0.3	-0.8
R7B1C_G195	S3_disease2_qtl1_partial	two disease signals one partly shared	2	1	1000	20264300	24510	750	0.2	0.2	10	0.0001	GJOKA_locus2_or_locus4_or_OneK_sourceLD	coloc.susie matched source LD	mismatched LD only in S6; coloc.abf for screen	odd_rep=T_L02_NK_PF10;even_rep=T_L04_B_IN_PF10	0.11332868530700327	-0.8	0.3	-0.8
R7B1C_G196	S3_disease2_qtl1_partial	two disease signals one partly shared	2	1	1000	20264317	24510	750	0.2	0.2	20	1e-06	GJOKA_locus2_or_locus4_or_OneK_sourceLD	coloc.susie matched source LD	mismatched LD only in S6; coloc.abf for screen	odd_rep=T_L02_NK_PF10;even_rep=T_L04_B_IN_PF10	0.11332868530700327	-0.8	0.3	-0.8
R7B1C_G197	S3_disease2_qtl1_partial	two disease signals one partly shared	2	1	1000	20264334	24510	750	0.2	0.2	20	1e-05	GJOKA_locus2_or_locus4_or_OneK_sourceLD	coloc.susie matched source LD	mismatched LD only in S6; coloc.abf for screen	odd_rep=T_L02_NK_PF10;even_rep=T_L04_B_IN_PF10	0.11332868530700327	-0.8	0.3	-0.8
R7B1C_G198	S3_disease2_qtl1_partial	two disease signals one partly shared	2	1	1000	20264351	24510	750	0.2	0.2	20	0.0001	GJOKA_locus2_or_locus4_or_OneK_sourceLD	coloc.susie matched source LD	mismatched LD only in S6; coloc.abf for screen	odd_rep=T_L02_NK_PF10;even_rep=T_L04_B_IN_PF10	0.11332868530700327	-0.8	0.3	-0.8
R7B1C_G199	S3_disease2_qtl1_partial	two disease signals one partly shared	2	1	1000	20264368	24510	750	0.2	0.5	5	1e-06	GJOKA_locus2_or_locus4_or_OneK_sourceLD	coloc.susie matched source LD	mismatched LD only in S6; coloc.abf for screen	odd_rep=T_L02_NK_PF10;even_rep=T_L04_B_IN_PF10	0.11332868530700327	-0.8	0.3	-0.8
R7B1C_G200	S3_disease2_qtl1_partial	two disease signals one partly shared	2	1	1000	20264385	24510	750	0.2	0.5	5	1e-05	GJOKA_locus2_or_locus4_or_OneK_sourceLD	coloc.susie matched source LD	mismatched LD only in S6; coloc.abf for screen	odd_rep=T_L02_NK_PF10;even_rep=T_L04_B_IN_PF10	0.11332868530700327	-0.8	0.3	-0.8
R7B1C_G201	S3_disease2_qtl1_partial	two disease signals one partly shared	2	1	1000	20264402	24510	750	0.2	0.5	5	0.0001	GJOKA_locus2_or_locus4_or_OneK_sourceLD	coloc.susie matched source LD	mismatched LD only in S6; coloc.abf for screen	odd_rep=T_L02_NK_PF10;even_rep=T_L04_B_IN_PF10	0.11332868530700327	-0.8	0.3	-0.8
R7B1C_G202	S3_disease2_qtl1_partial	two disease signals one partly shared	2	1	1000	20264419	24510	750	0.2	0.5	10	1e-06	GJOKA_locus2_or_locus4_or_OneK_sourceLD	coloc.susie matched source LD	mismatched LD only in S6; coloc.abf for screen	odd_rep=T_L02_NK_PF10;even_rep=T_L04_B_IN_PF10	0.11332868530700327	-0.8	0.3	-0.8
R7B1C_G203	S3_disease2_qtl1_partial	two disease signals one partly shared	2	1	1000	20264436	24510	750	0.2	0.5	10	1e-05	GJOKA_locus2_or_locus4_or_OneK_sourceLD	coloc.susie matched source LD	mismatched LD only in S6; coloc.abf for screen	odd_rep=T_L02_NK_PF10;even_rep=T_L04_B_IN_PF10	0.11332868530700327	-0.8	0.3	-0.8
R7B1C_G204	S3_disease2_qtl1_partial	two disease signals one partly shared	2	1	1000	20264453	24510	750	0.2	0.5	10	0.0001	GJOKA_locus2_or_locus4_or_OneK_sourceLD	coloc.susie matched source LD	mismatched LD only in S6; coloc.abf for screen	odd_rep=T_L02_NK_PF10;even_rep=T_L04_B_IN_PF10	0.11332868530700327	-0.8	0.3	-0.8
R7B1C_G205	S3_disease2_qtl1_partial	two disease signals one partly shared	2	1	1000	20264470	24510	750	0.2	0.5	20	1e-06	GJOKA_locus2_or_locus4_or_OneK_sourceLD	coloc.susie matched source LD	mismatched LD only in S6; coloc.abf for screen	odd_rep=T_L02_NK_PF10;even_rep=T_L04_B_IN_PF10	0.11332868530700327	-0.8	0.3	-0.8
R7B1C_G206	S3_disease2_qtl1_partial	two disease signals one partly shared	2	1	1000	20264487	24510	750	0.2	0.5	20	1e-05	GJOKA_locus2_or_locus4_or_OneK_sourceLD	coloc.susie matched source LD	mismatched LD only in S6; coloc.abf for screen	odd_rep=T_L02_NK_PF10;even_rep=T_L04_B_IN_PF10	0.11332868530700327	-0.8	0.3	-0.8
R7B1C_G207	S3_disease2_qtl1_partial	two disease signals one partly shared	2	1	1000	20264504	24510	750	0.2	0.5	20	0.0001	GJOKA_locus2_or_locus4_or_OneK_sourceLD	coloc.susie matched source LD	mismatched LD only in S6; coloc.abf for screen	odd_rep=T_L02_NK_PF10;even_rep=T_L04_B_IN_PF10	0.11332868530700327	-0.8	0.3	-0.8
R7B1C_G208	S3_disease2_qtl1_partial	two disease signals one partly shared	2	1	1000	20264521	24510	750	0.2	0.8	5	1e-06	GJOKA_locus2_or_locus4_or_OneK_sourceLD	coloc.susie matched source LD	mismatched LD only in S6; coloc.abf for screen	odd_rep=T_L02_NK_PF10;even_rep=T_L04_B_IN_PF10	0.11332868530700327	-0.8	0.3	-0.8
R7B1C_G209	S3_disease2_qtl1_partial	two disease signals one partly shared	2	1	1000	20264538	24510	750	0.2	0.8	5	1e-05	GJOKA_locus2_or_locus4_or_OneK_sourceLD	coloc.susie matched source LD	mismatched LD only in S6; coloc.abf for screen	odd_rep=T_L02_NK_PF10;even_rep=T_L04_B_IN_PF10	0.11332868530700327	-0.8	0.3	-0.8
R7B1C_G210	S3_disease2_qtl1_partial	two disease signals one partly shared	2	1	1000	20264555	24510	750	0.2	0.8	5	0.0001	GJOKA_locus2_or_locus4_or_OneK_sourceLD	coloc.susie matched source LD	mismatched LD only in S6; coloc.abf for screen	odd_rep=T_L02_NK_PF10;even_rep=T_L04_B_IN_PF10	0.11332868530700327	-0.8	0.3	-0.8
R7B1C_G211	S3_disease2_qtl1_partial	two disease signals one partly shared	2	1	1000	20264572	24510	750	0.2	0.8	10	1e-06	GJOKA_locus2_or_locus4_or_OneK_sourceLD	coloc.susie matched source LD	mismatched LD only in S6; coloc.abf for screen	odd_rep=T_L02_NK_PF10;even_rep=T_L04_B_IN_PF10	0.11332868530700327	-0.8	0.3	-0.8
R7B1C_G212	S3_disease2_qtl1_partial	two disease signals one partly shared	2	1	1000	20264589	24510	750	0.2	0.8	10	1e-05	GJOKA_locus2_or_locus4_or_OneK_sourceLD	coloc.susie matched source LD	mismatched LD only in S6; coloc.abf for screen	odd_rep=T_L02_NK_PF10;even_rep=T_L04_B_IN_PF10	0.11332868530700327	-0.8	0.3	-0.8
R7B1C_G213	S3_disease2_qtl1_partial	two disease signals one partly shared	2	1	1000	20264606	24510	750	0.2	0.8	10	0.0001	GJOKA_locus2_or_locus4_or_OneK_sourceLD	coloc.susie matched source LD	mismatched LD only in S6; coloc.abf for screen	odd_rep=T_L02_NK_PF10;even_rep=T_L04_B_IN_PF10	0.11332868530700327	-0.8	0.3	-0.8
R7B1C_G214	S3_disease2_qtl1_partial	two disease signals one partly shared	2	1	1000	20264623	24510	750	0.2	0.8	20	1e-06	GJOKA_locus2_or_locus4_or_OneK_sourceLD	coloc.susie matched source LD	mismatched LD only in S6; coloc.abf for screen	odd_rep=T_L02_NK_PF10;even_rep=T_L04_B_IN_PF10	0.11332868530700327	-0.8	0.3	-0.8
R7B1C_G215	S3_disease2_qtl1_partial	two disease signals one partly shared	2	1	1000	20264640	24510	750	0.2	0.8	20	1e-05	GJOKA_locus2_or_locus4_or_OneK_sourceLD	coloc.susie matched source LD	mismatched LD only in S6; coloc.abf for screen	odd_rep=T_L02_NK_PF10;even_rep=T_L04_B_IN_PF10	0.11332868530700327	-0.8	0.3	-0.8
R7B1C_G216	S3_disease2_qtl1_partial	two disease signals one partly shared	2	1	1000	20264657	24510	750	0.2	0.8	20	0.0001	GJOKA_locus2_or_locus4_or_OneK_sourceLD	coloc.susie matched source LD	mismatched LD only in S6; coloc.abf for screen	odd_rep=T_L02_NK_PF10;even_rep=T_L04_B_IN_PF10	0.11332868530700327	-0.8	0.3	-0.8
R7B1C_G217	S3_disease2_qtl1_partial	two disease signals one partly shared	2	1	1000	20264674	24510	750	0.4	0.2	5	1e-06	GJOKA_locus2_or_locus4_or_OneK_sourceLD	coloc.susie matched source LD	mismatched LD only in S6; coloc.abf for screen	odd_rep=T_L02_NK_PF10;even_rep=T_L04_B_IN_PF10	0.11332868530700327	-0.8	0.3	-0.8
R7B1C_G218	S3_disease2_qtl1_partial	two disease signals one partly shared	2	1	1000	20264691	24510	750	0.4	0.2	5	1e-05	GJOKA_locus2_or_locus4_or_OneK_sourceLD	coloc.susie matched source LD	mismatched LD only in S6; coloc.abf for screen	odd_rep=T_L02_NK_PF10;even_rep=T_L04_B_IN_PF10	0.11332868530700327	-0.8	0.3	-0.8
R7B1C_G219	S3_disease2_qtl1_partial	two disease signals one partly shared	2	1	1000	20264708	24510	750	0.4	0.2	5	0.0001	GJOKA_locus2_or_locus4_or_OneK_sourceLD	coloc.susie matched source LD	mismatched LD only in S6; coloc.abf for screen	odd_rep=T_L02_NK_PF10;even_rep=T_L04_B_IN_PF10	0.11332868530700327	-0.8	0.3	-0.8
R7B1C_G220	S3_disease2_qtl1_partial	two disease signals one partly shared	2	1	1000	20264725	24510	750	0.4	0.2	10	1e-06	GJOKA_locus2_or_locus4_or_OneK_sourceLD	coloc.susie matched source LD	mismatched LD only in S6; coloc.abf for screen	odd_rep=T_L02_NK_PF10;even_rep=T_L04_B_IN_PF10	0.11332868530700327	-0.8	0.3	-0.8
R7B1C_G221	S3_disease2_qtl1_partial	two disease signals one partly shared	2	1	1000	20264742	24510	750	0.4	0.2	10	1e-05	GJOKA_locus2_or_locus4_or_OneK_sourceLD	coloc.susie matched source LD	mismatched LD only in S6; coloc.abf for screen	odd_rep=T_L02_NK_PF10;even_rep=T_L04_B_IN_PF10	0.11332868530700327	-0.8	0.3	-0.8
R7B1C_G222	S3_disease2_qtl1_partial	two disease signals one partly shared	2	1	1000	20264759	24510	750	0.4	0.2	10	0.0001	GJOKA_locus2_or_locus4_or_OneK_sourceLD	coloc.susie matched source LD	mismatched LD only in S6; coloc.abf for screen	odd_rep=T_L02_NK_PF10;even_rep=T_L04_B_IN_PF10	0.11332868530700327	-0.8	0.3	-0.8
R7B1C_G223	S3_disease2_qtl1_partial	two disease signals one partly shared	2	1	1000	20264776	24510	750	0.4	0.2	20	1e-06	GJOKA_locus2_or_locus4_or_OneK_sourceLD	coloc.susie matched source LD	mismatched LD only in S6; coloc.abf for screen	odd_rep=T_L02_NK_PF10;even_rep=T_L04_B_IN_PF10	0.11332868530700327	-0.8	0.3	-0.8
R7B1C_G224	S3_disease2_qtl1_partial	two disease signals one partly shared	2	1	1000	20264793	24510	750	0.4	0.2	20	1e-05	GJOKA_locus2_or_locus4_or_OneK_sourceLD	coloc.susie matched source LD	mismatched LD only in S6; coloc.abf for screen	odd_rep=T_L02_NK_PF10;even_rep=T_L04_B_IN_PF10	0.11332868530700327	-0.8	0.3	-0.8
R7B1C_G225	S3_disease2_qtl1_partial	two disease signals one partly shared	2	1	1000	20264810	24510	750	0.4	0.2	20	0.0001	GJOKA_locus2_or_locus4_or_OneK_sourceLD	coloc.susie matched source LD	mismatched LD only in S6; coloc.abf for screen	odd_rep=T_L02_NK_PF10;even_rep=T_L04_B_IN_PF10	0.11332868530700327	-0.8	0.3	-0.8
R7B1C_G226	S3_disease2_qtl1_partial	two disease signals one partly shared	2	1	1000	20264827	24510	750	0.4	0.5	5	1e-06	GJOKA_locus2_or_locus4_or_OneK_sourceLD	coloc.susie matched source LD	mismatched LD only in S6; coloc.abf for screen	odd_rep=T_L02_NK_PF10;even_rep=T_L04_B_IN_PF10	0.11332868530700327	-0.8	0.3	-0.8
R7B1C_G227	S3_disease2_qtl1_partial	two disease signals one partly shared	2	1	1000	20264844	24510	750	0.4	0.5	5	1e-05	GJOKA_locus2_or_locus4_or_OneK_sourceLD	coloc.susie matched source LD	mismatched LD only in S6; coloc.abf for screen	odd_rep=T_L02_NK_PF10;even_rep=T_L04_B_IN_PF10	0.11332868530700327	-0.8	0.3	-0.8
R7B1C_G228	S3_disease2_qtl1_partial	two disease signals one partly shared	2	1	1000	20264861	24510	750	0.4	0.5	5	0.0001	GJOKA_locus2_or_locus4_or_OneK_sourceLD	coloc.susie matched source LD	mismatched LD only in S6; coloc.abf for screen	odd_rep=T_L02_NK_PF10;even_rep=T_L04_B_IN_PF10	0.11332868530700327	-0.8	0.3	-0.8
R7B1C_G229	S3_disease2_qtl1_partial	two disease signals one partly shared	2	1	1000	20264878	24510	750	0.4	0.5	10	1e-06	GJOKA_locus2_or_locus4_or_OneK_sourceLD	coloc.susie matched source LD	mismatched LD only in S6; coloc.abf for screen	odd_rep=T_L02_NK_PF10;even_rep=T_L04_B_IN_PF10	0.11332868530700327	-0.8	0.3	-0.8
R7B1C_G230	S3_disease2_qtl1_partial	two disease signals one partly shared	2	1	1000	20264895	24510	750	0.4	0.5	10	1e-05	GJOKA_locus2_or_locus4_or_OneK_sourceLD	coloc.susie matched source LD	mismatched LD only in S6; coloc.abf for screen	odd_rep=T_L02_NK_PF10;even_rep=T_L04_B_IN_PF10	0.11332868530700327	-0.8	0.3	-0.8
R7B1C_G231	S3_disease2_qtl1_partial	two disease signals one partly shared	2	1	1000	20264912	24510	750	0.4	0.5	10	0.0001	GJOKA_locus2_or_locus4_or_OneK_sourceLD	coloc.susie matched source LD	mismatched LD only in S6; coloc.abf for screen	odd_rep=T_L02_NK_PF10;even_rep=T_L04_B_IN_PF10	0.11332868530700327	-0.8	0.3	-0.8
R7B1C_G232	S3_disease2_qtl1_partial	two disease signals one partly shared	2	1	1000	20264929	24510	750	0.4	0.5	20	1e-06	GJOKA_locus2_or_locus4_or_OneK_sourceLD	coloc.susie matched source LD	mismatched LD only in S6; coloc.abf for screen	odd_rep=T_L02_NK_PF10;even_rep=T_L04_B_IN_PF10	0.11332868530700327	-0.8	0.3	-0.8
R7B1C_G233	S3_disease2_qtl1_partial	two disease signals one partly shared	2	1	1000	20264946	24510	750	0.4	0.5	20	1e-05	GJOKA_locus2_or_locus4_or_OneK_sourceLD	coloc.susie matched source LD	mismatched LD only in S6; coloc.abf for screen	odd_rep=T_L02_NK_PF10;even_rep=T_L04_B_IN_PF10	0.11332868530700327	-0.8	0.3	-0.8
R7B1C_G234	S3_disease2_qtl1_partial	two disease signals one partly shared	2	1	1000	20264963	24510	750	0.4	0.5	20	0.0001	GJOKA_locus2_or_locus4_or_OneK_sourceLD	coloc.susie matched source LD	mismatched LD only in S6; coloc.abf for screen	odd_rep=T_L02_NK_PF10;even_rep=T_L04_B_IN_PF10	0.11332868530700327	-0.8	0.3	-0.8
R7B1C_G235	S3_disease2_qtl1_partial	two disease signals one partly shared	2	1	1000	20264980	24510	750	0.4	0.8	5	1e-06	GJOKA_locus2_or_locus4_or_OneK_sourceLD	coloc.susie matched source LD	mismatched LD only in S6; coloc.abf for screen	odd_rep=T_L02_NK_PF10;even_rep=T_L04_B_IN_PF10	0.11332868530700327	-0.8	0.3	-0.8
R7B1C_G236	S3_disease2_qtl1_partial	two disease signals one partly shared	2	1	1000	20264997	24510	750	0.4	0.8	5	1e-05	GJOKA_locus2_or_locus4_or_OneK_sourceLD	coloc.susie matched source LD	mismatched LD only in S6; coloc.abf for screen	odd_rep=T_L02_NK_PF10;even_rep=T_L04_B_IN_PF10	0.11332868530700327	-0.8	0.3	-0.8
R7B1C_G237	S3_disease2_qtl1_partial	two disease signals one partly shared	2	1	1000	20265014	24510	750	0.4	0.8	5	0.0001	GJOKA_locus2_or_locus4_or_OneK_sourceLD	coloc.susie matched source LD	mismatched LD only in S6; coloc.abf for screen	odd_rep=T_L02_NK_PF10;even_rep=T_L04_B_IN_PF10	0.11332868530700327	-0.8	0.3	-0.8
R7B1C_G238	S3_disease2_qtl1_partial	two disease signals one partly shared	2	1	1000	20265031	24510	750	0.4	0.8	10	1e-06	GJOKA_locus2_or_locus4_or_OneK_sourceLD	coloc.susie matched source LD	mismatched LD only in S6; coloc.abf for screen	odd_rep=T_L02_NK_PF10;even_rep=T_L04_B_IN_PF10	0.11332868530700327	-0.8	0.3	-0.8
R7B1C_G239	S3_disease2_qtl1_partial	two disease signals one partly shared	2	1	1000	20265048	24510	750	0.4	0.8	10	1e-05	GJOKA_locus2_or_locus4_or_OneK_sourceLD	coloc.susie matched source LD	mismatched LD only in S6; coloc.abf for screen	odd_rep=T_L02_NK_PF10;even_rep=T_L04_B_IN_PF10	0.11332868530700327	-0.8	0.3	-0.8
R7B1C_G240	S3_disease2_qtl1_partial	two disease signals one partly shared	2	1	1000	20265065	24510	750	0.4	0.8	10	0.0001	GJOKA_locus2_or_locus4_or_OneK_sourceLD	coloc.susie matched source LD	mismatched LD only in S6; coloc.abf for screen	odd_rep=T_L02_NK_PF10;even_rep=T_L04_B_IN_PF10	0.11332868530700327	-0.8	0.3	-0.8
R7B1C_G241	S3_disease2_qtl1_partial	two disease signals one partly shared	2	1	1000	20265082	24510	750	0.4	0.8	20	1e-06	GJOKA_locus2_or_locus4_or_OneK_sourceLD	coloc.susie matched source LD	mismatched LD only in S6; coloc.abf for screen	odd_rep=T_L02_NK_PF10;even_rep=T_L04_B_IN_PF10	0.11332868530700327	-0.8	0.3	-0.8
R7B1C_G242	S3_disease2_qtl1_partial	two disease signals one partly shared	2	1	1000	20265099	24510	750	0.4	0.8	20	1e-05	GJOKA_locus2_or_locus4_or_OneK_sourceLD	coloc.susie matched source LD	mismatched LD only in S6; coloc.abf for screen	odd_rep=T_L02_NK_PF10;even_rep=T_L04_B_IN_PF10	0.11332868530700327	-0.8	0.3	-0.8
R7B1C_G243	S3_disease2_qtl1_partial	two disease signals one partly shared	2	1	1000	20265116	24510	750	0.4	0.8	20	0.0001	GJOKA_locus2_or_locus4_or_OneK_sourceLD	coloc.susie matched source LD	mismatched LD only in S6; coloc.abf for screen	odd_rep=T_L02_NK_PF10;even_rep=T_L04_B_IN_PF10	0.11332868530700327	-0.8	0.3	-0.8
R7B1C_G244	S4_two_by_two_one_shared	one of two signals shared	2	2	1000	20265133	24510	750	0.05	0.2	5	1e-06	GJOKA_locus2_or_locus4_or_OneK_sourceLD	coloc.susie matched source LD	mismatched LD only in S6; coloc.abf for screen	odd_rep=T_L02_NK_PF10;even_rep=T_L04_B_IN_PF10	0.11332868530700327	-0.8	0.3	-0.8
R7B1C_G245	S4_two_by_two_one_shared	one of two signals shared	2	2	1000	20265150	24510	750	0.05	0.2	5	1e-05	GJOKA_locus2_or_locus4_or_OneK_sourceLD	coloc.susie matched source LD	mismatched LD only in S6; coloc.abf for screen	odd_rep=T_L02_NK_PF10;even_rep=T_L04_B_IN_PF10	0.11332868530700327	-0.8	0.3	-0.8
R7B1C_G246	S4_two_by_two_one_shared	one of two signals shared	2	2	1000	20265167	24510	750	0.05	0.2	5	0.0001	GJOKA_locus2_or_locus4_or_OneK_sourceLD	coloc.susie matched source LD	mismatched LD only in S6; coloc.abf for screen	odd_rep=T_L02_NK_PF10;even_rep=T_L04_B_IN_PF10	0.11332868530700327	-0.8	0.3	-0.8
R7B1C_G247	S4_two_by_two_one_shared	one of two signals shared	2	2	1000	20265184	24510	750	0.05	0.2	10	1e-06	GJOKA_locus2_or_locus4_or_OneK_sourceLD	coloc.susie matched source LD	mismatched LD only in S6; coloc.abf for screen	odd_rep=T_L02_NK_PF10;even_rep=T_L04_B_IN_PF10	0.11332868530700327	-0.8	0.3	-0.8
R7B1C_G248	S4_two_by_two_one_shared	one of two signals shared	2	2	1000	20265201	24510	750	0.05	0.2	10	1e-05	GJOKA_locus2_or_locus4_or_OneK_sourceLD	coloc.susie matched source LD	mismatched LD only in S6; coloc.abf for screen	odd_rep=T_L02_NK_PF10;even_rep=T_L04_B_IN_PF10	0.11332868530700327	-0.8	0.3	-0.8
R7B1C_G249	S4_two_by_two_one_shared	one of two signals shared	2	2	1000	20265218	24510	750	0.05	0.2	10	0.0001	GJOKA_locus2_or_locus4_or_OneK_sourceLD	coloc.susie matched source LD	mismatched LD only in S6; coloc.abf for screen	odd_rep=T_L02_NK_PF10;even_rep=T_L04_B_IN_PF10	0.11332868530700327	-0.8	0.3	-0.8
R7B1C_G250	S4_two_by_two_one_shared	one of two signals shared	2	2	1000	20265235	24510	750	0.05	0.2	20	1e-06	GJOKA_locus2_or_locus4_or_OneK_sourceLD	coloc.susie matched source LD	mismatched LD only in S6; coloc.abf for screen	odd_rep=T_L02_NK_PF10;even_rep=T_L04_B_IN_PF10	0.11332868530700327	-0.8	0.3	-0.8
R7B1C_G251	S4_two_by_two_one_shared	one of two signals shared	2	2	1000	20265252	24510	750	0.05	0.2	20	1e-05	GJOKA_locus2_or_locus4_or_OneK_sourceLD	coloc.susie matched source LD	mismatched LD only in S6; coloc.abf for screen	odd_rep=T_L02_NK_PF10;even_rep=T_L04_B_IN_PF10	0.11332868530700327	-0.8	0.3	-0.8
R7B1C_G252	S4_two_by_two_one_shared	one of two signals shared	2	2	1000	20265269	24510	750	0.05	0.2	20	0.0001	GJOKA_locus2_or_locus4_or_OneK_sourceLD	coloc.susie matched source LD	mismatched LD only in S6; coloc.abf for screen	odd_rep=T_L02_NK_PF10;even_rep=T_L04_B_IN_PF10	0.11332868530700327	-0.8	0.3	-0.8
R7B1C_G253	S4_two_by_two_one_shared	one of two signals shared	2	2	1000	20265286	24510	750	0.05	0.5	5	1e-06	GJOKA_locus2_or_locus4_or_OneK_sourceLD	coloc.susie matched source LD	mismatched LD only in S6; coloc.abf for screen	odd_rep=T_L02_NK_PF10;even_rep=T_L04_B_IN_PF10	0.11332868530700327	-0.8	0.3	-0.8
R7B1C_G254	S4_two_by_two_one_shared	one of two signals shared	2	2	1000	20265303	24510	750	0.05	0.5	5	1e-05	GJOKA_locus2_or_locus4_or_OneK_sourceLD	coloc.susie matched source LD	mismatched LD only in S6; coloc.abf for screen	odd_rep=T_L02_NK_PF10;even_rep=T_L04_B_IN_PF10	0.11332868530700327	-0.8	0.3	-0.8
R7B1C_G255	S4_two_by_two_one_shared	one of two signals shared	2	2	1000	20265320	24510	750	0.05	0.5	5	0.0001	GJOKA_locus2_or_locus4_or_OneK_sourceLD	coloc.susie matched source LD	mismatched LD only in S6; coloc.abf for screen	odd_rep=T_L02_NK_PF10;even_rep=T_L04_B_IN_PF10	0.11332868530700327	-0.8	0.3	-0.8
R7B1C_G256	S4_two_by_two_one_shared	one of two signals shared	2	2	1000	20265337	24510	750	0.05	0.5	10	1e-06	GJOKA_locus2_or_locus4_or_OneK_sourceLD	coloc.susie matched source LD	mismatched LD only in S6; coloc.abf for screen	odd_rep=T_L02_NK_PF10;even_rep=T_L04_B_IN_PF10	0.11332868530700327	-0.8	0.3	-0.8
R7B1C_G257	S4_two_by_two_one_shared	one of two signals shared	2	2	1000	20265354	24510	750	0.05	0.5	10	1e-05	GJOKA_locus2_or_locus4_or_OneK_sourceLD	coloc.susie matched source LD	mismatched LD only in S6; coloc.abf for screen	odd_rep=T_L02_NK_PF10;even_rep=T_L04_B_IN_PF10	0.11332868530700327	-0.8	0.3	-0.8
R7B1C_G258	S4_two_by_two_one_shared	one of two signals shared	2	2	1000	20265371	24510	750	0.05	0.5	10	0.0001	GJOKA_locus2_or_locus4_or_OneK_sourceLD	coloc.susie matched source LD	mismatched LD only in S6; coloc.abf for screen	odd_rep=T_L02_NK_PF10;even_rep=T_L04_B_IN_PF10	0.11332868530700327	-0.8	0.3	-0.8
R7B1C_G259	S4_two_by_two_one_shared	one of two signals shared	2	2	1000	20265388	24510	750	0.05	0.5	20	1e-06	GJOKA_locus2_or_locus4_or_OneK_sourceLD	coloc.susie matched source LD	mismatched LD only in S6; coloc.abf for screen	odd_rep=T_L02_NK_PF10;even_rep=T_L04_B_IN_PF10	0.11332868530700327	-0.8	0.3	-0.8
R7B1C_G260	S4_two_by_two_one_shared	one of two signals shared	2	2	1000	20265405	24510	750	0.05	0.5	20	1e-05	GJOKA_locus2_or_locus4_or_OneK_sourceLD	coloc.susie matched source LD	mismatched LD only in S6; coloc.abf for screen	odd_rep=T_L02_NK_PF10;even_rep=T_L04_B_IN_PF10	0.11332868530700327	-0.8	0.3	-0.8
R7B1C_G261	S4_two_by_two_one_shared	one of two signals shared	2	2	1000	20265422	24510	750	0.05	0.5	20	0.0001	GJOKA_locus2_or_locus4_or_OneK_sourceLD	coloc.susie matched source LD	mismatched LD only in S6; coloc.abf for screen	odd_rep=T_L02_NK_PF10;even_rep=T_L04_B_IN_PF10	0.11332868530700327	-0.8	0.3	-0.8
R7B1C_G262	S4_two_by_two_one_shared	one of two signals shared	2	2	1000	20265439	24510	750	0.05	0.8	5	1e-06	GJOKA_locus2_or_locus4_or_OneK_sourceLD	coloc.susie matched source LD	mismatched LD only in S6; coloc.abf for screen	odd_rep=T_L02_NK_PF10;even_rep=T_L04_B_IN_PF10	0.11332868530700327	-0.8	0.3	-0.8
R7B1C_G263	S4_two_by_two_one_shared	one of two signals shared	2	2	1000	20265456	24510	750	0.05	0.8	5	1e-05	GJOKA_locus2_or_locus4_or_OneK_sourceLD	coloc.susie matched source LD	mismatched LD only in S6; coloc.abf for screen	odd_rep=T_L02_NK_PF10;even_rep=T_L04_B_IN_PF10	0.11332868530700327	-0.8	0.3	-0.8
R7B1C_G264	S4_two_by_two_one_shared	one of two signals shared	2	2	1000	20265473	24510	750	0.05	0.8	5	0.0001	GJOKA_locus2_or_locus4_or_OneK_sourceLD	coloc.susie matched source LD	mismatched LD only in S6; coloc.abf for screen	odd_rep=T_L02_NK_PF10;even_rep=T_L04_B_IN_PF10	0.11332868530700327	-0.8	0.3	-0.8
R7B1C_G265	S4_two_by_two_one_shared	one of two signals shared	2	2	1000	20265490	24510	750	0.05	0.8	10	1e-06	GJOKA_locus2_or_locus4_or_OneK_sourceLD	coloc.susie matched source LD	mismatched LD only in S6; coloc.abf for screen	odd_rep=T_L02_NK_PF10;even_rep=T_L04_B_IN_PF10	0.11332868530700327	-0.8	0.3	-0.8
R7B1C_G266	S4_two_by_two_one_shared	one of two signals shared	2	2	1000	20265507	24510	750	0.05	0.8	10	1e-05	GJOKA_locus2_or_locus4_or_OneK_sourceLD	coloc.susie matched source LD	mismatched LD only in S6; coloc.abf for screen	odd_rep=T_L02_NK_PF10;even_rep=T_L04_B_IN_PF10	0.11332868530700327	-0.8	0.3	-0.8
R7B1C_G267	S4_two_by_two_one_shared	one of two signals shared	2	2	1000	20265524	24510	750	0.05	0.8	10	0.0001	GJOKA_locus2_or_locus4_or_OneK_sourceLD	coloc.susie matched source LD	mismatched LD only in S6; coloc.abf for screen	odd_rep=T_L02_NK_PF10;even_rep=T_L04_B_IN_PF10	0.11332868530700327	-0.8	0.3	-0.8
R7B1C_G268	S4_two_by_two_one_shared	one of two signals shared	2	2	1000	20265541	24510	750	0.05	0.8	20	1e-06	GJOKA_locus2_or_locus4_or_OneK_sourceLD	coloc.susie matched source LD	mismatched LD only in S6; coloc.abf for screen	odd_rep=T_L02_NK_PF10;even_rep=T_L04_B_IN_PF10	0.11332868530700327	-0.8	0.3	-0.8
R7B1C_G269	S4_two_by_two_one_shared	one of two signals shared	2	2	1000	20265558	24510	750	0.05	0.8	20	1e-05	GJOKA_locus2_or_locus4_or_OneK_sourceLD	coloc.susie matched source LD	mismatched LD only in S6; coloc.abf for screen	odd_rep=T_L02_NK_PF10;even_rep=T_L04_B_IN_PF10	0.11332868530700327	-0.8	0.3	-0.8
R7B1C_G270	S4_two_by_two_one_shared	one of two signals shared	2	2	1000	20265575	24510	750	0.05	0.8	20	0.0001	GJOKA_locus2_or_locus4_or_OneK_sourceLD	coloc.susie matched source LD	mismatched LD only in S6; coloc.abf for screen	odd_rep=T_L02_NK_PF10;even_rep=T_L04_B_IN_PF10	0.11332868530700327	-0.8	0.3	-0.8
R7B1C_G271	S4_two_by_two_one_shared	one of two signals shared	2	2	1000	20265592	24510	750	0.2	0.2	5	1e-06	GJOKA_locus2_or_locus4_or_OneK_sourceLD	coloc.susie matched source LD	mismatched LD only in S6; coloc.abf for screen	odd_rep=T_L02_NK_PF10;even_rep=T_L04_B_IN_PF10	0.11332868530700327	-0.8	0.3	-0.8
R7B1C_G272	S4_two_by_two_one_shared	one of two signals shared	2	2	1000	20265609	24510	750	0.2	0.2	5	1e-05	GJOKA_locus2_or_locus4_or_OneK_sourceLD	coloc.susie matched source LD	mismatched LD only in S6; coloc.abf for screen	odd_rep=T_L02_NK_PF10;even_rep=T_L04_B_IN_PF10	0.11332868530700327	-0.8	0.3	-0.8
R7B1C_G273	S4_two_by_two_one_shared	one of two signals shared	2	2	1000	20265626	24510	750	0.2	0.2	5	0.0001	GJOKA_locus2_or_locus4_or_OneK_sourceLD	coloc.susie matched source LD	mismatched LD only in S6; coloc.abf for screen	odd_rep=T_L02_NK_PF10;even_rep=T_L04_B_IN_PF10	0.11332868530700327	-0.8	0.3	-0.8
R7B1C_G274	S4_two_by_two_one_shared	one of two signals shared	2	2	1000	20265643	24510	750	0.2	0.2	10	1e-06	GJOKA_locus2_or_locus4_or_OneK_sourceLD	coloc.susie matched source LD	mismatched LD only in S6; coloc.abf for screen	odd_rep=T_L02_NK_PF10;even_rep=T_L04_B_IN_PF10	0.11332868530700327	-0.8	0.3	-0.8
R7B1C_G275	S4_two_by_two_one_shared	one of two signals shared	2	2	1000	20265660	24510	750	0.2	0.2	10	1e-05	GJOKA_locus2_or_locus4_or_OneK_sourceLD	coloc.susie matched source LD	mismatched LD only in S6; coloc.abf for screen	odd_rep=T_L02_NK_PF10;even_rep=T_L04_B_IN_PF10	0.11332868530700327	-0.8	0.3	-0.8
R7B1C_G276	S4_two_by_two_one_shared	one of two signals shared	2	2	1000	20265677	24510	750	0.2	0.2	10	0.0001	GJOKA_locus2_or_locus4_or_OneK_sourceLD	coloc.susie matched source LD	mismatched LD only in S6; coloc.abf for screen	odd_rep=T_L02_NK_PF10;even_rep=T_L04_B_IN_PF10	0.11332868530700327	-0.8	0.3	-0.8
R7B1C_G277	S4_two_by_two_one_shared	one of two signals shared	2	2	1000	20265694	24510	750	0.2	0.2	20	1e-06	GJOKA_locus2_or_locus4_or_OneK_sourceLD	coloc.susie matched source LD	mismatched LD only in S6; coloc.abf for screen	odd_rep=T_L02_NK_PF10;even_rep=T_L04_B_IN_PF10	0.11332868530700327	-0.8	0.3	-0.8
R7B1C_G278	S4_two_by_two_one_shared	one of two signals shared	2	2	1000	20265711	24510	750	0.2	0.2	20	1e-05	GJOKA_locus2_or_locus4_or_OneK_sourceLD	coloc.susie matched source LD	mismatched LD only in S6; coloc.abf for screen	odd_rep=T_L02_NK_PF10;even_rep=T_L04_B_IN_PF10	0.11332868530700327	-0.8	0.3	-0.8
R7B1C_G279	S4_two_by_two_one_shared	one of two signals shared	2	2	1000	20265728	24510	750	0.2	0.2	20	0.0001	GJOKA_locus2_or_locus4_or_OneK_sourceLD	coloc.susie matched source LD	mismatched LD only in S6; coloc.abf for screen	odd_rep=T_L02_NK_PF10;even_rep=T_L04_B_IN_PF10	0.11332868530700327	-0.8	0.3	-0.8
R7B1C_G280	S4_two_by_two_one_shared	one of two signals shared	2	2	1000	20265745	24510	750	0.2	0.5	5	1e-06	GJOKA_locus2_or_locus4_or_OneK_sourceLD	coloc.susie matched source LD	mismatched LD only in S6; coloc.abf for screen	odd_rep=T_L02_NK_PF10;even_rep=T_L04_B_IN_PF10	0.11332868530700327	-0.8	0.3	-0.8
R7B1C_G281	S4_two_by_two_one_shared	one of two signals shared	2	2	1000	20265762	24510	750	0.2	0.5	5	1e-05	GJOKA_locus2_or_locus4_or_OneK_sourceLD	coloc.susie matched source LD	mismatched LD only in S6; coloc.abf for screen	odd_rep=T_L02_NK_PF10;even_rep=T_L04_B_IN_PF10	0.11332868530700327	-0.8	0.3	-0.8
R7B1C_G282	S4_two_by_two_one_shared	one of two signals shared	2	2	1000	20265779	24510	750	0.2	0.5	5	0.0001	GJOKA_locus2_or_locus4_or_OneK_sourceLD	coloc.susie matched source LD	mismatched LD only in S6; coloc.abf for screen	odd_rep=T_L02_NK_PF10;even_rep=T_L04_B_IN_PF10	0.11332868530700327	-0.8	0.3	-0.8
R7B1C_G283	S4_two_by_two_one_shared	one of two signals shared	2	2	1000	20265796	24510	750	0.2	0.5	10	1e-06	GJOKA_locus2_or_locus4_or_OneK_sourceLD	coloc.susie matched source LD	mismatched LD only in S6; coloc.abf for screen	odd_rep=T_L02_NK_PF10;even_rep=T_L04_B_IN_PF10	0.11332868530700327	-0.8	0.3	-0.8
R7B1C_G284	S4_two_by_two_one_shared	one of two signals shared	2	2	1000	20265813	24510	750	0.2	0.5	10	1e-05	GJOKA_locus2_or_locus4_or_OneK_sourceLD	coloc.susie matched source LD	mismatched LD only in S6; coloc.abf for screen	odd_rep=T_L02_NK_PF10;even_rep=T_L04_B_IN_PF10	0.11332868530700327	-0.8	0.3	-0.8
R7B1C_G285	S4_two_by_two_one_shared	one of two signals shared	2	2	1000	20265830	24510	750	0.2	0.5	10	0.0001	GJOKA_locus2_or_locus4_or_OneK_sourceLD	coloc.susie matched source LD	mismatched LD only in S6; coloc.abf for screen	odd_rep=T_L02_NK_PF10;even_rep=T_L04_B_IN_PF10	0.11332868530700327	-0.8	0.3	-0.8
R7B1C_G286	S4_two_by_two_one_shared	one of two signals shared	2	2	1000	20265847	24510	750	0.2	0.5	20	1e-06	GJOKA_locus2_or_locus4_or_OneK_sourceLD	coloc.susie matched source LD	mismatched LD only in S6; coloc.abf for screen	odd_rep=T_L02_NK_PF10;even_rep=T_L04_B_IN_PF10	0.11332868530700327	-0.8	0.3	-0.8
R7B1C_G287	S4_two_by_two_one_shared	one of two signals shared	2	2	1000	20265864	24510	750	0.2	0.5	20	1e-05	GJOKA_locus2_or_locus4_or_OneK_sourceLD	coloc.susie matched source LD	mismatched LD only in S6; coloc.abf for screen	odd_rep=T_L02_NK_PF10;even_rep=T_L04_B_IN_PF10	0.11332868530700327	-0.8	0.3	-0.8
R7B1C_G288	S4_two_by_two_one_shared	one of two signals shared	2	2	1000	20265881	24510	750	0.2	0.5	20	0.0001	GJOKA_locus2_or_locus4_or_OneK_sourceLD	coloc.susie matched source LD	mismatched LD only in S6; coloc.abf for screen	odd_rep=T_L02_NK_PF10;even_rep=T_L04_B_IN_PF10	0.11332868530700327	-0.8	0.3	-0.8
R7B1C_G289	S4_two_by_two_one_shared	one of two signals shared	2	2	1000	20265898	24510	750	0.2	0.8	5	1e-06	GJOKA_locus2_or_locus4_or_OneK_sourceLD	coloc.susie matched source LD	mismatched LD only in S6; coloc.abf for screen	odd_rep=T_L02_NK_PF10;even_rep=T_L04_B_IN_PF10	0.11332868530700327	-0.8	0.3	-0.8
R7B1C_G290	S4_two_by_two_one_shared	one of two signals shared	2	2	1000	20265915	24510	750	0.2	0.8	5	1e-05	GJOKA_locus2_or_locus4_or_OneK_sourceLD	coloc.susie matched source LD	mismatched LD only in S6; coloc.abf for screen	odd_rep=T_L02_NK_PF10;even_rep=T_L04_B_IN_PF10	0.11332868530700327	-0.8	0.3	-0.8
R7B1C_G291	S4_two_by_two_one_shared	one of two signals shared	2	2	1000	20265932	24510	750	0.2	0.8	5	0.0001	GJOKA_locus2_or_locus4_or_OneK_sourceLD	coloc.susie matched source LD	mismatched LD only in S6; coloc.abf for screen	odd_rep=T_L02_NK_PF10;even_rep=T_L04_B_IN_PF10	0.11332868530700327	-0.8	0.3	-0.8
R7B1C_G292	S4_two_by_two_one_shared	one of two signals shared	2	2	1000	20265949	24510	750	0.2	0.8	10	1e-06	GJOKA_locus2_or_locus4_or_OneK_sourceLD	coloc.susie matched source LD	mismatched LD only in S6; coloc.abf for screen	odd_rep=T_L02_NK_PF10;even_rep=T_L04_B_IN_PF10	0.11332868530700327	-0.8	0.3	-0.8
R7B1C_G293	S4_two_by_two_one_shared	one of two signals shared	2	2	1000	20265966	24510	750	0.2	0.8	10	1e-05	GJOKA_locus2_or_locus4_or_OneK_sourceLD	coloc.susie matched source LD	mismatched LD only in S6; coloc.abf for screen	odd_rep=T_L02_NK_PF10;even_rep=T_L04_B_IN_PF10	0.11332868530700327	-0.8	0.3	-0.8
R7B1C_G294	S4_two_by_two_one_shared	one of two signals shared	2	2	1000	20265983	24510	750	0.2	0.8	10	0.0001	GJOKA_locus2_or_locus4_or_OneK_sourceLD	coloc.susie matched source LD	mismatched LD only in S6; coloc.abf for screen	odd_rep=T_L02_NK_PF10;even_rep=T_L04_B_IN_PF10	0.11332868530700327	-0.8	0.3	-0.8
R7B1C_G295	S4_two_by_two_one_shared	one of two signals shared	2	2	1000	20266000	24510	750	0.2	0.8	20	1e-06	GJOKA_locus2_or_locus4_or_OneK_sourceLD	coloc.susie matched source LD	mismatched LD only in S6; coloc.abf for screen	odd_rep=T_L02_NK_PF10;even_rep=T_L04_B_IN_PF10	0.11332868530700327	-0.8	0.3	-0.8
R7B1C_G296	S4_two_by_two_one_shared	one of two signals shared	2	2	1000	20266017	24510	750	0.2	0.8	20	1e-05	GJOKA_locus2_or_locus4_or_OneK_sourceLD	coloc.susie matched source LD	mismatched LD only in S6; coloc.abf for screen	odd_rep=T_L02_NK_PF10;even_rep=T_L04_B_IN_PF10	0.11332868530700327	-0.8	0.3	-0.8
R7B1C_G297	S4_two_by_two_one_shared	one of two signals shared	2	2	1000	20266034	24510	750	0.2	0.8	20	0.0001	GJOKA_locus2_or_locus4_or_OneK_sourceLD	coloc.susie matched source LD	mismatched LD only in S6; coloc.abf for screen	odd_rep=T_L02_NK_PF10;even_rep=T_L04_B_IN_PF10	0.11332868530700327	-0.8	0.3	-0.8
R7B1C_G298	S4_two_by_two_one_shared	one of two signals shared	2	2	1000	20266051	24510	750	0.4	0.2	5	1e-06	GJOKA_locus2_or_locus4_or_OneK_sourceLD	coloc.susie matched source LD	mismatched LD only in S6; coloc.abf for screen	odd_rep=T_L02_NK_PF10;even_rep=T_L04_B_IN_PF10	0.11332868530700327	-0.8	0.3	-0.8
R7B1C_G299	S4_two_by_two_one_shared	one of two signals shared	2	2	1000	20266068	24510	750	0.4	0.2	5	1e-05	GJOKA_locus2_or_locus4_or_OneK_sourceLD	coloc.susie matched source LD	mismatched LD only in S6; coloc.abf for screen	odd_rep=T_L02_NK_PF10;even_rep=T_L04_B_IN_PF10	0.11332868530700327	-0.8	0.3	-0.8
R7B1C_G300	S4_two_by_two_one_shared	one of two signals shared	2	2	1000	20266085	24510	750	0.4	0.2	5	0.0001	GJOKA_locus2_or_locus4_or_OneK_sourceLD	coloc.susie matched source LD	mismatched LD only in S6; coloc.abf for screen	odd_rep=T_L02_NK_PF10;even_rep=T_L04_B_IN_PF10	0.11332868530700327	-0.8	0.3	-0.8
R7B1C_G301	S4_two_by_two_one_shared	one of two signals shared	2	2	1000	20266102	24510	750	0.4	0.2	10	1e-06	GJOKA_locus2_or_locus4_or_OneK_sourceLD	coloc.susie matched source LD	mismatched LD only in S6; coloc.abf for screen	odd_rep=T_L02_NK_PF10;even_rep=T_L04_B_IN_PF10	0.11332868530700327	-0.8	0.3	-0.8
R7B1C_G302	S4_two_by_two_one_shared	one of two signals shared	2	2	1000	20266119	24510	750	0.4	0.2	10	1e-05	GJOKA_locus2_or_locus4_or_OneK_sourceLD	coloc.susie matched source LD	mismatched LD only in S6; coloc.abf for screen	odd_rep=T_L02_NK_PF10;even_rep=T_L04_B_IN_PF10	0.11332868530700327	-0.8	0.3	-0.8
R7B1C_G303	S4_two_by_two_one_shared	one of two signals shared	2	2	1000	20266136	24510	750	0.4	0.2	10	0.0001	GJOKA_locus2_or_locus4_or_OneK_sourceLD	coloc.susie matched source LD	mismatched LD only in S6; coloc.abf for screen	odd_rep=T_L02_NK_PF10;even_rep=T_L04_B_IN_PF10	0.11332868530700327	-0.8	0.3	-0.8
R7B1C_G304	S4_two_by_two_one_shared	one of two signals shared	2	2	1000	20266153	24510	750	0.4	0.2	20	1e-06	GJOKA_locus2_or_locus4_or_OneK_sourceLD	coloc.susie matched source LD	mismatched LD only in S6; coloc.abf for screen	odd_rep=T_L02_NK_PF10;even_rep=T_L04_B_IN_PF10	0.11332868530700327	-0.8	0.3	-0.8
R7B1C_G305	S4_two_by_two_one_shared	one of two signals shared	2	2	1000	20266170	24510	750	0.4	0.2	20	1e-05	GJOKA_locus2_or_locus4_or_OneK_sourceLD	coloc.susie matched source LD	mismatched LD only in S6; coloc.abf for screen	odd_rep=T_L02_NK_PF10;even_rep=T_L04_B_IN_PF10	0.11332868530700327	-0.8	0.3	-0.8
R7B1C_G306	S4_two_by_two_one_shared	one of two signals shared	2	2	1000	20266187	24510	750	0.4	0.2	20	0.0001	GJOKA_locus2_or_locus4_or_OneK_sourceLD	coloc.susie matched source LD	mismatched LD only in S6; coloc.abf for screen	odd_rep=T_L02_NK_PF10;even_rep=T_L04_B_IN_PF10	0.11332868530700327	-0.8	0.3	-0.8
R7B1C_G307	S4_two_by_two_one_shared	one of two signals shared	2	2	1000	20266204	24510	750	0.4	0.5	5	1e-06	GJOKA_locus2_or_locus4_or_OneK_sourceLD	coloc.susie matched source LD	mismatched LD only in S6; coloc.abf for screen	odd_rep=T_L02_NK_PF10;even_rep=T_L04_B_IN_PF10	0.11332868530700327	-0.8	0.3	-0.8
R7B1C_G308	S4_two_by_two_one_shared	one of two signals shared	2	2	1000	20266221	24510	750	0.4	0.5	5	1e-05	GJOKA_locus2_or_locus4_or_OneK_sourceLD	coloc.susie matched source LD	mismatched LD only in S6; coloc.abf for screen	odd_rep=T_L02_NK_PF10;even_rep=T_L04_B_IN_PF10	0.11332868530700327	-0.8	0.3	-0.8
R7B1C_G309	S4_two_by_two_one_shared	one of two signals shared	2	2	1000	20266238	24510	750	0.4	0.5	5	0.0001	GJOKA_locus2_or_locus4_or_OneK_sourceLD	coloc.susie matched source LD	mismatched LD only in S6; coloc.abf for screen	odd_rep=T_L02_NK_PF10;even_rep=T_L04_B_IN_PF10	0.11332868530700327	-0.8	0.3	-0.8
R7B1C_G310	S4_two_by_two_one_shared	one of two signals shared	2	2	1000	20266255	24510	750	0.4	0.5	10	1e-06	GJOKA_locus2_or_locus4_or_OneK_sourceLD	coloc.susie matched source LD	mismatched LD only in S6; coloc.abf for screen	odd_rep=T_L02_NK_PF10;even_rep=T_L04_B_IN_PF10	0.11332868530700327	-0.8	0.3	-0.8
R7B1C_G311	S4_two_by_two_one_shared	one of two signals shared	2	2	1000	20266272	24510	750	0.4	0.5	10	1e-05	GJOKA_locus2_or_locus4_or_OneK_sourceLD	coloc.susie matched source LD	mismatched LD only in S6; coloc.abf for screen	odd_rep=T_L02_NK_PF10;even_rep=T_L04_B_IN_PF10	0.11332868530700327	-0.8	0.3	-0.8
R7B1C_G312	S4_two_by_two_one_shared	one of two signals shared	2	2	1000	20266289	24510	750	0.4	0.5	10	0.0001	GJOKA_locus2_or_locus4_or_OneK_sourceLD	coloc.susie matched source LD	mismatched LD only in S6; coloc.abf for screen	odd_rep=T_L02_NK_PF10;even_rep=T_L04_B_IN_PF10	0.11332868530700327	-0.8	0.3	-0.8
R7B1C_G313	S4_two_by_two_one_shared	one of two signals shared	2	2	1000	20266306	24510	750	0.4	0.5	20	1e-06	GJOKA_locus2_or_locus4_or_OneK_sourceLD	coloc.susie matched source LD	mismatched LD only in S6; coloc.abf for screen	odd_rep=T_L02_NK_PF10;even_rep=T_L04_B_IN_PF10	0.11332868530700327	-0.8	0.3	-0.8
R7B1C_G314	S4_two_by_two_one_shared	one of two signals shared	2	2	1000	20266323	24510	750	0.4	0.5	20	1e-05	GJOKA_locus2_or_locus4_or_OneK_sourceLD	coloc.susie matched source LD	mismatched LD only in S6; coloc.abf for screen	odd_rep=T_L02_NK_PF10;even_rep=T_L04_B_IN_PF10	0.11332868530700327	-0.8	0.3	-0.8
R7B1C_G315	S4_two_by_two_one_shared	one of two signals shared	2	2	1000	20266340	24510	750	0.4	0.5	20	0.0001	GJOKA_locus2_or_locus4_or_OneK_sourceLD	coloc.susie matched source LD	mismatched LD only in S6; coloc.abf for screen	odd_rep=T_L02_NK_PF10;even_rep=T_L04_B_IN_PF10	0.11332868530700327	-0.8	0.3	-0.8
R7B1C_G316	S4_two_by_two_one_shared	one of two signals shared	2	2	1000	20266357	24510	750	0.4	0.8	5	1e-06	GJOKA_locus2_or_locus4_or_OneK_sourceLD	coloc.susie matched source LD	mismatched LD only in S6; coloc.abf for screen	odd_rep=T_L02_NK_PF10;even_rep=T_L04_B_IN_PF10	0.11332868530700327	-0.8	0.3	-0.8
R7B1C_G317	S4_two_by_two_one_shared	one of two signals shared	2	2	1000	20266374	24510	750	0.4	0.8	5	1e-05	GJOKA_locus2_or_locus4_or_OneK_sourceLD	coloc.susie matched source LD	mismatched LD only in S6; coloc.abf for screen	odd_rep=T_L02_NK_PF10;even_rep=T_L04_B_IN_PF10	0.11332868530700327	-0.8	0.3	-0.8
R7B1C_G318	S4_two_by_two_one_shared	one of two signals shared	2	2	1000	20266391	24510	750	0.4	0.8	5	0.0001	GJOKA_locus2_or_locus4_or_OneK_sourceLD	coloc.susie matched source LD	mismatched LD only in S6; coloc.abf for screen	odd_rep=T_L02_NK_PF10;even_rep=T_L04_B_IN_PF10	0.11332868530700327	-0.8	0.3	-0.8
R7B1C_G319	S4_two_by_two_one_shared	one of two signals shared	2	2	1000	20266408	24510	750	0.4	0.8	10	1e-06	GJOKA_locus2_or_locus4_or_OneK_sourceLD	coloc.susie matched source LD	mismatched LD only in S6; coloc.abf for screen	odd_rep=T_L02_NK_PF10;even_rep=T_L04_B_IN_PF10	0.11332868530700327	-0.8	0.3	-0.8
R7B1C_G320	S4_two_by_two_one_shared	one of two signals shared	2	2	1000	20266425	24510	750	0.4	0.8	10	1e-05	GJOKA_locus2_or_locus4_or_OneK_sourceLD	coloc.susie matched source LD	mismatched LD only in S6; coloc.abf for screen	odd_rep=T_L02_NK_PF10;even_rep=T_L04_B_IN_PF10	0.11332868530700327	-0.8	0.3	-0.8
R7B1C_G321	S4_two_by_two_one_shared	one of two signals shared	2	2	1000	20266442	24510	750	0.4	0.8	10	0.0001	GJOKA_locus2_or_locus4_or_OneK_sourceLD	coloc.susie matched source LD	mismatched LD only in S6; coloc.abf for screen	odd_rep=T_L02_NK_PF10;even_rep=T_L04_B_IN_PF10	0.11332868530700327	-0.8	0.3	-0.8
R7B1C_G322	S4_two_by_two_one_shared	one of two signals shared	2	2	1000	20266459	24510	750	0.4	0.8	20	1e-06	GJOKA_locus2_or_locus4_or_OneK_sourceLD	coloc.susie matched source LD	mismatched LD only in S6; coloc.abf for screen	odd_rep=T_L02_NK_PF10;even_rep=T_L04_B_IN_PF10	0.11332868530700327	-0.8	0.3	-0.8
R7B1C_G323	S4_two_by_two_one_shared	one of two signals shared	2	2	1000	20266476	24510	750	0.4	0.8	20	1e-05	GJOKA_locus2_or_locus4_or_OneK_sourceLD	coloc.susie matched source LD	mismatched LD only in S6; coloc.abf for screen	odd_rep=T_L02_NK_PF10;even_rep=T_L04_B_IN_PF10	0.11332868530700327	-0.8	0.3	-0.8
R7B1C_G324	S4_two_by_two_one_shared	one of two signals shared	2	2	1000	20266493	24510	750	0.4	0.8	20	0.0001	GJOKA_locus2_or_locus4_or_OneK_sourceLD	coloc.susie matched source LD	mismatched LD only in S6; coloc.abf for screen	odd_rep=T_L02_NK_PF10;even_rep=T_L04_B_IN_PF10	0.11332868530700327	-0.8	0.3	-0.8
R7B1C_G325	S5_two_by_two_none_highLD	no shared signal under high LD	2	2	1000	20266510	24510	750	0.05	0.2	5	1e-06	GJOKA_locus2_or_locus4_or_OneK_sourceLD	coloc.susie matched source LD	mismatched LD only in S6; coloc.abf for screen	odd_rep=T_L02_NK_PF10;even_rep=T_L04_B_IN_PF10	0.11332868530700327	-0.8	0.3	-0.8
R7B1C_G326	S5_two_by_two_none_highLD	no shared signal under high LD	2	2	1000	20266527	24510	750	0.05	0.2	5	1e-05	GJOKA_locus2_or_locus4_or_OneK_sourceLD	coloc.susie matched source LD	mismatched LD only in S6; coloc.abf for screen	odd_rep=T_L02_NK_PF10;even_rep=T_L04_B_IN_PF10	0.11332868530700327	-0.8	0.3	-0.8
R7B1C_G327	S5_two_by_two_none_highLD	no shared signal under high LD	2	2	1000	20266544	24510	750	0.05	0.2	5	0.0001	GJOKA_locus2_or_locus4_or_OneK_sourceLD	coloc.susie matched source LD	mismatched LD only in S6; coloc.abf for screen	odd_rep=T_L02_NK_PF10;even_rep=T_L04_B_IN_PF10	0.11332868530700327	-0.8	0.3	-0.8
R7B1C_G328	S5_two_by_two_none_highLD	no shared signal under high LD	2	2	1000	20266561	24510	750	0.05	0.2	10	1e-06	GJOKA_locus2_or_locus4_or_OneK_sourceLD	coloc.susie matched source LD	mismatched LD only in S6; coloc.abf for screen	odd_rep=T_L02_NK_PF10;even_rep=T_L04_B_IN_PF10	0.11332868530700327	-0.8	0.3	-0.8
R7B1C_G329	S5_two_by_two_none_highLD	no shared signal under high LD	2	2	1000	20266578	24510	750	0.05	0.2	10	1e-05	GJOKA_locus2_or_locus4_or_OneK_sourceLD	coloc.susie matched source LD	mismatched LD only in S6; coloc.abf for screen	odd_rep=T_L02_NK_PF10;even_rep=T_L04_B_IN_PF10	0.11332868530700327	-0.8	0.3	-0.8
R7B1C_G330	S5_two_by_two_none_highLD	no shared signal under high LD	2	2	1000	20266595	24510	750	0.05	0.2	10	0.0001	GJOKA_locus2_or_locus4_or_OneK_sourceLD	coloc.susie matched source LD	mismatched LD only in S6; coloc.abf for screen	odd_rep=T_L02_NK_PF10;even_rep=T_L04_B_IN_PF10	0.11332868530700327	-0.8	0.3	-0.8
R7B1C_G331	S5_two_by_two_none_highLD	no shared signal under high LD	2	2	1000	20266612	24510	750	0.05	0.2	20	1e-06	GJOKA_locus2_or_locus4_or_OneK_sourceLD	coloc.susie matched source LD	mismatched LD only in S6; coloc.abf for screen	odd_rep=T_L02_NK_PF10;even_rep=T_L04_B_IN_PF10	0.11332868530700327	-0.8	0.3	-0.8
R7B1C_G332	S5_two_by_two_none_highLD	no shared signal under high LD	2	2	1000	20266629	24510	750	0.05	0.2	20	1e-05	GJOKA_locus2_or_locus4_or_OneK_sourceLD	coloc.susie matched source LD	mismatched LD only in S6; coloc.abf for screen	odd_rep=T_L02_NK_PF10;even_rep=T_L04_B_IN_PF10	0.11332868530700327	-0.8	0.3	-0.8
R7B1C_G333	S5_two_by_two_none_highLD	no shared signal under high LD	2	2	1000	20266646	24510	750	0.05	0.2	20	0.0001	GJOKA_locus2_or_locus4_or_OneK_sourceLD	coloc.susie matched source LD	mismatched LD only in S6; coloc.abf for screen	odd_rep=T_L02_NK_PF10;even_rep=T_L04_B_IN_PF10	0.11332868530700327	-0.8	0.3	-0.8
R7B1C_G334	S5_two_by_two_none_highLD	no shared signal under high LD	2	2	1000	20266663	24510	750	0.05	0.5	5	1e-06	GJOKA_locus2_or_locus4_or_OneK_sourceLD	coloc.susie matched source LD	mismatched LD only in S6; coloc.abf for screen	odd_rep=T_L02_NK_PF10;even_rep=T_L04_B_IN_PF10	0.11332868530700327	-0.8	0.3	-0.8
R7B1C_G335	S5_two_by_two_none_highLD	no shared signal under high LD	2	2	1000	20266680	24510	750	0.05	0.5	5	1e-05	GJOKA_locus2_or_locus4_or_OneK_sourceLD	coloc.susie matched source LD	mismatched LD only in S6; coloc.abf for screen	odd_rep=T_L02_NK_PF10;even_rep=T_L04_B_IN_PF10	0.11332868530700327	-0.8	0.3	-0.8
R7B1C_G336	S5_two_by_two_none_highLD	no shared signal under high LD	2	2	1000	20266697	24510	750	0.05	0.5	5	0.0001	GJOKA_locus2_or_locus4_or_OneK_sourceLD	coloc.susie matched source LD	mismatched LD only in S6; coloc.abf for screen	odd_rep=T_L02_NK_PF10;even_rep=T_L04_B_IN_PF10	0.11332868530700327	-0.8	0.3	-0.8
R7B1C_G337	S5_two_by_two_none_highLD	no shared signal under high LD	2	2	1000	20266714	24510	750	0.05	0.5	10	1e-06	GJOKA_locus2_or_locus4_or_OneK_sourceLD	coloc.susie matched source LD	mismatched LD only in S6; coloc.abf for screen	odd_rep=T_L02_NK_PF10;even_rep=T_L04_B_IN_PF10	0.11332868530700327	-0.8	0.3	-0.8
R7B1C_G338	S5_two_by_two_none_highLD	no shared signal under high LD	2	2	1000	20266731	24510	750	0.05	0.5	10	1e-05	GJOKA_locus2_or_locus4_or_OneK_sourceLD	coloc.susie matched source LD	mismatched LD only in S6; coloc.abf for screen	odd_rep=T_L02_NK_PF10;even_rep=T_L04_B_IN_PF10	0.11332868530700327	-0.8	0.3	-0.8
R7B1C_G339	S5_two_by_two_none_highLD	no shared signal under high LD	2	2	1000	20266748	24510	750	0.05	0.5	10	0.0001	GJOKA_locus2_or_locus4_or_OneK_sourceLD	coloc.susie matched source LD	mismatched LD only in S6; coloc.abf for screen	odd_rep=T_L02_NK_PF10;even_rep=T_L04_B_IN_PF10	0.11332868530700327	-0.8	0.3	-0.8
R7B1C_G340	S5_two_by_two_none_highLD	no shared signal under high LD	2	2	1000	20266765	24510	750	0.05	0.5	20	1e-06	GJOKA_locus2_or_locus4_or_OneK_sourceLD	coloc.susie matched source LD	mismatched LD only in S6; coloc.abf for screen	odd_rep=T_L02_NK_PF10;even_rep=T_L04_B_IN_PF10	0.11332868530700327	-0.8	0.3	-0.8
R7B1C_G341	S5_two_by_two_none_highLD	no shared signal under high LD	2	2	1000	20266782	24510	750	0.05	0.5	20	1e-05	GJOKA_locus2_or_locus4_or_OneK_sourceLD	coloc.susie matched source LD	mismatched LD only in S6; coloc.abf for screen	odd_rep=T_L02_NK_PF10;even_rep=T_L04_B_IN_PF10	0.11332868530700327	-0.8	0.3	-0.8
R7B1C_G342	S5_two_by_two_none_highLD	no shared signal under high LD	2	2	1000	20266799	24510	750	0.05	0.5	20	0.0001	GJOKA_locus2_or_locus4_or_OneK_sourceLD	coloc.susie matched source LD	mismatched LD only in S6; coloc.abf for screen	odd_rep=T_L02_NK_PF10;even_rep=T_L04_B_IN_PF10	0.11332868530700327	-0.8	0.3	-0.8
R7B1C_G343	S5_two_by_two_none_highLD	no shared signal under high LD	2	2	1000	20266816	24510	750	0.05	0.8	5	1e-06	GJOKA_locus2_or_locus4_or_OneK_sourceLD	coloc.susie matched source LD	mismatched LD only in S6; coloc.abf for screen	odd_rep=T_L02_NK_PF10;even_rep=T_L04_B_IN_PF10	0.11332868530700327	-0.8	0.3	-0.8
R7B1C_G344	S5_two_by_two_none_highLD	no shared signal under high LD	2	2	1000	20266833	24510	750	0.05	0.8	5	1e-05	GJOKA_locus2_or_locus4_or_OneK_sourceLD	coloc.susie matched source LD	mismatched LD only in S6; coloc.abf for screen	odd_rep=T_L02_NK_PF10;even_rep=T_L04_B_IN_PF10	0.11332868530700327	-0.8	0.3	-0.8
R7B1C_G345	S5_two_by_two_none_highLD	no shared signal under high LD	2	2	1000	20266850	24510	750	0.05	0.8	5	0.0001	GJOKA_locus2_or_locus4_or_OneK_sourceLD	coloc.susie matched source LD	mismatched LD only in S6; coloc.abf for screen	odd_rep=T_L02_NK_PF10;even_rep=T_L04_B_IN_PF10	0.11332868530700327	-0.8	0.3	-0.8
R7B1C_G346	S5_two_by_two_none_highLD	no shared signal under high LD	2	2	1000	20266867	24510	750	0.05	0.8	10	1e-06	GJOKA_locus2_or_locus4_or_OneK_sourceLD	coloc.susie matched source LD	mismatched LD only in S6; coloc.abf for screen	odd_rep=T_L02_NK_PF10;even_rep=T_L04_B_IN_PF10	0.11332868530700327	-0.8	0.3	-0.8
R7B1C_G347	S5_two_by_two_none_highLD	no shared signal under high LD	2	2	1000	20266884	24510	750	0.05	0.8	10	1e-05	GJOKA_locus2_or_locus4_or_OneK_sourceLD	coloc.susie matched source LD	mismatched LD only in S6; coloc.abf for screen	odd_rep=T_L02_NK_PF10;even_rep=T_L04_B_IN_PF10	0.11332868530700327	-0.8	0.3	-0.8
R7B1C_G348	S5_two_by_two_none_highLD	no shared signal under high LD	2	2	1000	20266901	24510	750	0.05	0.8	10	0.0001	GJOKA_locus2_or_locus4_or_OneK_sourceLD	coloc.susie matched source LD	mismatched LD only in S6; coloc.abf for screen	odd_rep=T_L02_NK_PF10;even_rep=T_L04_B_IN_PF10	0.11332868530700327	-0.8	0.3	-0.8
R7B1C_G349	S5_two_by_two_none_highLD	no shared signal under high LD	2	2	1000	20266918	24510	750	0.05	0.8	20	1e-06	GJOKA_locus2_or_locus4_or_OneK_sourceLD	coloc.susie matched source LD	mismatched LD only in S6; coloc.abf for screen	odd_rep=T_L02_NK_PF10;even_rep=T_L04_B_IN_PF10	0.11332868530700327	-0.8	0.3	-0.8
R7B1C_G350	S5_two_by_two_none_highLD	no shared signal under high LD	2	2	1000	20266935	24510	750	0.05	0.8	20	1e-05	GJOKA_locus2_or_locus4_or_OneK_sourceLD	coloc.susie matched source LD	mismatched LD only in S6; coloc.abf for screen	odd_rep=T_L02_NK_PF10;even_rep=T_L04_B_IN_PF10	0.11332868530700327	-0.8	0.3	-0.8
R7B1C_G351	S5_two_by_two_none_highLD	no shared signal under high LD	2	2	1000	20266952	24510	750	0.05	0.8	20	0.0001	GJOKA_locus2_or_locus4_or_OneK_sourceLD	coloc.susie matched source LD	mismatched LD only in S6; coloc.abf for screen	odd_rep=T_L02_NK_PF10;even_rep=T_L04_B_IN_PF10	0.11332868530700327	-0.8	0.3	-0.8
R7B1C_G352	S5_two_by_two_none_highLD	no shared signal under high LD	2	2	1000	20266969	24510	750	0.2	0.2	5	1e-06	GJOKA_locus2_or_locus4_or_OneK_sourceLD	coloc.susie matched source LD	mismatched LD only in S6; coloc.abf for screen	odd_rep=T_L02_NK_PF10;even_rep=T_L04_B_IN_PF10	0.11332868530700327	-0.8	0.3	-0.8
R7B1C_G353	S5_two_by_two_none_highLD	no shared signal under high LD	2	2	1000	20266986	24510	750	0.2	0.2	5	1e-05	GJOKA_locus2_or_locus4_or_OneK_sourceLD	coloc.susie matched source LD	mismatched LD only in S6; coloc.abf for screen	odd_rep=T_L02_NK_PF10;even_rep=T_L04_B_IN_PF10	0.11332868530700327	-0.8	0.3	-0.8
R7B1C_G354	S5_two_by_two_none_highLD	no shared signal under high LD	2	2	1000	20267003	24510	750	0.2	0.2	5	0.0001	GJOKA_locus2_or_locus4_or_OneK_sourceLD	coloc.susie matched source LD	mismatched LD only in S6; coloc.abf for screen	odd_rep=T_L02_NK_PF10;even_rep=T_L04_B_IN_PF10	0.11332868530700327	-0.8	0.3	-0.8
R7B1C_G355	S5_two_by_two_none_highLD	no shared signal under high LD	2	2	1000	20267020	24510	750	0.2	0.2	10	1e-06	GJOKA_locus2_or_locus4_or_OneK_sourceLD	coloc.susie matched source LD	mismatched LD only in S6; coloc.abf for screen	odd_rep=T_L02_NK_PF10;even_rep=T_L04_B_IN_PF10	0.11332868530700327	-0.8	0.3	-0.8
R7B1C_G356	S5_two_by_two_none_highLD	no shared signal under high LD	2	2	1000	20267037	24510	750	0.2	0.2	10	1e-05	GJOKA_locus2_or_locus4_or_OneK_sourceLD	coloc.susie matched source LD	mismatched LD only in S6; coloc.abf for screen	odd_rep=T_L02_NK_PF10;even_rep=T_L04_B_IN_PF10	0.11332868530700327	-0.8	0.3	-0.8
R7B1C_G357	S5_two_by_two_none_highLD	no shared signal under high LD	2	2	1000	20267054	24510	750	0.2	0.2	10	0.0001	GJOKA_locus2_or_locus4_or_OneK_sourceLD	coloc.susie matched source LD	mismatched LD only in S6; coloc.abf for screen	odd_rep=T_L02_NK_PF10;even_rep=T_L04_B_IN_PF10	0.11332868530700327	-0.8	0.3	-0.8
R7B1C_G358	S5_two_by_two_none_highLD	no shared signal under high LD	2	2	1000	20267071	24510	750	0.2	0.2	20	1e-06	GJOKA_locus2_or_locus4_or_OneK_sourceLD	coloc.susie matched source LD	mismatched LD only in S6; coloc.abf for screen	odd_rep=T_L02_NK_PF10;even_rep=T_L04_B_IN_PF10	0.11332868530700327	-0.8	0.3	-0.8
R7B1C_G359	S5_two_by_two_none_highLD	no shared signal under high LD	2	2	1000	20267088	24510	750	0.2	0.2	20	1e-05	GJOKA_locus2_or_locus4_or_OneK_sourceLD	coloc.susie matched source LD	mismatched LD only in S6; coloc.abf for screen	odd_rep=T_L02_NK_PF10;even_rep=T_L04_B_IN_PF10	0.11332868530700327	-0.8	0.3	-0.8
R7B1C_G360	S5_two_by_two_none_highLD	no shared signal under high LD	2	2	1000	20267105	24510	750	0.2	0.2	20	0.0001	GJOKA_locus2_or_locus4_or_OneK_sourceLD	coloc.susie matched source LD	mismatched LD only in S6; coloc.abf for screen	odd_rep=T_L02_NK_PF10;even_rep=T_L04_B_IN_PF10	0.11332868530700327	-0.8	0.3	-0.8
R7B1C_G361	S5_two_by_two_none_highLD	no shared signal under high LD	2	2	1000	20267122	24510	750	0.2	0.5	5	1e-06	GJOKA_locus2_or_locus4_or_OneK_sourceLD	coloc.susie matched source LD	mismatched LD only in S6; coloc.abf for screen	odd_rep=T_L02_NK_PF10;even_rep=T_L04_B_IN_PF10	0.11332868530700327	-0.8	0.3	-0.8
R7B1C_G362	S5_two_by_two_none_highLD	no shared signal under high LD	2	2	1000	20267139	24510	750	0.2	0.5	5	1e-05	GJOKA_locus2_or_locus4_or_OneK_sourceLD	coloc.susie matched source LD	mismatched LD only in S6; coloc.abf for screen	odd_rep=T_L02_NK_PF10;even_rep=T_L04_B_IN_PF10	0.11332868530700327	-0.8	0.3	-0.8
R7B1C_G363	S5_two_by_two_none_highLD	no shared signal under high LD	2	2	1000	20267156	24510	750	0.2	0.5	5	0.0001	GJOKA_locus2_or_locus4_or_OneK_sourceLD	coloc.susie matched source LD	mismatched LD only in S6; coloc.abf for screen	odd_rep=T_L02_NK_PF10;even_rep=T_L04_B_IN_PF10	0.11332868530700327	-0.8	0.3	-0.8
R7B1C_G364	S5_two_by_two_none_highLD	no shared signal under high LD	2	2	1000	20267173	24510	750	0.2	0.5	10	1e-06	GJOKA_locus2_or_locus4_or_OneK_sourceLD	coloc.susie matched source LD	mismatched LD only in S6; coloc.abf for screen	odd_rep=T_L02_NK_PF10;even_rep=T_L04_B_IN_PF10	0.11332868530700327	-0.8	0.3	-0.8
R7B1C_G365	S5_two_by_two_none_highLD	no shared signal under high LD	2	2	1000	20267190	24510	750	0.2	0.5	10	1e-05	GJOKA_locus2_or_locus4_or_OneK_sourceLD	coloc.susie matched source LD	mismatched LD only in S6; coloc.abf for screen	odd_rep=T_L02_NK_PF10;even_rep=T_L04_B_IN_PF10	0.11332868530700327	-0.8	0.3	-0.8
R7B1C_G366	S5_two_by_two_none_highLD	no shared signal under high LD	2	2	1000	20267207	24510	750	0.2	0.5	10	0.0001	GJOKA_locus2_or_locus4_or_OneK_sourceLD	coloc.susie matched source LD	mismatched LD only in S6; coloc.abf for screen	odd_rep=T_L02_NK_PF10;even_rep=T_L04_B_IN_PF10	0.11332868530700327	-0.8	0.3	-0.8
R7B1C_G367	S5_two_by_two_none_highLD	no shared signal under high LD	2	2	1000	20267224	24510	750	0.2	0.5	20	1e-06	GJOKA_locus2_or_locus4_or_OneK_sourceLD	coloc.susie matched source LD	mismatched LD only in S6; coloc.abf for screen	odd_rep=T_L02_NK_PF10;even_rep=T_L04_B_IN_PF10	0.11332868530700327	-0.8	0.3	-0.8
R7B1C_G368	S5_two_by_two_none_highLD	no shared signal under high LD	2	2	1000	20267241	24510	750	0.2	0.5	20	1e-05	GJOKA_locus2_or_locus4_or_OneK_sourceLD	coloc.susie matched source LD	mismatched LD only in S6; coloc.abf for screen	odd_rep=T_L02_NK_PF10;even_rep=T_L04_B_IN_PF10	0.11332868530700327	-0.8	0.3	-0.8
R7B1C_G369	S5_two_by_two_none_highLD	no shared signal under high LD	2	2	1000	20267258	24510	750	0.2	0.5	20	0.0001	GJOKA_locus2_or_locus4_or_OneK_sourceLD	coloc.susie matched source LD	mismatched LD only in S6; coloc.abf for screen	odd_rep=T_L02_NK_PF10;even_rep=T_L04_B_IN_PF10	0.11332868530700327	-0.8	0.3	-0.8
R7B1C_G370	S5_two_by_two_none_highLD	no shared signal under high LD	2	2	1000	20267275	24510	750	0.2	0.8	5	1e-06	GJOKA_locus2_or_locus4_or_OneK_sourceLD	coloc.susie matched source LD	mismatched LD only in S6; coloc.abf for screen	odd_rep=T_L02_NK_PF10;even_rep=T_L04_B_IN_PF10	0.11332868530700327	-0.8	0.3	-0.8
R7B1C_G371	S5_two_by_two_none_highLD	no shared signal under high LD	2	2	1000	20267292	24510	750	0.2	0.8	5	1e-05	GJOKA_locus2_or_locus4_or_OneK_sourceLD	coloc.susie matched source LD	mismatched LD only in S6; coloc.abf for screen	odd_rep=T_L02_NK_PF10;even_rep=T_L04_B_IN_PF10	0.11332868530700327	-0.8	0.3	-0.8
R7B1C_G372	S5_two_by_two_none_highLD	no shared signal under high LD	2	2	1000	20267309	24510	750	0.2	0.8	5	0.0001	GJOKA_locus2_or_locus4_or_OneK_sourceLD	coloc.susie matched source LD	mismatched LD only in S6; coloc.abf for screen	odd_rep=T_L02_NK_PF10;even_rep=T_L04_B_IN_PF10	0.11332868530700327	-0.8	0.3	-0.8
R7B1C_G373	S5_two_by_two_none_highLD	no shared signal under high LD	2	2	1000	20267326	24510	750	0.2	0.8	10	1e-06	GJOKA_locus2_or_locus4_or_OneK_sourceLD	coloc.susie matched source LD	mismatched LD only in S6; coloc.abf for screen	odd_rep=T_L02_NK_PF10;even_rep=T_L04_B_IN_PF10	0.11332868530700327	-0.8	0.3	-0.8
R7B1C_G374	S5_two_by_two_none_highLD	no shared signal under high LD	2	2	1000	20267343	24510	750	0.2	0.8	10	1e-05	GJOKA_locus2_or_locus4_or_OneK_sourceLD	coloc.susie matched source LD	mismatched LD only in S6; coloc.abf for screen	odd_rep=T_L02_NK_PF10;even_rep=T_L04_B_IN_PF10	0.11332868530700327	-0.8	0.3	-0.8
R7B1C_G375	S5_two_by_two_none_highLD	no shared signal under high LD	2	2	1000	20267360	24510	750	0.2	0.8	10	0.0001	GJOKA_locus2_or_locus4_or_OneK_sourceLD	coloc.susie matched source LD	mismatched LD only in S6; coloc.abf for screen	odd_rep=T_L02_NK_PF10;even_rep=T_L04_B_IN_PF10	0.11332868530700327	-0.8	0.3	-0.8
R7B1C_G376	S5_two_by_two_none_highLD	no shared signal under high LD	2	2	1000	20267377	24510	750	0.2	0.8	20	1e-06	GJOKA_locus2_or_locus4_or_OneK_sourceLD	coloc.susie matched source LD	mismatched LD only in S6; coloc.abf for screen	odd_rep=T_L02_NK_PF10;even_rep=T_L04_B_IN_PF10	0.11332868530700327	-0.8	0.3	-0.8
R7B1C_G377	S5_two_by_two_none_highLD	no shared signal under high LD	2	2	1000	20267394	24510	750	0.2	0.8	20	1e-05	GJOKA_locus2_or_locus4_or_OneK_sourceLD	coloc.susie matched source LD	mismatched LD only in S6; coloc.abf for screen	odd_rep=T_L02_NK_PF10;even_rep=T_L04_B_IN_PF10	0.11332868530700327	-0.8	0.3	-0.8
R7B1C_G378	S5_two_by_two_none_highLD	no shared signal under high LD	2	2	1000	20267411	24510	750	0.2	0.8	20	0.0001	GJOKA_locus2_or_locus4_or_OneK_sourceLD	coloc.susie matched source LD	mismatched LD only in S6; coloc.abf for screen	odd_rep=T_L02_NK_PF10;even_rep=T_L04_B_IN_PF10	0.11332868530700327	-0.8	0.3	-0.8
R7B1C_G379	S5_two_by_two_none_highLD	no shared signal under high LD	2	2	1000	20267428	24510	750	0.4	0.2	5	1e-06	GJOKA_locus2_or_locus4_or_OneK_sourceLD	coloc.susie matched source LD	mismatched LD only in S6; coloc.abf for screen	odd_rep=T_L02_NK_PF10;even_rep=T_L04_B_IN_PF10	0.11332868530700327	-0.8	0.3	-0.8
R7B1C_G380	S5_two_by_two_none_highLD	no shared signal under high LD	2	2	1000	20267445	24510	750	0.4	0.2	5	1e-05	GJOKA_locus2_or_locus4_or_OneK_sourceLD	coloc.susie matched source LD	mismatched LD only in S6; coloc.abf for screen	odd_rep=T_L02_NK_PF10;even_rep=T_L04_B_IN_PF10	0.11332868530700327	-0.8	0.3	-0.8
R7B1C_G381	S5_two_by_two_none_highLD	no shared signal under high LD	2	2	1000	20267462	24510	750	0.4	0.2	5	0.0001	GJOKA_locus2_or_locus4_or_OneK_sourceLD	coloc.susie matched source LD	mismatched LD only in S6; coloc.abf for screen	odd_rep=T_L02_NK_PF10;even_rep=T_L04_B_IN_PF10	0.11332868530700327	-0.8	0.3	-0.8
R7B1C_G382	S5_two_by_two_none_highLD	no shared signal under high LD	2	2	1000	20267479	24510	750	0.4	0.2	10	1e-06	GJOKA_locus2_or_locus4_or_OneK_sourceLD	coloc.susie matched source LD	mismatched LD only in S6; coloc.abf for screen	odd_rep=T_L02_NK_PF10;even_rep=T_L04_B_IN_PF10	0.11332868530700327	-0.8	0.3	-0.8
R7B1C_G383	S5_two_by_two_none_highLD	no shared signal under high LD	2	2	1000	20267496	24510	750	0.4	0.2	10	1e-05	GJOKA_locus2_or_locus4_or_OneK_sourceLD	coloc.susie matched source LD	mismatched LD only in S6; coloc.abf for screen	odd_rep=T_L02_NK_PF10;even_rep=T_L04_B_IN_PF10	0.11332868530700327	-0.8	0.3	-0.8
R7B1C_G384	S5_two_by_two_none_highLD	no shared signal under high LD	2	2	1000	20267513	24510	750	0.4	0.2	10	0.0001	GJOKA_locus2_or_locus4_or_OneK_sourceLD	coloc.susie matched source LD	mismatched LD only in S6; coloc.abf for screen	odd_rep=T_L02_NK_PF10;even_rep=T_L04_B_IN_PF10	0.11332868530700327	-0.8	0.3	-0.8
R7B1C_G385	S5_two_by_two_none_highLD	no shared signal under high LD	2	2	1000	20267530	24510	750	0.4	0.2	20	1e-06	GJOKA_locus2_or_locus4_or_OneK_sourceLD	coloc.susie matched source LD	mismatched LD only in S6; coloc.abf for screen	odd_rep=T_L02_NK_PF10;even_rep=T_L04_B_IN_PF10	0.11332868530700327	-0.8	0.3	-0.8
R7B1C_G386	S5_two_by_two_none_highLD	no shared signal under high LD	2	2	1000	20267547	24510	750	0.4	0.2	20	1e-05	GJOKA_locus2_or_locus4_or_OneK_sourceLD	coloc.susie matched source LD	mismatched LD only in S6; coloc.abf for screen	odd_rep=T_L02_NK_PF10;even_rep=T_L04_B_IN_PF10	0.11332868530700327	-0.8	0.3	-0.8
R7B1C_G387	S5_two_by_two_none_highLD	no shared signal under high LD	2	2	1000	20267564	24510	750	0.4	0.2	20	0.0001	GJOKA_locus2_or_locus4_or_OneK_sourceLD	coloc.susie matched source LD	mismatched LD only in S6; coloc.abf for screen	odd_rep=T_L02_NK_PF10;even_rep=T_L04_B_IN_PF10	0.11332868530700327	-0.8	0.3	-0.8
R7B1C_G388	S5_two_by_two_none_highLD	no shared signal under high LD	2	2	1000	20267581	24510	750	0.4	0.5	5	1e-06	GJOKA_locus2_or_locus4_or_OneK_sourceLD	coloc.susie matched source LD	mismatched LD only in S6; coloc.abf for screen	odd_rep=T_L02_NK_PF10;even_rep=T_L04_B_IN_PF10	0.11332868530700327	-0.8	0.3	-0.8
R7B1C_G389	S5_two_by_two_none_highLD	no shared signal under high LD	2	2	1000	20267598	24510	750	0.4	0.5	5	1e-05	GJOKA_locus2_or_locus4_or_OneK_sourceLD	coloc.susie matched source LD	mismatched LD only in S6; coloc.abf for screen	odd_rep=T_L02_NK_PF10;even_rep=T_L04_B_IN_PF10	0.11332868530700327	-0.8	0.3	-0.8
R7B1C_G390	S5_two_by_two_none_highLD	no shared signal under high LD	2	2	1000	20267615	24510	750	0.4	0.5	5	0.0001	GJOKA_locus2_or_locus4_or_OneK_sourceLD	coloc.susie matched source LD	mismatched LD only in S6; coloc.abf for screen	odd_rep=T_L02_NK_PF10;even_rep=T_L04_B_IN_PF10	0.11332868530700327	-0.8	0.3	-0.8
R7B1C_G391	S5_two_by_two_none_highLD	no shared signal under high LD	2	2	1000	20267632	24510	750	0.4	0.5	10	1e-06	GJOKA_locus2_or_locus4_or_OneK_sourceLD	coloc.susie matched source LD	mismatched LD only in S6; coloc.abf for screen	odd_rep=T_L02_NK_PF10;even_rep=T_L04_B_IN_PF10	0.11332868530700327	-0.8	0.3	-0.8
R7B1C_G392	S5_two_by_two_none_highLD	no shared signal under high LD	2	2	1000	20267649	24510	750	0.4	0.5	10	1e-05	GJOKA_locus2_or_locus4_or_OneK_sourceLD	coloc.susie matched source LD	mismatched LD only in S6; coloc.abf for screen	odd_rep=T_L02_NK_PF10;even_rep=T_L04_B_IN_PF10	0.11332868530700327	-0.8	0.3	-0.8
R7B1C_G393	S5_two_by_two_none_highLD	no shared signal under high LD	2	2	1000	20267666	24510	750	0.4	0.5	10	0.0001	GJOKA_locus2_or_locus4_or_OneK_sourceLD	coloc.susie matched source LD	mismatched LD only in S6; coloc.abf for screen	odd_rep=T_L02_NK_PF10;even_rep=T_L04_B_IN_PF10	0.11332868530700327	-0.8	0.3	-0.8
R7B1C_G394	S5_two_by_two_none_highLD	no shared signal under high LD	2	2	1000	20267683	24510	750	0.4	0.5	20	1e-06	GJOKA_locus2_or_locus4_or_OneK_sourceLD	coloc.susie matched source LD	mismatched LD only in S6; coloc.abf for screen	odd_rep=T_L02_NK_PF10;even_rep=T_L04_B_IN_PF10	0.11332868530700327	-0.8	0.3	-0.8
R7B1C_G395	S5_two_by_two_none_highLD	no shared signal under high LD	2	2	1000	20267700	24510	750	0.4	0.5	20	1e-05	GJOKA_locus2_or_locus4_or_OneK_sourceLD	coloc.susie matched source LD	mismatched LD only in S6; coloc.abf for screen	odd_rep=T_L02_NK_PF10;even_rep=T_L04_B_IN_PF10	0.11332868530700327	-0.8	0.3	-0.8
R7B1C_G396	S5_two_by_two_none_highLD	no shared signal under high LD	2	2	1000	20267717	24510	750	0.4	0.5	20	0.0001	GJOKA_locus2_or_locus4_or_OneK_sourceLD	coloc.susie matched source LD	mismatched LD only in S6; coloc.abf for screen	odd_rep=T_L02_NK_PF10;even_rep=T_L04_B_IN_PF10	0.11332868530700327	-0.8	0.3	-0.8
R7B1C_G397	S5_two_by_two_none_highLD	no shared signal under high LD	2	2	1000	20267734	24510	750	0.4	0.8	5	1e-06	GJOKA_locus2_or_locus4_or_OneK_sourceLD	coloc.susie matched source LD	mismatched LD only in S6; coloc.abf for screen	odd_rep=T_L02_NK_PF10;even_rep=T_L04_B_IN_PF10	0.11332868530700327	-0.8	0.3	-0.8
R7B1C_G398	S5_two_by_two_none_highLD	no shared signal under high LD	2	2	1000	20267751	24510	750	0.4	0.8	5	1e-05	GJOKA_locus2_or_locus4_or_OneK_sourceLD	coloc.susie matched source LD	mismatched LD only in S6; coloc.abf for screen	odd_rep=T_L02_NK_PF10;even_rep=T_L04_B_IN_PF10	0.11332868530700327	-0.8	0.3	-0.8
R7B1C_G399	S5_two_by_two_none_highLD	no shared signal under high LD	2	2	1000	20267768	24510	750	0.4	0.8	5	0.0001	GJOKA_locus2_or_locus4_or_OneK_sourceLD	coloc.susie matched source LD	mismatched LD only in S6; coloc.abf for screen	odd_rep=T_L02_NK_PF10;even_rep=T_L04_B_IN_PF10	0.11332868530700327	-0.8	0.3	-0.8
R7B1C_G400	S5_two_by_two_none_highLD	no shared signal under high LD	2	2	1000	20267785	24510	750	0.4	0.8	10	1e-06	GJOKA_locus2_or_locus4_or_OneK_sourceLD	coloc.susie matched source LD	mismatched LD only in S6; coloc.abf for screen	odd_rep=T_L02_NK_PF10;even_rep=T_L04_B_IN_PF10	0.11332868530700327	-0.8	0.3	-0.8
R7B1C_G401	S5_two_by_two_none_highLD	no shared signal under high LD	2	2	1000	20267802	24510	750	0.4	0.8	10	1e-05	GJOKA_locus2_or_locus4_or_OneK_sourceLD	coloc.susie matched source LD	mismatched LD only in S6; coloc.abf for screen	odd_rep=T_L02_NK_PF10;even_rep=T_L04_B_IN_PF10	0.11332868530700327	-0.8	0.3	-0.8
R7B1C_G402	S5_two_by_two_none_highLD	no shared signal under high LD	2	2	1000	20267819	24510	750	0.4	0.8	10	0.0001	GJOKA_locus2_or_locus4_or_OneK_sourceLD	coloc.susie matched source LD	mismatched LD only in S6; coloc.abf for screen	odd_rep=T_L02_NK_PF10;even_rep=T_L04_B_IN_PF10	0.11332868530700327	-0.8	0.3	-0.8
R7B1C_G403	S5_two_by_two_none_highLD	no shared signal under high LD	2	2	1000	20267836	24510	750	0.4	0.8	20	1e-06	GJOKA_locus2_or_locus4_or_OneK_sourceLD	coloc.susie matched source LD	mismatched LD only in S6; coloc.abf for screen	odd_rep=T_L02_NK_PF10;even_rep=T_L04_B_IN_PF10	0.11332868530700327	-0.8	0.3	-0.8
R7B1C_G404	S5_two_by_two_none_highLD	no shared signal under high LD	2	2	1000	20267853	24510	750	0.4	0.8	20	1e-05	GJOKA_locus2_or_locus4_or_OneK_sourceLD	coloc.susie matched source LD	mismatched LD only in S6; coloc.abf for screen	odd_rep=T_L02_NK_PF10;even_rep=T_L04_B_IN_PF10	0.11332868530700327	-0.8	0.3	-0.8
R7B1C_G405	S5_two_by_two_none_highLD	no shared signal under high LD	2	2	1000	20267870	24510	750	0.4	0.8	20	0.0001	GJOKA_locus2_or_locus4_or_OneK_sourceLD	coloc.susie matched source LD	mismatched LD only in S6; coloc.abf for screen	odd_rep=T_L02_NK_PF10;even_rep=T_L04_B_IN_PF10	0.11332868530700327	-0.8	0.3	-0.8
R7B1C_G406	S6_matched_vs_mismatched_LD	matched versus deliberately mismatched LD	2	2	1000	20267887	24510	750	0.05	0.2	5	1e-06	GJOKA_locus2_or_locus4_or_OneK_sourceLD	coloc.susie matched source LD	mismatched LD only in S6; coloc.abf for screen	odd_rep=T_L02_NK_PF10;even_rep=T_L04_B_IN_PF10	0.11332868530700327	-0.8	0.3	-0.8
R7B1C_G407	S6_matched_vs_mismatched_LD	matched versus deliberately mismatched LD	2	2	1000	20267904	24510	750	0.05	0.2	5	1e-05	GJOKA_locus2_or_locus4_or_OneK_sourceLD	coloc.susie matched source LD	mismatched LD only in S6; coloc.abf for screen	odd_rep=T_L02_NK_PF10;even_rep=T_L04_B_IN_PF10	0.11332868530700327	-0.8	0.3	-0.8
R7B1C_G408	S6_matched_vs_mismatched_LD	matched versus deliberately mismatched LD	2	2	1000	20267921	24510	750	0.05	0.2	5	0.0001	GJOKA_locus2_or_locus4_or_OneK_sourceLD	coloc.susie matched source LD	mismatched LD only in S6; coloc.abf for screen	odd_rep=T_L02_NK_PF10;even_rep=T_L04_B_IN_PF10	0.11332868530700327	-0.8	0.3	-0.8
R7B1C_G409	S6_matched_vs_mismatched_LD	matched versus deliberately mismatched LD	2	2	1000	20267938	24510	750	0.05	0.2	10	1e-06	GJOKA_locus2_or_locus4_or_OneK_sourceLD	coloc.susie matched source LD	mismatched LD only in S6; coloc.abf for screen	odd_rep=T_L02_NK_PF10;even_rep=T_L04_B_IN_PF10	0.11332868530700327	-0.8	0.3	-0.8
R7B1C_G410	S6_matched_vs_mismatched_LD	matched versus deliberately mismatched LD	2	2	1000	20267955	24510	750	0.05	0.2	10	1e-05	GJOKA_locus2_or_locus4_or_OneK_sourceLD	coloc.susie matched source LD	mismatched LD only in S6; coloc.abf for screen	odd_rep=T_L02_NK_PF10;even_rep=T_L04_B_IN_PF10	0.11332868530700327	-0.8	0.3	-0.8
R7B1C_G411	S6_matched_vs_mismatched_LD	matched versus deliberately mismatched LD	2	2	1000	20267972	24510	750	0.05	0.2	10	0.0001	GJOKA_locus2_or_locus4_or_OneK_sourceLD	coloc.susie matched source LD	mismatched LD only in S6; coloc.abf for screen	odd_rep=T_L02_NK_PF10;even_rep=T_L04_B_IN_PF10	0.11332868530700327	-0.8	0.3	-0.8
R7B1C_G412	S6_matched_vs_mismatched_LD	matched versus deliberately mismatched LD	2	2	1000	20267989	24510	750	0.05	0.2	20	1e-06	GJOKA_locus2_or_locus4_or_OneK_sourceLD	coloc.susie matched source LD	mismatched LD only in S6; coloc.abf for screen	odd_rep=T_L02_NK_PF10;even_rep=T_L04_B_IN_PF10	0.11332868530700327	-0.8	0.3	-0.8
R7B1C_G413	S6_matched_vs_mismatched_LD	matched versus deliberately mismatched LD	2	2	1000	20268006	24510	750	0.05	0.2	20	1e-05	GJOKA_locus2_or_locus4_or_OneK_sourceLD	coloc.susie matched source LD	mismatched LD only in S6; coloc.abf for screen	odd_rep=T_L02_NK_PF10;even_rep=T_L04_B_IN_PF10	0.11332868530700327	-0.8	0.3	-0.8
R7B1C_G414	S6_matched_vs_mismatched_LD	matched versus deliberately mismatched LD	2	2	1000	20268023	24510	750	0.05	0.2	20	0.0001	GJOKA_locus2_or_locus4_or_OneK_sourceLD	coloc.susie matched source LD	mismatched LD only in S6; coloc.abf for screen	odd_rep=T_L02_NK_PF10;even_rep=T_L04_B_IN_PF10	0.11332868530700327	-0.8	0.3	-0.8
R7B1C_G415	S6_matched_vs_mismatched_LD	matched versus deliberately mismatched LD	2	2	1000	20268040	24510	750	0.05	0.5	5	1e-06	GJOKA_locus2_or_locus4_or_OneK_sourceLD	coloc.susie matched source LD	mismatched LD only in S6; coloc.abf for screen	odd_rep=T_L02_NK_PF10;even_rep=T_L04_B_IN_PF10	0.11332868530700327	-0.8	0.3	-0.8
R7B1C_G416	S6_matched_vs_mismatched_LD	matched versus deliberately mismatched LD	2	2	1000	20268057	24510	750	0.05	0.5	5	1e-05	GJOKA_locus2_or_locus4_or_OneK_sourceLD	coloc.susie matched source LD	mismatched LD only in S6; coloc.abf for screen	odd_rep=T_L02_NK_PF10;even_rep=T_L04_B_IN_PF10	0.11332868530700327	-0.8	0.3	-0.8
R7B1C_G417	S6_matched_vs_mismatched_LD	matched versus deliberately mismatched LD	2	2	1000	20268074	24510	750	0.05	0.5	5	0.0001	GJOKA_locus2_or_locus4_or_OneK_sourceLD	coloc.susie matched source LD	mismatched LD only in S6; coloc.abf for screen	odd_rep=T_L02_NK_PF10;even_rep=T_L04_B_IN_PF10	0.11332868530700327	-0.8	0.3	-0.8
R7B1C_G418	S6_matched_vs_mismatched_LD	matched versus deliberately mismatched LD	2	2	1000	20268091	24510	750	0.05	0.5	10	1e-06	GJOKA_locus2_or_locus4_or_OneK_sourceLD	coloc.susie matched source LD	mismatched LD only in S6; coloc.abf for screen	odd_rep=T_L02_NK_PF10;even_rep=T_L04_B_IN_PF10	0.11332868530700327	-0.8	0.3	-0.8
R7B1C_G419	S6_matched_vs_mismatched_LD	matched versus deliberately mismatched LD	2	2	1000	20268108	24510	750	0.05	0.5	10	1e-05	GJOKA_locus2_or_locus4_or_OneK_sourceLD	coloc.susie matched source LD	mismatched LD only in S6; coloc.abf for screen	odd_rep=T_L02_NK_PF10;even_rep=T_L04_B_IN_PF10	0.11332868530700327	-0.8	0.3	-0.8
R7B1C_G420	S6_matched_vs_mismatched_LD	matched versus deliberately mismatched LD	2	2	1000	20268125	24510	750	0.05	0.5	10	0.0001	GJOKA_locus2_or_locus4_or_OneK_sourceLD	coloc.susie matched source LD	mismatched LD only in S6; coloc.abf for screen	odd_rep=T_L02_NK_PF10;even_rep=T_L04_B_IN_PF10	0.11332868530700327	-0.8	0.3	-0.8
R7B1C_G421	S6_matched_vs_mismatched_LD	matched versus deliberately mismatched LD	2	2	1000	20268142	24510	750	0.05	0.5	20	1e-06	GJOKA_locus2_or_locus4_or_OneK_sourceLD	coloc.susie matched source LD	mismatched LD only in S6; coloc.abf for screen	odd_rep=T_L02_NK_PF10;even_rep=T_L04_B_IN_PF10	0.11332868530700327	-0.8	0.3	-0.8
R7B1C_G422	S6_matched_vs_mismatched_LD	matched versus deliberately mismatched LD	2	2	1000	20268159	24510	750	0.05	0.5	20	1e-05	GJOKA_locus2_or_locus4_or_OneK_sourceLD	coloc.susie matched source LD	mismatched LD only in S6; coloc.abf for screen	odd_rep=T_L02_NK_PF10;even_rep=T_L04_B_IN_PF10	0.11332868530700327	-0.8	0.3	-0.8
R7B1C_G423	S6_matched_vs_mismatched_LD	matched versus deliberately mismatched LD	2	2	1000	20268176	24510	750	0.05	0.5	20	0.0001	GJOKA_locus2_or_locus4_or_OneK_sourceLD	coloc.susie matched source LD	mismatched LD only in S6; coloc.abf for screen	odd_rep=T_L02_NK_PF10;even_rep=T_L04_B_IN_PF10	0.11332868530700327	-0.8	0.3	-0.8
R7B1C_G424	S6_matched_vs_mismatched_LD	matched versus deliberately mismatched LD	2	2	1000	20268193	24510	750	0.05	0.8	5	1e-06	GJOKA_locus2_or_locus4_or_OneK_sourceLD	coloc.susie matched source LD	mismatched LD only in S6; coloc.abf for screen	odd_rep=T_L02_NK_PF10;even_rep=T_L04_B_IN_PF10	0.11332868530700327	-0.8	0.3	-0.8
R7B1C_G425	S6_matched_vs_mismatched_LD	matched versus deliberately mismatched LD	2	2	1000	20268210	24510	750	0.05	0.8	5	1e-05	GJOKA_locus2_or_locus4_or_OneK_sourceLD	coloc.susie matched source LD	mismatched LD only in S6; coloc.abf for screen	odd_rep=T_L02_NK_PF10;even_rep=T_L04_B_IN_PF10	0.11332868530700327	-0.8	0.3	-0.8
R7B1C_G426	S6_matched_vs_mismatched_LD	matched versus deliberately mismatched LD	2	2	1000	20268227	24510	750	0.05	0.8	5	0.0001	GJOKA_locus2_or_locus4_or_OneK_sourceLD	coloc.susie matched source LD	mismatched LD only in S6; coloc.abf for screen	odd_rep=T_L02_NK_PF10;even_rep=T_L04_B_IN_PF10	0.11332868530700327	-0.8	0.3	-0.8
R7B1C_G427	S6_matched_vs_mismatched_LD	matched versus deliberately mismatched LD	2	2	1000	20268244	24510	750	0.05	0.8	10	1e-06	GJOKA_locus2_or_locus4_or_OneK_sourceLD	coloc.susie matched source LD	mismatched LD only in S6; coloc.abf for screen	odd_rep=T_L02_NK_PF10;even_rep=T_L04_B_IN_PF10	0.11332868530700327	-0.8	0.3	-0.8
R7B1C_G428	S6_matched_vs_mismatched_LD	matched versus deliberately mismatched LD	2	2	1000	20268261	24510	750	0.05	0.8	10	1e-05	GJOKA_locus2_or_locus4_or_OneK_sourceLD	coloc.susie matched source LD	mismatched LD only in S6; coloc.abf for screen	odd_rep=T_L02_NK_PF10;even_rep=T_L04_B_IN_PF10	0.11332868530700327	-0.8	0.3	-0.8
R7B1C_G429	S6_matched_vs_mismatched_LD	matched versus deliberately mismatched LD	2	2	1000	20268278	24510	750	0.05	0.8	10	0.0001	GJOKA_locus2_or_locus4_or_OneK_sourceLD	coloc.susie matched source LD	mismatched LD only in S6; coloc.abf for screen	odd_rep=T_L02_NK_PF10;even_rep=T_L04_B_IN_PF10	0.11332868530700327	-0.8	0.3	-0.8
R7B1C_G430	S6_matched_vs_mismatched_LD	matched versus deliberately mismatched LD	2	2	1000	20268295	24510	750	0.05	0.8	20	1e-06	GJOKA_locus2_or_locus4_or_OneK_sourceLD	coloc.susie matched source LD	mismatched LD only in S6; coloc.abf for screen	odd_rep=T_L02_NK_PF10;even_rep=T_L04_B_IN_PF10	0.11332868530700327	-0.8	0.3	-0.8
R7B1C_G431	S6_matched_vs_mismatched_LD	matched versus deliberately mismatched LD	2	2	1000	20268312	24510	750	0.05	0.8	20	1e-05	GJOKA_locus2_or_locus4_or_OneK_sourceLD	coloc.susie matched source LD	mismatched LD only in S6; coloc.abf for screen	odd_rep=T_L02_NK_PF10;even_rep=T_L04_B_IN_PF10	0.11332868530700327	-0.8	0.3	-0.8
R7B1C_G432	S6_matched_vs_mismatched_LD	matched versus deliberately mismatched LD	2	2	1000	20268329	24510	750	0.05	0.8	20	0.0001	GJOKA_locus2_or_locus4_or_OneK_sourceLD	coloc.susie matched source LD	mismatched LD only in S6; coloc.abf for screen	odd_rep=T_L02_NK_PF10;even_rep=T_L04_B_IN_PF10	0.11332868530700327	-0.8	0.3	-0.8
R7B1C_G433	S6_matched_vs_mismatched_LD	matched versus deliberately mismatched LD	2	2	1000	20268346	24510	750	0.2	0.2	5	1e-06	GJOKA_locus2_or_locus4_or_OneK_sourceLD	coloc.susie matched source LD	mismatched LD only in S6; coloc.abf for screen	odd_rep=T_L02_NK_PF10;even_rep=T_L04_B_IN_PF10	0.11332868530700327	-0.8	0.3	-0.8
R7B1C_G434	S6_matched_vs_mismatched_LD	matched versus deliberately mismatched LD	2	2	1000	20268363	24510	750	0.2	0.2	5	1e-05	GJOKA_locus2_or_locus4_or_OneK_sourceLD	coloc.susie matched source LD	mismatched LD only in S6; coloc.abf for screen	odd_rep=T_L02_NK_PF10;even_rep=T_L04_B_IN_PF10	0.11332868530700327	-0.8	0.3	-0.8
R7B1C_G435	S6_matched_vs_mismatched_LD	matched versus deliberately mismatched LD	2	2	1000	20268380	24510	750	0.2	0.2	5	0.0001	GJOKA_locus2_or_locus4_or_OneK_sourceLD	coloc.susie matched source LD	mismatched LD only in S6; coloc.abf for screen	odd_rep=T_L02_NK_PF10;even_rep=T_L04_B_IN_PF10	0.11332868530700327	-0.8	0.3	-0.8
R7B1C_G436	S6_matched_vs_mismatched_LD	matched versus deliberately mismatched LD	2	2	1000	20268397	24510	750	0.2	0.2	10	1e-06	GJOKA_locus2_or_locus4_or_OneK_sourceLD	coloc.susie matched source LD	mismatched LD only in S6; coloc.abf for screen	odd_rep=T_L02_NK_PF10;even_rep=T_L04_B_IN_PF10	0.11332868530700327	-0.8	0.3	-0.8
R7B1C_G437	S6_matched_vs_mismatched_LD	matched versus deliberately mismatched LD	2	2	1000	20268414	24510	750	0.2	0.2	10	1e-05	GJOKA_locus2_or_locus4_or_OneK_sourceLD	coloc.susie matched source LD	mismatched LD only in S6; coloc.abf for screen	odd_rep=T_L02_NK_PF10;even_rep=T_L04_B_IN_PF10	0.11332868530700327	-0.8	0.3	-0.8
R7B1C_G438	S6_matched_vs_mismatched_LD	matched versus deliberately mismatched LD	2	2	1000	20268431	24510	750	0.2	0.2	10	0.0001	GJOKA_locus2_or_locus4_or_OneK_sourceLD	coloc.susie matched source LD	mismatched LD only in S6; coloc.abf for screen	odd_rep=T_L02_NK_PF10;even_rep=T_L04_B_IN_PF10	0.11332868530700327	-0.8	0.3	-0.8
R7B1C_G439	S6_matched_vs_mismatched_LD	matched versus deliberately mismatched LD	2	2	1000	20268448	24510	750	0.2	0.2	20	1e-06	GJOKA_locus2_or_locus4_or_OneK_sourceLD	coloc.susie matched source LD	mismatched LD only in S6; coloc.abf for screen	odd_rep=T_L02_NK_PF10;even_rep=T_L04_B_IN_PF10	0.11332868530700327	-0.8	0.3	-0.8
R7B1C_G440	S6_matched_vs_mismatched_LD	matched versus deliberately mismatched LD	2	2	1000	20268465	24510	750	0.2	0.2	20	1e-05	GJOKA_locus2_or_locus4_or_OneK_sourceLD	coloc.susie matched source LD	mismatched LD only in S6; coloc.abf for screen	odd_rep=T_L02_NK_PF10;even_rep=T_L04_B_IN_PF10	0.11332868530700327	-0.8	0.3	-0.8
R7B1C_G441	S6_matched_vs_mismatched_LD	matched versus deliberately mismatched LD	2	2	1000	20268482	24510	750	0.2	0.2	20	0.0001	GJOKA_locus2_or_locus4_or_OneK_sourceLD	coloc.susie matched source LD	mismatched LD only in S6; coloc.abf for screen	odd_rep=T_L02_NK_PF10;even_rep=T_L04_B_IN_PF10	0.11332868530700327	-0.8	0.3	-0.8
R7B1C_G442	S6_matched_vs_mismatched_LD	matched versus deliberately mismatched LD	2	2	1000	20268499	24510	750	0.2	0.5	5	1e-06	GJOKA_locus2_or_locus4_or_OneK_sourceLD	coloc.susie matched source LD	mismatched LD only in S6; coloc.abf for screen	odd_rep=T_L02_NK_PF10;even_rep=T_L04_B_IN_PF10	0.11332868530700327	-0.8	0.3	-0.8
R7B1C_G443	S6_matched_vs_mismatched_LD	matched versus deliberately mismatched LD	2	2	1000	20268516	24510	750	0.2	0.5	5	1e-05	GJOKA_locus2_or_locus4_or_OneK_sourceLD	coloc.susie matched source LD	mismatched LD only in S6; coloc.abf for screen	odd_rep=T_L02_NK_PF10;even_rep=T_L04_B_IN_PF10	0.11332868530700327	-0.8	0.3	-0.8
R7B1C_G444	S6_matched_vs_mismatched_LD	matched versus deliberately mismatched LD	2	2	1000	20268533	24510	750	0.2	0.5	5	0.0001	GJOKA_locus2_or_locus4_or_OneK_sourceLD	coloc.susie matched source LD	mismatched LD only in S6; coloc.abf for screen	odd_rep=T_L02_NK_PF10;even_rep=T_L04_B_IN_PF10	0.11332868530700327	-0.8	0.3	-0.8
R7B1C_G445	S6_matched_vs_mismatched_LD	matched versus deliberately mismatched LD	2	2	1000	20268550	24510	750	0.2	0.5	10	1e-06	GJOKA_locus2_or_locus4_or_OneK_sourceLD	coloc.susie matched source LD	mismatched LD only in S6; coloc.abf for screen	odd_rep=T_L02_NK_PF10;even_rep=T_L04_B_IN_PF10	0.11332868530700327	-0.8	0.3	-0.8
R7B1C_G446	S6_matched_vs_mismatched_LD	matched versus deliberately mismatched LD	2	2	1000	20268567	24510	750	0.2	0.5	10	1e-05	GJOKA_locus2_or_locus4_or_OneK_sourceLD	coloc.susie matched source LD	mismatched LD only in S6; coloc.abf for screen	odd_rep=T_L02_NK_PF10;even_rep=T_L04_B_IN_PF10	0.11332868530700327	-0.8	0.3	-0.8
R7B1C_G447	S6_matched_vs_mismatched_LD	matched versus deliberately mismatched LD	2	2	1000	20268584	24510	750	0.2	0.5	10	0.0001	GJOKA_locus2_or_locus4_or_OneK_sourceLD	coloc.susie matched source LD	mismatched LD only in S6; coloc.abf for screen	odd_rep=T_L02_NK_PF10;even_rep=T_L04_B_IN_PF10	0.11332868530700327	-0.8	0.3	-0.8
R7B1C_G448	S6_matched_vs_mismatched_LD	matched versus deliberately mismatched LD	2	2	1000	20268601	24510	750	0.2	0.5	20	1e-06	GJOKA_locus2_or_locus4_or_OneK_sourceLD	coloc.susie matched source LD	mismatched LD only in S6; coloc.abf for screen	odd_rep=T_L02_NK_PF10;even_rep=T_L04_B_IN_PF10	0.11332868530700327	-0.8	0.3	-0.8
R7B1C_G449	S6_matched_vs_mismatched_LD	matched versus deliberately mismatched LD	2	2	1000	20268618	24510	750	0.2	0.5	20	1e-05	GJOKA_locus2_or_locus4_or_OneK_sourceLD	coloc.susie matched source LD	mismatched LD only in S6; coloc.abf for screen	odd_rep=T_L02_NK_PF10;even_rep=T_L04_B_IN_PF10	0.11332868530700327	-0.8	0.3	-0.8
R7B1C_G450	S6_matched_vs_mismatched_LD	matched versus deliberately mismatched LD	2	2	1000	20268635	24510	750	0.2	0.5	20	0.0001	GJOKA_locus2_or_locus4_or_OneK_sourceLD	coloc.susie matched source LD	mismatched LD only in S6; coloc.abf for screen	odd_rep=T_L02_NK_PF10;even_rep=T_L04_B_IN_PF10	0.11332868530700327	-0.8	0.3	-0.8
R7B1C_G451	S6_matched_vs_mismatched_LD	matched versus deliberately mismatched LD	2	2	1000	20268652	24510	750	0.2	0.8	5	1e-06	GJOKA_locus2_or_locus4_or_OneK_sourceLD	coloc.susie matched source LD	mismatched LD only in S6; coloc.abf for screen	odd_rep=T_L02_NK_PF10;even_rep=T_L04_B_IN_PF10	0.11332868530700327	-0.8	0.3	-0.8
R7B1C_G452	S6_matched_vs_mismatched_LD	matched versus deliberately mismatched LD	2	2	1000	20268669	24510	750	0.2	0.8	5	1e-05	GJOKA_locus2_or_locus4_or_OneK_sourceLD	coloc.susie matched source LD	mismatched LD only in S6; coloc.abf for screen	odd_rep=T_L02_NK_PF10;even_rep=T_L04_B_IN_PF10	0.11332868530700327	-0.8	0.3	-0.8
R7B1C_G453	S6_matched_vs_mismatched_LD	matched versus deliberately mismatched LD	2	2	1000	20268686	24510	750	0.2	0.8	5	0.0001	GJOKA_locus2_or_locus4_or_OneK_sourceLD	coloc.susie matched source LD	mismatched LD only in S6; coloc.abf for screen	odd_rep=T_L02_NK_PF10;even_rep=T_L04_B_IN_PF10	0.11332868530700327	-0.8	0.3	-0.8
R7B1C_G454	S6_matched_vs_mismatched_LD	matched versus deliberately mismatched LD	2	2	1000	20268703	24510	750	0.2	0.8	10	1e-06	GJOKA_locus2_or_locus4_or_OneK_sourceLD	coloc.susie matched source LD	mismatched LD only in S6; coloc.abf for screen	odd_rep=T_L02_NK_PF10;even_rep=T_L04_B_IN_PF10	0.11332868530700327	-0.8	0.3	-0.8
R7B1C_G455	S6_matched_vs_mismatched_LD	matched versus deliberately mismatched LD	2	2	1000	20268720	24510	750	0.2	0.8	10	1e-05	GJOKA_locus2_or_locus4_or_OneK_sourceLD	coloc.susie matched source LD	mismatched LD only in S6; coloc.abf for screen	odd_rep=T_L02_NK_PF10;even_rep=T_L04_B_IN_PF10	0.11332868530700327	-0.8	0.3	-0.8
R7B1C_G456	S6_matched_vs_mismatched_LD	matched versus deliberately mismatched LD	2	2	1000	20268737	24510	750	0.2	0.8	10	0.0001	GJOKA_locus2_or_locus4_or_OneK_sourceLD	coloc.susie matched source LD	mismatched LD only in S6; coloc.abf for screen	odd_rep=T_L02_NK_PF10;even_rep=T_L04_B_IN_PF10	0.11332868530700327	-0.8	0.3	-0.8
R7B1C_G457	S6_matched_vs_mismatched_LD	matched versus deliberately mismatched LD	2	2	1000	20268754	24510	750	0.2	0.8	20	1e-06	GJOKA_locus2_or_locus4_or_OneK_sourceLD	coloc.susie matched source LD	mismatched LD only in S6; coloc.abf for screen	odd_rep=T_L02_NK_PF10;even_rep=T_L04_B_IN_PF10	0.11332868530700327	-0.8	0.3	-0.8
R7B1C_G458	S6_matched_vs_mismatched_LD	matched versus deliberately mismatched LD	2	2	1000	20268771	24510	750	0.2	0.8	20	1e-05	GJOKA_locus2_or_locus4_or_OneK_sourceLD	coloc.susie matched source LD	mismatched LD only in S6; coloc.abf for screen	odd_rep=T_L02_NK_PF10;even_rep=T_L04_B_IN_PF10	0.11332868530700327	-0.8	0.3	-0.8
R7B1C_G459	S6_matched_vs_mismatched_LD	matched versus deliberately mismatched LD	2	2	1000	20268788	24510	750	0.2	0.8	20	0.0001	GJOKA_locus2_or_locus4_or_OneK_sourceLD	coloc.susie matched source LD	mismatched LD only in S6; coloc.abf for screen	odd_rep=T_L02_NK_PF10;even_rep=T_L04_B_IN_PF10	0.11332868530700327	-0.8	0.3	-0.8
R7B1C_G460	S6_matched_vs_mismatched_LD	matched versus deliberately mismatched LD	2	2	1000	20268805	24510	750	0.4	0.2	5	1e-06	GJOKA_locus2_or_locus4_or_OneK_sourceLD	coloc.susie matched source LD	mismatched LD only in S6; coloc.abf for screen	odd_rep=T_L02_NK_PF10;even_rep=T_L04_B_IN_PF10	0.11332868530700327	-0.8	0.3	-0.8
R7B1C_G461	S6_matched_vs_mismatched_LD	matched versus deliberately mismatched LD	2	2	1000	20268822	24510	750	0.4	0.2	5	1e-05	GJOKA_locus2_or_locus4_or_OneK_sourceLD	coloc.susie matched source LD	mismatched LD only in S6; coloc.abf for screen	odd_rep=T_L02_NK_PF10;even_rep=T_L04_B_IN_PF10	0.11332868530700327	-0.8	0.3	-0.8
R7B1C_G462	S6_matched_vs_mismatched_LD	matched versus deliberately mismatched LD	2	2	1000	20268839	24510	750	0.4	0.2	5	0.0001	GJOKA_locus2_or_locus4_or_OneK_sourceLD	coloc.susie matched source LD	mismatched LD only in S6; coloc.abf for screen	odd_rep=T_L02_NK_PF10;even_rep=T_L04_B_IN_PF10	0.11332868530700327	-0.8	0.3	-0.8
R7B1C_G463	S6_matched_vs_mismatched_LD	matched versus deliberately mismatched LD	2	2	1000	20268856	24510	750	0.4	0.2	10	1e-06	GJOKA_locus2_or_locus4_or_OneK_sourceLD	coloc.susie matched source LD	mismatched LD only in S6; coloc.abf for screen	odd_rep=T_L02_NK_PF10;even_rep=T_L04_B_IN_PF10	0.11332868530700327	-0.8	0.3	-0.8
R7B1C_G464	S6_matched_vs_mismatched_LD	matched versus deliberately mismatched LD	2	2	1000	20268873	24510	750	0.4	0.2	10	1e-05	GJOKA_locus2_or_locus4_or_OneK_sourceLD	coloc.susie matched source LD	mismatched LD only in S6; coloc.abf for screen	odd_rep=T_L02_NK_PF10;even_rep=T_L04_B_IN_PF10	0.11332868530700327	-0.8	0.3	-0.8
R7B1C_G465	S6_matched_vs_mismatched_LD	matched versus deliberately mismatched LD	2	2	1000	20268890	24510	750	0.4	0.2	10	0.0001	GJOKA_locus2_or_locus4_or_OneK_sourceLD	coloc.susie matched source LD	mismatched LD only in S6; coloc.abf for screen	odd_rep=T_L02_NK_PF10;even_rep=T_L04_B_IN_PF10	0.11332868530700327	-0.8	0.3	-0.8
R7B1C_G466	S6_matched_vs_mismatched_LD	matched versus deliberately mismatched LD	2	2	1000	20268907	24510	750	0.4	0.2	20	1e-06	GJOKA_locus2_or_locus4_or_OneK_sourceLD	coloc.susie matched source LD	mismatched LD only in S6; coloc.abf for screen	odd_rep=T_L02_NK_PF10;even_rep=T_L04_B_IN_PF10	0.11332868530700327	-0.8	0.3	-0.8
R7B1C_G467	S6_matched_vs_mismatched_LD	matched versus deliberately mismatched LD	2	2	1000	20268924	24510	750	0.4	0.2	20	1e-05	GJOKA_locus2_or_locus4_or_OneK_sourceLD	coloc.susie matched source LD	mismatched LD only in S6; coloc.abf for screen	odd_rep=T_L02_NK_PF10;even_rep=T_L04_B_IN_PF10	0.11332868530700327	-0.8	0.3	-0.8
R7B1C_G468	S6_matched_vs_mismatched_LD	matched versus deliberately mismatched LD	2	2	1000	20268941	24510	750	0.4	0.2	20	0.0001	GJOKA_locus2_or_locus4_or_OneK_sourceLD	coloc.susie matched source LD	mismatched LD only in S6; coloc.abf for screen	odd_rep=T_L02_NK_PF10;even_rep=T_L04_B_IN_PF10	0.11332868530700327	-0.8	0.3	-0.8
R7B1C_G469	S6_matched_vs_mismatched_LD	matched versus deliberately mismatched LD	2	2	1000	20268958	24510	750	0.4	0.5	5	1e-06	GJOKA_locus2_or_locus4_or_OneK_sourceLD	coloc.susie matched source LD	mismatched LD only in S6; coloc.abf for screen	odd_rep=T_L02_NK_PF10;even_rep=T_L04_B_IN_PF10	0.11332868530700327	-0.8	0.3	-0.8
R7B1C_G470	S6_matched_vs_mismatched_LD	matched versus deliberately mismatched LD	2	2	1000	20268975	24510	750	0.4	0.5	5	1e-05	GJOKA_locus2_or_locus4_or_OneK_sourceLD	coloc.susie matched source LD	mismatched LD only in S6; coloc.abf for screen	odd_rep=T_L02_NK_PF10;even_rep=T_L04_B_IN_PF10	0.11332868530700327	-0.8	0.3	-0.8
R7B1C_G471	S6_matched_vs_mismatched_LD	matched versus deliberately mismatched LD	2	2	1000	20268992	24510	750	0.4	0.5	5	0.0001	GJOKA_locus2_or_locus4_or_OneK_sourceLD	coloc.susie matched source LD	mismatched LD only in S6; coloc.abf for screen	odd_rep=T_L02_NK_PF10;even_rep=T_L04_B_IN_PF10	0.11332868530700327	-0.8	0.3	-0.8
R7B1C_G472	S6_matched_vs_mismatched_LD	matched versus deliberately mismatched LD	2	2	1000	20269009	24510	750	0.4	0.5	10	1e-06	GJOKA_locus2_or_locus4_or_OneK_sourceLD	coloc.susie matched source LD	mismatched LD only in S6; coloc.abf for screen	odd_rep=T_L02_NK_PF10;even_rep=T_L04_B_IN_PF10	0.11332868530700327	-0.8	0.3	-0.8
R7B1C_G473	S6_matched_vs_mismatched_LD	matched versus deliberately mismatched LD	2	2	1000	20269026	24510	750	0.4	0.5	10	1e-05	GJOKA_locus2_or_locus4_or_OneK_sourceLD	coloc.susie matched source LD	mismatched LD only in S6; coloc.abf for screen	odd_rep=T_L02_NK_PF10;even_rep=T_L04_B_IN_PF10	0.11332868530700327	-0.8	0.3	-0.8
R7B1C_G474	S6_matched_vs_mismatched_LD	matched versus deliberately mismatched LD	2	2	1000	20269043	24510	750	0.4	0.5	10	0.0001	GJOKA_locus2_or_locus4_or_OneK_sourceLD	coloc.susie matched source LD	mismatched LD only in S6; coloc.abf for screen	odd_rep=T_L02_NK_PF10;even_rep=T_L04_B_IN_PF10	0.11332868530700327	-0.8	0.3	-0.8
R7B1C_G475	S6_matched_vs_mismatched_LD	matched versus deliberately mismatched LD	2	2	1000	20269060	24510	750	0.4	0.5	20	1e-06	GJOKA_locus2_or_locus4_or_OneK_sourceLD	coloc.susie matched source LD	mismatched LD only in S6; coloc.abf for screen	odd_rep=T_L02_NK_PF10;even_rep=T_L04_B_IN_PF10	0.11332868530700327	-0.8	0.3	-0.8
R7B1C_G476	S6_matched_vs_mismatched_LD	matched versus deliberately mismatched LD	2	2	1000	20269077	24510	750	0.4	0.5	20	1e-05	GJOKA_locus2_or_locus4_or_OneK_sourceLD	coloc.susie matched source LD	mismatched LD only in S6; coloc.abf for screen	odd_rep=T_L02_NK_PF10;even_rep=T_L04_B_IN_PF10	0.11332868530700327	-0.8	0.3	-0.8
R7B1C_G477	S6_matched_vs_mismatched_LD	matched versus deliberately mismatched LD	2	2	1000	20269094	24510	750	0.4	0.5	20	0.0001	GJOKA_locus2_or_locus4_or_OneK_sourceLD	coloc.susie matched source LD	mismatched LD only in S6; coloc.abf for screen	odd_rep=T_L02_NK_PF10;even_rep=T_L04_B_IN_PF10	0.11332868530700327	-0.8	0.3	-0.8
R7B1C_G478	S6_matched_vs_mismatched_LD	matched versus deliberately mismatched LD	2	2	1000	20269111	24510	750	0.4	0.8	5	1e-06	GJOKA_locus2_or_locus4_or_OneK_sourceLD	coloc.susie matched source LD	mismatched LD only in S6; coloc.abf for screen	odd_rep=T_L02_NK_PF10;even_rep=T_L04_B_IN_PF10	0.11332868530700327	-0.8	0.3	-0.8
R7B1C_G479	S6_matched_vs_mismatched_LD	matched versus deliberately mismatched LD	2	2	1000	20269128	24510	750	0.4	0.8	5	1e-05	GJOKA_locus2_or_locus4_or_OneK_sourceLD	coloc.susie matched source LD	mismatched LD only in S6; coloc.abf for screen	odd_rep=T_L02_NK_PF10;even_rep=T_L04_B_IN_PF10	0.11332868530700327	-0.8	0.3	-0.8
R7B1C_G480	S6_matched_vs_mismatched_LD	matched versus deliberately mismatched LD	2	2	1000	20269145	24510	750	0.4	0.8	5	0.0001	GJOKA_locus2_or_locus4_or_OneK_sourceLD	coloc.susie matched source LD	mismatched LD only in S6; coloc.abf for screen	odd_rep=T_L02_NK_PF10;even_rep=T_L04_B_IN_PF10	0.11332868530700327	-0.8	0.3	-0.8
R7B1C_G481	S6_matched_vs_mismatched_LD	matched versus deliberately mismatched LD	2	2	1000	20269162	24510	750	0.4	0.8	10	1e-06	GJOKA_locus2_or_locus4_or_OneK_sourceLD	coloc.susie matched source LD	mismatched LD only in S6; coloc.abf for screen	odd_rep=T_L02_NK_PF10;even_rep=T_L04_B_IN_PF10	0.11332868530700327	-0.8	0.3	-0.8
R7B1C_G482	S6_matched_vs_mismatched_LD	matched versus deliberately mismatched LD	2	2	1000	20269179	24510	750	0.4	0.8	10	1e-05	GJOKA_locus2_or_locus4_or_OneK_sourceLD	coloc.susie matched source LD	mismatched LD only in S6; coloc.abf for screen	odd_rep=T_L02_NK_PF10;even_rep=T_L04_B_IN_PF10	0.11332868530700327	-0.8	0.3	-0.8
R7B1C_G483	S6_matched_vs_mismatched_LD	matched versus deliberately mismatched LD	2	2	1000	20269196	24510	750	0.4	0.8	10	0.0001	GJOKA_locus2_or_locus4_or_OneK_sourceLD	coloc.susie matched source LD	mismatched LD only in S6; coloc.abf for screen	odd_rep=T_L02_NK_PF10;even_rep=T_L04_B_IN_PF10	0.11332868530700327	-0.8	0.3	-0.8
R7B1C_G484	S6_matched_vs_mismatched_LD	matched versus deliberately mismatched LD	2	2	1000	20269213	24510	750	0.4	0.8	20	1e-06	GJOKA_locus2_or_locus4_or_OneK_sourceLD	coloc.susie matched source LD	mismatched LD only in S6; coloc.abf for screen	odd_rep=T_L02_NK_PF10;even_rep=T_L04_B_IN_PF10	0.11332868530700327	-0.8	0.3	-0.8
R7B1C_G485	S6_matched_vs_mismatched_LD	matched versus deliberately mismatched LD	2	2	1000	20269230	24510	750	0.4	0.8	20	1e-05	GJOKA_locus2_or_locus4_or_OneK_sourceLD	coloc.susie matched source LD	mismatched LD only in S6; coloc.abf for screen	odd_rep=T_L02_NK_PF10;even_rep=T_L04_B_IN_PF10	0.11332868530700327	-0.8	0.3	-0.8
R7B1C_G486	S6_matched_vs_mismatched_LD	matched versus deliberately mismatched LD	2	2	1000	20269247	24510	750	0.4	0.8	20	0.0001	GJOKA_locus2_or_locus4_or_OneK_sourceLD	coloc.susie matched source LD	mismatched LD only in S6; coloc.abf for screen	odd_rep=T_L02_NK_PF10;even_rep=T_L04_B_IN_PF10	0.11332868530700327	-0.8	0.3	-0.8
