comparison_id	locus_index	gene	cell_type	R7B1B_v2_role	S_A_n	S_A_sha256	S_M_n	S_M_sha256	removed_n	removed_fraction	qtl_N	qtl_file_sha256	source_ld_variant_sha256	source_ld_PF10_sha256	input_status
R7B1_000124	1	MMEL1	CD4_NC	PRIMARY_184_TRIGGER_VERIFICATION	243	97067c6c6095eb166e49cd7d35ae77499e453a6853e1a78e01ee8ffe0950b433	224	c375c19b1de985e698831afa737268ef773dc0027873e8d23d578ff5e9e9cd25	19	0.0781893004115226	980	0432c322ede041c4b249a0b6f645eb446f98ce8420aea5f2030ce0e7a74fd803	a672efc1c6a97287c7280a0773a2bc0381e6973284b5b5724ac2837395d54fcc	58605fe36f8d59ff5af359ff4c1430fa01a4e4d6e3c8dd0dbb2b59e98cc988f6	PASS
R7B1_000126	1	MMEL1	CD8_NC	PRIMARY_184_TRIGGER_VERIFICATION	243	97067c6c6095eb166e49cd7d35ae77499e453a6853e1a78e01ee8ffe0950b433	224	c375c19b1de985e698831afa737268ef773dc0027873e8d23d578ff5e9e9cd25	19	0.0781893004115226	980	b05dd573d035cfc2ad63a13d8c7db24cca48cd4f050800b64635c62ea0895273	945516380e02876759837877e4f81a749c5147051d381a3ef9921c1ba7d03cb3	79198d6ab1f65540313e13bfb9cd131275f820ea26e39613c9cbfd347271e45a	PASS
R7B1_000128	1	MMEL1	Mono_C	PRIMARY_184_TRIGGER_VERIFICATION	243	97067c6c6095eb166e49cd7d35ae77499e453a6853e1a78e01ee8ffe0950b433	224	c375c19b1de985e698831afa737268ef773dc0027873e8d23d578ff5e9e9cd25	19	0.0781893004115226	851	50bb6129d066da7c0c32442b16af46fee0f4231b39cc2cbaf612c825b73dad44	911e830c16bf6b1937c9c4b3b8bbb83418521278252c31c17981b7813ac490f4	5ba1e7821970e118a3a6c93b8cc8b405f42c5a1d38cea47c37fdda1e60a5cfa7	PASS
R7B1_000129	1	MMEL1	Mono_NC	PRIMARY_184_TRIGGER_VERIFICATION	243	97067c6c6095eb166e49cd7d35ae77499e453a6853e1a78e01ee8ffe0950b433	224	c375c19b1de985e698831afa737268ef773dc0027873e8d23d578ff5e9e9cd25	19	0.0781893004115226	690	528b6d7b93029ee1c9fc97841325d6cb049c33bd71ee7471b4211ce6bd8fffdf	c05e3126a20832707be24a25c70a707315ca1b8ed408d396972355f41063e82a	d5b7d4c868f97e0c8bf481a5b859e99002be81aeebf79e61139204a437df70c2	PASS
R7B1_000130	1	MMEL1	NK	PRIMARY_184_TRIGGER_VERIFICATION	243	97067c6c6095eb166e49cd7d35ae77499e453a6853e1a78e01ee8ffe0950b433	224	c375c19b1de985e698831afa737268ef773dc0027873e8d23d578ff5e9e9cd25	19	0.0781893004115226	980	0c3bd517709d2a29e8b82eed39dbfaec92f63dd1b8e4f77bfcde6b85b3b5b64a	8f215d3e6a5fb91c40f67c2871e9bd801d4e0c5021622200853e58c1fe18d8fb	b2effb87b669ecb6f8910c115de808c715b1627b89387d595132d24df4dc412a	PASS
R7B1_000214	1	TNFRSF14	CD4_NC	PRIMARY_184_TRIGGER_VERIFICATION	243	97067c6c6095eb166e49cd7d35ae77499e453a6853e1a78e01ee8ffe0950b433	224	c375c19b1de985e698831afa737268ef773dc0027873e8d23d578ff5e9e9cd25	19	0.0781893004115226	980	5e040da0a2e143dcc18fc4a2b6949a556cddb3f277764f3c941562dc6110fef5	a672efc1c6a97287c7280a0773a2bc0381e6973284b5b5724ac2837395d54fcc	58605fe36f8d59ff5af359ff4c1430fa01a4e4d6e3c8dd0dbb2b59e98cc988f6	PASS
R7B1_000216	1	TNFRSF14	CD8_ET	PRIMARY_184_TRIGGER_VERIFICATION	243	97067c6c6095eb166e49cd7d35ae77499e453a6853e1a78e01ee8ffe0950b433	224	c375c19b1de985e698831afa737268ef773dc0027873e8d23d578ff5e9e9cd25	19	0.0781893004115226	980	70df042fd1dbd895de147ba2b719289813dd24ef3d1307dd43a40e22ff57573e	9aa455897d77f9f891ba09d80eb5fb7aae560a204a8de689c4ed3a0d28c1abd7	9fe70d2eec2a60662c54b4b10573e8f42ca08e376a40a19e98c2cc94b567a117	PASS
R7B1_000217	1	TNFRSF14	CD8_NC	PRIMARY_184_TRIGGER_VERIFICATION	243	97067c6c6095eb166e49cd7d35ae77499e453a6853e1a78e01ee8ffe0950b433	224	c375c19b1de985e698831afa737268ef773dc0027873e8d23d578ff5e9e9cd25	19	0.0781893004115226	980	4bea3f4710034779626d58680d46ba98cf154da9f5a0a7e61d5cc2796b11aa90	945516380e02876759837877e4f81a749c5147051d381a3ef9921c1ba7d03cb3	79198d6ab1f65540313e13bfb9cd131275f820ea26e39613c9cbfd347271e45a	PASS
R7B1_000222	1	TNFRSF14	NK	PRIMARY_184_TRIGGER_VERIFICATION	243	97067c6c6095eb166e49cd7d35ae77499e453a6853e1a78e01ee8ffe0950b433	224	c375c19b1de985e698831afa737268ef773dc0027873e8d23d578ff5e9e9cd25	19	0.0781893004115226	980	20f83510a472716eabc10bb206e5a38ee263fa327751d88e4065987bb4dd387d	8f215d3e6a5fb91c40f67c2871e9bd801d4e0c5021622200853e58c1fe18d8fb	b2effb87b669ecb6f8910c115de808c715b1627b89387d595132d24df4dc412a	PASS
R7B1_000258	2	IL12RB2	NK	PRIMARY_184_TRIGGER_VERIFICATION	1098	507965d37f85d8eefdbfc3ba8d5da185e798d55b80117d43cc73672d61f96067	1033	b00238784db1518f55d189240640cfd3cdea16454701edee51e6a66c2b5c79ac	65	0.0591985428051001	980	f5d2a5f6afe04ed3fc8c8336a83b23929ace99b970d63af6144d58f429b41410	bc175cc01275dbea191224694d2f0cab87e8ce522d022786a7fcc6723f540b75	bd738e069d76e9ee4f81aa6c09721cdbe2a4ed567ea11fe684984cd9375a075b	PASS
R7B1_000263	2	MIER1	CD4_NC	H3_RESCUE_FALSIFICATION	1098	507965d37f85d8eefdbfc3ba8d5da185e798d55b80117d43cc73672d61f96067	1033	b00238784db1518f55d189240640cfd3cdea16454701edee51e6a66c2b5c79ac	65	0.0591985428051001	980	b157defcc3ef2b2c563b7b16a8e723706b8a2f07bbef9f25f0c22cc0e1cf3650	5904c28bc82fc836a379b0fa06ed51e93bdc6cdaa70dcafb3d7c5714810130a4	6b2aef3bc9cae8a3179b86c8a6c9a85dad51c5eaaf0c7363f33a904d12a269c2	PASS
R7B1_000289	3	CD101	CD4_NC	H3_RESCUE_FALSIFICATION	484	fe46836bc16615d40bd6288935987d3d1555ad4835ebc611fabe935cbe790b94	448	1626a6ccac88af772bc1f772e081537ad32620eca969fb6efe8b6f11d7c8c26d	36	0.0743801652892562	980	b4ebfeace1565fb7b214331073e5d73af33497e53a468c14ca3a67452c6b312e	033244fd055ce05a0cc9bf00dce24a6b77f2161f3d78e45ac8c19fff4e049fc1	55c55989fee2dd0dcb1978b65feeef02bd057cdd48d59048c21b2c3d4c3f269b	PASS
R7B1_000290	3	CD101	CD8_ET	H3_RESCUE_FALSIFICATION	484	fe46836bc16615d40bd6288935987d3d1555ad4835ebc611fabe935cbe790b94	448	1626a6ccac88af772bc1f772e081537ad32620eca969fb6efe8b6f11d7c8c26d	36	0.0743801652892562	980	03fff075ff3bd0d4943544c3fc39c2fb3d8e6136da859d44386870d64bcc2bd1	ef2407f39127ab27712b9f17849cf9a799566bf0ceb72fc0237370b7f70ebd56	0d6f663da0d59ff1e59e88dd550ae08922b10146adc682c8cd62fb2660123bde	PASS
R7B1_000291	3	CD101	CD8_NC	H3_RESCUE_FALSIFICATION	484	fe46836bc16615d40bd6288935987d3d1555ad4835ebc611fabe935cbe790b94	448	1626a6ccac88af772bc1f772e081537ad32620eca969fb6efe8b6f11d7c8c26d	36	0.0743801652892562	980	e110badbab69b19e70e069e7c3339f19df7e9eba74f5c397354cc2fe599084ae	8754e8f08adbd26b2f42f1a7275e86f58890e7c88bbb1df3b36a8f30fe71452d	734c25f83897bdd950541583bbcb7583cd2cfe264b7a8023a8dc85b73d32851e	PASS
R7B1_000391	4	FCRL1	B_IN	PRIMARY_184_TRIGGER_VERIFICATION	958	633f5f7225b29e0a6557918c37fb08b2cd24aff6a8cd771e43fad8a0db9ffecb	893	89c91c4bfce9f2a601d71d3e5c6db0353a3a4d7e8a932d60f66de9d0add2fea8	65	0.0678496868475991	975	57aab27111aedce17b2cc7ce3e33fe7aa7d3cdfc5c9b69ed11a125b0546ae93e	d91b197697841cf67d2e3c6815ecea5fde5f3ee0cfc4c58ac0bbd5b79f78ff15	909aed617f8a6368b23748236def676651a27aba74d2ee0cddd6fbd388b75cd4	PASS
R7B1_000401	4	FCRL2	B_IN	H3_RESCUE_FALSIFICATION	958	633f5f7225b29e0a6557918c37fb08b2cd24aff6a8cd771e43fad8a0db9ffecb	893	89c91c4bfce9f2a601d71d3e5c6db0353a3a4d7e8a932d60f66de9d0add2fea8	65	0.0678496868475991	975	f31ef6331c02711462ef726d238253d66a4710b54e65f5e6bddf7f7921674853	d91b197697841cf67d2e3c6815ecea5fde5f3ee0cfc4c58ac0bbd5b79f78ff15	909aed617f8a6368b23748236def676651a27aba74d2ee0cddd6fbd388b75cd4	PASS
R7B1_000402	4	FCRL2	B_MEM	H3_RESCUE_FALSIFICATION	958	633f5f7225b29e0a6557918c37fb08b2cd24aff6a8cd771e43fad8a0db9ffecb	893	89c91c4bfce9f2a601d71d3e5c6db0353a3a4d7e8a932d60f66de9d0add2fea8	65	0.0678496868475991	970	7cc4aefbea2f3e8107d01a2e7c54caf8b9537b9912a747edb5af669d6e9b47b1	3d8928926a3becd287498e0732cd4ac5c6b97f2e151cfbf4def304cd45aedf77	9bae61dfa91bd08817ec8582ac65be0b4f3caa2a1f4483677dbe7390bfa09f07	PASS
R7B1_000410	4	FCRL3	B_IN	PRIMARY_184_TRIGGER_VERIFICATION	958	633f5f7225b29e0a6557918c37fb08b2cd24aff6a8cd771e43fad8a0db9ffecb	893	89c91c4bfce9f2a601d71d3e5c6db0353a3a4d7e8a932d60f66de9d0add2fea8	65	0.0678496868475991	975	95077b24788e82b45a1dbbee38d0165d5cd7c63320bb6ed1a93223719ed3d810	d91b197697841cf67d2e3c6815ecea5fde5f3ee0cfc4c58ac0bbd5b79f78ff15	909aed617f8a6368b23748236def676651a27aba74d2ee0cddd6fbd388b75cd4	PASS
R7B1_000411	4	FCRL3	B_MEM	PRIMARY_184_TRIGGER_VERIFICATION	958	633f5f7225b29e0a6557918c37fb08b2cd24aff6a8cd771e43fad8a0db9ffecb	893	89c91c4bfce9f2a601d71d3e5c6db0353a3a4d7e8a932d60f66de9d0add2fea8	65	0.0678496868475991	970	68d0b3d01d913654cee02d68e760e52eb9dee76e34b1a571e7104a0df8a74f7a	3d8928926a3becd287498e0732cd4ac5c6b97f2e151cfbf4def304cd45aedf77	9bae61dfa91bd08817ec8582ac65be0b4f3caa2a1f4483677dbe7390bfa09f07	PASS
R7B1_000412	4	FCRL3	CD4_ET	PRIMARY_184_TRIGGER_VERIFICATION	958	633f5f7225b29e0a6557918c37fb08b2cd24aff6a8cd771e43fad8a0db9ffecb	893	89c91c4bfce9f2a601d71d3e5c6db0353a3a4d7e8a932d60f66de9d0add2fea8	65	0.0678496868475991	980	e23c306829689c4e0277e77090ebd22448b9c0eabceb0284c4070490371802bc	6c9b14a0f3d4e3da2053dc1a789c35a1a327ba433e41d94cb89c0c9d5ec87156	937e1cfb79c219cfbd935b992e857e7cf6f35c80eaf66cdf65eb2581d2e71a05	PASS
R7B1_000413	4	FCRL3	CD4_NC	PRIMARY_184_TRIGGER_VERIFICATION	958	633f5f7225b29e0a6557918c37fb08b2cd24aff6a8cd771e43fad8a0db9ffecb	893	89c91c4bfce9f2a601d71d3e5c6db0353a3a4d7e8a932d60f66de9d0add2fea8	65	0.0678496868475991	980	5f4ef32675bdd4e179f37676723a64b2a1814353a0440282eba3ee56efb17ed2	232cb0d06c923cbb476c2b81e0a0633c0be84d5eb9194599abe0a44b7f4b28d1	23c8dbdc42321cba19b40fab84f613b2f03d1d0a5b60f300fc384da93d105749	PASS
R7B1_000414	4	FCRL3	CD8_ET	PRIMARY_184_TRIGGER_VERIFICATION	958	633f5f7225b29e0a6557918c37fb08b2cd24aff6a8cd771e43fad8a0db9ffecb	893	89c91c4bfce9f2a601d71d3e5c6db0353a3a4d7e8a932d60f66de9d0add2fea8	65	0.0678496868475991	980	d538677e94168f6317611efca4c6dd804de8da725ea05128a6e7ddf0c662b349	fc2ef4dda82b18729a7811f50304f87b4296b412fd9be097583b2bb87580bd37	b0212817285633060b72812f39fc7357b661335f2ace469af3f5c299c6db1d53	PASS
R7B1_000415	4	FCRL3	CD8_NC	H3_RESCUE_FALSIFICATION	958	633f5f7225b29e0a6557918c37fb08b2cd24aff6a8cd771e43fad8a0db9ffecb	893	89c91c4bfce9f2a601d71d3e5c6db0353a3a4d7e8a932d60f66de9d0add2fea8	65	0.0678496868475991	980	d73197ad906f72a1d1933fa51c4e3a1daa17a06caa70038f6c691830a224a576	f4449be4cd7c6cee5fdd28ada481bad524dc667be595164cb67fc97b41c785fd	2144e6dd7de70d3e38fca9d65f4f57f29b65246d85bfe7c518ee1a9e4bb71e98	PASS
R7B1_000420	4	FCRL3	NK	PRIMARY_184_TRIGGER_VERIFICATION	958	633f5f7225b29e0a6557918c37fb08b2cd24aff6a8cd771e43fad8a0db9ffecb	893	89c91c4bfce9f2a601d71d3e5c6db0353a3a4d7e8a932d60f66de9d0add2fea8	65	0.0678496868475991	980	bed9165de0e2cef14376a4d38855fd0d4caa191758a03025b16124cd6afb0271	c7a91334744fab199e834063c27032493ac41caf90347cc7a21021ce50ae9409	d451671805f6f2abe619159625057a91ba141cec6944f58c2020048ddfc6be3b	PASS
R7B1_000421	4	FCRL3	NK_R	PRIMARY_184_TRIGGER_VERIFICATION	958	633f5f7225b29e0a6557918c37fb08b2cd24aff6a8cd771e43fad8a0db9ffecb	893	89c91c4bfce9f2a601d71d3e5c6db0353a3a4d7e8a932d60f66de9d0add2fea8	65	0.0678496868475991	750	239f861ce01538a1b5fb0d7c0dbf19572c609450362612ad5fd1d40994d21e2d	8399f8cb8148a22ae5c1293e9b34a9769edd52b0ff9edcb4984d89226048dc54	04e4e4b0a244318a691995e56fecf0fe731606142eec83a886a48edc28ca10e2	PASS
R7B1_000422	4	FCRL5	B_IN	H3_RESCUE_FALSIFICATION	958	633f5f7225b29e0a6557918c37fb08b2cd24aff6a8cd771e43fad8a0db9ffecb	893	89c91c4bfce9f2a601d71d3e5c6db0353a3a4d7e8a932d60f66de9d0add2fea8	65	0.0678496868475991	975	5a7b24b704c644c9db22dfec53d1b51f70d0f11cb3d76f7f2961e9f527109b59	d91b197697841cf67d2e3c6815ecea5fde5f3ee0cfc4c58ac0bbd5b79f78ff15	909aed617f8a6368b23748236def676651a27aba74d2ee0cddd6fbd388b75cd4	PASS
R7B1_000423	4	FCRL5	B_MEM	H3_RESCUE_FALSIFICATION	958	633f5f7225b29e0a6557918c37fb08b2cd24aff6a8cd771e43fad8a0db9ffecb	893	89c91c4bfce9f2a601d71d3e5c6db0353a3a4d7e8a932d60f66de9d0add2fea8	65	0.0678496868475991	970	85b90a62b760962f74d1f6c94335d20aedbbf51396ac34df2f2514c08e2c4d53	3d8928926a3becd287498e0732cd4ac5c6b97f2e151cfbf4def304cd45aedf77	9bae61dfa91bd08817ec8582ac65be0b4f3caa2a1f4483677dbe7390bfa09f07	PASS
R7B1_000528	6	DDX59	CD4_NC	H3_RESCUE_FALSIFICATION	1247	e8aca33080ee7b5bb34fa32c390ad16451d206bd973dc92c3c30f065da565c6b	1156	dd8024970add59ffed34367dbf1c1e8121526347ecc14c1c256ee475be431d88	91	0.0729751403368083	980	2a692102d9608875bfa637390aaa48ac59e95d6a0259552af570d149fc6b9a40	ef78855bed3c4dc8f2b8bc6179eed4fe380efc6deaa45d07495c7477d158f7a2	2c99beae1eb132f72850154cf286556d2c44d8db04b2e2d4047fc7508cace311	PASS
R7B1_000587	6	RP11-92G12.3	CD4_NC	H3_RESCUE_FALSIFICATION	1248	7c5fbf541947552a2aea2d1431a5dd56fadb231f6ef191e79e5922df597fe0e3	1157	49e62af0101046c99ac9825c3c65b03cb40f2da37c6bd8df3eecda9beefd028f	91	0.0729166666666666	980	51e37e8fca5dc5ef7a84ea65496f4c8b77b0de8715fb2dc1f3c7c008ddab905b	ef78855bed3c4dc8f2b8bc6179eed4fe380efc6deaa45d07495c7477d158f7a2	2c99beae1eb132f72850154cf286556d2c44d8db04b2e2d4047fc7508cace311	PASS
R7B1_000601	6	TMEM9	CD4_NC	H3_RESCUE_FALSIFICATION	1248	7c5fbf541947552a2aea2d1431a5dd56fadb231f6ef191e79e5922df597fe0e3	1157	49e62af0101046c99ac9825c3c65b03cb40f2da37c6bd8df3eecda9beefd028f	91	0.0729166666666666	980	d4c248a632cb39f8398055da338583d92a200fa91062ca460139e82258bb3bc9	ef78855bed3c4dc8f2b8bc6179eed4fe380efc6deaa45d07495c7477d158f7a2	2c99beae1eb132f72850154cf286556d2c44d8db04b2e2d4047fc7508cace311	PASS
R7B1_000609	6	TMEM9	NK	H3_RESCUE_FALSIFICATION	1248	7c5fbf541947552a2aea2d1431a5dd56fadb231f6ef191e79e5922df597fe0e3	1157	49e62af0101046c99ac9825c3c65b03cb40f2da37c6bd8df3eecda9beefd028f	91	0.0729166666666666	980	ca59ef72cbc103b0ba507e4e2d58c1b15eedf876ea25156266b7c376f7c71266	e5bce92a052d5955b4b07e320ee756a44b447479869fcf69bec5a760bd8397c0	5442e58e6d1cdea3f06093f4623a1d91f637144611cc805b0eb1c0c0316eab64	PASS
R7B1_000688	7	LINC00299	NK	PRIMARY_184_TRIGGER_VERIFICATION	356	98d78d87264fa3be2ccbf869eec7c8be1cde8f36f4602be91e33afdd479e11c5	326	eead04924e931f1855eff7e4e5c178d90415237a9be98a540b3f7ae6bbc50783	30	0.0842696629213483	980	ee63d5e90553945b107de06d6894c0e7b2c442fa664ffc26f9769caefe108ea8	3c84b017bece67ece59b8c3f27a4869ddf2cee3e930910de3ea901204fa14fbe	359db0b7cd775de1578621f853faf558a2f65afe5d0b1d226e2fe2b303ce31de	PASS
R7B1_000733	8	ADCY3	CD4_NC	H3_RESCUE_FALSIFICATION	685	023e19b9b0cc2cf90b043d78ee21c3009e0bd339acba322f868e3deef045b13e	602	bc8a8948f48be05f010f1ac3a8dc18362e26754eaff73cf2574f88cd28bee6b6	83	0.1211678832116788	980	c5fd1609635ae617caba8a4485d623f2c10753e0bea7a573b24f8f9ac130252f	ad5b8a2410cd1379959eaca25d1c80eac7555ad0d697427e07f1add8377e1a74	dbfd3df05889c00c7307eb46cb3340341b561191a7aaae3e10bd49d772ca69e1	PASS
R7B1_000788	8	POMC	CD4_NC	H3_RESCUE_FALSIFICATION	685	023e19b9b0cc2cf90b043d78ee21c3009e0bd339acba322f868e3deef045b13e	602	bc8a8948f48be05f010f1ac3a8dc18362e26754eaff73cf2574f88cd28bee6b6	83	0.1211678832116788	980	0a40247534c13d318cd46112a6978a0d56cde0c44a35be0c0743d83debdebc1c	ad5b8a2410cd1379959eaca25d1c80eac7555ad0d697427e07f1add8377e1a74	dbfd3df05889c00c7307eb46cb3340341b561191a7aaae3e10bd49d772ca69e1	PASS
R7B1_000790	8	POMC	CD8_ET	H3_RESCUE_FALSIFICATION	685	023e19b9b0cc2cf90b043d78ee21c3009e0bd339acba322f868e3deef045b13e	602	bc8a8948f48be05f010f1ac3a8dc18362e26754eaff73cf2574f88cd28bee6b6	83	0.1211678832116788	980	d75a19350ab1e4eeb097df4ef2b74370e6770119f0edd03768d848e427695d9e	80ec456b3fdc16f97be092853f16d2314a0889d2225fd33bb6de668d6ff9e85b	1db18b968c65e0bcf9596ed5ab441015207c480ecc91a4eb00817b1035f832af	PASS
R7B1_000791	8	POMC	CD8_NC	H3_RESCUE_FALSIFICATION	685	023e19b9b0cc2cf90b043d78ee21c3009e0bd339acba322f868e3deef045b13e	602	bc8a8948f48be05f010f1ac3a8dc18362e26754eaff73cf2574f88cd28bee6b6	83	0.1211678832116788	980	ace825d5811080dafaf06dfda641f4e949891c716185ef59551ac9d1745ad9c8	1fdd77fc453de7a8d26fca8cf36f5e687164116ecf5c923861bccee1feb4937f	5e8bcfeb81c1babbaa7a8ec6d94a52e164bd4a4b0ef622ea3adc7ca791f78f39	PASS
R7B1_000796	8	POMC	NK	H3_RESCUE_FALSIFICATION	685	023e19b9b0cc2cf90b043d78ee21c3009e0bd339acba322f868e3deef045b13e	602	bc8a8948f48be05f010f1ac3a8dc18362e26754eaff73cf2574f88cd28bee6b6	83	0.1211678832116788	980	417c251f192f18af56edb6a61de04f82d411ca5b72b084017130016238229711	b3d3d583688fb291b09fd914e8c161d0d430ec7f39d3760ed289d37eb4aa1bea	a9c35395467203193151d1b8968dc1c3f68782100908ddaf809ce28644ea371c	PASS
R7B1_000829	9	TMEM163	NK	PRIMARY_184_TRIGGER_VERIFICATION	706	b19ec6234ce26eeb1d6f7e93856f99bb40c676bc3e6fa526046e366462ab7417	681	798fad150a5227c09240d28d39e6963a62213b7461575cb70c9cd26d6706dd4f	25	0.0354107648725212	980	55e468fc50f28ba3b6fbdae6c0f3960f66b82c0835ebf6f3bf04029fc1c259c9	f1013510e89e140a0a1e0808e0bf79be177d5e2c983c9959b8ed0d8fd7addb56	1ce633f026641131ea0c6c76fab2e91afcbe00262fd50a67ed76a9bdc3ea8756	PASS
R7B1_000872	10	HIBCH	Plasma	H3_RESCUE_FALSIFICATION	964	93d5cc1b00567cc7f18a11188d27e8f8c585a23241e68f9e76a03f750753daca	918	10a3ab09d0a8bba985d9f3dc7d7c3bf863575b7bdbfa20ec9fa7e0d450cf6b8a	46	0.0477178423236514	253	82fbc63c0dcadc184afa416362d6b7c81122eea025c466b4dcd1c26da9a31b6f	2cf75d526d2ca516d181a9fc65f47c98aa95c576d960d3473c9251e86ce381e5	5e82d1bb4c1e330fe418972dcfafecb084745bc680484e2ac73f8def339c744d	PASS
R7B1_000896	10	NAB1	NK	H3_RESCUE_FALSIFICATION	970	50e927ae8a8edc430f59400efe67d7af6271f504a44d7b89562b3bbf6570a10d	924	7c2355a33f2f01f2e7f5b685a94a4741f078b928a258ad54128ee067d286da8b	46	0.0474226804123711	980	6c9d7eace439d666332743b049da2b58b9e469a1a62b84a50f23da844971ee8a	a5d7f9a2247b976b1e8b74262b8df46d5a5a49dc04e3ef1c4288f069042d9a28	6d12837871f7d81b86746466b1a4ed13a93cf27a252aa75dd77ae2ca3b225156	PASS
R7B1_001007	10	TMEM194B	CD4_ET	H3_RESCUE_FALSIFICATION	970	50e927ae8a8edc430f59400efe67d7af6271f504a44d7b89562b3bbf6570a10d	924	7c2355a33f2f01f2e7f5b685a94a4741f078b928a258ad54128ee067d286da8b	46	0.0474226804123711	980	1e10dc16eb7af3af048c0d942f36d28ecac2a65020b0517e1a4ec67337cf7ad6	821b6feabec44309999e63ab1ddc67e3e6976f2876f3950d67fed89ce9589b81	24abcc762ff494f0035ca989dd55d41e76ba7568ad098f94b7ddf82aa59ad553	PASS
R7B1_001020	11	CTLA4	CD4_ET	PRIMARY_184_TRIGGER_VERIFICATION	744	bb12cce31fa8a261a08f7a09e89ef7a7d47ad7870498b97ed48101c95180f03f	710	86f2b1788d5c0b99249bc8f28ca4a199c25f52df48e3ab2cd6cfaa0945e0efda	34	0.0456989247311828	980	9ea96c64a3f90414bbe5f4acad559e6625f1afef98be12b981982e386d383c57	836cff7060a1b59e565e49151610f2cac27ac50f98a246fd865802f4161a049c	1b260d1f0b97cbeb4ca92ac47964a80e7acbea947f4bd2dbc1c8804f507412ae	PASS
R7B1_001021	11	CTLA4	CD4_NC	PRIMARY_184_TRIGGER_VERIFICATION	744	bb12cce31fa8a261a08f7a09e89ef7a7d47ad7870498b97ed48101c95180f03f	710	86f2b1788d5c0b99249bc8f28ca4a199c25f52df48e3ab2cd6cfaa0945e0efda	34	0.0456989247311828	980	d5f6cdd98d7dcc8149380e903246d3e7fed17034009243ad9aaeff1e162b3863	075fd13374fa88a47dd7e9a354039df0ec9d6c0d398747a458ca77350d1e3c61	0898331e00327fd1c23ad4b09ec13a42b81d3b701d908458546871224f294b5e	PASS
R7B1_001022	11	CTLA4	CD8_ET	PRIMARY_184_TRIGGER_VERIFICATION	744	bb12cce31fa8a261a08f7a09e89ef7a7d47ad7870498b97ed48101c95180f03f	710	86f2b1788d5c0b99249bc8f28ca4a199c25f52df48e3ab2cd6cfaa0945e0efda	34	0.0456989247311828	980	bfb5b5c4da0551ed06f47316236103e4b9d5bc986067d6cb3cb473412b7132af	2c9adf5b5b34605a7a631301aa8c0c6f56358ccb86afe19eb5c70eaef77d145c	ea0b42c2e0866601ec1266aaeaba2b668d0a06d405c41cc64ce5f63795f3a393	PASS
R7B1_001023	11	CTLA4	CD8_NC	PRIMARY_184_TRIGGER_VERIFICATION	744	bb12cce31fa8a261a08f7a09e89ef7a7d47ad7870498b97ed48101c95180f03f	710	86f2b1788d5c0b99249bc8f28ca4a199c25f52df48e3ab2cd6cfaa0945e0efda	34	0.0456989247311828	980	cfdeff2012f6c52d8df3fc422bf30aa74f48404db06a06e5b56c1b40abe16a4e	06dd27469201182322f557d6df2e353793cb7b1b622728ec1ce563b06568b089	a2c504e62aecefe04bc8856f12d283d0d6e4f765008cf5e6045d13e1a433acba	PASS
R7B1_001024	11	CTLA4	CD8_S100B	PRIMARY_184_TRIGGER_VERIFICATION	744	bb12cce31fa8a261a08f7a09e89ef7a7d47ad7870498b97ed48101c95180f03f	710	86f2b1788d5c0b99249bc8f28ca4a199c25f52df48e3ab2cd6cfaa0945e0efda	34	0.0456989247311828	959	4b5973f3896d446fbe5ebb80fe0f9d45d59dfe9ad2f7cfcfabb27817e40eb7c5	0d4bc74b6ca2892bedad87e50d5e1570bb7cce9cafc136507718405eadf0aa9d	d479d818c9d0b1e9bc8f83aff3910241159382deb4e237670d43f070ae2b49aa	PASS
R7B1_001057	12	OXNAD1	CD4_NC	H3_RESCUE_FALSIFICATION	1244	f8e0c66da402d96f0fd3d401cae9f6532afe918fa5ade2923524de4ba89b14db	1180	22315e5fb55fb2d3168b88d4623266aa60cfbb4651c029ae05d64c9afe60a4cd	64	0.0514469453376205	980	c3af69899eae5295e145679c696b3bac503450e2713facc33eee3cfa622425ef	36c9b7807b241329a2791de310989d43835cb31581043391c199936a2cfb51f6	e9753085360bf80b12535c7ad0e1bab8f7918e635003c77717e2c1c4b4c13b5f	PASS
R7B1_001059	12	OXNAD1	CD8_ET	H3_RESCUE_FALSIFICATION	1244	f8e0c66da402d96f0fd3d401cae9f6532afe918fa5ade2923524de4ba89b14db	1180	22315e5fb55fb2d3168b88d4623266aa60cfbb4651c029ae05d64c9afe60a4cd	64	0.0514469453376205	980	714e23ce02f18a0adb56343638ac269957a9f7099dce404d09b45acc1fe95512	df2c7455a221db68ecc9ef02f41dfa65bd1931cd2e4401c643730e79256af84f	3c62bc2b454a2b27d9559f88357a62256776dd39d2af7856cc6a010a16685aa2	PASS
R7B1_001060	12	OXNAD1	CD8_NC	H3_RESCUE_FALSIFICATION	1244	f8e0c66da402d96f0fd3d401cae9f6532afe918fa5ade2923524de4ba89b14db	1180	22315e5fb55fb2d3168b88d4623266aa60cfbb4651c029ae05d64c9afe60a4cd	64	0.0514469453376205	980	ab119196029463b0ccae51072ff0efae101d295356ac6e6d556eb65101f57f4e	53b959a2e7125a5d602823a06ffde180477a9e4bef5b038020e93cccdb743580	492d823f4778489dd20fe35f322d0884704f28a2b06ab5bd9261daf972202c76	PASS
R7B1_001065	12	OXNAD1	NK	H3_RESCUE_FALSIFICATION	1244	f8e0c66da402d96f0fd3d401cae9f6532afe918fa5ade2923524de4ba89b14db	1180	22315e5fb55fb2d3168b88d4623266aa60cfbb4651c029ae05d64c9afe60a4cd	64	0.0514469453376205	980	34fcd8717772767661473aa1de3d04a38d08e8c0e82763d0550bb956a2c2f6ed	db16eeb8a82e0fe0c4ee89148adac263e9593eb33f1b4652c73406f673b22e0f	a9fa8f40d14eeb4d346284a9d394933890e97e8ab697d846510e479315727de7	PASS
R7B1_001071	12	RFTN1	CD4_NC	H3_RESCUE_FALSIFICATION	1306	bdcbba346b5d490591b57f65b707f2a825afca7c5bde73c4da147b55dcbfdc74	1242	863ad5766a0c11ae38a598e7d08cdf1c332693bb8beab765751c1e0f1754f280	64	0.0490045941807044	980	8354e996fc73c7b3bbe5388f8770d1360c0d694a00ef6bb2f279684842ec59e9	36c9b7807b241329a2791de310989d43835cb31581043391c199936a2cfb51f6	e9753085360bf80b12535c7ad0e1bab8f7918e635003c77717e2c1c4b4c13b5f	PASS
R7B1_001079	12	RFTN1	NK	H3_RESCUE_FALSIFICATION	1306	bdcbba346b5d490591b57f65b707f2a825afca7c5bde73c4da147b55dcbfdc74	1242	863ad5766a0c11ae38a598e7d08cdf1c332693bb8beab765751c1e0f1754f280	64	0.0490045941807044	980	b7ba787ebd365a0c00e4fd8795a68be0d791399a15470ca4ebf3dba25b848979	db16eeb8a82e0fe0c4ee89148adac263e9593eb33f1b4652c73406f673b22e0f	a9fa8f40d14eeb4d346284a9d394933890e97e8ab697d846510e479315727de7	PASS
R7B1_001084	12	RP11-415F23.2	CD4_ET	H3_RESCUE_FALSIFICATION	1245	badf41b6303de5e685087ccf086e83e7bd3a8b82ddb3d6ab8a24d43ff9e6876a	1181	f74d499cf8d11376eafb6d1338e0fa2a3f5023b7390ae680d644f26e734692ff	64	0.0514056224899598	980	41519806b4ff208d3c85c462e6aa5135f5b1061f83522aff1bfe14d133775490	125efa869a3ac4ae950c1c00a57840c65e6e234c23ca49f4e61374be29372db8	5718cf688e0b02846458d62f8cfdb2a3b1f44a910f3ddd2aea4b043ff392ac2a	PASS
R7B1_001085	12	RP11-415F23.2	CD4_NC	H3_RESCUE_FALSIFICATION	1245	badf41b6303de5e685087ccf086e83e7bd3a8b82ddb3d6ab8a24d43ff9e6876a	1181	f74d499cf8d11376eafb6d1338e0fa2a3f5023b7390ae680d644f26e734692ff	64	0.0514056224899598	980	be3245efede19c6dde43ee366ff2b793b1b43dff40c364fc6dcfcf9e29fe8d46	36c9b7807b241329a2791de310989d43835cb31581043391c199936a2cfb51f6	e9753085360bf80b12535c7ad0e1bab8f7918e635003c77717e2c1c4b4c13b5f	PASS
R7B1_001088	12	RP11-415F23.2	CD8_NC	H3_RESCUE_FALSIFICATION	1245	badf41b6303de5e685087ccf086e83e7bd3a8b82ddb3d6ab8a24d43ff9e6876a	1181	f74d499cf8d11376eafb6d1338e0fa2a3f5023b7390ae680d644f26e734692ff	64	0.0514056224899598	980	3d68c8ff930d21fc295a8ffb3deefa078982964612e33ea25226a793ecb272ad	53b959a2e7125a5d602823a06ffde180477a9e4bef5b038020e93cccdb743580	492d823f4778489dd20fe35f322d0884704f28a2b06ab5bd9261daf972202c76	PASS
R7B1_001093	12	RP11-415F23.4	CD4_NC	H3_RESCUE_FALSIFICATION	1262	f91ab708b95178fa7c9c00b35c3fde1c374c420adf96aaaabc49a9099a0fe63b	1198	4c98eb219323145537ca39546d93680f2b8f5643239cf2f8f6bed2d5e2a6582a	64	0.0507131537242472	980	6c905c7d92113adc442c67ba2165b7769079de20ba273feb1db1e973a2df0faf	36c9b7807b241329a2791de310989d43835cb31581043391c199936a2cfb51f6	e9753085360bf80b12535c7ad0e1bab8f7918e635003c77717e2c1c4b4c13b5f	PASS
R7B1_001143	14	B4GALT4	CD4_ET	H3_RESCUE_FALSIFICATION	1384	4be69305370fe13bb0325466e8d464755663334f4e17fe4fcd59702d9c44c73e	1334	a4f1c058fae9ad61a20ef66fc90d7d24fa595a6e6f0fbc799fb68c313ab2f765	50	0.0361271676300578	980	30c7925f1932a81b507e42107516a879803b09aad4c8d119a9e252fc3418d909	9bd58759db7ef54f19dcf4891beaf6038d8a89355824c4557d3c136719eccb7d	bd6d6951fd6310ba01be61a5d6d31cd46e57abbfbc6abe428977cd065d1a3b8c	PASS
R7B1_001144	14	B4GALT4	CD4_NC	H3_RESCUE_FALSIFICATION	1384	4be69305370fe13bb0325466e8d464755663334f4e17fe4fcd59702d9c44c73e	1334	a4f1c058fae9ad61a20ef66fc90d7d24fa595a6e6f0fbc799fb68c313ab2f765	50	0.0361271676300578	980	47e1c12c93eaf203065da6245932e4478269df1ce28aa43eb5877094440d3519	eeda8fc76eafe62a08247012ef64c056e0cb10c4b935f64f39084d0320bebf1e	c32e4adbc1c6dab2ffea02642b6a9f0314f756e1cf623357905bd58b201c94d7	PASS
R7B1_001146	14	B4GALT4	CD8_ET	H3_RESCUE_FALSIFICATION	1384	4be69305370fe13bb0325466e8d464755663334f4e17fe4fcd59702d9c44c73e	1334	a4f1c058fae9ad61a20ef66fc90d7d24fa595a6e6f0fbc799fb68c313ab2f765	50	0.0361271676300578	980	0a6805c2d6fc3f8f17e2271c96c6d997d99860482d52d2a5d18155cea7b5d2b9	aaad615c103a515ae3b89c7a6753380053b7850bd5ea0c0123a6f372f74e6a09	8cab4e92ad049ddfe1df564b6a2c52b599daf26b90f107a20e25f443b62d855c	PASS
R7B1_001147	14	B4GALT4	CD8_NC	H3_RESCUE_FALSIFICATION	1384	4be69305370fe13bb0325466e8d464755663334f4e17fe4fcd59702d9c44c73e	1334	a4f1c058fae9ad61a20ef66fc90d7d24fa595a6e6f0fbc799fb68c313ab2f765	50	0.0361271676300578	980	81232bedd0ec88c380787ea6d3f39a9ca7cbd084eb9b51df3127edd26a88e731	5350e97bc86846c6df271c7eb7d4e2e6071fc05a3dab164a2a41b21cfceed616	d8df4ffd5b0b09bcf2ead225b2b1f02535ef2ac6afde6003f6cf3612cb8f61ec	PASS
R7B1_001152	14	B4GALT4	NK	H3_RESCUE_FALSIFICATION	1384	4be69305370fe13bb0325466e8d464755663334f4e17fe4fcd59702d9c44c73e	1334	a4f1c058fae9ad61a20ef66fc90d7d24fa595a6e6f0fbc799fb68c313ab2f765	50	0.0361271676300578	980	bb549801d4637f30b982391cccfe2b97bf24a1b391111b4af10c9c2324fe0754	7cb6a76defba4b5d0b04780d0d21eaa0818e8eb93cad1bad6cc3c95ad3e058f3	d405674c16c47abee90b33da2c9de8df61677db0da99ed286b63fa165650f034	PASS
R7B1_001192	15	KPNA4	CD4_NC	H3_RESCUE_FALSIFICATION	545	70d46aafce38f6035941d548686a2fdb64382388f5cc4d206da7fd0374f2075c	504	e13e909e9af4fce99d44bcded6e398d975f25bb9e10bb60560e906220295419d	41	0.0752293577981651	980	71680fcc484c157237025e476eb3a910f537585c14a1a3a7555c5862015522aa	13fa54b2e9111e2745b328c56875115d505a2151d573bfee1f427b9b19ea1d6d	81c197a352326731e46ed6245b137c03d54083bb8b0bafaaf6bab63291fd16a4	PASS
R7B1_001200	15	KPNA4	NK	BORDERLINE_HIGH_INFORMATION_CALIBRATION	545	70d46aafce38f6035941d548686a2fdb64382388f5cc4d206da7fd0374f2075c	504	e13e909e9af4fce99d44bcded6e398d975f25bb9e10bb60560e906220295419d	41	0.0752293577981651	980	09205acf4501248bd1a9b67deda7b36c0fe1972932250ac662ce659490e06c4d	f7f7ddaff622219c9b660967e7b6a8747a6bfe2f5a4ab196958ef8c783880a49	97ee45d04ea94009f9bf7825fe6cd5757456d4d083e905a8c7f417a059920cb7	PASS
R7B1_001275	16	BDH2	CD4_NC	H3_RESCUE_FALSIFICATION	599	525f5bd586100372947cb8fe433bdd51d5aebeaf2f8e143ba7159322cd0e928a	569	848ec2dae6d39067a358c5787e625b473a22744f414f26ccd896448b299c8635	30	0.0500834724540901	980	5c7497c6c14dc3ffd4e095807c8c5dfa8ab8a0077acbb5c8722dade4941be680	368ebc76d5c9b942a9bd558d2a4581f302e48866d6aeb8f24a5c73cc1892edee	820da07d310acfc3d46277d979ee39be0fcf6f834d56effd352a8c1c5c76d317	PASS
R7B1_001287	16	MANBA	B_MEM	H3_RESCUE_FALSIFICATION	654	f3922913256ddc217298f22b1497b81d3623f0e65d922b7860f538c99a817069	620	c3a6ffa04ca9c5a5fabe3780cf34e9156e70f90e4e0db472c1d7c1d326622941	34	0.0519877675840978	970	a6c4786ad5ee7984207d59ff1b1a7dc7b6e358893890f5be346ed5f2d3363591	e85444716bc22acb33f035a98aad582a11a460c28595ece70f20ec088033d21c	4881763f5b002fc4c885413aea8a4d55dedb9ac578c9c43b7e1a6291ada5db31	PASS
R7B1_001288	16	MANBA	CD4_ET	PRIMARY_184_TRIGGER_VERIFICATION	654	f3922913256ddc217298f22b1497b81d3623f0e65d922b7860f538c99a817069	620	c3a6ffa04ca9c5a5fabe3780cf34e9156e70f90e4e0db472c1d7c1d326622941	34	0.0519877675840978	980	3dba0181719f4acee99a7984c8b9f829a80873d6b4b749a0ffbdc533b80274c2	0e78b35e3ce4155a8eb50d3b809182697ac92b48dbd21d95d9435a2249a28c0a	28dc0888b5314fb9981123c779ec92a913b23cf1a78080943d6a7e46e52ecfe3	PASS
R7B1_001289	16	MANBA	CD4_NC	PRIMARY_184_TRIGGER_VERIFICATION	654	f3922913256ddc217298f22b1497b81d3623f0e65d922b7860f538c99a817069	620	c3a6ffa04ca9c5a5fabe3780cf34e9156e70f90e4e0db472c1d7c1d326622941	34	0.0519877675840978	980	95375ab486d1a1d8903168aa38a5314b471ef790f98e43b840435ae84ff982dd	368ebc76d5c9b942a9bd558d2a4581f302e48866d6aeb8f24a5c73cc1892edee	820da07d310acfc3d46277d979ee39be0fcf6f834d56effd352a8c1c5c76d317	PASS
R7B1_001292	16	MANBA	CD8_NC	PRIMARY_184_TRIGGER_VERIFICATION	654	f3922913256ddc217298f22b1497b81d3623f0e65d922b7860f538c99a817069	620	c3a6ffa04ca9c5a5fabe3780cf34e9156e70f90e4e0db472c1d7c1d326622941	34	0.0519877675840978	980	a2ca4bb44827c9148a5186bb4a91d4425934ddc40f930700b958052ab2f5bd8f	2074ca4ab70c335518fced7256972c37c49705b4072ee4cbff1912cc015654fb	c5144f10b1beee425cf2dbb487843d7272267a4952038ed87e97ce9056ded964	PASS
R7B1_001295	16	MANBA	Mono_C	H3_RESCUE_FALSIFICATION	654	f3922913256ddc217298f22b1497b81d3623f0e65d922b7860f538c99a817069	620	c3a6ffa04ca9c5a5fabe3780cf34e9156e70f90e4e0db472c1d7c1d326622941	34	0.0519877675840978	851	d4603642faf526e928ea6d7cfb359f8864bd3da6defcaf3f64cd1991b118f9f9	f8408b578ac2bee6cf4f9fb532d6dcf251dc2bbe5b0715e24f7329bb23a102ec	001822f351dd57c9e993dd043d0a516f37e54443ae14a6428903c276c6d3825e	PASS
R7B1_001303	16	UBE2D3	CD4_NC	PRIMARY_184_TRIGGER_VERIFICATION	654	f3922913256ddc217298f22b1497b81d3623f0e65d922b7860f538c99a817069	620	c3a6ffa04ca9c5a5fabe3780cf34e9156e70f90e4e0db472c1d7c1d326622941	34	0.0519877675840978	980	d29af1196adf89450f8e7ca9ec9c2093ea9f5961f18a8c3353b14922a7215b58	368ebc76d5c9b942a9bd558d2a4581f302e48866d6aeb8f24a5c73cc1892edee	820da07d310acfc3d46277d979ee39be0fcf6f834d56effd352a8c1c5c76d317	PASS
R7B1_001364	18	IL7R	CD4_NC	H3_RESCUE_FALSIFICATION	1147	934e36e8d10f28811000d34620fff96cf8c5c6bb5d579399f8153f2e6cbe5849	1104	189b40afe399021c19ff2c742e7e7dfe0e8c39b823a530ac38053199a5c66241	43	0.037489102005231	980	ed17eec2c26785a83a40d99250a0ab571238f4c852ce8f15a4db01ea9c6498c5	db5f33a2fffd1198238d610b004d3539c8d53cd11186981b57a74e8eb99be4d8	4540e06f2e0764f2fbda8e70ed3a442cc53ca4ab87148f916c52de57565705df	PASS
R7B1_001367	18	IL7R	CD8_NC	H3_RESCUE_FALSIFICATION	1147	934e36e8d10f28811000d34620fff96cf8c5c6bb5d579399f8153f2e6cbe5849	1104	189b40afe399021c19ff2c742e7e7dfe0e8c39b823a530ac38053199a5c66241	43	0.037489102005231	980	5c025a30964a7da027bd05e6f605c96db261ddedcf5120b1caa8b7193d3dc626	6fc3ed30e4071d76f51d9df51357059181c88f7bfe3f1c4b4d493660558950bb	9c4948eab903d54eef3842061fb33a2738913ecbbdef825b572192f2f51aac3d	PASS
R7B1_001383	18	SPEF2	CD8_ET	H3_RESCUE_FALSIFICATION	1147	934e36e8d10f28811000d34620fff96cf8c5c6bb5d579399f8153f2e6cbe5849	1104	189b40afe399021c19ff2c742e7e7dfe0e8c39b823a530ac38053199a5c66241	43	0.037489102005231	980	7693e46fe9d8734dd8027057c96913c31f6b3ab6c95252f557b9f837542030f3	77713cabe69363e8be01646f1a6920c454b9f29bdaf70ea1f9303b65bcab0549	943a8aeddc82b11260fdc6615c07df623382300b4259f57ed8a179d025233369	PASS
R7B1_001388	18	SPEF2	NK	H3_RESCUE_FALSIFICATION	1147	934e36e8d10f28811000d34620fff96cf8c5c6bb5d579399f8153f2e6cbe5849	1104	189b40afe399021c19ff2c742e7e7dfe0e8c39b823a530ac38053199a5c66241	43	0.037489102005231	980	01c9597fffdd83f86ae176b4625e444713c026cd567aa508ab3c6f3afc9ce53d	d6aacc7ebfa506eeee44dc682d77a6a393394ae096c1c18e6202125513b86385	da9c58f6394e08aa50e40ae6313de23441adfcbdaa3afe0ae790909e7596f4a3	PASS
R7B1_001447	20	NDFIP1	CD4_NC	PRIMARY_184_TRIGGER_VERIFICATION	803	3e35cbb381f8a429409682b4709e714cefc79f5f5dbe7fbfcb85218479e0c71c	714	d209e464fa9cdf91d31646d4b1dde5a90ad1c9b4c0bb8a63f978226f67e81a10	89	0.1108343711083437	980	ff57e702232bfc0febbe189a9ac41f15d331b14933ab2097c91107be05664deb	358741b43cf52eaeb60b8970d5bc997e5f28b5f7251086fca8a0682df117a4d2	7a96eb1c8914e618223d6fb2483bbfe62ab54a93e9da97962bf425e143aefdeb	PASS
R7B1_001461	20	RELL2	CD4_NC	H3_RESCUE_FALSIFICATION	789	7f5a6dc38780f225eca02889757471652e2c4b90e0b498c582d454f9e0bb4967	702	187fe375d6b3ab8ae2270010ad003182a3911ec4ea63d290b0ab40be9e6ade6f	87	0.1102661596958174	980	b0c50e7764d45cffad5312317dbecaadcdbe3137e5f35fa20dba93ae617a3fdb	358741b43cf52eaeb60b8970d5bc997e5f28b5f7251086fca8a0682df117a4d2	7a96eb1c8914e618223d6fb2483bbfe62ab54a93e9da97962bf425e143aefdeb	PASS
R7B1_001543	21	RNF145	CD4_ET	H3_RESCUE_FALSIFICATION	994	40334a915cd5466765ef42c39cec559b4b9e80bfe2100e21018ba9246fe736a3	938	a197c47f7c4a59b401f058b6b963d37999c3b947910ae67e16626ed495e1bca1	56	0.056338028169014	980	31b6aba72121df1099cf08932e29d570aac34fb0fab2799aab5a3d6c8d8bcf66	a0f6385fd181143ede7a2c393caed98cc1907eec65142d2a1fa0a18cdbe21f1b	cf17edea97bc823ef1c4ada0cd95dccd996d8396789e43011046e8e36fc7a634	PASS
R7B1_001544	21	RNF145	CD4_NC	H3_RESCUE_FALSIFICATION	994	40334a915cd5466765ef42c39cec559b4b9e80bfe2100e21018ba9246fe736a3	938	a197c47f7c4a59b401f058b6b963d37999c3b947910ae67e16626ed495e1bca1	56	0.056338028169014	980	504af584af8a5ce59b82db122faf5b8a84b0f9347307f5a2d1cce33a309a10d5	bea46df0932f447b73e1afdf433b8f0494c74f9206d8f6a15351eea979b6bcad	df96a91fdbb643c0eaac367e64bf8b02a779de3df14c20158179bb7c91934a90	PASS
R7B1_001547	21	RNF145	CD8_NC	H3_RESCUE_FALSIFICATION	994	40334a915cd5466765ef42c39cec559b4b9e80bfe2100e21018ba9246fe736a3	938	a197c47f7c4a59b401f058b6b963d37999c3b947910ae67e16626ed495e1bca1	56	0.056338028169014	980	682a1df67ac15f772a7840fb488e87d34753ae4bef532f0e73efde2e6d047f13	1851ad55539141bc7e27c3c115e43f50c7960192f14c60038893f53acf252a78	de37775ca86379f0fe23a081fc5208e42fd4b87009a93112eaea1e3b95780fda	PASS
R7B1_001615	23	HEBP2	CD4_NC	H3_RESCUE_FALSIFICATION	847	6dd0f5f75e19c66e24406a8c3694cbb44d63b4673899543655abadf53aa3c1d7	753	77c69488ee25509443a36033e4dc61324353019703fd47a00688b86df23ed25d	94	0.1109799291617473	980	9d2fcdfd213ee3446bb1ddc02fcaf623fe19e1e725668075ef2a64b9ec0dd1b2	61f13ed3cbcd270c6d0b13ccd0016378c91bd7cacf6f0fd61c669f51ffcee022	56d79b820df6c5788bea16e4bdf2777a5be9c736ab97644465f278f5b878ff37	PASS
R7B1_001623	23	HEBP2	NK	H3_RESCUE_FALSIFICATION	847	6dd0f5f75e19c66e24406a8c3694cbb44d63b4673899543655abadf53aa3c1d7	753	77c69488ee25509443a36033e4dc61324353019703fd47a00688b86df23ed25d	94	0.1109799291617473	980	507508633c4b53450b8f43f906c0ed317d6e15d243521ef361b8de63be054419	519127da6337df6e959cfcd90d53d3d6aed6bfa356c0092bf02d131be8c73124	625cf9c5904e5b294c9c2d2176d054455188de4589cbe3a4a5033dc8b6ada3e8	PASS
R7B1_001641	23	PERP	CD4_ET	H3_RESCUE_FALSIFICATION	973	9d84ed25256fcfaa322f165114600bb03e73b5b34f495f7a791763589197c924	868	8045f48a96f57da805b8d8b7c37873d6ed898be9f52bd8b6f0a18bdca3f1134e	105	0.1079136690647482	980	ec76406a5c2db051e43e4ce1804729a2bc287dbc50521e141fc0732859fc847c	e548c0f9e98d9fd230b08e66a99355e589b2d0cdd09dbd8e2dc57400bbc3828c	66224798cc18a30cb99884705f9e89ff0fc2f18ab605bbfb0c7277297be2c152	PASS
R7B1_001642	23	PERP	CD4_NC	H3_RESCUE_FALSIFICATION	973	9d84ed25256fcfaa322f165114600bb03e73b5b34f495f7a791763589197c924	868	8045f48a96f57da805b8d8b7c37873d6ed898be9f52bd8b6f0a18bdca3f1134e	105	0.1079136690647482	980	0081d3153bb21b1c4bd782c1eb2bd1ff496715298182a58c34483b00b6dad4ce	61f13ed3cbcd270c6d0b13ccd0016378c91bd7cacf6f0fd61c669f51ffcee022	56d79b820df6c5788bea16e4bdf2777a5be9c736ab97644465f278f5b878ff37	PASS
R7B1_001688	24	CCR6	B_IN	PRIMARY_184_TRIGGER_VERIFICATION	1050	db7c8cd7a84d648bf54d19deb1e82c23b0d8d084f228d6d9cfcbeb24fcbf67e5	979	cbb924e686ea80329a922fc2b7838fa13ab6030e7a90d7253b68dec357532899	71	0.0676190476190476	975	93c253fcf7beadcf91e2a2bf79b08d8ff80cd04a82a934f05a096090bcc727a3	b893727018c2e18aac88085c5a8fba9031ea889cf6af9cdc6162aac2ca8da5dc	6d12b7bb8962976a80268b30f66ab0781ecdc888628538647e004ff9c0a37b24	PASS
R7B1_001689	24	CCR6	B_MEM	PRIMARY_184_TRIGGER_VERIFICATION	1050	db7c8cd7a84d648bf54d19deb1e82c23b0d8d084f228d6d9cfcbeb24fcbf67e5	979	cbb924e686ea80329a922fc2b7838fa13ab6030e7a90d7253b68dec357532899	71	0.0676190476190476	970	8ad3439d10b3d37137f997e7f96be989b8990a7a7202b28b9f69c1e0137d0465	ea13533c2c9cd7611a050f8b42811641679aa1953da111279807d9e01629c3ae	f70662e9e7f6c006ec36652b1d2f978884ffb12fed32ec9f065a8f2c099ffb10	PASS
R7B1_001712	24	RNASET2	CD4_ET	H3_RESCUE_FALSIFICATION	1050	db7c8cd7a84d648bf54d19deb1e82c23b0d8d084f228d6d9cfcbeb24fcbf67e5	979	cbb924e686ea80329a922fc2b7838fa13ab6030e7a90d7253b68dec357532899	71	0.0676190476190476	980	8657267e7be4affb8a9b09c712608397a06cfd494879a37e1429c50534570354	4004c5fba379d437285b8c0a84e544ccef95eeb8e217cc5a6d65ae39461ca000	fcf3d5e0896da33c7299a1318246107eda6f2fa769876cc246b212ffba16f058	PASS
R7B1_001713	24	RNASET2	CD4_NC	H3_RESCUE_FALSIFICATION	1050	db7c8cd7a84d648bf54d19deb1e82c23b0d8d084f228d6d9cfcbeb24fcbf67e5	979	cbb924e686ea80329a922fc2b7838fa13ab6030e7a90d7253b68dec357532899	71	0.0676190476190476	980	c75a82ad5764cf86a3e3c74de0060863ee8572137093117203a819f1113670be	36919f8d27face285cce8b1597fd589af543807955850f8dc647c71e72ecc7ae	9d8730fba7bf565cdcf7ce5880b7f44ce49242115f27a93ecf0db59ceb767a10	PASS
R7B1_001714	24	RNASET2	CD4_SOX4	H3_RESCUE_FALSIFICATION	1050	db7c8cd7a84d648bf54d19deb1e82c23b0d8d084f228d6d9cfcbeb24fcbf67e5	979	cbb924e686ea80329a922fc2b7838fa13ab6030e7a90d7253b68dec357532899	71	0.0676190476190476	295	7f8e3651fcc23ef7dbdcf4d0407905fdf7f4d21856dc65743eb1b2dfe17ddd8d	22de40f6f024e11bae95db6ac8b51aed233b82b2a695cd7117032ce93799a6af	e37d87251a0823061db3a849dfcf8cec32506c50fa91a32ab3eadc3b2b4f71af	PASS
R7B1_001715	24	RNASET2	CD8_ET	H3_RESCUE_FALSIFICATION	1050	db7c8cd7a84d648bf54d19deb1e82c23b0d8d084f228d6d9cfcbeb24fcbf67e5	979	cbb924e686ea80329a922fc2b7838fa13ab6030e7a90d7253b68dec357532899	71	0.0676190476190476	980	e39617a7f942784a4dbf808d0f9fa64b2a562352679ce83c4478d59028a39b5c	3c64d91353ccb11aabd64740f89513dedb8b6b322fbb213d88a0d0f707e71414	fd5eba236a19b0aa2f48afb44975c76d76f8bc0dc019182cd0c8edf5425d9735	PASS
R7B1_001716	24	RNASET2	CD8_NC	H3_RESCUE_FALSIFICATION	1050	db7c8cd7a84d648bf54d19deb1e82c23b0d8d084f228d6d9cfcbeb24fcbf67e5	979	cbb924e686ea80329a922fc2b7838fa13ab6030e7a90d7253b68dec357532899	71	0.0676190476190476	980	52ce3446beedf0cc3a05a3ebd74494188c583d6bb18b38825178042a4937d3de	e54d012c0721a6bbeb21ec42bb640e0ed65f45ff49f9d5405fe180974a63b492	ff0ad86fb1ef6c8cb8d45e822076a39adabdf78b2e545f2966223ad3181458f5	PASS
R7B1_001717	24	RNASET2	CD8_S100B	H3_RESCUE_FALSIFICATION	1050	db7c8cd7a84d648bf54d19deb1e82c23b0d8d084f228d6d9cfcbeb24fcbf67e5	979	cbb924e686ea80329a922fc2b7838fa13ab6030e7a90d7253b68dec357532899	71	0.0676190476190476	959	15d2b32d4d2a4b760e5ebff2c2c3b9dd033ab0bcd1b00fe09e0106528d524aea	23d2d1ebc6a43a19ceaa7ea9d3d6fba5c87c89bec3cb4a5c95f10041fbd838ab	478add278287e8ce21d2b5504fcd5422a00b102a1b0a6d2eadda61a38aa0d6a6	PASS
R7B1_001718	24	RNASET2	DC	H3_RESCUE_FALSIFICATION	1050	db7c8cd7a84d648bf54d19deb1e82c23b0d8d084f228d6d9cfcbeb24fcbf67e5	979	cbb924e686ea80329a922fc2b7838fa13ab6030e7a90d7253b68dec357532899	71	0.0676190476190476	726	acd8e8064abb0f6bf246d035c3deb6557dcc460c825e3a30bedcd903374f272a	4dfea2bcd8bd9d0d209cf64c97cde8a875ec15f174c8db657d53223d98956ab7	5f2c3058db31ef580037824078dce57e292fff1825cd91f4534bdb715a4e6989	PASS
R7B1_001720	24	RNASET2	Mono_NC	PRIMARY_184_TRIGGER_VERIFICATION	1050	db7c8cd7a84d648bf54d19deb1e82c23b0d8d084f228d6d9cfcbeb24fcbf67e5	979	cbb924e686ea80329a922fc2b7838fa13ab6030e7a90d7253b68dec357532899	71	0.0676190476190476	690	45c34aff7d57a1c9a3c0c0faae8554c05ec82bf60d17bbec608361581b684ca6	024c5c264d71739b64415ee6851594d6b9f79673762d2c190059d01a451ce334	744f413d172be272d1f40ba6f5db4bdf95e55e18e9336e12fa5e073dd6afcdfc	PASS
R7B1_001721	24	RNASET2	NK	H3_RESCUE_FALSIFICATION	1050	db7c8cd7a84d648bf54d19deb1e82c23b0d8d084f228d6d9cfcbeb24fcbf67e5	979	cbb924e686ea80329a922fc2b7838fa13ab6030e7a90d7253b68dec357532899	71	0.0676190476190476	980	665f374aedb1f64a2fa2134bae5a9ce9ea70963a169f8472fd2e06a1b2691be3	c2768e7120968601b1716d16c3a7b572a4d8b5881e671337847830dec3bbe05e	bac966bb1af5ef1848a9ab6c1a6d6d6f1799c26ffb18972b1c6c486374b34299	PASS
R7B1_001727	24	RPS6KA2	CD4_NC	H3_RESCUE_FALSIFICATION	1050	db7c8cd7a84d648bf54d19deb1e82c23b0d8d084f228d6d9cfcbeb24fcbf67e5	979	cbb924e686ea80329a922fc2b7838fa13ab6030e7a90d7253b68dec357532899	71	0.0676190476190476	980	4ea535af9ffd280e711a6ef25e1171c8b4c7542df7577ca01fc1c80bba0a8ee2	36919f8d27face285cce8b1597fd589af543807955850f8dc647c71e72ecc7ae	9d8730fba7bf565cdcf7ce5880b7f44ce49242115f27a93ecf0db59ceb767a10	PASS
R7B1_001770	26	AOAH	CD4_NC	H3_RESCUE_FALSIFICATION	893	552ff3022903b2e6997e22b8074568204a0c34923012519fa961c171ee80996e	855	a1d7b26cd28b718c3b9467485e6155cfb9e1813832124eb4e501b5628ddcd722	38	0.0425531914893617	980	f9aff1bf94a97b24a626025fd73a8632ffb748c78e8946a8b7bc8b5a7803b58c	92aa70fe681c2ed91f67d32994db294755a3b4b94a2277125be0a4be85174112	67a32232075281701273b4390cc56884b3c3d128b9a5dd34a76b08206a06285d	PASS
R7B1_001772	26	AOAH	CD8_ET	H3_RESCUE_FALSIFICATION	893	552ff3022903b2e6997e22b8074568204a0c34923012519fa961c171ee80996e	855	a1d7b26cd28b718c3b9467485e6155cfb9e1813832124eb4e501b5628ddcd722	38	0.0425531914893617	980	7d774f9a1ca20a26ebd8897820958d94c148d595173f3d72f8c454326e51e514	9cd4f826935c50757c81a1d4aae399f766c0705d3e4e0ebb558fa8e5c7ccba47	5686ed23192c8b3988625b79f99c2b251e208a63c1a0c0f26305e66c319e11a6	PASS
R7B1_001774	26	AOAH	CD8_S100B	PRIMARY_184_TRIGGER_VERIFICATION	893	552ff3022903b2e6997e22b8074568204a0c34923012519fa961c171ee80996e	855	a1d7b26cd28b718c3b9467485e6155cfb9e1813832124eb4e501b5628ddcd722	38	0.0425531914893617	959	e51e8aa683874c3737ee91a3c3570e62e7fd9069d7b8b9e4c38966538a31f478	f1680843d043c070a9aabe7d6fa252058886b6f779dac0319527c14aacde8783	9a9149ca5a0655f137dea5cb3534318a9876f018ea0ee583571f4cff26e71842	PASS
R7B1_001776	26	AOAH	Mono_C	H3_RESCUE_FALSIFICATION	893	552ff3022903b2e6997e22b8074568204a0c34923012519fa961c171ee80996e	855	a1d7b26cd28b718c3b9467485e6155cfb9e1813832124eb4e501b5628ddcd722	38	0.0425531914893617	851	19deb2eacb1ce8ff19eb41f2e3afd1382e6ab693a99091a984d34cb65114c4e5	d47bc1f5ff8f68895eb6a2d0a27201b266fd8918888f170f69a7bf99a9856be2	8ae0e39539b0a3934c1056e4c11e6d8edde7b810a40885f4d05dfd44fbe3ddf3	PASS
R7B1_001778	26	AOAH	NK	H3_RESCUE_FALSIFICATION	893	552ff3022903b2e6997e22b8074568204a0c34923012519fa961c171ee80996e	855	a1d7b26cd28b718c3b9467485e6155cfb9e1813832124eb4e501b5628ddcd722	38	0.0425531914893617	980	b361c5c1336bce53f6bc756986606ac93683107dbbdb70c1c50bd5ec52d04437	95f455481286e0cf7818aee724d91114d4341eeba620a18bffdbc2e20bf7b1bc	dfffb7b0f9b9f326a01a5fe3221e246b1a319d89b40fbda9c315181ac8902812	PASS
R7B1_001796	26	ELMO1	CD4_NC	H3_RESCUE_FALSIFICATION	1275	3285203b3d7ff964d0be3ef407476626bab4efb0e823019621d79ccc3d9b5c2e	1230	9a4f06d2d09d5d49bf81b102e3fc46bc4207e779b41a0a35beccdeb3e1e7867b	45	0.0352941176470588	980	492111f7e8c70bf02071ad47dc1ebbfdad4202e3cf63235302d0dc0b8149c9ab	92aa70fe681c2ed91f67d32994db294755a3b4b94a2277125be0a4be85174112	67a32232075281701273b4390cc56884b3c3d128b9a5dd34a76b08206a06285d	PASS
R7B1_001810	26	EPDR1	NK	H3_RESCUE_FALSIFICATION	1181	257c24775bdda2d9c3d0a3b7289b14141c056235c0a3b4cbf562ed72be98ffd1	1139	7218c5bfbf83174568081911e9c3a1d3cf990509d14e066ffb299248edf90e76	42	0.0355630821337849	980	7c4dce98749e0819635b958486c91532af486c599110f338225bb2ddbb8ed8e0	95f455481286e0cf7818aee724d91114d4341eeba620a18bffdbc2e20bf7b1bc	dfffb7b0f9b9f326a01a5fe3221e246b1a319d89b40fbda9c315181ac8902812	PASS
R7B1_001819	26	NME8	NK	H3_RESCUE_FALSIFICATION	1101	ce4ed9c6f02f71b4748bfc0dae3e36697883bca2132d3f6ce184b8b01627eb22	1061	e08816f17c906c982b1a35d45c7fbaa80dd5f175d23831135d8e442a0d939a88	40	0.036330608537693	980	cac4f51fb45f8cba69ee86e8b295c33c06d04bedf42fd4cded7c9e9af6cbbc14	95f455481286e0cf7818aee724d91114d4341eeba620a18bffdbc2e20bf7b1bc	dfffb7b0f9b9f326a01a5fe3221e246b1a319d89b40fbda9c315181ac8902812	PASS
R7B1_001879	27	IMPDH1	CD8_ET	H3_RESCUE_FALSIFICATION	783	a553fa431a1f258d1a749a04853a52ac76f28cd1e6da37a46596cf3743299db0	694	71b3c577dd7ba10e415a348183e096f5cbd678f052b3f690c6079b39dd69529b	89	0.1136653895274585	980	c1f78f52b4bf0ffee1965fb23cd39e4fa030765d38ca8a6ed7292c9946bf95a5	9cfb60f47e67daf023b20a6842d1ce1361dfa4775559594ca7a4e979e34cfadc	23f83ac8c67c1825bc857c7f25bda75f284f9c0f2aed35bfdcee32f576c44d56	PASS
R7B1_001885	27	IMPDH1	NK	H3_RESCUE_FALSIFICATION	783	a553fa431a1f258d1a749a04853a52ac76f28cd1e6da37a46596cf3743299db0	694	71b3c577dd7ba10e415a348183e096f5cbd678f052b3f690c6079b39dd69529b	89	0.1136653895274585	980	e363d08d7445b66a3d52bcb1a061f95c725148ac7cc7a04b4e8ff9380cc77508	59d7284feb4444d2a10dd620c459d8070eeaf61e973a13841ca3c695501b3142	a75f8167be7da926f423ec6474393e2c7ce455e8918d7ae438d484ca332f42c0	PASS
R7B1_001898	27	IRF5	NK	H3_RESCUE_FALSIFICATION	893	85b7b19eaf6d37ebae8bf1bcdb9613874b2e79cdbb79e94ad4bce44ba7b5d612	788	2f08854b5366a558efa4fe6d8a2c1e6480847d484af52dda913519debc25d4c5	105	0.1175811870100783	980	48f40b891bcb6a05d2a565f78721e3d0ef74fa2794f8aa715c491a44ab1eced3	59d7284feb4444d2a10dd620c459d8070eeaf61e973a13841ca3c695501b3142	a75f8167be7da926f423ec6474393e2c7ce455e8918d7ae438d484ca332f42c0	PASS
R7B1_001928	27	METTL2B	CD4_NC	H3_RESCUE_FALSIFICATION	839	eff2ac4039c50be4e5d464cf2151348b6a891c970e9b9181aaab824409b360a9	743	6d07f25c6129ec4bc7626f8d9f5d075bf802b1aa56cf36813784d314687e34a2	96	0.1144219308700834	980	fa108b7f2e16669babce26ea9e399a44f1979cb5b80f2313c6d1aa22664f160d	eeded5c54293e8d6eb44768e67817ca7139d81c6fa45126b235a7429e65a28c9	96622cd453afa98411e09ed6ca8fbfbc54ecf40b9b97ba8a5f12b32b1bf23241	PASS
R7B1_001931	27	METTL2B	CD8_NC	H3_RESCUE_FALSIFICATION	839	eff2ac4039c50be4e5d464cf2151348b6a891c970e9b9181aaab824409b360a9	743	6d07f25c6129ec4bc7626f8d9f5d075bf802b1aa56cf36813784d314687e34a2	96	0.1144219308700834	980	24ffecd64a3951dba96feaf60179d1140e92d84248dbef6e0444de080030e0fd	3b555bf1628c6896d360600c1031559d75b3ec4711b21675e6a038d7b0376945	a646da1a276ef1359e32fe1679d86b08d476c97fc367e388b729fd0c26b26b93	PASS
R7B1_001956	27	RP11-212P7.2	CD4_NC	H3_RESCUE_FALSIFICATION	861	89e5ce5c68ae300ff49ec1c6b6330d9f6b2db17aa744e726de5e9c85a4955ce2	758	5316e3991db42a4870ff9c87e8bf10cdb5406ab1349ae0f6c8abec8c433a0894	103	0.1196283391405342	980	fd4b5a4eeecc72f1dd471cbccf9ba8d7354f46d6564916c86352122c50c1d365	eeded5c54293e8d6eb44768e67817ca7139d81c6fa45126b235a7429e65a28c9	96622cd453afa98411e09ed6ca8fbfbc54ecf40b9b97ba8a5f12b32b1bf23241	PASS
R7B1_001964	27	RP11-212P7.2	NK	H3_RESCUE_FALSIFICATION	861	89e5ce5c68ae300ff49ec1c6b6330d9f6b2db17aa744e726de5e9c85a4955ce2	758	5316e3991db42a4870ff9c87e8bf10cdb5406ab1349ae0f6c8abec8c433a0894	103	0.1196283391405342	980	7b49632f18f6b3e767424a1a9fc71c738ffbde92772de53161e0de9590ac86ee	59d7284feb4444d2a10dd620c459d8070eeaf61e973a13841ca3c695501b3142	a75f8167be7da926f423ec6474393e2c7ce455e8918d7ae438d484ca332f42c0	PASS
R7B1_001969	27	RP11-274B21.10	CD4_NC	H3_RESCUE_FALSIFICATION	893	85b7b19eaf6d37ebae8bf1bcdb9613874b2e79cdbb79e94ad4bce44ba7b5d612	788	2f08854b5366a558efa4fe6d8a2c1e6480847d484af52dda913519debc25d4c5	105	0.1175811870100783	980	acf1a35db44e1ffd972cde7ffeaf2a665de8eb06a89341ae1b06b6972d8bbd13	eeded5c54293e8d6eb44768e67817ca7139d81c6fa45126b235a7429e65a28c9	96622cd453afa98411e09ed6ca8fbfbc54ecf40b9b97ba8a5f12b32b1bf23241	PASS
R7B1_001976	27	RP11-448A19.1	CD4_NC	H3_RESCUE_FALSIFICATION	748	7aaa13ffa7c97233ab78fb4c01a5aa8b4f6e7ad62d9dbdeaa229f5b683841759	665	ff30f1e856cad1a2a11d6eaed37027a96bde7ed99703e0671772dba13862d37f	83	0.1109625668449197	980	f87898f1cadf61f94db368c0a674c2cd4a0469bdc55d6ab0af9a391de6140aeb	eeded5c54293e8d6eb44768e67817ca7139d81c6fa45126b235a7429e65a28c9	96622cd453afa98411e09ed6ca8fbfbc54ecf40b9b97ba8a5f12b32b1bf23241	PASS
R7B1_001977	27	RP11-448A19.1	CD8_ET	H3_RESCUE_FALSIFICATION	748	7aaa13ffa7c97233ab78fb4c01a5aa8b4f6e7ad62d9dbdeaa229f5b683841759	665	ff30f1e856cad1a2a11d6eaed37027a96bde7ed99703e0671772dba13862d37f	83	0.1109625668449197	980	863d38a53a369b8781bad58f3f484b3020dd839aebac2bb0bfc855cca1b07a56	9cfb60f47e67daf023b20a6842d1ce1361dfa4775559594ca7a4e979e34cfadc	23f83ac8c67c1825bc857c7f25bda75f284f9c0f2aed35bfdcee32f576c44d56	PASS
R7B1_001983	27	RP11-448A19.1	NK	H3_RESCUE_FALSIFICATION	748	7aaa13ffa7c97233ab78fb4c01a5aa8b4f6e7ad62d9dbdeaa229f5b683841759	665	ff30f1e856cad1a2a11d6eaed37027a96bde7ed99703e0671772dba13862d37f	83	0.1109625668449197	980	7b0828a51e2531d18191c20f3c25c71735c6dc586eb81f00d868dd6e19b67525	59d7284feb4444d2a10dd620c459d8070eeaf61e973a13841ca3c695501b3142	a75f8167be7da926f423ec6474393e2c7ce455e8918d7ae438d484ca332f42c0	PASS
R7B1_002040	28	C7orf55	CD4_NC	H3_RESCUE_FALSIFICATION	711	0c3ceb1a12189d914dad85d5f2ccef8a4a40b9b54981788432c2ffd87d6f771b	648	23ec0ff49ec2cb58019a220077c15c836a6d0277e03b053622e538a6f0bbbd30	63	0.0886075949367088	980	8abba3a114d746bbbfcda31e252cabd943907090f0018b07febb7938d8a3a0ed	e83c223bc95bb9234d4a4ce36bf251d36e020b6dc5334b6eab4cb49e2b024401	c4c0f60aa9d3954da3025af479a2b076312bff8ef236b86bda3973b0c1d2caa6	PASS
R7B1_002124	28	ZC3HAV1	B_IN	PRIMARY_184_TRIGGER_VERIFICATION	711	0c3ceb1a12189d914dad85d5f2ccef8a4a40b9b54981788432c2ffd87d6f771b	648	23ec0ff49ec2cb58019a220077c15c836a6d0277e03b053622e538a6f0bbbd30	63	0.0886075949367088	975	69c4b001de41b845e5afd584964063b62b446309dcb1237d91504c7aca9a22ea	46ae8e4f88b7653a7221d4364fa95a0f1f0ca4ed996c5b78e76c0e43e82fcac9	dc5c6ff95348c9312924f5695d7285746ea90b9709cdd65aeb47f7388178815f	PASS
R7B1_002125	28	ZC3HAV1	B_MEM	PRIMARY_184_TRIGGER_VERIFICATION	711	0c3ceb1a12189d914dad85d5f2ccef8a4a40b9b54981788432c2ffd87d6f771b	648	23ec0ff49ec2cb58019a220077c15c836a6d0277e03b053622e538a6f0bbbd30	63	0.0886075949367088	970	9d009df21cda85c24891083c2992acb6792f527249ba776dd28a8fb7fc8da2d5	8a51c8ad2410afde1d87bb120d87cf85b88fe20c4867a701451503e0a37cdaaf	bbbeac8c5e3916368f06b9ae1d7cf994b9e25cdb966f99ef721dbca7a401635e	PASS
R7B1_002126	28	ZC3HAV1	CD4_ET	PRIMARY_184_TRIGGER_VERIFICATION	711	0c3ceb1a12189d914dad85d5f2ccef8a4a40b9b54981788432c2ffd87d6f771b	648	23ec0ff49ec2cb58019a220077c15c836a6d0277e03b053622e538a6f0bbbd30	63	0.0886075949367088	980	9f600ad2ab109d9fc72659a651cceb6f26ecf656c743586512431515786b03ca	b3b2bda105e6e076c9e4e5bd3ed72e5254757055d208a17d8bea5f77059afb4e	3ea0575e9ba0fcdf6bda3cf5ee9ae26be8841c092839700394dc987e7b3c0d5c	PASS
R7B1_002127	28	ZC3HAV1	CD4_NC	PRIMARY_184_TRIGGER_VERIFICATION	711	0c3ceb1a12189d914dad85d5f2ccef8a4a40b9b54981788432c2ffd87d6f771b	648	23ec0ff49ec2cb58019a220077c15c836a6d0277e03b053622e538a6f0bbbd30	63	0.0886075949367088	980	469baa06d6d5efefea299d455ab5a9a25186a3cae7d887c5e3084e1f4a8ffa2d	e83c223bc95bb9234d4a4ce36bf251d36e020b6dc5334b6eab4cb49e2b024401	c4c0f60aa9d3954da3025af479a2b076312bff8ef236b86bda3973b0c1d2caa6	PASS
R7B1_002128	28	ZC3HAV1	CD4_SOX4	PRIMARY_184_TRIGGER_VERIFICATION	711	0c3ceb1a12189d914dad85d5f2ccef8a4a40b9b54981788432c2ffd87d6f771b	648	23ec0ff49ec2cb58019a220077c15c836a6d0277e03b053622e538a6f0bbbd30	63	0.0886075949367088	295	c16c77191bbf2d36de7f55d1bd1a58868c226fcd860960510e568769a4196a82	42bbb7ceaa79446fe5dac2ffacbb3f243ba9feb6b4143b20f01fb44bdff22ff7	c2590635312a5a66a2669ae389d356c6e375e0929e7a0e34ee6ca2a4b6b7710f	PASS
R7B1_002129	28	ZC3HAV1	CD8_ET	PRIMARY_184_TRIGGER_VERIFICATION	711	0c3ceb1a12189d914dad85d5f2ccef8a4a40b9b54981788432c2ffd87d6f771b	648	23ec0ff49ec2cb58019a220077c15c836a6d0277e03b053622e538a6f0bbbd30	63	0.0886075949367088	980	eefdcf2ec7f9af63360f34ae5e200f5efdb20274602cbb21f9e9b3e9edf7d3b7	9243fdb7d248ebaaff18fce9e573998a950b0a91a95f9d2050925c8f8a534ed4	427683353080d19f05e02535aefe5b4fad8c1a71c9f0ce11a86761f604a08917	PASS
R7B1_002130	28	ZC3HAV1	CD8_NC	PRIMARY_184_TRIGGER_VERIFICATION	711	0c3ceb1a12189d914dad85d5f2ccef8a4a40b9b54981788432c2ffd87d6f771b	648	23ec0ff49ec2cb58019a220077c15c836a6d0277e03b053622e538a6f0bbbd30	63	0.0886075949367088	980	01667a1239933faf48a1b14eeeb9e4e7c0772e0c2f49cf5cfcbbc5d58a281bc7	8b1a8f9073e18f9e79cbf21a457ef6fb13fffda41d046601486f0a72c37f10ec	af4aaaee406b9060d2a64a23b0d9a923e04089012bc3861ba62d9d099d685998	PASS
R7B1_002131	28	ZC3HAV1	CD8_S100B	PRIMARY_184_TRIGGER_VERIFICATION	711	0c3ceb1a12189d914dad85d5f2ccef8a4a40b9b54981788432c2ffd87d6f771b	648	23ec0ff49ec2cb58019a220077c15c836a6d0277e03b053622e538a6f0bbbd30	63	0.0886075949367088	959	9691a8159df5ce825595559129e281b20aafe8eb3756280ec6991e953f77e5f6	96aaeb3c408e4cf81c510eebfa67f12d8a2a37d11d7f0abf9b177264816433de	3f9b030001c458ee4d83295d679400ea87d68a26d77f8dc15a3b5d79c16e76d2	PASS
R7B1_002132	28	ZC3HAV1	DC	PRIMARY_184_TRIGGER_VERIFICATION	711	0c3ceb1a12189d914dad85d5f2ccef8a4a40b9b54981788432c2ffd87d6f771b	648	23ec0ff49ec2cb58019a220077c15c836a6d0277e03b053622e538a6f0bbbd30	63	0.0886075949367088	726	64e3488a7cd925f809a2c0517a93a2fa6f88473d140d192b48e29e9976a0feca	93472e72b9b0a85d462de3f14e9af9cbe60debeed8118dc45075b556b18d8022	346148a1214d1b02a0223ef80a57b804469236cbc0193870593f600756a9a4f8	PASS
R7B1_002135	28	ZC3HAV1	NK	PRIMARY_184_TRIGGER_VERIFICATION	711	0c3ceb1a12189d914dad85d5f2ccef8a4a40b9b54981788432c2ffd87d6f771b	648	23ec0ff49ec2cb58019a220077c15c836a6d0277e03b053622e538a6f0bbbd30	63	0.0886075949367088	980	eadb419e89a530cd50710534241ffbf8d5b4db73e81f8947d3b3dc9951adb9fc	28b790ee8ec5a13e439891cf038a0c64db6b1a94d983f0be8d8d6bf45f6c8e2b	727a679ea0c92206ad7b9817953be2d1bf2c4e7202172f7b2704c9e91a6b10c9	PASS
R7B1_002136	28	ZC3HAV1	NK_R	PRIMARY_184_TRIGGER_VERIFICATION	711	0c3ceb1a12189d914dad85d5f2ccef8a4a40b9b54981788432c2ffd87d6f771b	648	23ec0ff49ec2cb58019a220077c15c836a6d0277e03b053622e538a6f0bbbd30	63	0.0886075949367088	750	cc5e3d2930ff31e27a44eea39f88f6848c6ccec7ca16d94daea15171c6e35bc2	d4ec47d47be14d45c3a283671325dee9a9a412e79f4b722e1e5503225b37fb06	72b8ee8ade854ec7c65cc1c8015345e7135bdc399b8d5fdff7e9133bf4c4acdc	PASS
R7B1_002144	30	ANP32B	CD4_ET	PRIMARY_184_TRIGGER_VERIFICATION	1168	d22a5da17cff5da22e61461d4aa8f2d0dce3c5831d6f9f267487c7e35887a99d	1084	e30cdcbc34270d53de63ea34ee6f302094b184261e63443750012e3dfd9787b6	84	0.071917808219178	980	6706e8f068cd7cd19b037b8419a08eb56ed35c7dfba139048988ffe00ff615b5	e0b2277da96457accce51d2fd53f6ccd37e45fc2c55ab8305db3a82e58eaf64b	85a8ac152acabe6de0d14c642ee06b3b2975040fa078d83060b3d1b47c4521d6	PASS
R7B1_002145	30	ANP32B	CD4_NC	PRIMARY_184_TRIGGER_VERIFICATION	1168	d22a5da17cff5da22e61461d4aa8f2d0dce3c5831d6f9f267487c7e35887a99d	1084	e30cdcbc34270d53de63ea34ee6f302094b184261e63443750012e3dfd9787b6	84	0.071917808219178	980	0935ecc01274e99130b8a116717385c02e24cf412bea77b8f4463ca28943ecfb	d832620faed826526b337fc039a4fc9895dd873b5433221af060e578ca93d23b	7c13b5f608d1f99dcebae865ace3e7f9979f2fe251704838b721467724f65ede	PASS
R7B1_002147	30	ANP32B	CD8_ET	PRIMARY_184_TRIGGER_VERIFICATION	1168	d22a5da17cff5da22e61461d4aa8f2d0dce3c5831d6f9f267487c7e35887a99d	1084	e30cdcbc34270d53de63ea34ee6f302094b184261e63443750012e3dfd9787b6	84	0.071917808219178	980	a4d89b52af2898cb246208cfac1f1a99f0b85a9ddcc8ca82a596667047830fe1	7b8d34ae04b4ffb437088a2e349d8422260fcdee2efc9618187d3c1f43d104d6	c540f87a00d838b7bebd4d211fcb161901769d61a3d72c8d5dbec541f74b9122	PASS
R7B1_002148	30	ANP32B	CD8_NC	PRIMARY_184_TRIGGER_VERIFICATION	1168	d22a5da17cff5da22e61461d4aa8f2d0dce3c5831d6f9f267487c7e35887a99d	1084	e30cdcbc34270d53de63ea34ee6f302094b184261e63443750012e3dfd9787b6	84	0.071917808219178	980	ba94b125d7d1df0caf61d6569280f087e6c45eea28ae9d1c25bb1b8e075db31f	988fef625701c4c1da95976b8ca6a9b96f087af1a571ee5c83852df7f70b1f00	34192ffee447d75cea5b60946fe27308dfb427c3b3694453cb45e47553cb52e4	PASS
R7B1_002156	30	C9orf156	B_IN	H3_RESCUE_FALSIFICATION	1168	d22a5da17cff5da22e61461d4aa8f2d0dce3c5831d6f9f267487c7e35887a99d	1084	e30cdcbc34270d53de63ea34ee6f302094b184261e63443750012e3dfd9787b6	84	0.071917808219178	975	fed8803e959ab6443b059958370b9ab3903acaf75728ca1273a31471a8d55c6a	1be238a18f0d1bcbe9fd3bd1cffa254c31cf5911cec9b5faf377a9f40a32383f	37151d9c70bb0ab07338fc471bc08bd04297926152b386d3852b7510b135acca	PASS
R7B1_002157	30	C9orf156	B_MEM	H3_RESCUE_FALSIFICATION	1168	d22a5da17cff5da22e61461d4aa8f2d0dce3c5831d6f9f267487c7e35887a99d	1084	e30cdcbc34270d53de63ea34ee6f302094b184261e63443750012e3dfd9787b6	84	0.071917808219178	970	fdbba39dbca694d7a3644d931d4e5fda494a54344e9b22863216065ae5232877	891669e7b04f49f8d8591dbe88753ff814d6b1752f619fb048233399e34e05be	866477b17b98f6a766c262556b7358dd22bb1f07c8ac6a95d15167f6814aa31a	PASS
R7B1_002158	30	C9orf156	CD4_ET	H3_RESCUE_FALSIFICATION	1168	d22a5da17cff5da22e61461d4aa8f2d0dce3c5831d6f9f267487c7e35887a99d	1084	e30cdcbc34270d53de63ea34ee6f302094b184261e63443750012e3dfd9787b6	84	0.071917808219178	980	d8335d631033f677dce555196090f7e06b5507ed1737ef1ebc36502f758f667c	e0b2277da96457accce51d2fd53f6ccd37e45fc2c55ab8305db3a82e58eaf64b	85a8ac152acabe6de0d14c642ee06b3b2975040fa078d83060b3d1b47c4521d6	PASS
R7B1_002159	30	C9orf156	CD4_NC	H3_RESCUE_FALSIFICATION	1168	d22a5da17cff5da22e61461d4aa8f2d0dce3c5831d6f9f267487c7e35887a99d	1084	e30cdcbc34270d53de63ea34ee6f302094b184261e63443750012e3dfd9787b6	84	0.071917808219178	980	5116daa2eef6c0a4c40dfa2524c4ae1b42f4a8a221de42661256b22cf85848d1	d832620faed826526b337fc039a4fc9895dd873b5433221af060e578ca93d23b	7c13b5f608d1f99dcebae865ace3e7f9979f2fe251704838b721467724f65ede	PASS
R7B1_002161	30	C9orf156	CD8_ET	H3_RESCUE_FALSIFICATION	1168	d22a5da17cff5da22e61461d4aa8f2d0dce3c5831d6f9f267487c7e35887a99d	1084	e30cdcbc34270d53de63ea34ee6f302094b184261e63443750012e3dfd9787b6	84	0.071917808219178	980	aa6e54205bafd153b25d9c1a4ff44ffe592aa439e4d2821a0d2179779c5bb312	7b8d34ae04b4ffb437088a2e349d8422260fcdee2efc9618187d3c1f43d104d6	c540f87a00d838b7bebd4d211fcb161901769d61a3d72c8d5dbec541f74b9122	PASS
R7B1_002162	30	C9orf156	CD8_NC	H3_RESCUE_FALSIFICATION	1168	d22a5da17cff5da22e61461d4aa8f2d0dce3c5831d6f9f267487c7e35887a99d	1084	e30cdcbc34270d53de63ea34ee6f302094b184261e63443750012e3dfd9787b6	84	0.071917808219178	980	809063bfed15335a222ca6f06437afddbe7c72989619ed299aaab90c25e991b0	988fef625701c4c1da95976b8ca6a9b96f087af1a571ee5c83852df7f70b1f00	34192ffee447d75cea5b60946fe27308dfb427c3b3694453cb45e47553cb52e4	PASS
R7B1_002163	30	C9orf156	CD8_S100B	H3_RESCUE_FALSIFICATION	1168	d22a5da17cff5da22e61461d4aa8f2d0dce3c5831d6f9f267487c7e35887a99d	1084	e30cdcbc34270d53de63ea34ee6f302094b184261e63443750012e3dfd9787b6	84	0.071917808219178	959	de2b9847572ff1e697972c2b93acc4c780815e285464c41e75689f53ee4a303c	38f30bd5bfccbb98f2b0ca33faca31d9d454ebe4fb9f978c6e678c8f480c292c	0cfcfb2886930f1f6d976fc66c79ea6da9a188032f73fed8dcdb632fd3147b56	PASS
R7B1_002167	30	C9orf156	NK	H3_RESCUE_FALSIFICATION	1168	d22a5da17cff5da22e61461d4aa8f2d0dce3c5831d6f9f267487c7e35887a99d	1084	e30cdcbc34270d53de63ea34ee6f302094b184261e63443750012e3dfd9787b6	84	0.071917808219178	980	696bb64a8b960137493d159ad1dd19667b40de1760c005e1950fd1ba0728ef0f	7fddf024e7d3502b8479db614d51e00f3b2cce81a1a88f49b048809998d4291e	85e0b56119f7710721daf6e4afa88c5df536bb3793afbec25175fc35ddc01b31	PASS
R7B1_002183	30	NANS	CD4_NC	PRIMARY_184_TRIGGER_VERIFICATION	1168	d22a5da17cff5da22e61461d4aa8f2d0dce3c5831d6f9f267487c7e35887a99d	1084	e30cdcbc34270d53de63ea34ee6f302094b184261e63443750012e3dfd9787b6	84	0.071917808219178	980	73a0443ec930ae4c50eed831a460246f41bda065bef0994678eca033d19dfa69	d832620faed826526b337fc039a4fc9895dd873b5433221af060e578ca93d23b	7c13b5f608d1f99dcebae865ace3e7f9979f2fe251704838b721467724f65ede	PASS
R7B1_002217	30	TMOD1	B_MEM	H3_RESCUE_FALSIFICATION	1147	5b88cd4637fd9871f874c54ebea8bb077e190ee8f980d1b69847a235f1fcde11	1067	a7085af0b11c48bd90b422578954b814844d1630328087587213e1ad695afcf6	80	0.06974716652136	970	28ce31daf70a9f1d85a04bff9ffbeaa77846183e1979811c2967f634c340d526	891669e7b04f49f8d8591dbe88753ff814d6b1752f619fb048233399e34e05be	866477b17b98f6a766c262556b7358dd22bb1f07c8ac6a95d15167f6814aa31a	PASS
R7B1_002218	30	TMOD1	CD4_ET	H3_RESCUE_FALSIFICATION	1147	5b88cd4637fd9871f874c54ebea8bb077e190ee8f980d1b69847a235f1fcde11	1067	a7085af0b11c48bd90b422578954b814844d1630328087587213e1ad695afcf6	80	0.06974716652136	980	26936cff208d0933c2f1f32846667ff918f6f7b96224897952041b83a1762dd2	e0b2277da96457accce51d2fd53f6ccd37e45fc2c55ab8305db3a82e58eaf64b	85a8ac152acabe6de0d14c642ee06b3b2975040fa078d83060b3d1b47c4521d6	PASS
R7B1_002219	30	TMOD1	CD4_NC	H3_RESCUE_FALSIFICATION	1147	5b88cd4637fd9871f874c54ebea8bb077e190ee8f980d1b69847a235f1fcde11	1067	a7085af0b11c48bd90b422578954b814844d1630328087587213e1ad695afcf6	80	0.06974716652136	980	277b816fdc08d8015e98b2f852f58d05d47d3998f21d8de57b6b75787bae6387	d832620faed826526b337fc039a4fc9895dd873b5433221af060e578ca93d23b	7c13b5f608d1f99dcebae865ace3e7f9979f2fe251704838b721467724f65ede	PASS
R7B1_002220	30	TMOD1	CD8_ET	H3_RESCUE_FALSIFICATION	1147	5b88cd4637fd9871f874c54ebea8bb077e190ee8f980d1b69847a235f1fcde11	1067	a7085af0b11c48bd90b422578954b814844d1630328087587213e1ad695afcf6	80	0.06974716652136	980	4b05366b97a33b865b6abe4e62ac88b74d774094988779290138934083c63ee8	7b8d34ae04b4ffb437088a2e349d8422260fcdee2efc9618187d3c1f43d104d6	c540f87a00d838b7bebd4d211fcb161901769d61a3d72c8d5dbec541f74b9122	PASS
R7B1_002221	30	TMOD1	CD8_NC	H3_RESCUE_FALSIFICATION	1147	5b88cd4637fd9871f874c54ebea8bb077e190ee8f980d1b69847a235f1fcde11	1067	a7085af0b11c48bd90b422578954b814844d1630328087587213e1ad695afcf6	80	0.06974716652136	980	dd9b8d84fd021150a72d5393b6f161ee973a57b63f42b490e59f66886e0f262f	988fef625701c4c1da95976b8ca6a9b96f087af1a571ee5c83852df7f70b1f00	34192ffee447d75cea5b60946fe27308dfb427c3b3694453cb45e47553cb52e4	PASS
R7B1_002223	30	TMOD1	NK	H3_RESCUE_FALSIFICATION	1147	5b88cd4637fd9871f874c54ebea8bb077e190ee8f980d1b69847a235f1fcde11	1067	a7085af0b11c48bd90b422578954b814844d1630328087587213e1ad695afcf6	80	0.06974716652136	980	5627d424db323b2a18dc49a0f140bf5ccfcc6fdeb0c06956c242bb839f858815	7fddf024e7d3502b8479db614d51e00f3b2cce81a1a88f49b048809998d4291e	85e0b56119f7710721daf6e4afa88c5df536bb3793afbec25175fc35ddc01b31	PASS
R7B1_002227	30	TRIM14	CD4_NC	PRIMARY_184_TRIGGER_VERIFICATION	1168	d22a5da17cff5da22e61461d4aa8f2d0dce3c5831d6f9f267487c7e35887a99d	1084	e30cdcbc34270d53de63ea34ee6f302094b184261e63443750012e3dfd9787b6	84	0.071917808219178	980	b0fe6bbe63a5c5df753bac4422a2b13e36f6923fa28f468a2e45d94cd54712cb	d832620faed826526b337fc039a4fc9895dd873b5433221af060e578ca93d23b	7c13b5f608d1f99dcebae865ace3e7f9979f2fe251704838b721467724f65ede	PASS
R7B1_002289	31	TNFSF8	CD4_NC	PRIMARY_184_TRIGGER_VERIFICATION	1140	700d626d42ed03a4eadcd5cd269b301aea1421795036dc0d370c336196181e13	1091	0f0f3bc1eab10ac1d94d4bf3d6a70cfbd72485fb2e7a6b843bf5d49176e97539	49	0.0429824561403508	980	48ed2af787d8a8dd5d7afd26cc0a839ec07bef1ca915beb381e3164e66faf71c	9ecc2ac1e8385a01f71bbd6d2f6628059186e776b74fbf570cab32b5cbbe76aa	b8dcdda432e9db8625b3310d5297cf881141a543b0a9528f3f9e9e8a93ce033d	PASS
R7B1_002291	31	TNFSF8	CD8_ET	PRIMARY_184_TRIGGER_VERIFICATION	1140	700d626d42ed03a4eadcd5cd269b301aea1421795036dc0d370c336196181e13	1091	0f0f3bc1eab10ac1d94d4bf3d6a70cfbd72485fb2e7a6b843bf5d49176e97539	49	0.0429824561403508	980	e00fdfde25d65cd311d8072070c8d350f17655eb7329beaa485e559c2bd07a57	27cc093fe0b0bd75043bdac2ddba7e0a811b26bb284531148c7abd55ecde56f6	fe246bb158d67b469b46ba3770939dd66ccd2b444e0315f9403d351f222789b4	PASS
R7B1_002292	31	TNFSF8	CD8_NC	PRIMARY_184_TRIGGER_VERIFICATION	1140	700d626d42ed03a4eadcd5cd269b301aea1421795036dc0d370c336196181e13	1091	0f0f3bc1eab10ac1d94d4bf3d6a70cfbd72485fb2e7a6b843bf5d49176e97539	49	0.0429824561403508	980	49105eb1b2fdbd9d0c885c0a27d5bbb6e3af26faaece7505c9dce0c0325028ce	2ee931817e5542e69ace8a101fbdaae0492a5dbde04e5697a5137a2dbf2b5491	b80b26cae4b92b59635c2b002c5e255abeede3978825056ea3e42c60cab77c4b	PASS
R7B1_002307	32	C10orf128	B_MEM	H3_RESCUE_FALSIFICATION	1343	9ae769719d959f6ed44e59bd03b561f2d79f260c69c31cd20075090fde03e257	1283	270d862597305607b7dfd9484a3cfafc5cab80c9a2da6811175545674db80997	60	0.0446760982874162	970	58a716bde9eaca2686401d5beb94312813ab1a56e8cdc4d203d9eb28b6510284	be82ae104933e139737ad0d22e91e74345b01664f92e2624fe626fef7d2da027	1628f5399da1f9438453962a9b02077abdc71ca21974a79433a49aa1348a6d86	PASS
R7B1_002308	32	C10orf128	CD4_ET	H3_RESCUE_FALSIFICATION	1343	9ae769719d959f6ed44e59bd03b561f2d79f260c69c31cd20075090fde03e257	1283	270d862597305607b7dfd9484a3cfafc5cab80c9a2da6811175545674db80997	60	0.0446760982874162	980	47467145bbbde42cad48b556503dfc3d21cdd858161ec2a40a03577b1d68458c	5dcc4949f5c31fc16cf455db5746aaeddedc838fa33e787a34e97ae348ff3cb7	da48df349e7246eff1b286fbbacfa6b6c6ebbe0acace8aabe265b504cd34d0cf	PASS
R7B1_002309	32	C10orf128	CD4_NC	H3_RESCUE_FALSIFICATION	1343	9ae769719d959f6ed44e59bd03b561f2d79f260c69c31cd20075090fde03e257	1283	270d862597305607b7dfd9484a3cfafc5cab80c9a2da6811175545674db80997	60	0.0446760982874162	980	f11b2174936ff5007173abdef9225d467956e7072153c8a841c350a94f94e039	e103ef613577bfc34c0c3fdd927a2aa03c5bab9d63a2f66dafda4c44c7efe28c	eccdba46886bb49646933fe8030a5945b8bc82626cff1dcfd3050ced027a4c1d	PASS
R7B1_002310	32	C10orf128	CD8_ET	H3_RESCUE_FALSIFICATION	1343	9ae769719d959f6ed44e59bd03b561f2d79f260c69c31cd20075090fde03e257	1283	270d862597305607b7dfd9484a3cfafc5cab80c9a2da6811175545674db80997	60	0.0446760982874162	980	4dad22fb0a995e1a42841f85c3512a4f0a2aef823e31bfb3adcea05c3970fa20	62d0e0ceb03bb2c911205084c7b2ac0c214f1ee6ba06945f300129dd362eb26c	129076d74d988d963ae0e5facd799d5d3ea2a1f0b91acf0e6c54d7a7641ac1a5	PASS
R7B1_002311	32	C10orf128	CD8_NC	H3_RESCUE_FALSIFICATION	1343	9ae769719d959f6ed44e59bd03b561f2d79f260c69c31cd20075090fde03e257	1283	270d862597305607b7dfd9484a3cfafc5cab80c9a2da6811175545674db80997	60	0.0446760982874162	980	c6f50a00ed95f4d69440db2db6d2a22a457a0cd95a19587fb0bdc47008dc3f7d	663c631aeb206c830d0e3475c720c16da3a2c8f41c114073aaecf88f05911efa	85411c1795437aea142a7b8cb1b794383ee1aba3bbabae288995d0de084ee779	PASS
R7B1_002312	32	C10orf128	CD8_S100B	H3_RESCUE_FALSIFICATION	1343	9ae769719d959f6ed44e59bd03b561f2d79f260c69c31cd20075090fde03e257	1283	270d862597305607b7dfd9484a3cfafc5cab80c9a2da6811175545674db80997	60	0.0446760982874162	959	3868e7bca3c492f29595be3c3be0ad9b512ce89acc911772c21e01b4e90ee50d	7afbe1e00876a5d2852ab771861a5c42c11fe2aa304e46129124fbbf7d4cb6e8	9ccef3f4ca2a3943b291918c023491af6643ff690f0c5c3d52869aac72b0f2f2	PASS
R7B1_002316	32	C10orf128	NK	H3_RESCUE_FALSIFICATION	1343	9ae769719d959f6ed44e59bd03b561f2d79f260c69c31cd20075090fde03e257	1283	270d862597305607b7dfd9484a3cfafc5cab80c9a2da6811175545674db80997	60	0.0446760982874162	980	db02177840f1eed8f3d94c2320f742ff13ed502e9311b482052623b2765ee5f3	a679cefc837063310e8d4c0578f34bf6e2960be712a3f337778c4acd5a32dca9	a579fd08e4505361284d5e60f16764a95a1dfb9453d8539c279095cff0b65bdc	PASS
R7B1_002360	33	AP2A2	CD4_NC	H3_RESCUE_FALSIFICATION	635	326ced6a415bd40cc41d9576a38b55cd06fe14229ef6b632598ad12031521609	542	ab35a8d32a8198b52fca8e0030e0e2d4d5ba34aad47704e2dcf06c929d008ee9	93	0.1464566929133858	980	b7955fd239bdafba2822ad1207e807d6201f5bc06440a02fa377ece2e3dac3e8	5243a2fdcfb94f44f3ef2c22e3bb927cdec28ca41b9933b56a5f75fb128d9629	85b609559c4521c0ab8107366a6d7fa59d32e857b87f9184a7fdf439a56e20b6	PASS
R7B1_002362	33	AP2A2	CD8_ET	H3_RESCUE_FALSIFICATION	635	326ced6a415bd40cc41d9576a38b55cd06fe14229ef6b632598ad12031521609	542	ab35a8d32a8198b52fca8e0030e0e2d4d5ba34aad47704e2dcf06c929d008ee9	93	0.1464566929133858	980	35184682319b9ef8200e7d596ac07d6ea51d70c446985441eb0470da2176f888	58c0927d5b33c3cc47d30d08a7c3500508be105cd5a014d3f785cb8eab79572b	b45f1177e77834baf4006f1bcfa34051e8a28022f8ac73e0c2d9e6d03cc0faa6	PASS
R7B1_002368	33	AP2A2	NK	H3_RESCUE_FALSIFICATION	635	326ced6a415bd40cc41d9576a38b55cd06fe14229ef6b632598ad12031521609	542	ab35a8d32a8198b52fca8e0030e0e2d4d5ba34aad47704e2dcf06c929d008ee9	93	0.1464566929133858	980	86043f00a5b7eddd7dcf8f4c6e38991ac52279a8c0f35ca0898dccc4f4607a2e	669e571ed053098b2c03d3b61cf3880dff960380763313ff4161267a46b65c9a	fa9d745dfd430509fe93c499794f2e7201d4190b2792b906f4c9b6333591b9d8	PASS
R7B1_002373	33	ATHL1	CD4_ET	H3_RESCUE_FALSIFICATION	635	326ced6a415bd40cc41d9576a38b55cd06fe14229ef6b632598ad12031521609	542	ab35a8d32a8198b52fca8e0030e0e2d4d5ba34aad47704e2dcf06c929d008ee9	93	0.1464566929133858	980	e4e1d661e9db66f9402d0f588c62248963eaf527b799bd589ebe0f8e2e38aee9	aae97342eddda3ce6258b829832df41fec0ef14c79f826ee6cfc44588f93583b	f0dd3b38ca62129c918051020308c152a84398836c70add3921a7b7f2501dbf5	PASS
R7B1_002374	33	ATHL1	CD4_NC	H3_RESCUE_FALSIFICATION	635	326ced6a415bd40cc41d9576a38b55cd06fe14229ef6b632598ad12031521609	542	ab35a8d32a8198b52fca8e0030e0e2d4d5ba34aad47704e2dcf06c929d008ee9	93	0.1464566929133858	980	3f8ba984c340d3e77e26cb7e000ff0eab986af64cbf443e352c61cb59f94f54c	5243a2fdcfb94f44f3ef2c22e3bb927cdec28ca41b9933b56a5f75fb128d9629	85b609559c4521c0ab8107366a6d7fa59d32e857b87f9184a7fdf439a56e20b6	PASS
R7B1_002376	33	ATHL1	CD8_ET	H3_RESCUE_FALSIFICATION	635	326ced6a415bd40cc41d9576a38b55cd06fe14229ef6b632598ad12031521609	542	ab35a8d32a8198b52fca8e0030e0e2d4d5ba34aad47704e2dcf06c929d008ee9	93	0.1464566929133858	980	87058a5ebc24c9baad0e13842f53cbaaaef3881522bcf789b6ce713db61a1f05	58c0927d5b33c3cc47d30d08a7c3500508be105cd5a014d3f785cb8eab79572b	b45f1177e77834baf4006f1bcfa34051e8a28022f8ac73e0c2d9e6d03cc0faa6	PASS
R7B1_002377	33	ATHL1	CD8_NC	H3_RESCUE_FALSIFICATION	635	326ced6a415bd40cc41d9576a38b55cd06fe14229ef6b632598ad12031521609	542	ab35a8d32a8198b52fca8e0030e0e2d4d5ba34aad47704e2dcf06c929d008ee9	93	0.1464566929133858	980	9eee66b2bc723cfacc3a31c4a3a4ceb57ba8904b82d29304550f651b6638ba27	9050c2fcb7bcb13affdc924271ecb4387f257c6931850b6cb075ee7b5325922f	4efc24dd8328182b4ed2f6c83be44f1fe98a325e7610c5b15d6ceb3684eb9ada	PASS
R7B1_002378	33	ATHL1	CD8_S100B	H3_RESCUE_FALSIFICATION	635	326ced6a415bd40cc41d9576a38b55cd06fe14229ef6b632598ad12031521609	542	ab35a8d32a8198b52fca8e0030e0e2d4d5ba34aad47704e2dcf06c929d008ee9	93	0.1464566929133858	959	4b173b580a722e4fee4d54b3d8b1e1262cea6283c9830f44b34415a7cdee48ed	c874dd0ea16ebe4a533b3d2f4f376efb087d87d4661c437a9070aec36709e387	d34eba97fea01b31a41818537d833d33ab9628706dcc03eb22bbf47b46fb089a	PASS
R7B1_002382	33	ATHL1	NK	H3_RESCUE_FALSIFICATION	635	326ced6a415bd40cc41d9576a38b55cd06fe14229ef6b632598ad12031521609	542	ab35a8d32a8198b52fca8e0030e0e2d4d5ba34aad47704e2dcf06c929d008ee9	93	0.1464566929133858	980	2e3a118daa15fe8a331306e2f843af7967ca8316ad25572286ca87b2a32a3a82	669e571ed053098b2c03d3b61cf3880dff960380763313ff4161267a46b65c9a	fa9d745dfd430509fe93c499794f2e7201d4190b2792b906f4c9b6333591b9d8	PASS
R7B1_002401	33	CD151	CD4_ET	H3_RESCUE_FALSIFICATION	635	326ced6a415bd40cc41d9576a38b55cd06fe14229ef6b632598ad12031521609	542	ab35a8d32a8198b52fca8e0030e0e2d4d5ba34aad47704e2dcf06c929d008ee9	93	0.1464566929133858	980	534cf9c48d4f4014abfa1059c5a22ac8514501c134f271781cd9bfb9f16b8f39	aae97342eddda3ce6258b829832df41fec0ef14c79f826ee6cfc44588f93583b	f0dd3b38ca62129c918051020308c152a84398836c70add3921a7b7f2501dbf5	PASS
R7B1_002402	33	CD151	CD4_NC	H3_RESCUE_FALSIFICATION	635	326ced6a415bd40cc41d9576a38b55cd06fe14229ef6b632598ad12031521609	542	ab35a8d32a8198b52fca8e0030e0e2d4d5ba34aad47704e2dcf06c929d008ee9	93	0.1464566929133858	980	885e64a152919040c350a4784997406f650353e07dcdb4b58e269d6046f1b0b4	5243a2fdcfb94f44f3ef2c22e3bb927cdec28ca41b9933b56a5f75fb128d9629	85b609559c4521c0ab8107366a6d7fa59d32e857b87f9184a7fdf439a56e20b6	PASS
R7B1_002404	33	CD151	CD8_ET	H3_RESCUE_FALSIFICATION	635	326ced6a415bd40cc41d9576a38b55cd06fe14229ef6b632598ad12031521609	542	ab35a8d32a8198b52fca8e0030e0e2d4d5ba34aad47704e2dcf06c929d008ee9	93	0.1464566929133858	980	ef473cfaa01833a87daaffd07f13df94e28ec5f3022a489cbd23e298eeec36fd	58c0927d5b33c3cc47d30d08a7c3500508be105cd5a014d3f785cb8eab79572b	b45f1177e77834baf4006f1bcfa34051e8a28022f8ac73e0c2d9e6d03cc0faa6	PASS
R7B1_002405	33	CD151	CD8_NC	H3_RESCUE_FALSIFICATION	635	326ced6a415bd40cc41d9576a38b55cd06fe14229ef6b632598ad12031521609	542	ab35a8d32a8198b52fca8e0030e0e2d4d5ba34aad47704e2dcf06c929d008ee9	93	0.1464566929133858	980	5b185e609e051f6fb80766da761240d60eeb1419bc59644bc630a98edc82a87b	9050c2fcb7bcb13affdc924271ecb4387f257c6931850b6cb075ee7b5325922f	4efc24dd8328182b4ed2f6c83be44f1fe98a325e7610c5b15d6ceb3684eb9ada	PASS
R7B1_002406	33	CD151	CD8_S100B	H3_RESCUE_FALSIFICATION	635	326ced6a415bd40cc41d9576a38b55cd06fe14229ef6b632598ad12031521609	542	ab35a8d32a8198b52fca8e0030e0e2d4d5ba34aad47704e2dcf06c929d008ee9	93	0.1464566929133858	959	2ca136bb508276a4ffb86ee169175de9b63ade4bde6e672f9d41722ce8dbf1cd	c874dd0ea16ebe4a533b3d2f4f376efb087d87d4661c437a9070aec36709e387	d34eba97fea01b31a41818537d833d33ab9628706dcc03eb22bbf47b46fb089a	PASS
R7B1_002407	33	CD151	DC	H3_RESCUE_FALSIFICATION	635	326ced6a415bd40cc41d9576a38b55cd06fe14229ef6b632598ad12031521609	542	ab35a8d32a8198b52fca8e0030e0e2d4d5ba34aad47704e2dcf06c929d008ee9	93	0.1464566929133858	726	e5785d87e177ef82f049d916ac0bef11b18278e5295e905c94ab1b06b99c4405	aa69f0f2caf086772554fb20d94f24a0f6434c1dca396c82ed160006e42c0600	4257ade7d6c8d0cb6c6cdeb04ea72d8c0423119c2769ff1fe1ccf67113fc6d53	PASS
R7B1_002408	33	CD151	Mono_C	H3_RESCUE_FALSIFICATION	635	326ced6a415bd40cc41d9576a38b55cd06fe14229ef6b632598ad12031521609	542	ab35a8d32a8198b52fca8e0030e0e2d4d5ba34aad47704e2dcf06c929d008ee9	93	0.1464566929133858	851	6d4ca7b7db56fb897f10056d0a090137cc91c4f32c092fe4931c4a15d633fb8a	4a3de09fa003d4883cb0d1ffd7899e58c9ed7e5e5bf0682cae33e1aa108cb44a	9f8a4c394a7980f237a91e99ffefe6d90db8561c8d1a30ffc32cd60f72993b46	PASS
R7B1_002409	33	CD151	Mono_NC	H3_RESCUE_FALSIFICATION	635	326ced6a415bd40cc41d9576a38b55cd06fe14229ef6b632598ad12031521609	542	ab35a8d32a8198b52fca8e0030e0e2d4d5ba34aad47704e2dcf06c929d008ee9	93	0.1464566929133858	690	609a10d49aaee1c657be2d43d020362a890c7e28b7e680b514e8abd72779f405	3c4059fe8db3f3f417cc50aed4ea7eeae5179035e1ad5f9816cc19ea63d659b1	20be8cf2b7ed683bc44182ce19ebd34d8ddadeb03a888fc3cf47a1dd63dd8687	PASS
R7B1_002410	33	CD151	NK	H3_RESCUE_FALSIFICATION	635	326ced6a415bd40cc41d9576a38b55cd06fe14229ef6b632598ad12031521609	542	ab35a8d32a8198b52fca8e0030e0e2d4d5ba34aad47704e2dcf06c929d008ee9	93	0.1464566929133858	980	bc528549b88de07524a341601d7d674322e832af80be2a55781b489ce05bd4fd	669e571ed053098b2c03d3b61cf3880dff960380763313ff4161267a46b65c9a	fa9d745dfd430509fe93c499794f2e7201d4190b2792b906f4c9b6333591b9d8	PASS
R7B1_002430	33	DEAF1	CD4_NC	H3_RESCUE_FALSIFICATION	635	326ced6a415bd40cc41d9576a38b55cd06fe14229ef6b632598ad12031521609	542	ab35a8d32a8198b52fca8e0030e0e2d4d5ba34aad47704e2dcf06c929d008ee9	93	0.1464566929133858	980	15298b42cb1c72ffccbf6e66c200e171edc03c577f815d8b92362843d2329524	5243a2fdcfb94f44f3ef2c22e3bb927cdec28ca41b9933b56a5f75fb128d9629	85b609559c4521c0ab8107366a6d7fa59d32e857b87f9184a7fdf439a56e20b6	PASS
R7B1_002433	33	DEAF1	CD8_NC	H3_RESCUE_FALSIFICATION	635	326ced6a415bd40cc41d9576a38b55cd06fe14229ef6b632598ad12031521609	542	ab35a8d32a8198b52fca8e0030e0e2d4d5ba34aad47704e2dcf06c929d008ee9	93	0.1464566929133858	980	16c9883c886604b3bb109e4c90cca609bd784b3e042f62754800a6196fe56272	9050c2fcb7bcb13affdc924271ecb4387f257c6931850b6cb075ee7b5325922f	4efc24dd8328182b4ed2f6c83be44f1fe98a325e7610c5b15d6ceb3684eb9ada	PASS
R7B1_002454	33	EPS8L2	CD4_NC	H3_RESCUE_FALSIFICATION	635	326ced6a415bd40cc41d9576a38b55cd06fe14229ef6b632598ad12031521609	542	ab35a8d32a8198b52fca8e0030e0e2d4d5ba34aad47704e2dcf06c929d008ee9	93	0.1464566929133858	980	a7adef0425a185f90731818941ea67111ff215238fa2eaad3447b30d085b6aff	5243a2fdcfb94f44f3ef2c22e3bb927cdec28ca41b9933b56a5f75fb128d9629	85b609559c4521c0ab8107366a6d7fa59d32e857b87f9184a7fdf439a56e20b6	PASS
R7B1_002456	33	EPS8L2	CD8_ET	H3_RESCUE_FALSIFICATION	635	326ced6a415bd40cc41d9576a38b55cd06fe14229ef6b632598ad12031521609	542	ab35a8d32a8198b52fca8e0030e0e2d4d5ba34aad47704e2dcf06c929d008ee9	93	0.1464566929133858	980	d491217ab3e6273f0f49f83bc3328ddb4893ad16bc1a131f81b8d82e555e790d	58c0927d5b33c3cc47d30d08a7c3500508be105cd5a014d3f785cb8eab79572b	b45f1177e77834baf4006f1bcfa34051e8a28022f8ac73e0c2d9e6d03cc0faa6	PASS
R7B1_002484	33	IFITM1	CD8_ET	H3_RESCUE_FALSIFICATION	635	326ced6a415bd40cc41d9576a38b55cd06fe14229ef6b632598ad12031521609	542	ab35a8d32a8198b52fca8e0030e0e2d4d5ba34aad47704e2dcf06c929d008ee9	93	0.1464566929133858	980	8bcbd6acb6d996d0660338ea9139d873f32883933309b0505b812688128e704f	58c0927d5b33c3cc47d30d08a7c3500508be105cd5a014d3f785cb8eab79572b	b45f1177e77834baf4006f1bcfa34051e8a28022f8ac73e0c2d9e6d03cc0faa6	PASS
R7B1_002490	33	IFITM1	NK	H3_RESCUE_FALSIFICATION	635	326ced6a415bd40cc41d9576a38b55cd06fe14229ef6b632598ad12031521609	542	ab35a8d32a8198b52fca8e0030e0e2d4d5ba34aad47704e2dcf06c929d008ee9	93	0.1464566929133858	980	fdee5ae8f91b5d88b361cd97572dd82df464763609add041ec49e649eae34f57	669e571ed053098b2c03d3b61cf3880dff960380763313ff4161267a46b65c9a	fa9d745dfd430509fe93c499794f2e7201d4190b2792b906f4c9b6333591b9d8	PASS
R7B1_002495	33	IFITM2	CD4_ET	PRIMARY_184_TRIGGER_VERIFICATION	635	326ced6a415bd40cc41d9576a38b55cd06fe14229ef6b632598ad12031521609	542	ab35a8d32a8198b52fca8e0030e0e2d4d5ba34aad47704e2dcf06c929d008ee9	93	0.1464566929133858	980	9c404d31be96f03621d6a4a719582059fb8acf18f4944b41ed279f6b7733d398	aae97342eddda3ce6258b829832df41fec0ef14c79f826ee6cfc44588f93583b	f0dd3b38ca62129c918051020308c152a84398836c70add3921a7b7f2501dbf5	PASS
R7B1_002496	33	IFITM2	CD4_NC	PRIMARY_184_TRIGGER_VERIFICATION	635	326ced6a415bd40cc41d9576a38b55cd06fe14229ef6b632598ad12031521609	542	ab35a8d32a8198b52fca8e0030e0e2d4d5ba34aad47704e2dcf06c929d008ee9	93	0.1464566929133858	980	654c0eb5b54cb52eb8de754e59fd14d2c61781917b32a7412c818f7c0693f5b3	5243a2fdcfb94f44f3ef2c22e3bb927cdec28ca41b9933b56a5f75fb128d9629	85b609559c4521c0ab8107366a6d7fa59d32e857b87f9184a7fdf439a56e20b6	PASS
R7B1_002498	33	IFITM2	CD8_ET	PRIMARY_184_TRIGGER_VERIFICATION	635	326ced6a415bd40cc41d9576a38b55cd06fe14229ef6b632598ad12031521609	542	ab35a8d32a8198b52fca8e0030e0e2d4d5ba34aad47704e2dcf06c929d008ee9	93	0.1464566929133858	980	4abfaac2743da8dc3fff09d2c8665b0e86c34ad150b0587dca32a34ede3137b8	58c0927d5b33c3cc47d30d08a7c3500508be105cd5a014d3f785cb8eab79572b	b45f1177e77834baf4006f1bcfa34051e8a28022f8ac73e0c2d9e6d03cc0faa6	PASS
R7B1_002499	33	IFITM2	CD8_NC	PRIMARY_184_TRIGGER_VERIFICATION	635	326ced6a415bd40cc41d9576a38b55cd06fe14229ef6b632598ad12031521609	542	ab35a8d32a8198b52fca8e0030e0e2d4d5ba34aad47704e2dcf06c929d008ee9	93	0.1464566929133858	980	947b76a45bb68bd986bc74ea73c95a0b92ebec2de95bb24d60fa7eeaeac0c537	9050c2fcb7bcb13affdc924271ecb4387f257c6931850b6cb075ee7b5325922f	4efc24dd8328182b4ed2f6c83be44f1fe98a325e7610c5b15d6ceb3684eb9ada	PASS
R7B1_002500	33	IFITM2	CD8_S100B	PRIMARY_184_TRIGGER_VERIFICATION	635	326ced6a415bd40cc41d9576a38b55cd06fe14229ef6b632598ad12031521609	542	ab35a8d32a8198b52fca8e0030e0e2d4d5ba34aad47704e2dcf06c929d008ee9	93	0.1464566929133858	959	7ca27d2ecd59e9415b14cdbd362de94da23325783ac75b2a1fb2752686ac039c	c874dd0ea16ebe4a533b3d2f4f376efb087d87d4661c437a9070aec36709e387	d34eba97fea01b31a41818537d833d33ab9628706dcc03eb22bbf47b46fb089a	PASS
R7B1_002504	33	IFITM2	NK	H3_RESCUE_FALSIFICATION	635	326ced6a415bd40cc41d9576a38b55cd06fe14229ef6b632598ad12031521609	542	ab35a8d32a8198b52fca8e0030e0e2d4d5ba34aad47704e2dcf06c929d008ee9	93	0.1464566929133858	980	39cb0aa61f6d263300b2ef01a13ac50a005a3ed5ed411d0d9b16790361e3c7fd	669e571ed053098b2c03d3b61cf3880dff960380763313ff4161267a46b65c9a	fa9d745dfd430509fe93c499794f2e7201d4190b2792b906f4c9b6333591b9d8	PASS
R7B1_002505	33	IFITM2	NK_R	PRIMARY_184_TRIGGER_VERIFICATION	635	326ced6a415bd40cc41d9576a38b55cd06fe14229ef6b632598ad12031521609	542	ab35a8d32a8198b52fca8e0030e0e2d4d5ba34aad47704e2dcf06c929d008ee9	93	0.1464566929133858	750	520fa15fc85e392e8ffcd2a425e10a068d6a4e4f280b8ee97085c487703c6e46	a69dbc436b2d850ec143884c6aad328e5fa52639b1babb6a50d8024f92d28b42	96f0bc2b7b433ee9b460c57915df99ebbb9e943e4af54d6f1f6fa9ab1a091c78	PASS
R7B1_002509	33	IFITM3	CD4_ET	PRIMARY_184_TRIGGER_VERIFICATION	635	326ced6a415bd40cc41d9576a38b55cd06fe14229ef6b632598ad12031521609	542	ab35a8d32a8198b52fca8e0030e0e2d4d5ba34aad47704e2dcf06c929d008ee9	93	0.1464566929133858	980	cd298595bfdf202f4268f7e4a2459601a9d1f177e6db1f007563c33e6d756dd8	aae97342eddda3ce6258b829832df41fec0ef14c79f826ee6cfc44588f93583b	f0dd3b38ca62129c918051020308c152a84398836c70add3921a7b7f2501dbf5	PASS
R7B1_002510	33	IFITM3	CD4_NC	PRIMARY_184_TRIGGER_VERIFICATION	635	326ced6a415bd40cc41d9576a38b55cd06fe14229ef6b632598ad12031521609	542	ab35a8d32a8198b52fca8e0030e0e2d4d5ba34aad47704e2dcf06c929d008ee9	93	0.1464566929133858	980	9492cfbaca6108eda0db377fec2df4dfc9f057975581c2141f57e4199ef73831	5243a2fdcfb94f44f3ef2c22e3bb927cdec28ca41b9933b56a5f75fb128d9629	85b609559c4521c0ab8107366a6d7fa59d32e857b87f9184a7fdf439a56e20b6	PASS
R7B1_002512	33	IFITM3	CD8_ET	PRIMARY_184_TRIGGER_VERIFICATION	635	326ced6a415bd40cc41d9576a38b55cd06fe14229ef6b632598ad12031521609	542	ab35a8d32a8198b52fca8e0030e0e2d4d5ba34aad47704e2dcf06c929d008ee9	93	0.1464566929133858	980	00781d741dd298468793b6b4aca2abade7527d6692557e3810a654aef2514ae0	58c0927d5b33c3cc47d30d08a7c3500508be105cd5a014d3f785cb8eab79572b	b45f1177e77834baf4006f1bcfa34051e8a28022f8ac73e0c2d9e6d03cc0faa6	PASS
R7B1_002513	33	IFITM3	CD8_NC	PRIMARY_184_TRIGGER_VERIFICATION	635	326ced6a415bd40cc41d9576a38b55cd06fe14229ef6b632598ad12031521609	542	ab35a8d32a8198b52fca8e0030e0e2d4d5ba34aad47704e2dcf06c929d008ee9	93	0.1464566929133858	980	6c26053b9ce0d6cd496cf3662e31a50b97ea5c00a7101ccb76cc43f6df192a37	9050c2fcb7bcb13affdc924271ecb4387f257c6931850b6cb075ee7b5325922f	4efc24dd8328182b4ed2f6c83be44f1fe98a325e7610c5b15d6ceb3684eb9ada	PASS
R7B1_002514	33	IFITM3	CD8_S100B	PRIMARY_184_TRIGGER_VERIFICATION	635	326ced6a415bd40cc41d9576a38b55cd06fe14229ef6b632598ad12031521609	542	ab35a8d32a8198b52fca8e0030e0e2d4d5ba34aad47704e2dcf06c929d008ee9	93	0.1464566929133858	959	ec58aa6852f7c60532d908157fea812ab38b48d905d31997c8c565e502901f62	c874dd0ea16ebe4a533b3d2f4f376efb087d87d4661c437a9070aec36709e387	d34eba97fea01b31a41818537d833d33ab9628706dcc03eb22bbf47b46fb089a	PASS
R7B1_002516	33	IFITM3	Mono_C	PRIMARY_184_TRIGGER_VERIFICATION	635	326ced6a415bd40cc41d9576a38b55cd06fe14229ef6b632598ad12031521609	542	ab35a8d32a8198b52fca8e0030e0e2d4d5ba34aad47704e2dcf06c929d008ee9	93	0.1464566929133858	851	2bb5ccb877272142c3e4159191c599d95ce8a36ed3463306b52ef86806a9294a	4a3de09fa003d4883cb0d1ffd7899e58c9ed7e5e5bf0682cae33e1aa108cb44a	9f8a4c394a7980f237a91e99ffefe6d90db8561c8d1a30ffc32cd60f72993b46	PASS
R7B1_002517	33	IFITM3	Mono_NC	PRIMARY_184_TRIGGER_VERIFICATION	635	326ced6a415bd40cc41d9576a38b55cd06fe14229ef6b632598ad12031521609	542	ab35a8d32a8198b52fca8e0030e0e2d4d5ba34aad47704e2dcf06c929d008ee9	93	0.1464566929133858	690	fd5061b5b3411202dc2d518d146236d8d488756f2cea9f6c2ebb0eb3d7c48feb	3c4059fe8db3f3f417cc50aed4ea7eeae5179035e1ad5f9816cc19ea63d659b1	20be8cf2b7ed683bc44182ce19ebd34d8ddadeb03a888fc3cf47a1dd63dd8687	PASS
R7B1_002518	33	IFITM3	NK	H3_RESCUE_FALSIFICATION	635	326ced6a415bd40cc41d9576a38b55cd06fe14229ef6b632598ad12031521609	542	ab35a8d32a8198b52fca8e0030e0e2d4d5ba34aad47704e2dcf06c929d008ee9	93	0.1464566929133858	980	04ffcd292203a2be3b525a0181aeba0d9b07179c8e4dd95b83147f04a1981bcc	669e571ed053098b2c03d3b61cf3880dff960380763313ff4161267a46b65c9a	fa9d745dfd430509fe93c499794f2e7201d4190b2792b906f4c9b6333591b9d8	PASS
R7B1_002519	33	IFITM3	NK_R	PRIMARY_184_TRIGGER_VERIFICATION	635	326ced6a415bd40cc41d9576a38b55cd06fe14229ef6b632598ad12031521609	542	ab35a8d32a8198b52fca8e0030e0e2d4d5ba34aad47704e2dcf06c929d008ee9	93	0.1464566929133858	750	0beeed73c7431357778014a1b6e92085ef36092904760a7704b06110b7451b67	a69dbc436b2d850ec143884c6aad328e5fa52639b1babb6a50d8024f92d28b42	96f0bc2b7b433ee9b460c57915df99ebbb9e943e4af54d6f1f6fa9ab1a091c78	PASS
R7B1_002523	33	IRF7	CD4_ET	PRIMARY_184_TRIGGER_VERIFICATION	635	326ced6a415bd40cc41d9576a38b55cd06fe14229ef6b632598ad12031521609	542	ab35a8d32a8198b52fca8e0030e0e2d4d5ba34aad47704e2dcf06c929d008ee9	93	0.1464566929133858	980	c5ab31158b953c973c0ccd016e54d5d9792ee2fb28a625ea493e63778e662178	aae97342eddda3ce6258b829832df41fec0ef14c79f826ee6cfc44588f93583b	f0dd3b38ca62129c918051020308c152a84398836c70add3921a7b7f2501dbf5	PASS
R7B1_002524	33	IRF7	CD4_NC	PRIMARY_184_TRIGGER_VERIFICATION	635	326ced6a415bd40cc41d9576a38b55cd06fe14229ef6b632598ad12031521609	542	ab35a8d32a8198b52fca8e0030e0e2d4d5ba34aad47704e2dcf06c929d008ee9	93	0.1464566929133858	980	1340286bcece2b2ac4a0057d32b4f2e75b98f42d995e6523d83882ab9f848eab	5243a2fdcfb94f44f3ef2c22e3bb927cdec28ca41b9933b56a5f75fb128d9629	85b609559c4521c0ab8107366a6d7fa59d32e857b87f9184a7fdf439a56e20b6	PASS
R7B1_002527	33	IRF7	CD8_NC	PRIMARY_184_TRIGGER_VERIFICATION	635	326ced6a415bd40cc41d9576a38b55cd06fe14229ef6b632598ad12031521609	542	ab35a8d32a8198b52fca8e0030e0e2d4d5ba34aad47704e2dcf06c929d008ee9	93	0.1464566929133858	980	9fbabf16607c7d939a857a0fe495d565c1864612c63bc3618da453f68b1694c5	9050c2fcb7bcb13affdc924271ecb4387f257c6931850b6cb075ee7b5325922f	4efc24dd8328182b4ed2f6c83be44f1fe98a325e7610c5b15d6ceb3684eb9ada	PASS
R7B1_002528	33	IRF7	CD8_S100B	PRIMARY_184_TRIGGER_VERIFICATION	635	326ced6a415bd40cc41d9576a38b55cd06fe14229ef6b632598ad12031521609	542	ab35a8d32a8198b52fca8e0030e0e2d4d5ba34aad47704e2dcf06c929d008ee9	93	0.1464566929133858	959	84755b4c9b2e276b147d75ee211a668836dc60c31db4bb38dbbc5048e123ec91	c874dd0ea16ebe4a533b3d2f4f376efb087d87d4661c437a9070aec36709e387	d34eba97fea01b31a41818537d833d33ab9628706dcc03eb22bbf47b46fb089a	PASS
R7B1_002557	33	PHRF1	B_MEM	H3_RESCUE_FALSIFICATION	635	326ced6a415bd40cc41d9576a38b55cd06fe14229ef6b632598ad12031521609	542	ab35a8d32a8198b52fca8e0030e0e2d4d5ba34aad47704e2dcf06c929d008ee9	93	0.1464566929133858	970	99b87276d70c212d91e5be8c7805dd5a9203a30d69a7670e8c3b8596927913d5	3b3cf6d29be45a1ad1d59fb61484a1ee1678033b463ad48bb3789c2040c5ac8b	2179900a2fbe537f4196bee22e294b84337ee029b1af12aa22f73b9022b72418	PASS
R7B1_002593	33	POLR2L	Mono_C	H3_RESCUE_FALSIFICATION	635	326ced6a415bd40cc41d9576a38b55cd06fe14229ef6b632598ad12031521609	542	ab35a8d32a8198b52fca8e0030e0e2d4d5ba34aad47704e2dcf06c929d008ee9	93	0.1464566929133858	851	c815abf24f5b748cd32bf769f818d67c8bf312c1561410e5409d834e738f4478	4a3de09fa003d4883cb0d1ffd7899e58c9ed7e5e5bf0682cae33e1aa108cb44a	9f8a4c394a7980f237a91e99ffefe6d90db8561c8d1a30ffc32cd60f72993b46	PASS
R7B1_002594	33	POLR2L	Mono_NC	H3_RESCUE_FALSIFICATION	635	326ced6a415bd40cc41d9576a38b55cd06fe14229ef6b632598ad12031521609	542	ab35a8d32a8198b52fca8e0030e0e2d4d5ba34aad47704e2dcf06c929d008ee9	93	0.1464566929133858	690	4d8a98c5d592c0bd3ad38b1064c78b53c45bc9c2173628d611deebed46c2d210	3c4059fe8db3f3f417cc50aed4ea7eeae5179035e1ad5f9816cc19ea63d659b1	20be8cf2b7ed683bc44182ce19ebd34d8ddadeb03a888fc3cf47a1dd63dd8687	PASS
R7B1_002595	33	POLR2L	NK	H3_RESCUE_FALSIFICATION	635	326ced6a415bd40cc41d9576a38b55cd06fe14229ef6b632598ad12031521609	542	ab35a8d32a8198b52fca8e0030e0e2d4d5ba34aad47704e2dcf06c929d008ee9	93	0.1464566929133858	980	1f4fed1c62b24142d6047fc38e1899cd4db5e86016aab68ace82a59bdddf09b2	669e571ed053098b2c03d3b61cf3880dff960380763313ff4161267a46b65c9a	fa9d745dfd430509fe93c499794f2e7201d4190b2792b906f4c9b6333591b9d8	PASS
R7B1_002601	33	RIC8A	CD4_NC	H3_RESCUE_FALSIFICATION	635	326ced6a415bd40cc41d9576a38b55cd06fe14229ef6b632598ad12031521609	542	ab35a8d32a8198b52fca8e0030e0e2d4d5ba34aad47704e2dcf06c929d008ee9	93	0.1464566929133858	980	cd160bb26bb90d93e6e6399e83250624d4fd711bf8bcf5bbd7b059380c506b99	5243a2fdcfb94f44f3ef2c22e3bb927cdec28ca41b9933b56a5f75fb128d9629	85b609559c4521c0ab8107366a6d7fa59d32e857b87f9184a7fdf439a56e20b6	PASS
R7B1_002603	33	RIC8A	CD8_ET	H3_RESCUE_FALSIFICATION	635	326ced6a415bd40cc41d9576a38b55cd06fe14229ef6b632598ad12031521609	542	ab35a8d32a8198b52fca8e0030e0e2d4d5ba34aad47704e2dcf06c929d008ee9	93	0.1464566929133858	980	f76ec33a15160c0c89b1e002bc27aba92c19fcc99de324b0097ef9147fbab9f8	58c0927d5b33c3cc47d30d08a7c3500508be105cd5a014d3f785cb8eab79572b	b45f1177e77834baf4006f1bcfa34051e8a28022f8ac73e0c2d9e6d03cc0faa6	PASS
R7B1_002613	33	RNH1	B_MEM	H3_RESCUE_FALSIFICATION	635	326ced6a415bd40cc41d9576a38b55cd06fe14229ef6b632598ad12031521609	542	ab35a8d32a8198b52fca8e0030e0e2d4d5ba34aad47704e2dcf06c929d008ee9	93	0.1464566929133858	970	ce1956795fc0725ff8d3c9c6107f6da813b9204f48f05eabff2e5b3ddb32c781	3b3cf6d29be45a1ad1d59fb61484a1ee1678033b463ad48bb3789c2040c5ac8b	2179900a2fbe537f4196bee22e294b84337ee029b1af12aa22f73b9022b72418	PASS
R7B1_002615	33	RNH1	CD4_NC	H3_RESCUE_FALSIFICATION	635	326ced6a415bd40cc41d9576a38b55cd06fe14229ef6b632598ad12031521609	542	ab35a8d32a8198b52fca8e0030e0e2d4d5ba34aad47704e2dcf06c929d008ee9	93	0.1464566929133858	980	37d9719e4458df1a6adced8fa5ee7f5ad8a6cfbd7696084531f24109a9b80106	5243a2fdcfb94f44f3ef2c22e3bb927cdec28ca41b9933b56a5f75fb128d9629	85b609559c4521c0ab8107366a6d7fa59d32e857b87f9184a7fdf439a56e20b6	PASS
R7B1_002617	33	RNH1	CD8_ET	H3_RESCUE_FALSIFICATION	635	326ced6a415bd40cc41d9576a38b55cd06fe14229ef6b632598ad12031521609	542	ab35a8d32a8198b52fca8e0030e0e2d4d5ba34aad47704e2dcf06c929d008ee9	93	0.1464566929133858	980	4261ed6556c562d276dda7a63392862526026f52dc3152e830e309ad97697ed0	58c0927d5b33c3cc47d30d08a7c3500508be105cd5a014d3f785cb8eab79572b	b45f1177e77834baf4006f1bcfa34051e8a28022f8ac73e0c2d9e6d03cc0faa6	PASS
R7B1_002621	33	RNH1	Mono_C	H3_RESCUE_FALSIFICATION	635	326ced6a415bd40cc41d9576a38b55cd06fe14229ef6b632598ad12031521609	542	ab35a8d32a8198b52fca8e0030e0e2d4d5ba34aad47704e2dcf06c929d008ee9	93	0.1464566929133858	851	6996bb509b3951cec8aa166141060b77752cbe0a854020065de2d15101b06133	4a3de09fa003d4883cb0d1ffd7899e58c9ed7e5e5bf0682cae33e1aa108cb44a	9f8a4c394a7980f237a91e99ffefe6d90db8561c8d1a30ffc32cd60f72993b46	PASS
R7B1_002623	33	RNH1	NK	H3_RESCUE_FALSIFICATION	635	326ced6a415bd40cc41d9576a38b55cd06fe14229ef6b632598ad12031521609	542	ab35a8d32a8198b52fca8e0030e0e2d4d5ba34aad47704e2dcf06c929d008ee9	93	0.1464566929133858	980	0da81b4807a532f8611f0f1b5191907344e7cde78bd130ad2a17853016c5554d	669e571ed053098b2c03d3b61cf3880dff960380763313ff4161267a46b65c9a	fa9d745dfd430509fe93c499794f2e7201d4190b2792b906f4c9b6333591b9d8	PASS
R7B1_002628	33	RP11-326C3.11	CD4_ET	PRIMARY_184_TRIGGER_VERIFICATION	635	326ced6a415bd40cc41d9576a38b55cd06fe14229ef6b632598ad12031521609	542	ab35a8d32a8198b52fca8e0030e0e2d4d5ba34aad47704e2dcf06c929d008ee9	93	0.1464566929133858	980	b943aca841403e8a479b48b75534a03f596de5281a95b2920a1bb439b8509d0b	aae97342eddda3ce6258b829832df41fec0ef14c79f826ee6cfc44588f93583b	f0dd3b38ca62129c918051020308c152a84398836c70add3921a7b7f2501dbf5	PASS
R7B1_002629	33	RP11-326C3.11	CD4_NC	PRIMARY_184_TRIGGER_VERIFICATION	635	326ced6a415bd40cc41d9576a38b55cd06fe14229ef6b632598ad12031521609	542	ab35a8d32a8198b52fca8e0030e0e2d4d5ba34aad47704e2dcf06c929d008ee9	93	0.1464566929133858	980	960e5f771ba8289fbdc28501429b8f76036380427acbe04952b1ace075f1baed	5243a2fdcfb94f44f3ef2c22e3bb927cdec28ca41b9933b56a5f75fb128d9629	85b609559c4521c0ab8107366a6d7fa59d32e857b87f9184a7fdf439a56e20b6	PASS
R7B1_002631	33	RP11-326C3.11	CD8_ET	PRIMARY_184_TRIGGER_VERIFICATION	635	326ced6a415bd40cc41d9576a38b55cd06fe14229ef6b632598ad12031521609	542	ab35a8d32a8198b52fca8e0030e0e2d4d5ba34aad47704e2dcf06c929d008ee9	93	0.1464566929133858	980	f01e2df0f84084c5be5150387252c38c80f2d8b5b77ccc1d735f35b2e960d6f9	58c0927d5b33c3cc47d30d08a7c3500508be105cd5a014d3f785cb8eab79572b	b45f1177e77834baf4006f1bcfa34051e8a28022f8ac73e0c2d9e6d03cc0faa6	PASS
R7B1_002632	33	RP11-326C3.11	CD8_NC	PRIMARY_184_TRIGGER_VERIFICATION	635	326ced6a415bd40cc41d9576a38b55cd06fe14229ef6b632598ad12031521609	542	ab35a8d32a8198b52fca8e0030e0e2d4d5ba34aad47704e2dcf06c929d008ee9	93	0.1464566929133858	980	1874aa1ad072f2adea9773f453f9a1eccffa6dc91bbb345a75df01800f872244	9050c2fcb7bcb13affdc924271ecb4387f257c6931850b6cb075ee7b5325922f	4efc24dd8328182b4ed2f6c83be44f1fe98a325e7610c5b15d6ceb3684eb9ada	PASS
R7B1_002633	33	RP11-326C3.11	CD8_S100B	PRIMARY_184_TRIGGER_VERIFICATION	635	326ced6a415bd40cc41d9576a38b55cd06fe14229ef6b632598ad12031521609	542	ab35a8d32a8198b52fca8e0030e0e2d4d5ba34aad47704e2dcf06c929d008ee9	93	0.1464566929133858	959	260c3fc8a8b25e1db66cf2c6286e5e008320db803dafa2fd9b36755d11fe56e4	c874dd0ea16ebe4a533b3d2f4f376efb087d87d4661c437a9070aec36709e387	d34eba97fea01b31a41818537d833d33ab9628706dcc03eb22bbf47b46fb089a	PASS
R7B1_002637	33	RP11-326C3.11	NK	PRIMARY_184_TRIGGER_VERIFICATION	635	326ced6a415bd40cc41d9576a38b55cd06fe14229ef6b632598ad12031521609	542	ab35a8d32a8198b52fca8e0030e0e2d4d5ba34aad47704e2dcf06c929d008ee9	93	0.1464566929133858	980	448b52437e435857f05a64a5b1deaf4c45514ada47877fcfc49f976246851059	669e571ed053098b2c03d3b61cf3880dff960380763313ff4161267a46b65c9a	fa9d745dfd430509fe93c499794f2e7201d4190b2792b906f4c9b6333591b9d8	PASS
R7B1_002638	33	RP11-326C3.11	NK_R	PRIMARY_184_TRIGGER_VERIFICATION	635	326ced6a415bd40cc41d9576a38b55cd06fe14229ef6b632598ad12031521609	542	ab35a8d32a8198b52fca8e0030e0e2d4d5ba34aad47704e2dcf06c929d008ee9	93	0.1464566929133858	750	05b368b78ce08df740fe5d8d73d6cd841bea3a801fb583b2658fd3739ee6e0b7	a69dbc436b2d850ec143884c6aad328e5fa52639b1babb6a50d8024f92d28b42	96f0bc2b7b433ee9b460c57915df99ebbb9e943e4af54d6f1f6fa9ab1a091c78	PASS
R7B1_002642	33	RP11-326C3.12	CD4_NC	H3_RESCUE_FALSIFICATION	635	326ced6a415bd40cc41d9576a38b55cd06fe14229ef6b632598ad12031521609	542	ab35a8d32a8198b52fca8e0030e0e2d4d5ba34aad47704e2dcf06c929d008ee9	93	0.1464566929133858	980	3ea41d33f052ded02ddf813c8970c76fac6df83a7ab387fdb386e2500ce920b6	5243a2fdcfb94f44f3ef2c22e3bb927cdec28ca41b9933b56a5f75fb128d9629	85b609559c4521c0ab8107366a6d7fa59d32e857b87f9184a7fdf439a56e20b6	PASS
R7B1_002645	33	RP11-326C3.12	CD8_NC	H3_RESCUE_FALSIFICATION	635	326ced6a415bd40cc41d9576a38b55cd06fe14229ef6b632598ad12031521609	542	ab35a8d32a8198b52fca8e0030e0e2d4d5ba34aad47704e2dcf06c929d008ee9	93	0.1464566929133858	980	17eb1f9eb0d13c966642316b1a0e7c15d690f9eea26b269a7806bc7ed7f5cbab	9050c2fcb7bcb13affdc924271ecb4387f257c6931850b6cb075ee7b5325922f	4efc24dd8328182b4ed2f6c83be44f1fe98a325e7610c5b15d6ceb3684eb9ada	PASS
R7B1_002663	33	RPLP2	B_IN	H3_RESCUE_FALSIFICATION	635	326ced6a415bd40cc41d9576a38b55cd06fe14229ef6b632598ad12031521609	542	ab35a8d32a8198b52fca8e0030e0e2d4d5ba34aad47704e2dcf06c929d008ee9	93	0.1464566929133858	975	129a655889250753ecaeff26b53aa37703ff7995945aab2ab8d02b0e9386aa63	720d3d1d4899bbe6e2e74d0cbb7cc9a7fcff33ad1c4f3a2a15533a239239ee86	5297c9fdc157b3669fc7853c0878b237bcde2a4b32a85e8fb1f279395838f6cd	PASS
R7B1_002664	33	RPLP2	B_MEM	H3_RESCUE_FALSIFICATION	635	326ced6a415bd40cc41d9576a38b55cd06fe14229ef6b632598ad12031521609	542	ab35a8d32a8198b52fca8e0030e0e2d4d5ba34aad47704e2dcf06c929d008ee9	93	0.1464566929133858	970	64a33d3f7c45e6cc5a907be18d0bd6e127f3d2788ed405038c25374e40541cc2	3b3cf6d29be45a1ad1d59fb61484a1ee1678033b463ad48bb3789c2040c5ac8b	2179900a2fbe537f4196bee22e294b84337ee029b1af12aa22f73b9022b72418	PASS
R7B1_002665	33	RPLP2	CD4_ET	H3_RESCUE_FALSIFICATION	635	326ced6a415bd40cc41d9576a38b55cd06fe14229ef6b632598ad12031521609	542	ab35a8d32a8198b52fca8e0030e0e2d4d5ba34aad47704e2dcf06c929d008ee9	93	0.1464566929133858	980	76ee9a65fb749ef246597ef1d8d8894660daf47dd3069007787f425afd66a6b9	aae97342eddda3ce6258b829832df41fec0ef14c79f826ee6cfc44588f93583b	f0dd3b38ca62129c918051020308c152a84398836c70add3921a7b7f2501dbf5	PASS
R7B1_002666	33	RPLP2	CD4_NC	H3_RESCUE_FALSIFICATION	635	326ced6a415bd40cc41d9576a38b55cd06fe14229ef6b632598ad12031521609	542	ab35a8d32a8198b52fca8e0030e0e2d4d5ba34aad47704e2dcf06c929d008ee9	93	0.1464566929133858	980	b569b9ebba945f2c7639df460e7902a12be1f1b54071ba4a90590af4941e7a50	5243a2fdcfb94f44f3ef2c22e3bb927cdec28ca41b9933b56a5f75fb128d9629	85b609559c4521c0ab8107366a6d7fa59d32e857b87f9184a7fdf439a56e20b6	PASS
R7B1_002668	33	RPLP2	CD8_ET	H3_RESCUE_FALSIFICATION	635	326ced6a415bd40cc41d9576a38b55cd06fe14229ef6b632598ad12031521609	542	ab35a8d32a8198b52fca8e0030e0e2d4d5ba34aad47704e2dcf06c929d008ee9	93	0.1464566929133858	980	b930fe6c017331703107906bcd96704b16b5266e2b9571a70fa40fb14e3df947	58c0927d5b33c3cc47d30d08a7c3500508be105cd5a014d3f785cb8eab79572b	b45f1177e77834baf4006f1bcfa34051e8a28022f8ac73e0c2d9e6d03cc0faa6	PASS
R7B1_002669	33	RPLP2	CD8_NC	H3_RESCUE_FALSIFICATION	635	326ced6a415bd40cc41d9576a38b55cd06fe14229ef6b632598ad12031521609	542	ab35a8d32a8198b52fca8e0030e0e2d4d5ba34aad47704e2dcf06c929d008ee9	93	0.1464566929133858	980	6634cf3bc6851528ab5b5d8fabad0f2fdd3699703b28dc9bcb336f9bd991eb5b	9050c2fcb7bcb13affdc924271ecb4387f257c6931850b6cb075ee7b5325922f	4efc24dd8328182b4ed2f6c83be44f1fe98a325e7610c5b15d6ceb3684eb9ada	PASS
R7B1_002670	33	RPLP2	CD8_S100B	H3_RESCUE_FALSIFICATION	635	326ced6a415bd40cc41d9576a38b55cd06fe14229ef6b632598ad12031521609	542	ab35a8d32a8198b52fca8e0030e0e2d4d5ba34aad47704e2dcf06c929d008ee9	93	0.1464566929133858	959	2e1de13148025867a1e8bd6bc150a185273a4677e951166679ffd7f3a67e74e2	c874dd0ea16ebe4a533b3d2f4f376efb087d87d4661c437a9070aec36709e387	d34eba97fea01b31a41818537d833d33ab9628706dcc03eb22bbf47b46fb089a	PASS
R7B1_002672	33	RPLP2	Mono_C	H3_RESCUE_FALSIFICATION	635	326ced6a415bd40cc41d9576a38b55cd06fe14229ef6b632598ad12031521609	542	ab35a8d32a8198b52fca8e0030e0e2d4d5ba34aad47704e2dcf06c929d008ee9	93	0.1464566929133858	851	14078e644a4bde44f32416eb5039b6bd694bc5147fcfee3d6f10901eedf78441	4a3de09fa003d4883cb0d1ffd7899e58c9ed7e5e5bf0682cae33e1aa108cb44a	9f8a4c394a7980f237a91e99ffefe6d90db8561c8d1a30ffc32cd60f72993b46	PASS
R7B1_002675	33	RPLP2	NK_R	H3_RESCUE_FALSIFICATION	635	326ced6a415bd40cc41d9576a38b55cd06fe14229ef6b632598ad12031521609	542	ab35a8d32a8198b52fca8e0030e0e2d4d5ba34aad47704e2dcf06c929d008ee9	93	0.1464566929133858	750	2cbbd7eaf987fcc45640e4ccb5ea87fa955993bc6ff42dbd89d2a30f2b835bb3	a69dbc436b2d850ec143884c6aad328e5fa52639b1babb6a50d8024f92d28b42	96f0bc2b7b433ee9b460c57915df99ebbb9e943e4af54d6f1f6fa9ab1a091c78	PASS
R7B1_002691	33	TMEM80	B_IN	H3_RESCUE_FALSIFICATION	635	326ced6a415bd40cc41d9576a38b55cd06fe14229ef6b632598ad12031521609	542	ab35a8d32a8198b52fca8e0030e0e2d4d5ba34aad47704e2dcf06c929d008ee9	93	0.1464566929133858	975	04f9e394da5e5ce756e7c906845a2208c59245ebdb2401ca411b7a96c9d4fa32	720d3d1d4899bbe6e2e74d0cbb7cc9a7fcff33ad1c4f3a2a15533a239239ee86	5297c9fdc157b3669fc7853c0878b237bcde2a4b32a85e8fb1f279395838f6cd	PASS
R7B1_002692	33	TMEM80	B_MEM	PRIMARY_184_TRIGGER_VERIFICATION	635	326ced6a415bd40cc41d9576a38b55cd06fe14229ef6b632598ad12031521609	542	ab35a8d32a8198b52fca8e0030e0e2d4d5ba34aad47704e2dcf06c929d008ee9	93	0.1464566929133858	970	63c8bc1129f1d9a22f957eeb2ab654e88a6482ce27976b773528d83c998027e2	3b3cf6d29be45a1ad1d59fb61484a1ee1678033b463ad48bb3789c2040c5ac8b	2179900a2fbe537f4196bee22e294b84337ee029b1af12aa22f73b9022b72418	PASS
R7B1_002694	33	TMEM80	CD4_NC	PRIMARY_184_TRIGGER_VERIFICATION	635	326ced6a415bd40cc41d9576a38b55cd06fe14229ef6b632598ad12031521609	542	ab35a8d32a8198b52fca8e0030e0e2d4d5ba34aad47704e2dcf06c929d008ee9	93	0.1464566929133858	980	7d11fad8c55b96f196e7a245c3242bd655cf956ee7c83192052a0de327f0b8f0	5243a2fdcfb94f44f3ef2c22e3bb927cdec28ca41b9933b56a5f75fb128d9629	85b609559c4521c0ab8107366a6d7fa59d32e857b87f9184a7fdf439a56e20b6	PASS
R7B1_002696	33	TMEM80	CD8_ET	PRIMARY_184_TRIGGER_VERIFICATION	635	326ced6a415bd40cc41d9576a38b55cd06fe14229ef6b632598ad12031521609	542	ab35a8d32a8198b52fca8e0030e0e2d4d5ba34aad47704e2dcf06c929d008ee9	93	0.1464566929133858	980	3782d34a2f3064f9be0f42bfab81728bfe53b7df5ad556fc0e57db252580ed9b	58c0927d5b33c3cc47d30d08a7c3500508be105cd5a014d3f785cb8eab79572b	b45f1177e77834baf4006f1bcfa34051e8a28022f8ac73e0c2d9e6d03cc0faa6	PASS
R7B1_002697	33	TMEM80	CD8_NC	PRIMARY_184_TRIGGER_VERIFICATION	635	326ced6a415bd40cc41d9576a38b55cd06fe14229ef6b632598ad12031521609	542	ab35a8d32a8198b52fca8e0030e0e2d4d5ba34aad47704e2dcf06c929d008ee9	93	0.1464566929133858	980	ccded4894e5dc3581d852700d41332465354bb649df6474bef277d0b24b7da39	9050c2fcb7bcb13affdc924271ecb4387f257c6931850b6cb075ee7b5325922f	4efc24dd8328182b4ed2f6c83be44f1fe98a325e7610c5b15d6ceb3684eb9ada	PASS
R7B1_002702	33	TMEM80	NK	PRIMARY_184_TRIGGER_VERIFICATION	635	326ced6a415bd40cc41d9576a38b55cd06fe14229ef6b632598ad12031521609	542	ab35a8d32a8198b52fca8e0030e0e2d4d5ba34aad47704e2dcf06c929d008ee9	93	0.1464566929133858	980	b1d3ae243359b1d3b273d3f51844343df1ee992d6318c3e5abe1365a4b7182ed	669e571ed053098b2c03d3b61cf3880dff960380763313ff4161267a46b65c9a	fa9d745dfd430509fe93c499794f2e7201d4190b2792b906f4c9b6333591b9d8	PASS
R7B1_002757	33	TSPAN4	Mono_C	H3_RESCUE_FALSIFICATION	635	326ced6a415bd40cc41d9576a38b55cd06fe14229ef6b632598ad12031521609	542	ab35a8d32a8198b52fca8e0030e0e2d4d5ba34aad47704e2dcf06c929d008ee9	93	0.1464566929133858	851	0f17355058b21f6d60d22f98df1a2db1600f35f359702d565f4e2275ce3d5e10	4a3de09fa003d4883cb0d1ffd7899e58c9ed7e5e5bf0682cae33e1aa108cb44a	9f8a4c394a7980f237a91e99ffefe6d90db8561c8d1a30ffc32cd60f72993b46	PASS
R7B1_002765	34	AP001462.6	CD4_NC	H3_RESCUE_FALSIFICATION	675	409de8c68eb1a0c103cd5a50e35f7212ea5f9a0fea9b3638d1b799fba431f434	640	8ef0c689de040f40a1121171e40925e5d7ba7948681a06b2315e455924ec48d0	35	0.0518518518518518	980	8a03114e7c0c5d9515b3797f4d7e1bb8dd8af9a8bdb7b0dba83f04013c887dff	b75d70ab078a04399c3b0446e65f730392e8733a642eb0892abe652b7ed03e0e	80ce8b7547a9a0cecbfbb6da47c4a1fc5c36b8b306328d11839815eada4c31d4	PASS
R7B1_002774	34	AP003774.1	B_IN	PRIMARY_184_TRIGGER_VERIFICATION	675	409de8c68eb1a0c103cd5a50e35f7212ea5f9a0fea9b3638d1b799fba431f434	640	8ef0c689de040f40a1121171e40925e5d7ba7948681a06b2315e455924ec48d0	35	0.0518518518518518	975	6bc9a9bd316415508d5f74a9b6be50a78cc09fb77dee51106951ea5507ef8c27	818c82d38ee01ed9d27f6907a9bcd8a560319b3bb6c0cf4480c8bd66dbd661c3	fcb91b77138a2a3bc81fd43495a284c73786cf73ab105754181e24fb8d61afaa	PASS
R7B1_002775	34	AP003774.1	B_MEM	PRIMARY_184_TRIGGER_VERIFICATION	675	409de8c68eb1a0c103cd5a50e35f7212ea5f9a0fea9b3638d1b799fba431f434	640	8ef0c689de040f40a1121171e40925e5d7ba7948681a06b2315e455924ec48d0	35	0.0518518518518518	970	c653dfb3197fb68a67722ee9d255c0c10ad2f1f1e4b203e40d753219ac76dca3	5cf6389de37e06b82d110938d28b9cc7cc843dc2f4559fda711ee861b10f74ce	26ae041c91954333007c04c0820314025c2c125ef5057dada9ad74b965d0192d	PASS
R7B1_002776	34	AP003774.1	CD4_ET	PRIMARY_184_TRIGGER_VERIFICATION	675	409de8c68eb1a0c103cd5a50e35f7212ea5f9a0fea9b3638d1b799fba431f434	640	8ef0c689de040f40a1121171e40925e5d7ba7948681a06b2315e455924ec48d0	35	0.0518518518518518	980	1807b7cb95a6dc22d1fe1428350e0e4d5f8cf45b3acd960b38a2956a4bed6ea7	719909ff93728bdf6340f29f2d8722cfcdd4bb6ad55e0bac43cdccb82dcb54f7	8c6344417410c85651bea0780d1176de32cd6f48338b4b7f102a0ec221f566ba	PASS
R7B1_002777	34	AP003774.1	CD4_NC	PRIMARY_184_TRIGGER_VERIFICATION	675	409de8c68eb1a0c103cd5a50e35f7212ea5f9a0fea9b3638d1b799fba431f434	640	8ef0c689de040f40a1121171e40925e5d7ba7948681a06b2315e455924ec48d0	35	0.0518518518518518	980	195b665be942a8ae20ebc70574acac725f07f53082237901fc6619d05b825e6a	b75d70ab078a04399c3b0446e65f730392e8733a642eb0892abe652b7ed03e0e	80ce8b7547a9a0cecbfbb6da47c4a1fc5c36b8b306328d11839815eada4c31d4	PASS
R7B1_002779	34	AP003774.1	CD8_ET	PRIMARY_184_TRIGGER_VERIFICATION	675	409de8c68eb1a0c103cd5a50e35f7212ea5f9a0fea9b3638d1b799fba431f434	640	8ef0c689de040f40a1121171e40925e5d7ba7948681a06b2315e455924ec48d0	35	0.0518518518518518	980	7bfc1563e5cc19a69b3d1cfdc0980158a9305ff310cc27756702691cd9e721da	7191834336171d0fc06aef83faf9491fd12699f75ae11a71d5f0fdc34d1bb269	943f08f888328fb37f11e325e775099c47b6e1d7f1d0145d5e60a9cc665416c0	PASS
R7B1_002780	34	AP003774.1	CD8_NC	PRIMARY_184_TRIGGER_VERIFICATION	675	409de8c68eb1a0c103cd5a50e35f7212ea5f9a0fea9b3638d1b799fba431f434	640	8ef0c689de040f40a1121171e40925e5d7ba7948681a06b2315e455924ec48d0	35	0.0518518518518518	980	496fc0085403c7aacd206cd1a6fb0b3ff2282afb0426a997af893bda4f0c5dcd	71102a91ffa3d42902e0350140ef8d3fcaea4ce71d4217c0b89a3c405369d48a	45cf7eadfa588afc5767008441640c667182b15d64f822928298ae2b2ed1c5e0	PASS
R7B1_002781	34	AP003774.1	CD8_S100B	PRIMARY_184_TRIGGER_VERIFICATION	675	409de8c68eb1a0c103cd5a50e35f7212ea5f9a0fea9b3638d1b799fba431f434	640	8ef0c689de040f40a1121171e40925e5d7ba7948681a06b2315e455924ec48d0	35	0.0518518518518518	959	4c191f0640cd1335ebf482caa0f06031ba15aa6c533c755f91ab027802f4464d	d39771fb5a0b35c8d21cbb1c8833ecda2f5a9d189492dd8ca14cfda3b604b141	d0e73ec998842798681d14618010fd974322178cb899052c2e5754d24fb24f84	PASS
R7B1_002782	34	AP003774.1	DC	PRIMARY_184_TRIGGER_VERIFICATION	675	409de8c68eb1a0c103cd5a50e35f7212ea5f9a0fea9b3638d1b799fba431f434	640	8ef0c689de040f40a1121171e40925e5d7ba7948681a06b2315e455924ec48d0	35	0.0518518518518518	726	c3d412bfafd946ea4c1ac13f3ea2442ab965977ecd92fd50c5e380e3210b852a	c5d55b766a3fb4e5c2f112379ad97f42d536f932e63b8396c4fd0b1d6bfec461	6e7fa2ef027c250d5ba0b6340980ca7c0c49add9a179d2659a7b40dc8ce97a2b	PASS
R7B1_002783	34	AP003774.1	Mono_C	PRIMARY_184_TRIGGER_VERIFICATION	675	409de8c68eb1a0c103cd5a50e35f7212ea5f9a0fea9b3638d1b799fba431f434	640	8ef0c689de040f40a1121171e40925e5d7ba7948681a06b2315e455924ec48d0	35	0.0518518518518518	851	e6bacbe7d2c6cbf9e5f9e3574bf8aa8e3b178020c151f2525068a3882f1d796c	bdf61221044418c27d1bde452759c8d5143d3459f22935be698a9e76d5882e3c	7a284e529efd931296653e97eace4026c5ebe509ddb25dc3cddf430ceca0f178	PASS
R7B1_002785	34	AP003774.1	NK	PRIMARY_184_TRIGGER_VERIFICATION	675	409de8c68eb1a0c103cd5a50e35f7212ea5f9a0fea9b3638d1b799fba431f434	640	8ef0c689de040f40a1121171e40925e5d7ba7948681a06b2315e455924ec48d0	35	0.0518518518518518	980	9e25640e788ac204ed8407f7efc835ec16368ba63f60ed2e7babf0f4c8be6552	480bb4b596ada77882480e97f9303d085c15f17e366bcb8ece20b804a4a5d69f	286e689f047511b8f6ae6c3415aa367fef0a3f415bea218afe2b9a018ed73f54	PASS
R7B1_002786	34	AP003774.1	NK_R	PRIMARY_184_TRIGGER_VERIFICATION	675	409de8c68eb1a0c103cd5a50e35f7212ea5f9a0fea9b3638d1b799fba431f434	640	8ef0c689de040f40a1121171e40925e5d7ba7948681a06b2315e455924ec48d0	35	0.0518518518518518	750	c5d66fcba839dd146f8fa06e7770d18fab1df5cbb5258bf0eb9ae219d2c618fb	99008a3c4cbc42d5bd43d8513c1d9e35b42e85d21d48ee2ad654066ffbd53cab	b9ba5fed03192d81687096888a3fec2a61a4247c4923f88b606623d402de0873	PASS
R7B1_002789	34	AP003774.6	Mono_C	H3_RESCUE_FALSIFICATION	675	409de8c68eb1a0c103cd5a50e35f7212ea5f9a0fea9b3638d1b799fba431f434	640	8ef0c689de040f40a1121171e40925e5d7ba7948681a06b2315e455924ec48d0	35	0.0518518518518518	851	0f33d8539e8ab87a3cc5bbe020a86db63b59e88f7ae2f794a9c2fe09cd6d2cd6	bdf61221044418c27d1bde452759c8d5143d3459f22935be698a9e76d5882e3c	7a284e529efd931296653e97eace4026c5ebe509ddb25dc3cddf430ceca0f178	PASS
R7B1_002804	34	C11orf85	CD4_NC	H3_RESCUE_FALSIFICATION	640	da032f2ee461c43ad95a92c7efeaf071f2e675c70eb54bda0e2ef6d80c39c6d0	605	d0a92db5d0fc4118bcc445357be2f163829a3192519a2d427c4476838964a53e	35	0.0546875	980	cc8a27f13525d17fd707793c79309f5985f79254add01a9c0bd67b2912f3f3ae	b75d70ab078a04399c3b0446e65f730392e8733a642eb0892abe652b7ed03e0e	80ce8b7547a9a0cecbfbb6da47c4a1fc5c36b8b306328d11839815eada4c31d4	PASS
R7B1_002833	34	CCDC88B	B_IN	PRIMARY_184_TRIGGER_VERIFICATION	675	409de8c68eb1a0c103cd5a50e35f7212ea5f9a0fea9b3638d1b799fba431f434	640	8ef0c689de040f40a1121171e40925e5d7ba7948681a06b2315e455924ec48d0	35	0.0518518518518518	975	a0bf81683388f50e840a1585cade37cd759c023b71c7a361964142991aff9404	818c82d38ee01ed9d27f6907a9bcd8a560319b3bb6c0cf4480c8bd66dbd661c3	fcb91b77138a2a3bc81fd43495a284c73786cf73ab105754181e24fb8d61afaa	PASS
R7B1_002836	34	CCDC88B	CD4_NC	PRIMARY_184_TRIGGER_VERIFICATION	675	409de8c68eb1a0c103cd5a50e35f7212ea5f9a0fea9b3638d1b799fba431f434	640	8ef0c689de040f40a1121171e40925e5d7ba7948681a06b2315e455924ec48d0	35	0.0518518518518518	980	3a521e6d2aa4e84aa426621e18081e3a002341a2d1a900b2c79493b7551bdd96	b75d70ab078a04399c3b0446e65f730392e8733a642eb0892abe652b7ed03e0e	80ce8b7547a9a0cecbfbb6da47c4a1fc5c36b8b306328d11839815eada4c31d4	PASS
R7B1_002838	34	CCDC88B	CD8_ET	PRIMARY_184_TRIGGER_VERIFICATION	675	409de8c68eb1a0c103cd5a50e35f7212ea5f9a0fea9b3638d1b799fba431f434	640	8ef0c689de040f40a1121171e40925e5d7ba7948681a06b2315e455924ec48d0	35	0.0518518518518518	980	d9820585f894748e01e41e5a967f17aab0ea0c631d1e7a63af2ac5629e5c106a	7191834336171d0fc06aef83faf9491fd12699f75ae11a71d5f0fdc34d1bb269	943f08f888328fb37f11e325e775099c47b6e1d7f1d0145d5e60a9cc665416c0	PASS
R7B1_002839	34	CCDC88B	CD8_NC	PRIMARY_184_TRIGGER_VERIFICATION	675	409de8c68eb1a0c103cd5a50e35f7212ea5f9a0fea9b3638d1b799fba431f434	640	8ef0c689de040f40a1121171e40925e5d7ba7948681a06b2315e455924ec48d0	35	0.0518518518518518	980	75d55890b847780767998d2ab47c31b96a501f57482689cc06db96baf5fda7b6	71102a91ffa3d42902e0350140ef8d3fcaea4ce71d4217c0b89a3c405369d48a	45cf7eadfa588afc5767008441640c667182b15d64f822928298ae2b2ed1c5e0	PASS
R7B1_002844	34	CCDC88B	NK	PRIMARY_184_TRIGGER_VERIFICATION	675	409de8c68eb1a0c103cd5a50e35f7212ea5f9a0fea9b3638d1b799fba431f434	640	8ef0c689de040f40a1121171e40925e5d7ba7948681a06b2315e455924ec48d0	35	0.0518518518518518	980	f17a0792f8911225f73194c30774aab02bb7f8cb5163b2d917ee6d584d60baf8	480bb4b596ada77882480e97f9303d085c15f17e366bcb8ece20b804a4a5d69f	286e689f047511b8f6ae6c3415aa367fef0a3f415bea218afe2b9a018ed73f54	PASS
R7B1_003012	34	NAA40	NK	H3_RESCUE_FALSIFICATION	675	409de8c68eb1a0c103cd5a50e35f7212ea5f9a0fea9b3638d1b799fba431f434	640	8ef0c689de040f40a1121171e40925e5d7ba7948681a06b2315e455924ec48d0	35	0.0518518518518518	980	18c869652324ccbeaddb02ab8b36edaad2328b029e5705fb9a8ccea3e8bfb177	480bb4b596ada77882480e97f9303d085c15f17e366bcb8ece20b804a4a5d69f	286e689f047511b8f6ae6c3415aa367fef0a3f415bea218afe2b9a018ed73f54	PASS
R7B1_003057	34	PRDX5	B_MEM	PRIMARY_184_TRIGGER_VERIFICATION	675	409de8c68eb1a0c103cd5a50e35f7212ea5f9a0fea9b3638d1b799fba431f434	640	8ef0c689de040f40a1121171e40925e5d7ba7948681a06b2315e455924ec48d0	35	0.0518518518518518	970	ada36e91833edb081737d0e636e5d2e1eae47491af32018469a9fdd64b842055	5cf6389de37e06b82d110938d28b9cc7cc843dc2f4559fda711ee861b10f74ce	26ae041c91954333007c04c0820314025c2c125ef5057dada9ad74b965d0192d	PASS
R7B1_003058	34	PRDX5	CD4_ET	PRIMARY_184_TRIGGER_VERIFICATION	675	409de8c68eb1a0c103cd5a50e35f7212ea5f9a0fea9b3638d1b799fba431f434	640	8ef0c689de040f40a1121171e40925e5d7ba7948681a06b2315e455924ec48d0	35	0.0518518518518518	980	c9bb56a400ca145899b9a494bf7e6dda09b1c0959cdf66e5cedfa39e90caf892	719909ff93728bdf6340f29f2d8722cfcdd4bb6ad55e0bac43cdccb82dcb54f7	8c6344417410c85651bea0780d1176de32cd6f48338b4b7f102a0ec221f566ba	PASS
R7B1_003059	34	PRDX5	CD4_NC	H3_RESCUE_FALSIFICATION	675	409de8c68eb1a0c103cd5a50e35f7212ea5f9a0fea9b3638d1b799fba431f434	640	8ef0c689de040f40a1121171e40925e5d7ba7948681a06b2315e455924ec48d0	35	0.0518518518518518	980	bbacff26839b13c94fa33c1934312ddd7cef09d416484bdb1fb2f98e8531fdd6	b75d70ab078a04399c3b0446e65f730392e8733a642eb0892abe652b7ed03e0e	80ce8b7547a9a0cecbfbb6da47c4a1fc5c36b8b306328d11839815eada4c31d4	PASS
R7B1_003061	34	PRDX5	CD8_ET	H3_RESCUE_FALSIFICATION	675	409de8c68eb1a0c103cd5a50e35f7212ea5f9a0fea9b3638d1b799fba431f434	640	8ef0c689de040f40a1121171e40925e5d7ba7948681a06b2315e455924ec48d0	35	0.0518518518518518	980	ffe1ef3e6ad869cdd35b0982566d4652b11278fc0c2bc8c9b85b379378aa559e	7191834336171d0fc06aef83faf9491fd12699f75ae11a71d5f0fdc34d1bb269	943f08f888328fb37f11e325e775099c47b6e1d7f1d0145d5e60a9cc665416c0	PASS
R7B1_003067	34	PRDX5	NK	H3_RESCUE_FALSIFICATION	675	409de8c68eb1a0c103cd5a50e35f7212ea5f9a0fea9b3638d1b799fba431f434	640	8ef0c689de040f40a1121171e40925e5d7ba7948681a06b2315e455924ec48d0	35	0.0518518518518518	980	6cdb72dab5cf76d050c4e26d3527de2acd846fb3e452308c28ac9023a9592e6b	480bb4b596ada77882480e97f9303d085c15f17e366bcb8ece20b804a4a5d69f	286e689f047511b8f6ae6c3415aa367fef0a3f415bea218afe2b9a018ed73f54	PASS
R7B1_003105	34	SF1	B_IN	H3_RESCUE_FALSIFICATION	675	409de8c68eb1a0c103cd5a50e35f7212ea5f9a0fea9b3638d1b799fba431f434	640	8ef0c689de040f40a1121171e40925e5d7ba7948681a06b2315e455924ec48d0	35	0.0518518518518518	975	ab3095610e314e1ab08abc337ae4f2fbaf165c4a25fe2b5ece28371492f4aac8	818c82d38ee01ed9d27f6907a9bcd8a560319b3bb6c0cf4480c8bd66dbd661c3	fcb91b77138a2a3bc81fd43495a284c73786cf73ab105754181e24fb8d61afaa	PASS
R7B1_003106	34	SF1	B_MEM	H3_RESCUE_FALSIFICATION	675	409de8c68eb1a0c103cd5a50e35f7212ea5f9a0fea9b3638d1b799fba431f434	640	8ef0c689de040f40a1121171e40925e5d7ba7948681a06b2315e455924ec48d0	35	0.0518518518518518	970	2739084fa5f0f8da7b7b6e98adc7452f4e71e02bc6b891fd13ee3f9be73bd868	5cf6389de37e06b82d110938d28b9cc7cc843dc2f4559fda711ee861b10f74ce	26ae041c91954333007c04c0820314025c2c125ef5057dada9ad74b965d0192d	PASS
R7B1_003107	34	SF1	CD4_ET	H3_RESCUE_FALSIFICATION	675	409de8c68eb1a0c103cd5a50e35f7212ea5f9a0fea9b3638d1b799fba431f434	640	8ef0c689de040f40a1121171e40925e5d7ba7948681a06b2315e455924ec48d0	35	0.0518518518518518	980	cf61ee821d71e45ca955db56aacc8421e470023162a366e406f532e1ba71a917	719909ff93728bdf6340f29f2d8722cfcdd4bb6ad55e0bac43cdccb82dcb54f7	8c6344417410c85651bea0780d1176de32cd6f48338b4b7f102a0ec221f566ba	PASS
R7B1_003108	34	SF1	CD4_NC	H3_RESCUE_FALSIFICATION	675	409de8c68eb1a0c103cd5a50e35f7212ea5f9a0fea9b3638d1b799fba431f434	640	8ef0c689de040f40a1121171e40925e5d7ba7948681a06b2315e455924ec48d0	35	0.0518518518518518	980	c76ebeae9159259ac55ddd014bfd2ea01298d05537a7d444dd375dc63f1dc9c6	b75d70ab078a04399c3b0446e65f730392e8733a642eb0892abe652b7ed03e0e	80ce8b7547a9a0cecbfbb6da47c4a1fc5c36b8b306328d11839815eada4c31d4	PASS
R7B1_003110	34	SF1	CD8_ET	H3_RESCUE_FALSIFICATION	675	409de8c68eb1a0c103cd5a50e35f7212ea5f9a0fea9b3638d1b799fba431f434	640	8ef0c689de040f40a1121171e40925e5d7ba7948681a06b2315e455924ec48d0	35	0.0518518518518518	980	37bc995c83ea84c9063ebd1a5d876ab106106490883b110805f8347d49cf71fd	7191834336171d0fc06aef83faf9491fd12699f75ae11a71d5f0fdc34d1bb269	943f08f888328fb37f11e325e775099c47b6e1d7f1d0145d5e60a9cc665416c0	PASS
R7B1_003111	34	SF1	CD8_NC	H3_RESCUE_FALSIFICATION	675	409de8c68eb1a0c103cd5a50e35f7212ea5f9a0fea9b3638d1b799fba431f434	640	8ef0c689de040f40a1121171e40925e5d7ba7948681a06b2315e455924ec48d0	35	0.0518518518518518	980	f2937a73180604f3dc3e94b1d2895b1da3a3e3eaef2947184999b075348bc2e8	71102a91ffa3d42902e0350140ef8d3fcaea4ce71d4217c0b89a3c405369d48a	45cf7eadfa588afc5767008441640c667182b15d64f822928298ae2b2ed1c5e0	PASS
R7B1_003112	34	SF1	CD8_S100B	H3_RESCUE_FALSIFICATION	675	409de8c68eb1a0c103cd5a50e35f7212ea5f9a0fea9b3638d1b799fba431f434	640	8ef0c689de040f40a1121171e40925e5d7ba7948681a06b2315e455924ec48d0	35	0.0518518518518518	959	34f15f7cbd32a9e8cc3193dd5d20a232a453c4ef57e8c18ddad4a5e1d545b8a4	d39771fb5a0b35c8d21cbb1c8833ecda2f5a9d189492dd8ca14cfda3b604b141	d0e73ec998842798681d14618010fd974322178cb899052c2e5754d24fb24f84	PASS
R7B1_003116	34	SF1	NK	H3_RESCUE_FALSIFICATION	675	409de8c68eb1a0c103cd5a50e35f7212ea5f9a0fea9b3638d1b799fba431f434	640	8ef0c689de040f40a1121171e40925e5d7ba7948681a06b2315e455924ec48d0	35	0.0518518518518518	980	b9f1aca5a410e18cb9f52880890809228958f58ff5733be5f07c31051744e8ae	480bb4b596ada77882480e97f9303d085c15f17e366bcb8ece20b804a4a5d69f	286e689f047511b8f6ae6c3415aa367fef0a3f415bea218afe2b9a018ed73f54	PASS
R7B1_003117	34	SF1	NK_R	H3_RESCUE_FALSIFICATION	675	409de8c68eb1a0c103cd5a50e35f7212ea5f9a0fea9b3638d1b799fba431f434	640	8ef0c689de040f40a1121171e40925e5d7ba7948681a06b2315e455924ec48d0	35	0.0518518518518518	750	dd5cfe0ba43ac1a4ebd6ca0be0d93e7c51ca908133c54d9ea4ea62c9f22025b2	99008a3c4cbc42d5bd43d8513c1d9e35b42e85d21d48ee2ad654066ffbd53cab	b9ba5fed03192d81687096888a3fec2a61a4247c4923f88b606623d402de0873	PASS
R7B1_003175	34	TRMT112	B_IN	H3_RESCUE_FALSIFICATION	675	409de8c68eb1a0c103cd5a50e35f7212ea5f9a0fea9b3638d1b799fba431f434	640	8ef0c689de040f40a1121171e40925e5d7ba7948681a06b2315e455924ec48d0	35	0.0518518518518518	975	1a10ce0456fd8dd87ea37818804dc7656431224006f9173b789760a351e4a24e	818c82d38ee01ed9d27f6907a9bcd8a560319b3bb6c0cf4480c8bd66dbd661c3	fcb91b77138a2a3bc81fd43495a284c73786cf73ab105754181e24fb8d61afaa	PASS
R7B1_003176	34	TRMT112	B_MEM	H3_RESCUE_FALSIFICATION	675	409de8c68eb1a0c103cd5a50e35f7212ea5f9a0fea9b3638d1b799fba431f434	640	8ef0c689de040f40a1121171e40925e5d7ba7948681a06b2315e455924ec48d0	35	0.0518518518518518	970	464b2ce33f4a90c1b5e4a0bc8b2c3ddf2ffa10079d1a055a1d0e85f99a0a1976	5cf6389de37e06b82d110938d28b9cc7cc843dc2f4559fda711ee861b10f74ce	26ae041c91954333007c04c0820314025c2c125ef5057dada9ad74b965d0192d	PASS
R7B1_003177	34	TRMT112	CD4_ET	H3_RESCUE_FALSIFICATION	675	409de8c68eb1a0c103cd5a50e35f7212ea5f9a0fea9b3638d1b799fba431f434	640	8ef0c689de040f40a1121171e40925e5d7ba7948681a06b2315e455924ec48d0	35	0.0518518518518518	980	4b852b2c90651d5210480a96fa580c75f721a3fdb1afaeef4678caebab4616ac	719909ff93728bdf6340f29f2d8722cfcdd4bb6ad55e0bac43cdccb82dcb54f7	8c6344417410c85651bea0780d1176de32cd6f48338b4b7f102a0ec221f566ba	PASS
R7B1_003178	34	TRMT112	CD4_NC	H3_RESCUE_FALSIFICATION	675	409de8c68eb1a0c103cd5a50e35f7212ea5f9a0fea9b3638d1b799fba431f434	640	8ef0c689de040f40a1121171e40925e5d7ba7948681a06b2315e455924ec48d0	35	0.0518518518518518	980	9f9ef8031dff079aaada6c52d9eecd0f2ea47abf0ec615333c9c2cef12913fd9	b75d70ab078a04399c3b0446e65f730392e8733a642eb0892abe652b7ed03e0e	80ce8b7547a9a0cecbfbb6da47c4a1fc5c36b8b306328d11839815eada4c31d4	PASS
R7B1_003180	34	TRMT112	CD8_ET	H3_RESCUE_FALSIFICATION	675	409de8c68eb1a0c103cd5a50e35f7212ea5f9a0fea9b3638d1b799fba431f434	640	8ef0c689de040f40a1121171e40925e5d7ba7948681a06b2315e455924ec48d0	35	0.0518518518518518	980	16acc70476e5e91e5dd17d48de0a5b5560abc03a7ffe739e6dc085f67fc9a6ad	7191834336171d0fc06aef83faf9491fd12699f75ae11a71d5f0fdc34d1bb269	943f08f888328fb37f11e325e775099c47b6e1d7f1d0145d5e60a9cc665416c0	PASS
R7B1_003181	34	TRMT112	CD8_NC	H3_RESCUE_FALSIFICATION	675	409de8c68eb1a0c103cd5a50e35f7212ea5f9a0fea9b3638d1b799fba431f434	640	8ef0c689de040f40a1121171e40925e5d7ba7948681a06b2315e455924ec48d0	35	0.0518518518518518	980	706203b8346f89dbbb0ca0c80c202f38da3d6402dfb5a3789491e1f4a4881a50	71102a91ffa3d42902e0350140ef8d3fcaea4ce71d4217c0b89a3c405369d48a	45cf7eadfa588afc5767008441640c667182b15d64f822928298ae2b2ed1c5e0	PASS
R7B1_003182	34	TRMT112	CD8_S100B	H3_RESCUE_FALSIFICATION	675	409de8c68eb1a0c103cd5a50e35f7212ea5f9a0fea9b3638d1b799fba431f434	640	8ef0c689de040f40a1121171e40925e5d7ba7948681a06b2315e455924ec48d0	35	0.0518518518518518	959	e612d93e8a807a690bad6445d39b80216f698770676ace9d217af1334a9b8e74	d39771fb5a0b35c8d21cbb1c8833ecda2f5a9d189492dd8ca14cfda3b604b141	d0e73ec998842798681d14618010fd974322178cb899052c2e5754d24fb24f84	PASS
R7B1_003185	34	TRMT112	Mono_NC	H3_RESCUE_FALSIFICATION	675	409de8c68eb1a0c103cd5a50e35f7212ea5f9a0fea9b3638d1b799fba431f434	640	8ef0c689de040f40a1121171e40925e5d7ba7948681a06b2315e455924ec48d0	35	0.0518518518518518	690	da4a974e9fcf75809872c914465270333b61d5a299c8382ac9cd1ac58e7fde78	69dbf4c8fe99dc136bd2addacdbaeceb3195e3c83c834962c46f05aaa599470a	e1262075765af16ce4a23480ffc665f6d84f83f85b53e78763a596f47260a625	PASS
R7B1_003186	34	TRMT112	NK	H3_RESCUE_FALSIFICATION	675	409de8c68eb1a0c103cd5a50e35f7212ea5f9a0fea9b3638d1b799fba431f434	640	8ef0c689de040f40a1121171e40925e5d7ba7948681a06b2315e455924ec48d0	35	0.0518518518518518	980	1ea1d95d02ae74aa850be2151785435fa108c20d9ab236f0088316453d36d6b3	480bb4b596ada77882480e97f9303d085c15f17e366bcb8ece20b804a4a5d69f	286e689f047511b8f6ae6c3415aa367fef0a3f415bea218afe2b9a018ed73f54	PASS
R7B1_003219	35	COLCA2	B_IN	PRIMARY_184_TRIGGER_VERIFICATION	988	5136b246f7bb673aa31c1f340a4a925499604cd7f46c4210bc51581bcb1447e9	919	55e2edfafbc219bb0eb6113c464eafe9740463718fc3ba133a1ecf3d170d05a1	69	0.0698380566801619	975	bd735c23d851426fcad014f4e7567ca128ec03ec4189509ecc8215cd61dfdf15	24368aa5bd60b09e46ee48d9dca80b8e3949d57e76f26e492d7e289c9ff85b02	7f7607270fdbfbe3b074537d390cfcdb0f0ac11722324dbbebf69c8850f30017	PASS
R7B1_003220	35	COLCA2	B_MEM	H3_RESCUE_FALSIFICATION	988	5136b246f7bb673aa31c1f340a4a925499604cd7f46c4210bc51581bcb1447e9	919	55e2edfafbc219bb0eb6113c464eafe9740463718fc3ba133a1ecf3d170d05a1	69	0.0698380566801619	970	e5dac53b617f3b5a3e4bbb3ba2425caf9b0bbe49004c277f1b5e276af326b741	53d96db19f518c8fb321c0776d72cdd1af81799b2acbe7a35ffa42e77a8072a3	c7cabed73bebba09c8832c7479cb977007d765318f33eeb41b2e66d7f69eaf40	PASS
R7B1_003222	35	DIXDC1	CD4_NC	H3_RESCUE_FALSIFICATION	729	089bec04d92e7bd9f43de5efb42e728f9e25bf2d04963de79bbc8ee9a844f6db	686	4053f05b00020398eb4bc6129aa74239ca000f281a3d091c1ef8a3495661acfb	43	0.0589849108367626	980	62c5b2b87a24c66e0f3e7a0772a0ace1db9eef901587854858c955a8f4966800	27d850433bd0c9c2cbdb12fde9ce8bdcd67adc7e62da8393fd2788c17ebaf95a	2d0c9ee29825b4e8552f86d25c675771a4a5d9fea89064ecc2b4763bc38edc48	PASS
R7B1_003224	35	DIXDC1	CD8_NC	H3_RESCUE_FALSIFICATION	729	089bec04d92e7bd9f43de5efb42e728f9e25bf2d04963de79bbc8ee9a844f6db	686	4053f05b00020398eb4bc6129aa74239ca000f281a3d091c1ef8a3495661acfb	43	0.0589849108367626	980	0a03819adef900c25b95f6141922096800bac7a0325c6545393414e3d8a13695	6b9bc77e1d53f941453953445da5ed3b6acffc26aa367e477be74c871b93bffa	69b6a425f5780fcbe3794c2ee604719ff2d10172b01b1b8d62265da7f821f5e5	PASS
R7B1_003255	36	AMICA1	CD4_NC	H3_RESCUE_FALSIFICATION	707	3c3bc36de73408616bc96f31f0ed0443317f1e9d70b456b3fc0177d737972596	634	2dc18cd38c08a339fc32adf486d065a07f81b7523635c3375d91e9804f4c4014	73	0.1032531824611032	980	7b6d256648aeca371420573ab50a691cdb8162f2b58703298032812b81969db3	47bd5f1a83046f0f425919880e35dce87bd9d6bc9eb5323daaf131426dd672ac	6ff852c98fe7e5734c70fcbd9c4eb1d64086c37070e38e75208b842332335a85	PASS
R7B1_003258	36	AMICA1	CD8_NC	H3_RESCUE_FALSIFICATION	707	3c3bc36de73408616bc96f31f0ed0443317f1e9d70b456b3fc0177d737972596	634	2dc18cd38c08a339fc32adf486d065a07f81b7523635c3375d91e9804f4c4014	73	0.1032531824611032	980	4483431227c55c258f951330fa690129e62a233768bfb81aeb7f73a933c6669b	a24dd0b5aa4e6236194c1cea6ddc319e144206606284eb0238b2ed8832a67a71	5c8f151b1de3e59dbdd0d1250aa3280d625e290f60493d146974b312a0401a36	PASS
R7B1_003263	36	AMICA1	NK	H3_RESCUE_FALSIFICATION	707	3c3bc36de73408616bc96f31f0ed0443317f1e9d70b456b3fc0177d737972596	634	2dc18cd38c08a339fc32adf486d065a07f81b7523635c3375d91e9804f4c4014	73	0.1032531824611032	980	7c46f1af596e26168867dad9fd75ff1d044ec17320fdcb9c82d22ad40f01b34d	5ae228d7c33d052288c1019019c8537c6f3909d596553f4e4fd085ba9675ef7e	3b73690a56ee69d07a23dc551ec6c2a74a79b4fba6b6d36d6be1425a9bf99470	PASS
R7B1_003283	36	CD3D	CD4_NC	H3_RESCUE_FALSIFICATION	740	579de96708cd419526badd5683e447175e1081d3e6a4fee22f7ae1b2418c7e02	665	2eae14b4d8f2842f923f0429a66e93bc5aeaaa617e3c5cc656c5ae1610954bed	75	0.1013513513513513	980	3e95011743da3f7a62ad4370522efc19f3528a7fcdc4d217682526bcad5cbf66	47bd5f1a83046f0f425919880e35dce87bd9d6bc9eb5323daaf131426dd672ac	6ff852c98fe7e5734c70fcbd9c4eb1d64086c37070e38e75208b842332335a85	PASS
R7B1_003286	36	CD3D	CD8_NC	H3_RESCUE_FALSIFICATION	740	579de96708cd419526badd5683e447175e1081d3e6a4fee22f7ae1b2418c7e02	665	2eae14b4d8f2842f923f0429a66e93bc5aeaaa617e3c5cc656c5ae1610954bed	75	0.1013513513513513	980	394a2219b171d9f30b0ec4732e78f3d62aa032e2f837ecb7254e072016d16abf	a24dd0b5aa4e6236194c1cea6ddc319e144206606284eb0238b2ed8832a67a71	5c8f151b1de3e59dbdd0d1250aa3280d625e290f60493d146974b312a0401a36	PASS
R7B1_003297	36	CD3E	CD4_NC	H3_RESCUE_FALSIFICATION	735	10c2e07350a61c4a9b275b378dc186418559aac95c349b1590b7274ca5225fa4	660	8d90587624f95b21f3226179f647f9e0f796b55ae336f62b67b4e402480f4af9	75	0.1020408163265306	980	9a111a695ca666d9bf0b597328adbbf7f96164fcee458027a14587e7391b5a25	47bd5f1a83046f0f425919880e35dce87bd9d6bc9eb5323daaf131426dd672ac	6ff852c98fe7e5734c70fcbd9c4eb1d64086c37070e38e75208b842332335a85	PASS
R7B1_003299	36	CD3E	CD8_ET	H3_RESCUE_FALSIFICATION	735	10c2e07350a61c4a9b275b378dc186418559aac95c349b1590b7274ca5225fa4	660	8d90587624f95b21f3226179f647f9e0f796b55ae336f62b67b4e402480f4af9	75	0.1020408163265306	980	e68e9981cd046e87bef070ea902b8abf09d868bd974521c583d8f42eb9e60752	e74cecc5126afb52f52b0884f06ec88cae8a54a55e370404963a5faa989bdbf8	f7512c5aed5007ba44c66c10e7a1fb558d020cf837f32c93bd4cd9bfe725636a	PASS
R7B1_003300	36	CD3E	CD8_NC	H3_RESCUE_FALSIFICATION	735	10c2e07350a61c4a9b275b378dc186418559aac95c349b1590b7274ca5225fa4	660	8d90587624f95b21f3226179f647f9e0f796b55ae336f62b67b4e402480f4af9	75	0.1020408163265306	980	d6ae233d32aac62e19bef6969e9879096e5357f6b4311fa0ef666103ce01e354	a24dd0b5aa4e6236194c1cea6ddc319e144206606284eb0238b2ed8832a67a71	5c8f151b1de3e59dbdd0d1250aa3280d625e290f60493d146974b312a0401a36	PASS
R7B1_003305	36	CD3E	NK	H3_RESCUE_FALSIFICATION	735	10c2e07350a61c4a9b275b378dc186418559aac95c349b1590b7274ca5225fa4	660	8d90587624f95b21f3226179f647f9e0f796b55ae336f62b67b4e402480f4af9	75	0.1020408163265306	980	e7856b9d737940e58acb36c028c2cd49cfa7e23a72fe5c7001241aaa4ff5fb55	5ae228d7c33d052288c1019019c8537c6f3909d596553f4e4fd085ba9675ef7e	3b73690a56ee69d07a23dc551ec6c2a74a79b4fba6b6d36d6be1425a9bf99470	PASS
R7B1_003306	36	CD3E	NK_R	H3_RESCUE_FALSIFICATION	735	10c2e07350a61c4a9b275b378dc186418559aac95c349b1590b7274ca5225fa4	660	8d90587624f95b21f3226179f647f9e0f796b55ae336f62b67b4e402480f4af9	75	0.1020408163265306	750	5e93ea3dc884bc8d8cfcb4644bebddfe6bd587eae6464a1c6d108eb299e441bd	b8fd6268c7d2da5b359d843bf4eac05fcf36f8fe6700960f995f25dd38be0ecb	3daf3e59f8a7bfd69ad9b2c37fddbee46da35f14b8a7ccc19977a8017759f5ee	PASS
R7B1_003322	36	DDX6	B_IN	PRIMARY_184_TRIGGER_VERIFICATION	782	5ca0f92977ce771a90bedfc3a563267b5a7f55a15fb063e7b0de6c76d3e6e7e9	702	3ebc72a6bd7fbaa8bcd13374fedbdfbc3e164d2023b765feb877598104c82553	80	0.1023017902813299	975	15bb8230b62451f775161bbc3720b5d0a77b971e00bf56b3fc2a9c59bff19914	6974cfbd3c2498e65650d7200284d41c3d57f9a8fbd46b09294ea7dc3a48ba6e	e3158776e4a8d8ed698be246927eec1e99caa578f178a8fcf1452bfa659ca4c0	PASS
R7B1_003323	36	DDX6	B_MEM	PRIMARY_184_TRIGGER_VERIFICATION	782	5ca0f92977ce771a90bedfc3a563267b5a7f55a15fb063e7b0de6c76d3e6e7e9	702	3ebc72a6bd7fbaa8bcd13374fedbdfbc3e164d2023b765feb877598104c82553	80	0.1023017902813299	970	9f6c946ec8a46c23d345acb33030881c4d26fc9af6389aea55395b40a9c433a8	2b26078ee1fb8ea5c21ccbac5d4b09b148f2303f4f0df9884f33f8ac95e61279	df50de7a92ee01b7b6171ac2e999c57b320635f2c339319c212a32a9cc1dff75	PASS
R7B1_003325	36	DDX6	CD4_NC	PRIMARY_184_TRIGGER_VERIFICATION	782	5ca0f92977ce771a90bedfc3a563267b5a7f55a15fb063e7b0de6c76d3e6e7e9	702	3ebc72a6bd7fbaa8bcd13374fedbdfbc3e164d2023b765feb877598104c82553	80	0.1023017902813299	980	f76c6e3bde4383f7e2b3672ef484b22e4d33c2edb47fb6c11af3dd669a0695b6	47bd5f1a83046f0f425919880e35dce87bd9d6bc9eb5323daaf131426dd672ac	6ff852c98fe7e5734c70fcbd9c4eb1d64086c37070e38e75208b842332335a85	PASS
R7B1_003327	36	DDX6	CD8_ET	PRIMARY_184_TRIGGER_VERIFICATION	782	5ca0f92977ce771a90bedfc3a563267b5a7f55a15fb063e7b0de6c76d3e6e7e9	702	3ebc72a6bd7fbaa8bcd13374fedbdfbc3e164d2023b765feb877598104c82553	80	0.1023017902813299	980	aa3aaba36062c127718ec80962ea98a052f4babe487fc9cd7ce269bb94669f3b	e74cecc5126afb52f52b0884f06ec88cae8a54a55e370404963a5faa989bdbf8	f7512c5aed5007ba44c66c10e7a1fb558d020cf837f32c93bd4cd9bfe725636a	PASS
R7B1_003328	36	DDX6	CD8_NC	PRIMARY_184_TRIGGER_VERIFICATION	782	5ca0f92977ce771a90bedfc3a563267b5a7f55a15fb063e7b0de6c76d3e6e7e9	702	3ebc72a6bd7fbaa8bcd13374fedbdfbc3e164d2023b765feb877598104c82553	80	0.1023017902813299	980	42fabaeae7a587f8437aeb5dd553fce0e8741a2fd8d2eae8685871175595d609	a24dd0b5aa4e6236194c1cea6ddc319e144206606284eb0238b2ed8832a67a71	5c8f151b1de3e59dbdd0d1250aa3280d625e290f60493d146974b312a0401a36	PASS
R7B1_003333	36	DDX6	NK	H3_RESCUE_FALSIFICATION	782	5ca0f92977ce771a90bedfc3a563267b5a7f55a15fb063e7b0de6c76d3e6e7e9	702	3ebc72a6bd7fbaa8bcd13374fedbdfbc3e164d2023b765feb877598104c82553	80	0.1023017902813299	980	4f88b8a9802eb10c222de07dd2c3dccb27ea670af83fad62e55945250568217e	5ae228d7c33d052288c1019019c8537c6f3909d596553f4e4fd085ba9675ef7e	3b73690a56ee69d07a23dc551ec6c2a74a79b4fba6b6d36d6be1425a9bf99470	PASS
R7B1_003351	36	HMBS	CD4_NC	H3_RESCUE_FALSIFICATION	782	5ca0f92977ce771a90bedfc3a563267b5a7f55a15fb063e7b0de6c76d3e6e7e9	702	3ebc72a6bd7fbaa8bcd13374fedbdfbc3e164d2023b765feb877598104c82553	80	0.1023017902813299	980	c4429ae574ad0578b284dd78e453481ef425714823c63ad4c9d98a8acdb724e6	47bd5f1a83046f0f425919880e35dce87bd9d6bc9eb5323daaf131426dd672ac	6ff852c98fe7e5734c70fcbd9c4eb1d64086c37070e38e75208b842332335a85	PASS
R7B1_003362	36	MPZL2	CD4_NC	H3_RESCUE_FALSIFICATION	719	d7ce10a0dae6c2d9291cbb2d073c98f2f15c608d6e1994731bd4b051a737cf8a	646	640280f31f7fee7fbf169d363277601cbc4294c404d28943a6fdad1ead45be1f	73	0.1015299026425591	980	f37bc4c6a095ee6d86221caac10ded9b6598020e595c895b0e716854a15987f0	47bd5f1a83046f0f425919880e35dce87bd9d6bc9eb5323daaf131426dd672ac	6ff852c98fe7e5734c70fcbd9c4eb1d64086c37070e38e75208b842332335a85	PASS
R7B1_003368	36	MPZL3	CD4_ET	H3_RESCUE_FALSIFICATION	712	8d2d4f2691d13601e282488da5d0e27dd600d0bf9c3b1148db8a54390591b88c	639	87fd334b6d755fcd78fc04d7d8c95772380fced6d8d8ae92cea49d2fc380317a	73	0.1025280898876404	980	c8d416f860495b6e6df24c67fc86c233d807c15798490bec2e1685a977fa4292	e81c96719af867bc96e81c837b7bb446173275f8e4fcb65e85954fc166496c5c	fd17bb13535fd62f4deeaa8f011bd03d274b3a64d2f1e3204114a9966282f455	PASS
R7B1_003369	36	MPZL3	CD4_NC	H3_RESCUE_FALSIFICATION	712	8d2d4f2691d13601e282488da5d0e27dd600d0bf9c3b1148db8a54390591b88c	639	87fd334b6d755fcd78fc04d7d8c95772380fced6d8d8ae92cea49d2fc380317a	73	0.1025280898876404	980	bb3799a0a6355d30d1ded1ba6dbb854b21a5d4eaf6e28c9dbc26e742c0818598	47bd5f1a83046f0f425919880e35dce87bd9d6bc9eb5323daaf131426dd672ac	6ff852c98fe7e5734c70fcbd9c4eb1d64086c37070e38e75208b842332335a85	PASS
R7B1_003372	36	MPZL3	CD8_NC	H3_RESCUE_FALSIFICATION	712	8d2d4f2691d13601e282488da5d0e27dd600d0bf9c3b1148db8a54390591b88c	639	87fd334b6d755fcd78fc04d7d8c95772380fced6d8d8ae92cea49d2fc380317a	73	0.1025280898876404	980	b54983e8e4b4bd10e77095766ebdc13b068941c474532cc88bfa3270448579c2	a24dd0b5aa4e6236194c1cea6ddc319e144206606284eb0238b2ed8832a67a71	5c8f151b1de3e59dbdd0d1250aa3280d625e290f60493d146974b312a0401a36	PASS
R7B1_003373	36	MPZL3	CD8_S100B	H3_RESCUE_FALSIFICATION	712	8d2d4f2691d13601e282488da5d0e27dd600d0bf9c3b1148db8a54390591b88c	639	87fd334b6d755fcd78fc04d7d8c95772380fced6d8d8ae92cea49d2fc380317a	73	0.1025280898876404	959	a810967a798c790f076cb0223fd7881cebf6c83ca6c6b3068d9813f895fa3d15	47268abea45c376bc1544a9ac239a1bc7d5a455dddca853a993482c9fd1e87a9	c89d47bf9edf46d5c4a8e72ea9ceaeccaa7d214dc7a07e63ff0c9550c4be885f	PASS
R7B1_003382	36	RP11-110I1.11	CD4_NC	H3_RESCUE_FALSIFICATION	782	5ca0f92977ce771a90bedfc3a563267b5a7f55a15fb063e7b0de6c76d3e6e7e9	702	3ebc72a6bd7fbaa8bcd13374fedbdfbc3e164d2023b765feb877598104c82553	80	0.1023017902813299	980	ee119b1085ee837d7d992787b590498a5c3fd48854a3ead0ee8441aea0859ad6	47bd5f1a83046f0f425919880e35dce87bd9d6bc9eb5323daaf131426dd672ac	6ff852c98fe7e5734c70fcbd9c4eb1d64086c37070e38e75208b842332335a85	PASS
R7B1_003390	36	RPS25	B_IN	H3_RESCUE_FALSIFICATION	782	5ca0f92977ce771a90bedfc3a563267b5a7f55a15fb063e7b0de6c76d3e6e7e9	702	3ebc72a6bd7fbaa8bcd13374fedbdfbc3e164d2023b765feb877598104c82553	80	0.1023017902813299	975	4056494b0c1b33af67881629d6ad9857ecd859e72480c85a529b1ccfaab917be	6974cfbd3c2498e65650d7200284d41c3d57f9a8fbd46b09294ea7dc3a48ba6e	e3158776e4a8d8ed698be246927eec1e99caa578f178a8fcf1452bfa659ca4c0	PASS
R7B1_003391	36	RPS25	B_MEM	H3_RESCUE_FALSIFICATION	782	5ca0f92977ce771a90bedfc3a563267b5a7f55a15fb063e7b0de6c76d3e6e7e9	702	3ebc72a6bd7fbaa8bcd13374fedbdfbc3e164d2023b765feb877598104c82553	80	0.1023017902813299	970	429f210d6b9c5b7443f23a3f4ed16a9138703142d1ca92bea0f4dbbc809996d2	2b26078ee1fb8ea5c21ccbac5d4b09b148f2303f4f0df9884f33f8ac95e61279	df50de7a92ee01b7b6171ac2e999c57b320635f2c339319c212a32a9cc1dff75	PASS
R7B1_003392	36	RPS25	CD4_ET	H3_RESCUE_FALSIFICATION	782	5ca0f92977ce771a90bedfc3a563267b5a7f55a15fb063e7b0de6c76d3e6e7e9	702	3ebc72a6bd7fbaa8bcd13374fedbdfbc3e164d2023b765feb877598104c82553	80	0.1023017902813299	980	e3764987379de24e97a1bc969bf4b7f52ab8d75d11270c5d44a29bbe165d9ea4	e81c96719af867bc96e81c837b7bb446173275f8e4fcb65e85954fc166496c5c	fd17bb13535fd62f4deeaa8f011bd03d274b3a64d2f1e3204114a9966282f455	PASS
R7B1_003393	36	RPS25	CD4_NC	H3_RESCUE_FALSIFICATION	782	5ca0f92977ce771a90bedfc3a563267b5a7f55a15fb063e7b0de6c76d3e6e7e9	702	3ebc72a6bd7fbaa8bcd13374fedbdfbc3e164d2023b765feb877598104c82553	80	0.1023017902813299	980	09f0d77b68e667ed1f0f10e42ffb30b61a898d6350904583a53c201e7f5225e3	47bd5f1a83046f0f425919880e35dce87bd9d6bc9eb5323daaf131426dd672ac	6ff852c98fe7e5734c70fcbd9c4eb1d64086c37070e38e75208b842332335a85	PASS
R7B1_003395	36	RPS25	CD8_ET	H3_RESCUE_FALSIFICATION	782	5ca0f92977ce771a90bedfc3a563267b5a7f55a15fb063e7b0de6c76d3e6e7e9	702	3ebc72a6bd7fbaa8bcd13374fedbdfbc3e164d2023b765feb877598104c82553	80	0.1023017902813299	980	25841982cb1f7a042f951031dbe99d93203de7f9f2e959eb2b4082279c8beef7	e74cecc5126afb52f52b0884f06ec88cae8a54a55e370404963a5faa989bdbf8	f7512c5aed5007ba44c66c10e7a1fb558d020cf837f32c93bd4cd9bfe725636a	PASS
R7B1_003396	36	RPS25	CD8_NC	H3_RESCUE_FALSIFICATION	782	5ca0f92977ce771a90bedfc3a563267b5a7f55a15fb063e7b0de6c76d3e6e7e9	702	3ebc72a6bd7fbaa8bcd13374fedbdfbc3e164d2023b765feb877598104c82553	80	0.1023017902813299	980	180adf147bb38f66c111cb18c55e9bd63e2a531ffc2d397fc754ed61854fa22a	a24dd0b5aa4e6236194c1cea6ddc319e144206606284eb0238b2ed8832a67a71	5c8f151b1de3e59dbdd0d1250aa3280d625e290f60493d146974b312a0401a36	PASS
R7B1_003397	36	RPS25	CD8_S100B	H3_RESCUE_FALSIFICATION	782	5ca0f92977ce771a90bedfc3a563267b5a7f55a15fb063e7b0de6c76d3e6e7e9	702	3ebc72a6bd7fbaa8bcd13374fedbdfbc3e164d2023b765feb877598104c82553	80	0.1023017902813299	959	c8044400e7f88ab66b06ad5d570439f170286ca2f48db11244cee841d06709f2	47268abea45c376bc1544a9ac239a1bc7d5a455dddca853a993482c9fd1e87a9	c89d47bf9edf46d5c4a8e72ea9ceaeccaa7d214dc7a07e63ff0c9550c4be885f	PASS
R7B1_003399	36	RPS25	Mono_C	H3_RESCUE_FALSIFICATION	782	5ca0f92977ce771a90bedfc3a563267b5a7f55a15fb063e7b0de6c76d3e6e7e9	702	3ebc72a6bd7fbaa8bcd13374fedbdfbc3e164d2023b765feb877598104c82553	80	0.1023017902813299	851	7deae84709ce3c726a305d4da36b499fa66e263e917ab3ff887822521b091a47	de28dafa09eacbd3f1ba75dab4b2adc91a93d0dac24176ac058c78c05c1686e5	05c52f1a6a12b77d5f334347c4d7eed753368b5f5b98568dd73600d13c620452	PASS
R7B1_003400	36	RPS25	Mono_NC	H3_RESCUE_FALSIFICATION	782	5ca0f92977ce771a90bedfc3a563267b5a7f55a15fb063e7b0de6c76d3e6e7e9	702	3ebc72a6bd7fbaa8bcd13374fedbdfbc3e164d2023b765feb877598104c82553	80	0.1023017902813299	690	6e1f4e7d518c6c9538cd1b25de4190c4bd15237b8eb328bd95de11e556075b90	903425137d6e8d385d9f5042afd4574ed857d0f2fb89bcd56bedc518b8fa7234	6c3ac1fc1e227f6826d37d20a2d4166d5ac4ea2400a8249b74d35dbc1ce7b434	PASS
R7B1_003401	36	RPS25	NK	H3_RESCUE_FALSIFICATION	782	5ca0f92977ce771a90bedfc3a563267b5a7f55a15fb063e7b0de6c76d3e6e7e9	702	3ebc72a6bd7fbaa8bcd13374fedbdfbc3e164d2023b765feb877598104c82553	80	0.1023017902813299	980	7e21f86cd39a9e916fdc00dedf301ccc7ade74ecf3195adb2b73f6b315cc0185	5ae228d7c33d052288c1019019c8537c6f3909d596553f4e4fd085ba9675ef7e	3b73690a56ee69d07a23dc551ec6c2a74a79b4fba6b6d36d6be1425a9bf99470	PASS
R7B1_003402	36	RPS25	NK_R	H3_RESCUE_FALSIFICATION	782	5ca0f92977ce771a90bedfc3a563267b5a7f55a15fb063e7b0de6c76d3e6e7e9	702	3ebc72a6bd7fbaa8bcd13374fedbdfbc3e164d2023b765feb877598104c82553	80	0.1023017902813299	750	2df5fea2097abec1659c7e1beb81a0ae92be09f570f481d835684b553d9a3f26	b8fd6268c7d2da5b359d843bf4eac05fcf36f8fe6700960f995f25dd38be0ecb	3daf3e59f8a7bfd69ad9b2c37fddbee46da35f14b8a7ccc19977a8017759f5ee	PASS
R7B1_003406	36	TRAPPC4	CD4_ET	H3_RESCUE_FALSIFICATION	782	5ca0f92977ce771a90bedfc3a563267b5a7f55a15fb063e7b0de6c76d3e6e7e9	702	3ebc72a6bd7fbaa8bcd13374fedbdfbc3e164d2023b765feb877598104c82553	80	0.1023017902813299	980	fa8feeddc608afc950a5f0286e7e23f73f3d2ee7ae42e915e24d4d7ed5ac8027	e81c96719af867bc96e81c837b7bb446173275f8e4fcb65e85954fc166496c5c	fd17bb13535fd62f4deeaa8f011bd03d274b3a64d2f1e3204114a9966282f455	PASS
R7B1_003407	36	TRAPPC4	CD4_NC	H3_RESCUE_FALSIFICATION	782	5ca0f92977ce771a90bedfc3a563267b5a7f55a15fb063e7b0de6c76d3e6e7e9	702	3ebc72a6bd7fbaa8bcd13374fedbdfbc3e164d2023b765feb877598104c82553	80	0.1023017902813299	980	96a8a20d93583425a806ed63f9f45efb1e7ec14bb23346b141932f87ae27a5eb	47bd5f1a83046f0f425919880e35dce87bd9d6bc9eb5323daaf131426dd672ac	6ff852c98fe7e5734c70fcbd9c4eb1d64086c37070e38e75208b842332335a85	PASS
R7B1_003409	36	TRAPPC4	CD8_ET	H3_RESCUE_FALSIFICATION	782	5ca0f92977ce771a90bedfc3a563267b5a7f55a15fb063e7b0de6c76d3e6e7e9	702	3ebc72a6bd7fbaa8bcd13374fedbdfbc3e164d2023b765feb877598104c82553	80	0.1023017902813299	980	394ac09f0790f3d76062cfbe51f9b3fdd4fec35f8527aa063c87ed4e0a4aed8d	e74cecc5126afb52f52b0884f06ec88cae8a54a55e370404963a5faa989bdbf8	f7512c5aed5007ba44c66c10e7a1fb558d020cf837f32c93bd4cd9bfe725636a	PASS
R7B1_003410	36	TRAPPC4	CD8_NC	H3_RESCUE_FALSIFICATION	782	5ca0f92977ce771a90bedfc3a563267b5a7f55a15fb063e7b0de6c76d3e6e7e9	702	3ebc72a6bd7fbaa8bcd13374fedbdfbc3e164d2023b765feb877598104c82553	80	0.1023017902813299	980	f640a3d38402a65c6666a3724352f68f54bfa8311816b5b9f466305e85a5e43d	a24dd0b5aa4e6236194c1cea6ddc319e144206606284eb0238b2ed8832a67a71	5c8f151b1de3e59dbdd0d1250aa3280d625e290f60493d146974b312a0401a36	PASS
R7B1_003415	36	TRAPPC4	NK	H3_RESCUE_FALSIFICATION	782	5ca0f92977ce771a90bedfc3a563267b5a7f55a15fb063e7b0de6c76d3e6e7e9	702	3ebc72a6bd7fbaa8bcd13374fedbdfbc3e164d2023b765feb877598104c82553	80	0.1023017902813299	980	40f9bd474195bb850b3dc455495607715fa13ccd1d216ea7f839784fda27a450	5ae228d7c33d052288c1019019c8537c6f3909d596553f4e4fd085ba9675ef7e	3b73690a56ee69d07a23dc551ec6c2a74a79b4fba6b6d36d6be1425a9bf99470	PASS
R7B1_003438	38	C12orf57	B_IN	H3_RESCUE_FALSIFICATION	564	221d3e9ce6b3dc04bfb3cf40f710d3d8137dc610bae8000efa13a7fd9a7af434	508	42a58597cbd150a27a7b3e71d8cbb953e090e4c76f5e5aa453d02ad444fede88	56	0.0992907801418439	975	67aab6fb85ea8095a0868cbeea2b5db675e1f5eb56ed35ae66624cfcfe639f70	fdcc737fcb254f557e0dd09e4fe944a0372789cf0cddc38af7fe47e3e6b2208d	4de12e13733b679a18b1e75b584c793a07c18bf15694a8f88269aaccb42396a4	PASS
R7B1_003468	38	CD27	CD4_NC	H3_RESCUE_FALSIFICATION	696	9aa15926a60154b4008ba3f8fe1cd3e5255a8322eb80859923126301002c06f2	626	f330f88541a4cd1973f6008d938378b1a0606aed0a32bb8687668b6e2bdcc5b9	70	0.1005747126436781	980	41e14a9ab4bb2eaf488ff81bb20d8d40aedf0ccdd65a748204094970bd40bf64	91198b6a14eb08dc757a7b0f0b0771138eba9679823400c7a8094fc816f9451e	36864f0a64886bcad8ab6d7268ce3a9046de197c5c3f9982fe42388f86f0d1c2	PASS
R7B1_003471	38	CD27	CD8_NC	H3_RESCUE_FALSIFICATION	696	9aa15926a60154b4008ba3f8fe1cd3e5255a8322eb80859923126301002c06f2	626	f330f88541a4cd1973f6008d938378b1a0606aed0a32bb8687668b6e2bdcc5b9	70	0.1005747126436781	980	5a4d5ab52d28d70dc200cc8a1ee4784e60d7c714b60945141fe29fdc329fb60c	7d93ad93755afd1b501ff1d224b3009905232393ee5e56e654ee1c446dfe08e3	a8749cdcfcd94e667142099473edc1cb1b8256531fb28c612b8ffee4c71235dd	PASS
R7B1_003479	38	CD27-AS1	B_IN	H3_RESCUE_FALSIFICATION	696	9aa15926a60154b4008ba3f8fe1cd3e5255a8322eb80859923126301002c06f2	626	f330f88541a4cd1973f6008d938378b1a0606aed0a32bb8687668b6e2bdcc5b9	70	0.1005747126436781	975	49169e5844b86e52711bce76c10eab61eee7f3ee1496703e4c6578781ece9ce8	fdcc737fcb254f557e0dd09e4fe944a0372789cf0cddc38af7fe47e3e6b2208d	4de12e13733b679a18b1e75b584c793a07c18bf15694a8f88269aaccb42396a4	PASS
R7B1_003489	38	CD27-AS1	NK	H3_RESCUE_FALSIFICATION	696	9aa15926a60154b4008ba3f8fe1cd3e5255a8322eb80859923126301002c06f2	626	f330f88541a4cd1973f6008d938378b1a0606aed0a32bb8687668b6e2bdcc5b9	70	0.1005747126436781	980	bc18e64ed1b4d25f38d1ac6395cdce901c9e87f11efed56a15994d80b422633d	8c03751bb88e1b57325262ebe50829a98da29ea7f17ef054ff9050f084a39f8b	c27bb418311a572decef9f0c63173bd777c66aaabb3ea97370ff1b0f3a52a869	PASS
R7B1_003492	38	CD9	B_IN	H3_RESCUE_FALSIFICATION	696	9aa15926a60154b4008ba3f8fe1cd3e5255a8322eb80859923126301002c06f2	626	f330f88541a4cd1973f6008d938378b1a0606aed0a32bb8687668b6e2bdcc5b9	70	0.1005747126436781	975	fb0350e440e465a74006ab295f011add7584ccbf5a60abfb44f32496c3fd03d2	fdcc737fcb254f557e0dd09e4fe944a0372789cf0cddc38af7fe47e3e6b2208d	4de12e13733b679a18b1e75b584c793a07c18bf15694a8f88269aaccb42396a4	PASS
R7B1_003537	38	GAPDH	CD8_ET	H3_RESCUE_FALSIFICATION	696	9aa15926a60154b4008ba3f8fe1cd3e5255a8322eb80859923126301002c06f2	626	f330f88541a4cd1973f6008d938378b1a0606aed0a32bb8687668b6e2bdcc5b9	70	0.1005747126436781	980	e09912c0f3a0ee002130d9f43c50768cd9ba79fc43cd28a77fcb9782df202f5f	d17f24aa935325ebeda7b81a81dd4b4be29eb4ea6ed82a41009ca7c50c709d89	df1c1fa78aa2e7b03ac825f6404729c8fe3227bf574658400f2d7c1b578c8720	PASS
R7B1_003541	38	GAPDH	Mono_C	H3_RESCUE_FALSIFICATION	696	9aa15926a60154b4008ba3f8fe1cd3e5255a8322eb80859923126301002c06f2	626	f330f88541a4cd1973f6008d938378b1a0606aed0a32bb8687668b6e2bdcc5b9	70	0.1005747126436781	851	6626d52b18fd8ec24fa5b7ee0428625d44024ca727bd7e8b1c7262cc95336528	41cb2f5bcc2b55ba2c4d8008cbbacdad9e6ab968ea14e1ee7c5f79cc072e0902	32d5bae99f33fd1a2561f9171bcb429617d41d4f5d46ccf57e9e8563e4b4fe70	PASS
R7B1_003542	38	GAPDH	Mono_NC	H3_RESCUE_FALSIFICATION	696	9aa15926a60154b4008ba3f8fe1cd3e5255a8322eb80859923126301002c06f2	626	f330f88541a4cd1973f6008d938378b1a0606aed0a32bb8687668b6e2bdcc5b9	70	0.1005747126436781	690	b6de88f5ee5271d390580c3ffb265f95de1915ea8343b232f5e420e3b3f8b1e5	349a6cd111b512088305664127ab1fc3ca8a7f5075322f1dae5c937801a86e19	983cd411d48154febbda48305b1d560f7d8a181bb43e9967ddb57aed303204c8	PASS
R7B1_003543	38	GAPDH	NK	H3_RESCUE_FALSIFICATION	696	9aa15926a60154b4008ba3f8fe1cd3e5255a8322eb80859923126301002c06f2	626	f330f88541a4cd1973f6008d938378b1a0606aed0a32bb8687668b6e2bdcc5b9	70	0.1005747126436781	980	302aa7a7d20cd5fb59ae0aac21ae0a1139113924cc154f35bb0f5cdff18ef480	8c03751bb88e1b57325262ebe50829a98da29ea7f17ef054ff9050f084a39f8b	c27bb418311a572decef9f0c63173bd777c66aaabb3ea97370ff1b0f3a52a869	PASS
R7B1_003549	38	MLF2	CD4_NC	H3_RESCUE_FALSIFICATION	682	86f1628c0b4ad17a1077810f5d84d0111ba651263f01c3dc87c587fb3fa0b3b9	615	17889d64935d0acde3fe33d08ef76c4d547df15bffd55da52c7b61f8d41dfaa5	67	0.0982404692082111	980	8f9132ff59979401e8474569da5a18668effae3c41feed67bce86cda19e49672	91198b6a14eb08dc757a7b0f0b0771138eba9679823400c7a8094fc816f9451e	36864f0a64886bcad8ab6d7268ce3a9046de197c5c3f9982fe42388f86f0d1c2	PASS
R7B1_003551	38	MLF2	CD8_ET	H3_RESCUE_FALSIFICATION	682	86f1628c0b4ad17a1077810f5d84d0111ba651263f01c3dc87c587fb3fa0b3b9	615	17889d64935d0acde3fe33d08ef76c4d547df15bffd55da52c7b61f8d41dfaa5	67	0.0982404692082111	980	0eb5fcae494dfe6e516a8bc718bc0faed6a51620233e7eda2ded97daf61281d4	d17f24aa935325ebeda7b81a81dd4b4be29eb4ea6ed82a41009ca7c50c709d89	df1c1fa78aa2e7b03ac825f6404729c8fe3227bf574658400f2d7c1b578c8720	PASS
R7B1_003557	38	MLF2	NK	H3_RESCUE_FALSIFICATION	682	86f1628c0b4ad17a1077810f5d84d0111ba651263f01c3dc87c587fb3fa0b3b9	615	17889d64935d0acde3fe33d08ef76c4d547df15bffd55da52c7b61f8d41dfaa5	67	0.0982404692082111	980	1498d85d8442c4c78c475b361ce9b96710e37531d3c0fba24f716a33ea69b111	8c03751bb88e1b57325262ebe50829a98da29ea7f17ef054ff9050f084a39f8b	c27bb418311a572decef9f0c63173bd777c66aaabb3ea97370ff1b0f3a52a869	PASS
R7B1_003563	38	MRPL51	CD4_NC	H3_RESCUE_FALSIFICATION	696	9aa15926a60154b4008ba3f8fe1cd3e5255a8322eb80859923126301002c06f2	626	f330f88541a4cd1973f6008d938378b1a0606aed0a32bb8687668b6e2bdcc5b9	70	0.1005747126436781	980	0f40c2205b5d84301b8b7ddd6e3174867c15cd5e8d3dfdde78b4445fc24edc0d	91198b6a14eb08dc757a7b0f0b0771138eba9679823400c7a8094fc816f9451e	36864f0a64886bcad8ab6d7268ce3a9046de197c5c3f9982fe42388f86f0d1c2	PASS
R7B1_003566	38	MRPL51	CD8_NC	H3_RESCUE_FALSIFICATION	696	9aa15926a60154b4008ba3f8fe1cd3e5255a8322eb80859923126301002c06f2	626	f330f88541a4cd1973f6008d938378b1a0606aed0a32bb8687668b6e2bdcc5b9	70	0.1005747126436781	980	4240120e47cd89bb9198898fd255bcf5a963ece77c77b27502d010ea2baa7a70	7d93ad93755afd1b501ff1d224b3009905232393ee5e56e654ee1c446dfe08e3	a8749cdcfcd94e667142099473edc1cb1b8256531fb28c612b8ffee4c71235dd	PASS
R7B1_003569	38	MRPL51	Mono_C	H3_RESCUE_FALSIFICATION	696	9aa15926a60154b4008ba3f8fe1cd3e5255a8322eb80859923126301002c06f2	626	f330f88541a4cd1973f6008d938378b1a0606aed0a32bb8687668b6e2bdcc5b9	70	0.1005747126436781	851	21f700ef759d27822bd2b3d74f1595b62f29ce9cf255b33160a44ec3db130b3b	41cb2f5bcc2b55ba2c4d8008cbbacdad9e6ab968ea14e1ee7c5f79cc072e0902	32d5bae99f33fd1a2561f9171bcb429617d41d4f5d46ccf57e9e8563e4b4fe70	PASS
R7B1_003577	38	NCAPD2	CD4_NC	H3_RESCUE_FALSIFICATION	696	9aa15926a60154b4008ba3f8fe1cd3e5255a8322eb80859923126301002c06f2	626	f330f88541a4cd1973f6008d938378b1a0606aed0a32bb8687668b6e2bdcc5b9	70	0.1005747126436781	980	ba7e9716b9bf1d148f603d90cb2081bb54ddefc1d0818b2ba4e20af1b20a6e0f	91198b6a14eb08dc757a7b0f0b0771138eba9679823400c7a8094fc816f9451e	36864f0a64886bcad8ab6d7268ce3a9046de197c5c3f9982fe42388f86f0d1c2	PASS
R7B1_003628	38	SPSB2	B_IN	H3_RESCUE_FALSIFICATION	603	a2d00f31a21f40e420eaaa22e5a4b494544591ea93487592c764ea1f8066c458	547	3a83e357541ebbc925a37c76094d485c5f0eb20c9a1c2e2b490d963d3baaaba7	56	0.0928689883913764	975	88a9ce8d1833e847b0c2b19a51ca98d02c6380935099f9f8f7a8d170aeb9ecd0	fdcc737fcb254f557e0dd09e4fe944a0372789cf0cddc38af7fe47e3e6b2208d	4de12e13733b679a18b1e75b584c793a07c18bf15694a8f88269aaccb42396a4	PASS
R7B1_003629	38	SPSB2	B_MEM	H3_RESCUE_FALSIFICATION	603	a2d00f31a21f40e420eaaa22e5a4b494544591ea93487592c764ea1f8066c458	547	3a83e357541ebbc925a37c76094d485c5f0eb20c9a1c2e2b490d963d3baaaba7	56	0.0928689883913764	970	1c25695955b2c0a435b379c66920922753174eb977cc4fc499d4a88b941ddc95	8bab5f62a4bc3c1837b50444115c2b6d3be9952fd5317b8ba31e38deb05e82eb	22e8782b0d42dc812652aadc4f8e0050f18ef37c1d8580b0cfd765b4b290598b	PASS
R7B1_003630	38	SPSB2	CD4_ET	H3_RESCUE_FALSIFICATION	603	a2d00f31a21f40e420eaaa22e5a4b494544591ea93487592c764ea1f8066c458	547	3a83e357541ebbc925a37c76094d485c5f0eb20c9a1c2e2b490d963d3baaaba7	56	0.0928689883913764	980	54bcd6790115af2d9c16a989399527dda6a4b43513c14278754656f8826dc4e8	e4c076a37f37d99c1e2b30856cc03be4bed3358409ccb10d5b6287e97d9f76b3	fb04986f199df0da664ab98d9f41604c5f1a3f2148cda87e1bb7be3d720b7a96	PASS
R7B1_003631	38	SPSB2	CD4_NC	H3_RESCUE_FALSIFICATION	603	a2d00f31a21f40e420eaaa22e5a4b494544591ea93487592c764ea1f8066c458	547	3a83e357541ebbc925a37c76094d485c5f0eb20c9a1c2e2b490d963d3baaaba7	56	0.0928689883913764	980	7cef5c7d4f5098b4826a61352aa1969ef3956891c51c913a60c6079d944c1df5	91198b6a14eb08dc757a7b0f0b0771138eba9679823400c7a8094fc816f9451e	36864f0a64886bcad8ab6d7268ce3a9046de197c5c3f9982fe42388f86f0d1c2	PASS
R7B1_003633	38	SPSB2	CD8_ET	H3_RESCUE_FALSIFICATION	603	a2d00f31a21f40e420eaaa22e5a4b494544591ea93487592c764ea1f8066c458	547	3a83e357541ebbc925a37c76094d485c5f0eb20c9a1c2e2b490d963d3baaaba7	56	0.0928689883913764	980	7ba1f660e4f9940de41819c381884903052c3f3c43b30e06c6bd5ea7e8f70bbf	d17f24aa935325ebeda7b81a81dd4b4be29eb4ea6ed82a41009ca7c50c709d89	df1c1fa78aa2e7b03ac825f6404729c8fe3227bf574658400f2d7c1b578c8720	PASS
R7B1_003634	38	SPSB2	CD8_NC	H3_RESCUE_FALSIFICATION	603	a2d00f31a21f40e420eaaa22e5a4b494544591ea93487592c764ea1f8066c458	547	3a83e357541ebbc925a37c76094d485c5f0eb20c9a1c2e2b490d963d3baaaba7	56	0.0928689883913764	980	ce082cac1b6ce8d1e0dbc1f0a145cf833e7a82f422f6bcc1fbb4692123c926b6	7d93ad93755afd1b501ff1d224b3009905232393ee5e56e654ee1c446dfe08e3	a8749cdcfcd94e667142099473edc1cb1b8256531fb28c612b8ffee4c71235dd	PASS
R7B1_003639	38	SPSB2	NK	H3_RESCUE_FALSIFICATION	603	a2d00f31a21f40e420eaaa22e5a4b494544591ea93487592c764ea1f8066c458	547	3a83e357541ebbc925a37c76094d485c5f0eb20c9a1c2e2b490d963d3baaaba7	56	0.0928689883913764	980	ccac8cee9af1b6e09e5ae65d96143777f2d83bb3d07769fbeef4026eec816898	8c03751bb88e1b57325262ebe50829a98da29ea7f17ef054ff9050f084a39f8b	c27bb418311a572decef9f0c63173bd777c66aaabb3ea97370ff1b0f3a52a869	PASS
R7B1_003642	38	TAPBPL	B_IN	H3_RESCUE_FALSIFICATION	696	9aa15926a60154b4008ba3f8fe1cd3e5255a8322eb80859923126301002c06f2	626	f330f88541a4cd1973f6008d938378b1a0606aed0a32bb8687668b6e2bdcc5b9	70	0.1005747126436781	975	95f4d726898e2f78c29f41cc36ef66258fc1115e60bd7323d408343e80891f06	fdcc737fcb254f557e0dd09e4fe944a0372789cf0cddc38af7fe47e3e6b2208d	4de12e13733b679a18b1e75b584c793a07c18bf15694a8f88269aaccb42396a4	PASS
R7B1_003643	38	TAPBPL	B_MEM	H3_RESCUE_FALSIFICATION	696	9aa15926a60154b4008ba3f8fe1cd3e5255a8322eb80859923126301002c06f2	626	f330f88541a4cd1973f6008d938378b1a0606aed0a32bb8687668b6e2bdcc5b9	70	0.1005747126436781	970	4cc9e7fdf98a47b246dab98b09cf3bd84e599869dbaa7f0d749d8f11bd7b96ea	8bab5f62a4bc3c1837b50444115c2b6d3be9952fd5317b8ba31e38deb05e82eb	22e8782b0d42dc812652aadc4f8e0050f18ef37c1d8580b0cfd765b4b290598b	PASS
R7B1_003644	38	TAPBPL	CD4_ET	H3_RESCUE_FALSIFICATION	696	9aa15926a60154b4008ba3f8fe1cd3e5255a8322eb80859923126301002c06f2	626	f330f88541a4cd1973f6008d938378b1a0606aed0a32bb8687668b6e2bdcc5b9	70	0.1005747126436781	980	703e000639d08f8daf3d8d0ddc6576478e575d522781b30b6759d8e35944ed7b	e4c076a37f37d99c1e2b30856cc03be4bed3358409ccb10d5b6287e97d9f76b3	fb04986f199df0da664ab98d9f41604c5f1a3f2148cda87e1bb7be3d720b7a96	PASS
R7B1_003645	38	TAPBPL	CD4_NC	H3_RESCUE_FALSIFICATION	696	9aa15926a60154b4008ba3f8fe1cd3e5255a8322eb80859923126301002c06f2	626	f330f88541a4cd1973f6008d938378b1a0606aed0a32bb8687668b6e2bdcc5b9	70	0.1005747126436781	980	8b4343d258620de9a24b8be578d0ff5fb5a832c23ed242deec00acf04adc4952	91198b6a14eb08dc757a7b0f0b0771138eba9679823400c7a8094fc816f9451e	36864f0a64886bcad8ab6d7268ce3a9046de197c5c3f9982fe42388f86f0d1c2	PASS
R7B1_003647	38	TAPBPL	CD8_ET	H3_RESCUE_FALSIFICATION	696	9aa15926a60154b4008ba3f8fe1cd3e5255a8322eb80859923126301002c06f2	626	f330f88541a4cd1973f6008d938378b1a0606aed0a32bb8687668b6e2bdcc5b9	70	0.1005747126436781	980	1309ab1a72abfa17773339c4e1e69316345500a0369194a6fe4018dff52e651a	d17f24aa935325ebeda7b81a81dd4b4be29eb4ea6ed82a41009ca7c50c709d89	df1c1fa78aa2e7b03ac825f6404729c8fe3227bf574658400f2d7c1b578c8720	PASS
R7B1_003648	38	TAPBPL	CD8_NC	H3_RESCUE_FALSIFICATION	696	9aa15926a60154b4008ba3f8fe1cd3e5255a8322eb80859923126301002c06f2	626	f330f88541a4cd1973f6008d938378b1a0606aed0a32bb8687668b6e2bdcc5b9	70	0.1005747126436781	980	36ee6cc63346f49582f7d52b6a38e3062a4ec3a32c63774b6e71642105054e32	7d93ad93755afd1b501ff1d224b3009905232393ee5e56e654ee1c446dfe08e3	a8749cdcfcd94e667142099473edc1cb1b8256531fb28c612b8ffee4c71235dd	PASS
R7B1_003651	38	TAPBPL	Mono_C	H3_RESCUE_FALSIFICATION	696	9aa15926a60154b4008ba3f8fe1cd3e5255a8322eb80859923126301002c06f2	626	f330f88541a4cd1973f6008d938378b1a0606aed0a32bb8687668b6e2bdcc5b9	70	0.1005747126436781	851	7c3c67229d878fa94664dec901a3d46d79a67fe86764e84850a05d4f74868695	41cb2f5bcc2b55ba2c4d8008cbbacdad9e6ab968ea14e1ee7c5f79cc072e0902	32d5bae99f33fd1a2561f9171bcb429617d41d4f5d46ccf57e9e8563e4b4fe70	PASS
R7B1_003652	38	TAPBPL	Mono_NC	H3_RESCUE_FALSIFICATION	696	9aa15926a60154b4008ba3f8fe1cd3e5255a8322eb80859923126301002c06f2	626	f330f88541a4cd1973f6008d938378b1a0606aed0a32bb8687668b6e2bdcc5b9	70	0.1005747126436781	690	fbebf6ba3c151646d3b4c19220d1571ca6fe7c06bf94f629cd8d6284e9512109	349a6cd111b512088305664127ab1fc3ca8a7f5075322f1dae5c937801a86e19	983cd411d48154febbda48305b1d560f7d8a181bb43e9967ddb57aed303204c8	PASS
R7B1_003653	38	TAPBPL	NK	H3_RESCUE_FALSIFICATION	696	9aa15926a60154b4008ba3f8fe1cd3e5255a8322eb80859923126301002c06f2	626	f330f88541a4cd1973f6008d938378b1a0606aed0a32bb8687668b6e2bdcc5b9	70	0.1005747126436781	980	77b4c81cb1b2dac61a1b8914d20d6b68d00c2e7aa0d0eed994b3c9bcfe734615	8c03751bb88e1b57325262ebe50829a98da29ea7f17ef054ff9050f084a39f8b	c27bb418311a572decef9f0c63173bd777c66aaabb3ea97370ff1b0f3a52a869	PASS
R7B1_003655	38	TAPBPL	Plasma	H3_RESCUE_FALSIFICATION	696	9aa15926a60154b4008ba3f8fe1cd3e5255a8322eb80859923126301002c06f2	626	f330f88541a4cd1973f6008d938378b1a0606aed0a32bb8687668b6e2bdcc5b9	70	0.1005747126436781	253	695f73ce901729ccf6994a226a3653cb497a0fad11346bf41aa7d249f143de59	c02dc237747eb87ebd3aed5f7157750473aeb27876f500fd38ccbd601bb78fe8	b361304dc8d8f1f0091308504cf86db7097163c2adacf301996cff2cc75e3c97	PASS
R7B1_003658	38	TPI1	CD4_ET	H3_RESCUE_FALSIFICATION	603	a2d00f31a21f40e420eaaa22e5a4b494544591ea93487592c764ea1f8066c458	547	3a83e357541ebbc925a37c76094d485c5f0eb20c9a1c2e2b490d963d3baaaba7	56	0.0928689883913764	980	f215cb94e93ee669ac4e3f6236130b8991de86f33cb942d4c58b283a2c4a04fa	e4c076a37f37d99c1e2b30856cc03be4bed3358409ccb10d5b6287e97d9f76b3	fb04986f199df0da664ab98d9f41604c5f1a3f2148cda87e1bb7be3d720b7a96	PASS
R7B1_003659	38	TPI1	CD4_NC	H3_RESCUE_FALSIFICATION	603	a2d00f31a21f40e420eaaa22e5a4b494544591ea93487592c764ea1f8066c458	547	3a83e357541ebbc925a37c76094d485c5f0eb20c9a1c2e2b490d963d3baaaba7	56	0.0928689883913764	980	c7b2aafcf94846192e8b9f5f93728e6080c5096e4c1636af66ecdc16095d5599	91198b6a14eb08dc757a7b0f0b0771138eba9679823400c7a8094fc816f9451e	36864f0a64886bcad8ab6d7268ce3a9046de197c5c3f9982fe42388f86f0d1c2	PASS
R7B1_003662	38	TPI1	CD8_NC	H3_RESCUE_FALSIFICATION	603	a2d00f31a21f40e420eaaa22e5a4b494544591ea93487592c764ea1f8066c458	547	3a83e357541ebbc925a37c76094d485c5f0eb20c9a1c2e2b490d963d3baaaba7	56	0.0928689883913764	980	4e13c01d7fc0304ceb813c475f01142ec8db1b5d6f9cfe63d92a2814d6043906	7d93ad93755afd1b501ff1d224b3009905232393ee5e56e654ee1c446dfe08e3	a8749cdcfcd94e667142099473edc1cb1b8256531fb28c612b8ffee4c71235dd	PASS
R7B1_003664	38	TPI1	DC	PRIMARY_184_TRIGGER_VERIFICATION	603	a2d00f31a21f40e420eaaa22e5a4b494544591ea93487592c764ea1f8066c458	547	3a83e357541ebbc925a37c76094d485c5f0eb20c9a1c2e2b490d963d3baaaba7	56	0.0928689883913764	726	47fc92bfb2828d72321c8c0e68599682a06a4127450c4db770b1d1cfabb1e82e	1bab983c6c94c00fa21a264d09a25a6f4d1f6fcfbaf67dd9dfa2ef7aac88fb6e	cf73da647dd77e63326bbb63e4cb4f4e858fdcd56eed2bda8ae1623cf1e14188	PASS
R7B1_003673	38	VAMP1	CD4_NC	H3_RESCUE_FALSIFICATION	696	9aa15926a60154b4008ba3f8fe1cd3e5255a8322eb80859923126301002c06f2	626	f330f88541a4cd1973f6008d938378b1a0606aed0a32bb8687668b6e2bdcc5b9	70	0.1005747126436781	980	f1ed13af7773a2b1cb1c54632a6e26b22eca5f28467bf05683e2db17768377e4	91198b6a14eb08dc757a7b0f0b0771138eba9679823400c7a8094fc816f9451e	36864f0a64886bcad8ab6d7268ce3a9046de197c5c3f9982fe42388f86f0d1c2	PASS
R7B1_003676	38	VAMP1	CD8_NC	H3_RESCUE_FALSIFICATION	696	9aa15926a60154b4008ba3f8fe1cd3e5255a8322eb80859923126301002c06f2	626	f330f88541a4cd1973f6008d938378b1a0606aed0a32bb8687668b6e2bdcc5b9	70	0.1005747126436781	980	d3996302e0e47921179f86a605218471dc854e753f580813d0e3e851f85a29b8	7d93ad93755afd1b501ff1d224b3009905232393ee5e56e654ee1c446dfe08e3	a8749cdcfcd94e667142099473edc1cb1b8256531fb28c612b8ffee4c71235dd	PASS
R7B1_003681	38	VAMP1	NK	H3_RESCUE_FALSIFICATION	696	9aa15926a60154b4008ba3f8fe1cd3e5255a8322eb80859923126301002c06f2	626	f330f88541a4cd1973f6008d938378b1a0606aed0a32bb8687668b6e2bdcc5b9	70	0.1005747126436781	980	23c3e38d553964d72accc2bcad54496cedab4dc18365df625dfc6aa8cb70592a	8c03751bb88e1b57325262ebe50829a98da29ea7f17ef054ff9050f084a39f8b	c27bb418311a572decef9f0c63173bd777c66aaabb3ea97370ff1b0f3a52a869	PASS
R7B1_003737	39	ERP29	B_MEM	H3_RESCUE_FALSIFICATION	558	77c14992a569c2494c7a7d1dd2f5deb94132054909e8192b052daf157c355453	524	733fee9533ad2078024a2b64f237dba4d249281047015e91fd5fd9b5a49ca7ce	34	0.060931899641577	970	02244ac42e403f41b8c094f79c18e61a1a7ee7feaf313b4d7f87439cd011a935	cc7793afd2bcebce9a7fc8ffa2fe7d39c14ec950e2fba8e3ee5f5e72f166295b	cfe09f4cbd4f2bb05c1e821f47f21bfc529c437b8066b7667864b97b62007222	PASS
R7B1_003739	39	ERP29	CD4_NC	H3_RESCUE_FALSIFICATION	558	77c14992a569c2494c7a7d1dd2f5deb94132054909e8192b052daf157c355453	524	733fee9533ad2078024a2b64f237dba4d249281047015e91fd5fd9b5a49ca7ce	34	0.060931899641577	980	93c3796f378f6cb02cb1f5c084a4619361b97e69f188619e353c07b057ab98a0	7a2e8ccf7453e725cb10c7b3f3375355c70dd710c65c52ea5dee8b6860830500	c0af1c34d97dfe3a3b4d11c8c4338fd452f3c4de179875a0ea120f8842fe8b1b	PASS
R7B1_003794	39	MAPKAPK5-AS1	CD4_ET	H3_RESCUE_FALSIFICATION	665	315d5d34b76930da3546cfe9aa36ab965c7205c2f65626eebd69e813e9ea3822	617	ce90eb336543841066d1c5901586669cc1a7120ecae7d0df143236829d1137f2	48	0.0721804511278195	980	e8fb16e71a065e62b1b5da22343feca7b9a9efbff03b092c4237be7ce78da373	413b0f24c68325a4c3f22dcf8f482f5512ea698b111df26e28c8f84c88283e71	c853951614b6d1092966b16b64c2c22cf83d5656cde647293d2cff0528b9d2f7	PASS
R7B1_003795	39	MAPKAPK5-AS1	CD4_NC	H3_RESCUE_FALSIFICATION	665	315d5d34b76930da3546cfe9aa36ab965c7205c2f65626eebd69e813e9ea3822	617	ce90eb336543841066d1c5901586669cc1a7120ecae7d0df143236829d1137f2	48	0.0721804511278195	980	1650bccc32260519467739953fc354ebb75f82fe5684ea3b08fc9a7a026f3923	7a2e8ccf7453e725cb10c7b3f3375355c70dd710c65c52ea5dee8b6860830500	c0af1c34d97dfe3a3b4d11c8c4338fd452f3c4de179875a0ea120f8842fe8b1b	PASS
R7B1_003798	39	MAPKAPK5-AS1	CD8_NC	H3_RESCUE_FALSIFICATION	665	315d5d34b76930da3546cfe9aa36ab965c7205c2f65626eebd69e813e9ea3822	617	ce90eb336543841066d1c5901586669cc1a7120ecae7d0df143236829d1137f2	48	0.0721804511278195	980	e679c01b338f268d8ece9fbee8b97b36451c5fa3d87e732660adea541baeb3ff	b30eb2c8110dae9afdd5858add626ff6b27171824c65920d908ed08bfc7ee768	5546171611a4a334fc84ce842c142d026ab6816eacf1ea00848b39691ba25d1b	PASS
R7B1_003864	39	RP3-462E2.5	CD4_NC	H3_RESCUE_FALSIFICATION	649	e7ad5c1475b063351b8337e1f2e6a3ea8c19966a09ee19ab8ef88ea9f752ab4d	608	7b6380efbc53c0da6a8774483df53cd70d22cf622200a953ce48b18b30e2cab3	41	0.0631741140215716	980	d7726e8e7d89b3e938583d4cdf6df14d55e08de3df08f4f8e7437b53d4a8b679	7a2e8ccf7453e725cb10c7b3f3375355c70dd710c65c52ea5dee8b6860830500	c0af1c34d97dfe3a3b4d11c8c4338fd452f3c4de179875a0ea120f8842fe8b1b	PASS
R7B1_003898	40	DNAJC15	B_IN	H3_RESCUE_FALSIFICATION	1344	ede0f1040d11f8ce8ed868f72e5187b0af209757ead735af965e844dcf4af156	1266	b1bd2f0d498f5544170656cbfedcefd0910f9cdbeb154a9da4d86e1694c4daf6	78	0.0580357142857142	975	9595eea443e2665d8e6a5c0ae59cad348a3409014291042c96af9e43434a5090	fc5fb8cbf1169542d05f2dd36f550a66b1d9e76861d10ccd674f75248b5e425b	226c56620563cd6ea610c633cc7a997f65731800782df59057c22ca01ada983a	PASS
R7B1_003899	40	DNAJC15	B_MEM	H3_RESCUE_FALSIFICATION	1344	ede0f1040d11f8ce8ed868f72e5187b0af209757ead735af965e844dcf4af156	1266	b1bd2f0d498f5544170656cbfedcefd0910f9cdbeb154a9da4d86e1694c4daf6	78	0.0580357142857142	970	4669bf15bd244458dba4344f3f01fc7ad316c6fa027444ac1e49a2576b4b02a0	a7426429ec978109b61978e9d9613b29a90e3d9337ab054d06c196dd62eb43dd	d5dce65be5f3fb23e024995c179ed50cdf9599824a80b97ea281943f019bdd3c	PASS
R7B1_003900	40	DNAJC15	CD4_ET	H3_RESCUE_FALSIFICATION	1344	ede0f1040d11f8ce8ed868f72e5187b0af209757ead735af965e844dcf4af156	1266	b1bd2f0d498f5544170656cbfedcefd0910f9cdbeb154a9da4d86e1694c4daf6	78	0.0580357142857142	980	edda810a189bb3542b672bf39ff2a04b01afbee1d6abf8694024ed5ed79e02ed	cf2d06601a60dc986030384997acc032512ad022d439a8826625f53fb9157a29	629a8e2a39d1f9fa8eaf3803a0f5b6095e448c492eb4f3f003532f21004617db	PASS
R7B1_003901	40	DNAJC15	CD4_NC	H3_RESCUE_FALSIFICATION	1344	ede0f1040d11f8ce8ed868f72e5187b0af209757ead735af965e844dcf4af156	1266	b1bd2f0d498f5544170656cbfedcefd0910f9cdbeb154a9da4d86e1694c4daf6	78	0.0580357142857142	980	a9d283bdf7419f544e6fa235ee50011edc687dd820098127bd8756c748a884ad	761fc8ca52fb9ae2971f2d9b7d86f63a72d09fae9265bb4b632d652a47905c1a	204ae49c83baca7f6edd8fcb8340d7f86283b5b208b1e6376e3dc497b43df491	PASS
R7B1_003903	40	DNAJC15	CD8_ET	H3_RESCUE_FALSIFICATION	1344	ede0f1040d11f8ce8ed868f72e5187b0af209757ead735af965e844dcf4af156	1266	b1bd2f0d498f5544170656cbfedcefd0910f9cdbeb154a9da4d86e1694c4daf6	78	0.0580357142857142	980	6791f960240229d8dadff244e272301d1d75d2633ea3b5cee6e8a2e121413746	c2036ab7065c27e233034c993857dcd3796fa513819b995c8d58f9ef2f684326	54804d4f5a8e45345ea697209064efefd98411b845c346ca03fd631f21e71da5	PASS
R7B1_003904	40	DNAJC15	CD8_NC	H3_RESCUE_FALSIFICATION	1344	ede0f1040d11f8ce8ed868f72e5187b0af209757ead735af965e844dcf4af156	1266	b1bd2f0d498f5544170656cbfedcefd0910f9cdbeb154a9da4d86e1694c4daf6	78	0.0580357142857142	980	af07273bc1d012f56ea790366bfdc6fbfd4d7dd223f73c0b63315af8edd939f9	a5014b033b8ac445cf97cc0c27f08c65a4b59085c2886ba1e6348dba92052833	558c21d87eedb1d4ef72f3a7053760cfd7741383efd822c0eb393a980221405f	PASS
R7B1_003905	40	DNAJC15	CD8_S100B	H3_RESCUE_FALSIFICATION	1344	ede0f1040d11f8ce8ed868f72e5187b0af209757ead735af965e844dcf4af156	1266	b1bd2f0d498f5544170656cbfedcefd0910f9cdbeb154a9da4d86e1694c4daf6	78	0.0580357142857142	959	d567f76a20ce421cada486be66ef905d61512e2563817f7a726039fde1f7c673	06849c14e041d9f35cffcf0315075bc4813f2fe09289f722a16fe7fb26db6853	4c1376732904bb93ceaa6d99a958afdc2fae3f71a0a2d493d23aa2ec4210fc56	PASS
R7B1_003906	40	DNAJC15	DC	H3_RESCUE_FALSIFICATION	1344	ede0f1040d11f8ce8ed868f72e5187b0af209757ead735af965e844dcf4af156	1266	b1bd2f0d498f5544170656cbfedcefd0910f9cdbeb154a9da4d86e1694c4daf6	78	0.0580357142857142	726	e1d5ece2508f22891f4bf88bb6be86005d880a4d577c37abd579447a9f840152	9b6fb282caf8e0166e8955d3f6ebeb99ee573fc79766d0c2efd3ff16066cfd0c	910b6414784b60886d74ff42306863b5bf08ae8e2891d6b6821dba03ba082060	PASS
R7B1_003907	40	DNAJC15	Mono_C	H3_RESCUE_FALSIFICATION	1344	ede0f1040d11f8ce8ed868f72e5187b0af209757ead735af965e844dcf4af156	1266	b1bd2f0d498f5544170656cbfedcefd0910f9cdbeb154a9da4d86e1694c4daf6	78	0.0580357142857142	851	342bae9edf586f307b41dc310dd897e5d03de323740721b58b90964c011dfd06	e964f6e4cbaabbcdf6838ebd65c0f7386ca78964f69963962a0ffe6989e45dc2	25ee6de7cf6fe9bf39d67731dbe0b06bfc8bad312e778fbea9a1c757dfd530d4	PASS
R7B1_003908	40	DNAJC15	Mono_NC	H3_RESCUE_FALSIFICATION	1344	ede0f1040d11f8ce8ed868f72e5187b0af209757ead735af965e844dcf4af156	1266	b1bd2f0d498f5544170656cbfedcefd0910f9cdbeb154a9da4d86e1694c4daf6	78	0.0580357142857142	690	0513a59af03aafbbf91ba5ab8ce76714c736186254edaf586415910fc8d469dd	4ace0519f925704dde2abc3c2ec0b8d634e7da628c0f89f8f4d23ed3ce239c12	ac61908826c9c5758f2dd2da932a467f7bc956cc8c28e336fab6c8ca70a0e589	PASS
R7B1_003909	40	DNAJC15	NK	H3_RESCUE_FALSIFICATION	1344	ede0f1040d11f8ce8ed868f72e5187b0af209757ead735af965e844dcf4af156	1266	b1bd2f0d498f5544170656cbfedcefd0910f9cdbeb154a9da4d86e1694c4daf6	78	0.0580357142857142	980	d43c425c70081291dac74bd86bb99a227ccf5c38c4c07e08344ebd5f61c51d85	f81462d272806f28a14a44bc90cb25eb060c9a68fc69ca4db90f78d3cd3bc9d1	550dc64bfec433bec58dd8060d1b493ef6b4f725d48a552a1e66c373cd904ad1	PASS
R7B1_003910	40	DNAJC15	NK_R	H3_RESCUE_FALSIFICATION	1344	ede0f1040d11f8ce8ed868f72e5187b0af209757ead735af965e844dcf4af156	1266	b1bd2f0d498f5544170656cbfedcefd0910f9cdbeb154a9da4d86e1694c4daf6	78	0.0580357142857142	750	6f18b268c8afa4012a48250b7b4eeb5a9e898869dcd147dd5352665df68a658a	c139230222e4ed23921f64a28eabcac9391d0d255b311cada1d50f41a8b50abc	92e0da6637c01d48788fcfb1d02b01d03cb62ab7ae315973a5ee601fb7d0e907	PASS
R7B1_003911	40	DNAJC15	Plasma	H3_RESCUE_FALSIFICATION	1344	ede0f1040d11f8ce8ed868f72e5187b0af209757ead735af965e844dcf4af156	1266	b1bd2f0d498f5544170656cbfedcefd0910f9cdbeb154a9da4d86e1694c4daf6	78	0.0580357142857142	253	b6da997c5e30a3ab3daca79466768575e9d9611929acaea2e132e1db1d03d61a	6ef2761600efdbabd6d4701b9fdc9a40e2a4a6e496346795628ba5c6c7a657df	5a9986ed48118223bec2fe7dae8035e17ecd5e8069cf09a5f7462f3f17d1ff80	PASS
R7B1_003926	40	EPSTI1	B_IN	H3_RESCUE_FALSIFICATION	1428	fcf309f5656da6a056b232d99eb2bc30cdc21cb2fe9024848f9dc3b4ccf27fd6	1341	f6addeceea2b49522e82ace9737be989087ef089b24e49f5763cd250f71fd312	87	0.0609243697478991	975	97191bbcf6fcdcbbf87d4093f1cb9f8caeda3538748918536c55d72eb3ed38a8	fc5fb8cbf1169542d05f2dd36f550a66b1d9e76861d10ccd674f75248b5e425b	226c56620563cd6ea610c633cc7a997f65731800782df59057c22ca01ada983a	PASS
R7B1_003927	40	EPSTI1	B_MEM	H3_RESCUE_FALSIFICATION	1428	fcf309f5656da6a056b232d99eb2bc30cdc21cb2fe9024848f9dc3b4ccf27fd6	1341	f6addeceea2b49522e82ace9737be989087ef089b24e49f5763cd250f71fd312	87	0.0609243697478991	970	e06893fc24804d4edf40418642530eb64f400039e833859b80b1a15c43a784d8	a7426429ec978109b61978e9d9613b29a90e3d9337ab054d06c196dd62eb43dd	d5dce65be5f3fb23e024995c179ed50cdf9599824a80b97ea281943f019bdd3c	PASS
R7B1_003928	40	EPSTI1	CD4_ET	H3_RESCUE_FALSIFICATION	1428	fcf309f5656da6a056b232d99eb2bc30cdc21cb2fe9024848f9dc3b4ccf27fd6	1341	f6addeceea2b49522e82ace9737be989087ef089b24e49f5763cd250f71fd312	87	0.0609243697478991	980	5493128dc348638df1e1d4d98a31af599a88c696fc1a5dec496554e0d5d3afbb	cf2d06601a60dc986030384997acc032512ad022d439a8826625f53fb9157a29	629a8e2a39d1f9fa8eaf3803a0f5b6095e448c492eb4f3f003532f21004617db	PASS
R7B1_003929	40	EPSTI1	CD4_NC	H3_RESCUE_FALSIFICATION	1428	fcf309f5656da6a056b232d99eb2bc30cdc21cb2fe9024848f9dc3b4ccf27fd6	1341	f6addeceea2b49522e82ace9737be989087ef089b24e49f5763cd250f71fd312	87	0.0609243697478991	980	d8fbdf46649ca82c35174ea9443a1a9e290c0a7206b9028431e6211641cfc5cc	761fc8ca52fb9ae2971f2d9b7d86f63a72d09fae9265bb4b632d652a47905c1a	204ae49c83baca7f6edd8fcb8340d7f86283b5b208b1e6376e3dc497b43df491	PASS
R7B1_003931	40	EPSTI1	CD8_ET	H3_RESCUE_FALSIFICATION	1428	fcf309f5656da6a056b232d99eb2bc30cdc21cb2fe9024848f9dc3b4ccf27fd6	1341	f6addeceea2b49522e82ace9737be989087ef089b24e49f5763cd250f71fd312	87	0.0609243697478991	980	510f420a322cad0d053e73324c186fb6c6ffd3c9299e6d94146495dc4c722b24	c2036ab7065c27e233034c993857dcd3796fa513819b995c8d58f9ef2f684326	54804d4f5a8e45345ea697209064efefd98411b845c346ca03fd631f21e71da5	PASS
R7B1_003932	40	EPSTI1	CD8_NC	H3_RESCUE_FALSIFICATION	1428	fcf309f5656da6a056b232d99eb2bc30cdc21cb2fe9024848f9dc3b4ccf27fd6	1341	f6addeceea2b49522e82ace9737be989087ef089b24e49f5763cd250f71fd312	87	0.0609243697478991	980	70e5c5508a392fb7c6f325bfdc329693d28b70e2832e770bc8659bde1f9ad760	a5014b033b8ac445cf97cc0c27f08c65a4b59085c2886ba1e6348dba92052833	558c21d87eedb1d4ef72f3a7053760cfd7741383efd822c0eb393a980221405f	PASS
R7B1_003933	40	EPSTI1	CD8_S100B	H3_RESCUE_FALSIFICATION	1428	fcf309f5656da6a056b232d99eb2bc30cdc21cb2fe9024848f9dc3b4ccf27fd6	1341	f6addeceea2b49522e82ace9737be989087ef089b24e49f5763cd250f71fd312	87	0.0609243697478991	959	588618495d6a844f6beedaae1c48ceda348c4b24ea9a9eddbbaf29718f0f296c	06849c14e041d9f35cffcf0315075bc4813f2fe09289f722a16fe7fb26db6853	4c1376732904bb93ceaa6d99a958afdc2fae3f71a0a2d493d23aa2ec4210fc56	PASS
R7B1_003937	40	EPSTI1	NK	H3_RESCUE_FALSIFICATION	1428	fcf309f5656da6a056b232d99eb2bc30cdc21cb2fe9024848f9dc3b4ccf27fd6	1341	f6addeceea2b49522e82ace9737be989087ef089b24e49f5763cd250f71fd312	87	0.0609243697478991	980	eff018e6a58f4459d75b56fe2c33c02c42ab286a3d926e2656bb95f2c87a7e14	f81462d272806f28a14a44bc90cb25eb060c9a68fc69ca4db90f78d3cd3bc9d1	550dc64bfec433bec58dd8060d1b493ef6b4f725d48a552a1e66c373cd904ad1	PASS
R7B1_003938	40	EPSTI1	NK_R	H3_RESCUE_FALSIFICATION	1428	fcf309f5656da6a056b232d99eb2bc30cdc21cb2fe9024848f9dc3b4ccf27fd6	1341	f6addeceea2b49522e82ace9737be989087ef089b24e49f5763cd250f71fd312	87	0.0609243697478991	750	ff79d380042ddb5fd80fdef5cef9966e0dba9bb19fcd7aff79759bbcf96376c9	c139230222e4ed23921f64a28eabcac9391d0d255b311cada1d50f41a8b50abc	92e0da6637c01d48788fcfb1d02b01d03cb62ab7ae315973a5ee601fb7d0e907	PASS
R7B1_004016	41	DLEU1	CD4_NC	H3_RESCUE_FALSIFICATION	1222	6e87b39559d8b07c20f1f08ff97b616443563d7938788b3dab4abc8dc3f10f98	1137	261ad6fe6d5296f07e1013147714f2a1bd80a3b4f9a4d22dfae9801ee1eba2e3	85	0.069558101472995	980	2ec6f742e7893d31d35a2cd9aea41d158d7ad91bd4e7f8d3a126db74f57df983	101d57675faf99fa01ffe786e4ee0ffbaf3f8bccfc0389f7324a6359fcbda2fd	d493042a979d0f4079e500c3c253bda16f6ef08d3ef1907f953c2b882b7639a4	PASS
R7B1_004027	41	EBPL	B_IN	H3_RESCUE_FALSIFICATION	1030	67171bfaddef389b63fe1fe37332062d7fd00afb6c471e4bf1cfe631cb368745	963	76f937ae7f66f386427ec959d183b1a4d9d12fa308a26006c29217dc381e52e9	67	0.0650485436893203	975	4020cb7a144b633fdace2a914975bd01c06bde176df3cc9e65d55d484e4092ce	78db64828c30195c62fb019b5d461a2b0b731e7db67b857f3991fb49dfeea7c7	15955c3a2cc78623daf7fd91b1d7c97bc584593e7ba9f8f177b5e0fabeb1e8bc	PASS
R7B1_004028	41	EBPL	B_MEM	H3_RESCUE_FALSIFICATION	1030	67171bfaddef389b63fe1fe37332062d7fd00afb6c471e4bf1cfe631cb368745	963	76f937ae7f66f386427ec959d183b1a4d9d12fa308a26006c29217dc381e52e9	67	0.0650485436893203	970	92435d500e4ac186efe21c92b1ef7be5b5e67b33a69d2e5188837cd8808d1785	0f8e47f5de4aaaa797331d879a5e8d63b97d2052637e3e8b9c8bcd0f5cfac15e	82e59dae7a4f8f2d85fa7c8e8a35f11f3326c7b8174e95ec2df79107ac29e15a	PASS
R7B1_004029	41	EBPL	CD4_ET	H3_RESCUE_FALSIFICATION	1030	67171bfaddef389b63fe1fe37332062d7fd00afb6c471e4bf1cfe631cb368745	963	76f937ae7f66f386427ec959d183b1a4d9d12fa308a26006c29217dc381e52e9	67	0.0650485436893203	980	99cecb00c137bbdfa655f6d468a886622567c3b2d09eca8997d32251dfdfcaee	77a0116a0cf0412b7e6f18aec0c70ab164ec41962bb180e3b526d34f850e4704	fb40a450801eab68b1d3030eb2412a7d37682d968a649a811038ae2287f00f6a	PASS
R7B1_004030	41	EBPL	CD4_NC	H3_RESCUE_FALSIFICATION	1030	67171bfaddef389b63fe1fe37332062d7fd00afb6c471e4bf1cfe631cb368745	963	76f937ae7f66f386427ec959d183b1a4d9d12fa308a26006c29217dc381e52e9	67	0.0650485436893203	980	eba44c48b604baead4b4a6964832d14b1c2b05e4c88a75688831f014392372d9	101d57675faf99fa01ffe786e4ee0ffbaf3f8bccfc0389f7324a6359fcbda2fd	d493042a979d0f4079e500c3c253bda16f6ef08d3ef1907f953c2b882b7639a4	PASS
R7B1_004032	41	EBPL	CD8_ET	H3_RESCUE_FALSIFICATION	1030	67171bfaddef389b63fe1fe37332062d7fd00afb6c471e4bf1cfe631cb368745	963	76f937ae7f66f386427ec959d183b1a4d9d12fa308a26006c29217dc381e52e9	67	0.0650485436893203	980	1bcfa93c2b8c449d9bd709cc76332bf1160b7ff86c740b11e61f7709949e31bd	83ff525a4c11a668ce97b2ffc571cdadd8b02ead1770ed347c70ae190b18a58c	1c8846364dce2df11a5426106ee7ed3d6502cf1c96c46f63155a9acd36bc69a3	PASS
R7B1_004033	41	EBPL	CD8_NC	H3_RESCUE_FALSIFICATION	1030	67171bfaddef389b63fe1fe37332062d7fd00afb6c471e4bf1cfe631cb368745	963	76f937ae7f66f386427ec959d183b1a4d9d12fa308a26006c29217dc381e52e9	67	0.0650485436893203	980	3a400750526874d7fa8f7ef9d12055c6033dab11644a3439355703a0d239cf47	f3d8651225590983b8b6f438ef2e2d76692f03d8deabd9d16c8e554d085c3e11	a661c6ff48eb110c6f2f1d04d2a3d82d5c7b66ca4d76f9afd29a585c1a3d9ed2	PASS
R7B1_004034	41	EBPL	CD8_S100B	H3_RESCUE_FALSIFICATION	1030	67171bfaddef389b63fe1fe37332062d7fd00afb6c471e4bf1cfe631cb368745	963	76f937ae7f66f386427ec959d183b1a4d9d12fa308a26006c29217dc381e52e9	67	0.0650485436893203	959	7400673953f0ba26fa789a29ecd4c95d7b8f4afd078965f4cdf8b2b6ef603f7a	7f15ba5689f18c9261cea444a7f69af6565fe02e33601e961491a6a6e12170c4	6043d870d2fa84ad87fef8c64fca7c96c4a51b8ba460e3e1ece91a29fb9037bc	PASS
R7B1_004036	41	EBPL	Mono_C	H3_RESCUE_FALSIFICATION	1030	67171bfaddef389b63fe1fe37332062d7fd00afb6c471e4bf1cfe631cb368745	963	76f937ae7f66f386427ec959d183b1a4d9d12fa308a26006c29217dc381e52e9	67	0.0650485436893203	851	1de433d2385212d892f19ff2b3b8fcb66cf3d5bd29ff86477c9a09c2c8421260	0fa2ea88e63838907742f17ee558dc6c2d31ccfa82ec910df733d28908cfc72f	e17fc86c2a667ed1a4936cbb0a57190aa99f5b388e0b6fd9776a87725ffa9730	PASS
R7B1_004038	41	EBPL	NK	H3_RESCUE_FALSIFICATION	1030	67171bfaddef389b63fe1fe37332062d7fd00afb6c471e4bf1cfe631cb368745	963	76f937ae7f66f386427ec959d183b1a4d9d12fa308a26006c29217dc381e52e9	67	0.0650485436893203	980	7ecb1e99a641f7fc542aeff9333a6221b94b66a8a623256b312f1a538fb62129	cbfc90a20634f316cf2bae98fc0287d6980ea0228b7607bb2cf886992c64c554	8e58ee06802702682277ed178dcf2fe8708b000085ea4f15e7f8f8675eccc78c	PASS
R7B1_004114	42	CFL2	CD4_NC	H3_RESCUE_FALSIFICATION	1428	fb634ac5119d2efacef60c872df3e3200ab1810154e18026bf84e5aaf9a87e06	1346	f0fe1b33d322ee0c519b96453ec527226025ac10b4e5d7eb75a42dd4e622e0d9	82	0.057422969187675	980	ed1f7731834cc6d3f77514b85b7e87f60e197c1f5c12185bc2fd13ed18b35daf	59dc24ea502fe8d9846f9bee396d27e9ee5ddfd94ede67fe906e4dddecf1716d	1104bb86fab058cc035af7a08729f7e53126afd4e5956958475ccc2aa6031c66	PASS
R7B1_004117	42	CFL2	CD8_NC	H3_RESCUE_FALSIFICATION	1428	fb634ac5119d2efacef60c872df3e3200ab1810154e18026bf84e5aaf9a87e06	1346	f0fe1b33d322ee0c519b96453ec527226025ac10b4e5d7eb75a42dd4e622e0d9	82	0.057422969187675	980	0487f70aec11d9ae33f17d503c16d59164f4aead56dea39e4978af3eb451c7db	a77567e69c8b29c69b5e3a905824e8d664a3d44caa4164ae33208e77f3530d59	b0d4892cbbeb76c344e6f3aa3ce7a48e6a794eb2691d8e17a0b1ce5312dfa8d8	PASS
R7B1_004137	42	FAM177A1	CD4_NC	H3_RESCUE_FALSIFICATION	1428	fb634ac5119d2efacef60c872df3e3200ab1810154e18026bf84e5aaf9a87e06	1346	f0fe1b33d322ee0c519b96453ec527226025ac10b4e5d7eb75a42dd4e622e0d9	82	0.057422969187675	980	25de47a0ed2010f5c6b2bd3dd27407b6a392fa3680f24533a1ece0e6bd67892c	59dc24ea502fe8d9846f9bee396d27e9ee5ddfd94ede67fe906e4dddecf1716d	1104bb86fab058cc035af7a08729f7e53126afd4e5956958475ccc2aa6031c66	PASS
R7B1_004151	42	SRP54	CD4_NC	H3_RESCUE_FALSIFICATION	1428	fb634ac5119d2efacef60c872df3e3200ab1810154e18026bf84e5aaf9a87e06	1346	f0fe1b33d322ee0c519b96453ec527226025ac10b4e5d7eb75a42dd4e622e0d9	82	0.057422969187675	980	bc21057e5526489d176da39819213d27224beebf16fb5bd3fb5847008b395fa9	59dc24ea502fe8d9846f9bee396d27e9ee5ddfd94ede67fe906e4dddecf1716d	1104bb86fab058cc035af7a08729f7e53126afd4e5956958475ccc2aa6031c66	PASS
R7B1_004211	43	ZFP36L1	B_IN	H3_RESCUE_FALSIFICATION	1001	4e973d1fc442fe25ff43aff3cbf791768c1a64b9a4bdb766243787f0ba672308	931	ef4ff1092af171976b2adf438d4555907d973d1d5b408b488150742a1cb9f38f	70	0.0699300699300699	975	388d4ad04cbbbe37b326927540e67ad35c5d6398f0257b26dc9f702a4f9564ff	91a65662cdd2b52bc671aa9e5617c3e6637204aad030bc6254bffb2fbf70672c	e398f23dc6dead28b056837f893ba006d4fec559fa5a99255992a67846435075	PASS
R7B1_004212	43	ZFP36L1	B_MEM	PRIMARY_184_TRIGGER_VERIFICATION	1001	4e973d1fc442fe25ff43aff3cbf791768c1a64b9a4bdb766243787f0ba672308	931	ef4ff1092af171976b2adf438d4555907d973d1d5b408b488150742a1cb9f38f	70	0.0699300699300699	970	4f995dc6cb1d414a9e7ab17e3cf10ff605c52c55894a4ba6f061544dce51ecfe	aee43abc0b28c4e21b54b34d8f851c539682ab8f496f7cf81042f0208f036ce5	52b31caa86d35398ab1170d65b3faa483cb2aa3773d63f34b59371c36d1b3a4b	PASS
R7B1_004214	43	ZFP36L1	CD4_NC	H3_RESCUE_FALSIFICATION	1001	4e973d1fc442fe25ff43aff3cbf791768c1a64b9a4bdb766243787f0ba672308	931	ef4ff1092af171976b2adf438d4555907d973d1d5b408b488150742a1cb9f38f	70	0.0699300699300699	980	c5a0cb1031902c6864c211f5e5d7adee9ae161ee28244963c831b7dd8c262448	2c74ac22cd87fa1af4713d976b1668c5526eb6bd4d60390e8a817a218021a5fe	6eb1cf018c24101de3b9d1e3a40981886c69bad77c404a467665cb6c0b0ec89e	PASS
R7B1_004221	43	ZFP36L1	Mono_NC	H3_RESCUE_FALSIFICATION	1001	4e973d1fc442fe25ff43aff3cbf791768c1a64b9a4bdb766243787f0ba672308	931	ef4ff1092af171976b2adf438d4555907d973d1d5b408b488150742a1cb9f38f	70	0.0699300699300699	690	725b14948a7f72953c3c637d683ea534c81eb3f0c42f5aa917dfc9373f5ba8ac	716a9b356412146bd5206b4713c7c6914b8d539333b075dbbcba291f269da37a	1f1ad63469b5abab96697821675a50101a4702f9ce4845404ed4e1ac3f41d358	PASS
R7B1_004256	44	CPSF2	CD4_NC	H3_RESCUE_FALSIFICATION	1245	9dd5d3afd3ee155e2cf2c93b85f7a63653de5161debdc605c615abc4e88ffbcc	1142	3c3a82c92f235a642963c54f7764ea6fdadde493b4c4cae78a8417d763f4a782	103	0.0827309236947791	980	084a94eaeee34a0b36d084b17240dcfba58a7a9b3fdbfdbdaaab572beb08acc3	a38fe8ed985036e1c76eed829bf835da35f09e693e681bbc4bffb4312fbd7312	30b7f70b72655e3c638b3c1cada4bf839e718a96e9f130aa1e881cfe53d80fc4	PASS
R7B1_004269	44	FBLN5	CD4_ET	H3_RESCUE_FALSIFICATION	1093	ab590308ab9e2cd449b6486f7248fbbe7bb9b3f99cf348a45177ed12e8cb7164	1007	6228ef1be6d2983ef34cf4a7c1e5c2d4175d266c410467cc9a44851416307a0d	86	0.0786825251601097	980	0af3f8df19a4b361d292a80c101d12425f780b3cd97d80dac8c9c1d5ea35dfdc	1d5b6c07dda0fc432a445d12bcc7d56f3ebf9ccccfd8272f2462a6b281449533	3da0b9887a3c7361737b44698b0663943395b4e70baea6aeabc31a9e1c7edd1e	PASS
R7B1_004270	44	FBLN5	CD4_NC	H3_RESCUE_FALSIFICATION	1093	ab590308ab9e2cd449b6486f7248fbbe7bb9b3f99cf348a45177ed12e8cb7164	1007	6228ef1be6d2983ef34cf4a7c1e5c2d4175d266c410467cc9a44851416307a0d	86	0.0786825251601097	980	98057d0726459ac7d6e5bf21d96d4b943b7a47f78edb3c88b2e05d79f7fac749	a38fe8ed985036e1c76eed829bf835da35f09e693e681bbc4bffb4312fbd7312	30b7f70b72655e3c638b3c1cada4bf839e718a96e9f130aa1e881cfe53d80fc4	PASS
R7B1_004273	44	FBLN5	CD8_NC	H3_RESCUE_FALSIFICATION	1093	ab590308ab9e2cd449b6486f7248fbbe7bb9b3f99cf348a45177ed12e8cb7164	1007	6228ef1be6d2983ef34cf4a7c1e5c2d4175d266c410467cc9a44851416307a0d	86	0.0786825251601097	980	85041f09ecdcd14015194505d70cc975840663ad5d4bcd2001db64f4f62528f6	9127017a43b7a9a5464c5f9b13809fee4e0ec2ddea1c2ed94af6cc2f3d8931cc	82d7a1706225723f5729a345a0b3efcbb2775a9bea4c1003e722a6b7daf98a42	PASS
R7B1_004307	44	LGMN	B_MEM	H3_RESCUE_FALSIFICATION	1297	82caaa1e630edf7b4c489e09f75d2e99bac049967ccc9811435067879e1f32d1	1183	cadfcfcb298904a6df043b3983b6c5e6edd79ff99029467fe94945a99991cec4	114	0.0878951426368542	970	1a215a1b8ed94b7edff32e964b506bf4cb33484c3caa2b66a8092b22234041c4	ca44971a9e4d08fdb30abd67076a403036c253be3ecfce03bd919e04092ff6dd	d2f1baf70466d6733fdd28afb656c3782e23ffd6a6147ce7765acecdfbc583c2	PASS
R7B1_004320	44	NDUFB1	B_MEM	H3_RESCUE_FALSIFICATION	1230	2515cdc0281ec753f6a0030ea57940c8926e9158f177dc03efe1336bf7968d05	1128	958a7d5c7025b4c281ea1ae62c0c815bbde2ddf46bc0186ed3ea0b6437439317	102	0.0829268292682926	970	d8c5e95867d40e0da3beb505120f3735808de321d2f97c3c70ffe96ca0ac8fc5	ca44971a9e4d08fdb30abd67076a403036c253be3ecfce03bd919e04092ff6dd	d2f1baf70466d6733fdd28afb656c3782e23ffd6a6147ce7765acecdfbc583c2	PASS
R7B1_004322	44	NDUFB1	CD4_NC	H3_RESCUE_FALSIFICATION	1230	2515cdc0281ec753f6a0030ea57940c8926e9158f177dc03efe1336bf7968d05	1128	958a7d5c7025b4c281ea1ae62c0c815bbde2ddf46bc0186ed3ea0b6437439317	102	0.0829268292682926	980	33b17bcc801a0b20d447929e1cc3aa3ff732d911ca3f3e52d747aff1ebb4cc43	a38fe8ed985036e1c76eed829bf835da35f09e693e681bbc4bffb4312fbd7312	30b7f70b72655e3c638b3c1cada4bf839e718a96e9f130aa1e881cfe53d80fc4	PASS
R7B1_004325	44	NDUFB1	CD8_NC	H3_RESCUE_FALSIFICATION	1230	2515cdc0281ec753f6a0030ea57940c8926e9158f177dc03efe1336bf7968d05	1128	958a7d5c7025b4c281ea1ae62c0c815bbde2ddf46bc0186ed3ea0b6437439317	102	0.0829268292682926	980	848cf70b857ef9fe4a12f863b54537ef3013b8df15a6816ba45b977223c622fe	9127017a43b7a9a5464c5f9b13809fee4e0ec2ddea1c2ed94af6cc2f3d8931cc	82d7a1706225723f5729a345a0b3efcbb2775a9bea4c1003e722a6b7daf98a42	PASS
R7B1_004343	44	RIN3	Mono_NC	H3_RESCUE_FALSIFICATION	1297	82caaa1e630edf7b4c489e09f75d2e99bac049967ccc9811435067879e1f32d1	1183	cadfcfcb298904a6df043b3983b6c5e6edd79ff99029467fe94945a99991cec4	114	0.0878951426368542	690	23abf206ac5e5c5ac75fd8d06d2e973dc5465d6aea72d1136764ed2156390fea	f305137944b0f70f2736f6918bc7e74d91714f21142b0d9863d76b5d6514a5a8	ee2ebd1ce567c494e81c7b3be542d6a7a24938a8ae6abd1e5d687f6887645a13	PASS
R7B1_004348	44	SLC24A4	Mono_C	H3_RESCUE_FALSIFICATION	1297	82caaa1e630edf7b4c489e09f75d2e99bac049967ccc9811435067879e1f32d1	1183	cadfcfcb298904a6df043b3983b6c5e6edd79ff99029467fe94945a99991cec4	114	0.0878951426368542	851	475856e7dcec2a59943f0730d9d1e57102e632f3f370842e675a6d79db7322b2	35aeff6994bde5a2d9faac5a4bb5a4e936abc738c04751c3b0ff3d34fdc566e0	7c398535f43608fbd07219b1a9824a0542270bac23261b24c41ec23388b41f50	PASS
R7B1_004349	44	SLC24A4	Mono_NC	H3_RESCUE_FALSIFICATION	1297	82caaa1e630edf7b4c489e09f75d2e99bac049967ccc9811435067879e1f32d1	1183	cadfcfcb298904a6df043b3983b6c5e6edd79ff99029467fe94945a99991cec4	114	0.0878951426368542	690	637325e34c9604595ee5fdd3853aa84de74970348c39e0b6d221140b6ea70d02	f305137944b0f70f2736f6918bc7e74d91714f21142b0d9863d76b5d6514a5a8	ee2ebd1ce567c494e81c7b3be542d6a7a24938a8ae6abd1e5d687f6887645a13	PASS
R7B1_004367	44	UBR7	CD4_NC	H3_RESCUE_FALSIFICATION	1032	2f7a105c171cbcd0663a5352872ebe703c280603208758392721740f3d8d82f3	937	d47aec39e0ad6d0d3198cc1b825327018072630138aab88766da2aa772e28e68	95	0.0920542635658914	980	4ad8a2d48a4919566efa921ce7047b96376f0fa6f4fc50cdba365b4025e35b0c	a38fe8ed985036e1c76eed829bf835da35f09e693e681bbc4bffb4312fbd7312	30b7f70b72655e3c638b3c1cada4bf839e718a96e9f130aa1e881cfe53d80fc4	PASS
R7B1_004381	45	APOPT1	CD4_NC	H3_RESCUE_FALSIFICATION	512	7730636e8ce64e97ad455e6b7b01d8d87fc4040b818e4a221faa97b97608ba1e	422	927d3ee6da60db09761fe0a8a86f361f47a1f6ee939cca9e5bcf42df9672affd	90	0.17578125	980	b4b4c5ae2fcd9dd30c722cb54d1c1ac623efd0ff97c1ed32847b26e166fe5bf3	fc93d75e86c0d1ed7472e5740bdb6f172b2c33ad81e966fbe674f8f049267ad0	074c52aeb0b21ea3ddfb2a1d50f9f7fe9bc290d7c6208a116b3e58be05837107	PASS
R7B1_004383	45	APOPT1	CD8_ET	H3_RESCUE_FALSIFICATION	512	7730636e8ce64e97ad455e6b7b01d8d87fc4040b818e4a221faa97b97608ba1e	422	927d3ee6da60db09761fe0a8a86f361f47a1f6ee939cca9e5bcf42df9672affd	90	0.17578125	980	b2bb7fc46ca028c200f745e6803061b07420e1ae1674acf296e200d93261a3a2	96f6f98bdfa41fd4c71a2e0c9e677932597ed7b91c400ec803bc73a5dc8740f6	c41d893e702eb0cda6dc22c20585506d29309e4b17da7675f623101a4da2b3b6	PASS
R7B1_004397	45	BAG5	CD8_ET	H3_RESCUE_FALSIFICATION	526	7eee59ab6c222f8b1ff37981bd4bb0d17937d426c24769ea1c79e605f7719fc0	434	6ecb340df313ed5fbd2c96ed8ee87fce97eaeeeb46d96ca86a735969d379d965	92	0.1749049429657794	980	c2dd2878f840e9aad49462fc172fe8163a9f6a20547c85d03f15bf4c99103326	96f6f98bdfa41fd4c71a2e0c9e677932597ed7b91c400ec803bc73a5dc8740f6	c41d893e702eb0cda6dc22c20585506d29309e4b17da7675f623101a4da2b3b6	PASS
R7B1_004437	45	CKB	CD4_NC	H3_RESCUE_FALSIFICATION	541	278a87bdac1c4274db503e88451d4822da05f7765d20def3f3ceefc48c7107e3	449	48a3bddc196956ced73c00bb5b13e066bc2065b8b60c2c92924cbea2930d50f6	92	0.1700554528650646	980	c8ef31ed187741ad21c18bc92f5d467de137ec9c0b7945938695743e91fa2594	fc93d75e86c0d1ed7472e5740bdb6f172b2c33ad81e966fbe674f8f049267ad0	074c52aeb0b21ea3ddfb2a1d50f9f7fe9bc290d7c6208a116b3e58be05837107	PASS
R7B1_004438	45	CKB	CD8_ET	H3_RESCUE_FALSIFICATION	541	278a87bdac1c4274db503e88451d4822da05f7765d20def3f3ceefc48c7107e3	449	48a3bddc196956ced73c00bb5b13e066bc2065b8b60c2c92924cbea2930d50f6	92	0.1700554528650646	980	a605941d885b1f8f1c995020d3938de2771ba405b7e00ea3a6f281ba91d392c1	96f6f98bdfa41fd4c71a2e0c9e677932597ed7b91c400ec803bc73a5dc8740f6	c41d893e702eb0cda6dc22c20585506d29309e4b17da7675f623101a4da2b3b6	PASS
R7B1_004439	45	CKB	CD8_NC	H3_RESCUE_FALSIFICATION	541	278a87bdac1c4274db503e88451d4822da05f7765d20def3f3ceefc48c7107e3	449	48a3bddc196956ced73c00bb5b13e066bc2065b8b60c2c92924cbea2930d50f6	92	0.1700554528650646	980	dfa5fa179fcc81681a934a0ea65c977ba4c8e3f64a063b5ee04b42f28ccd98f5	6609992b8d2089263cd3ac39b711b865e46162768caa6db268d2ac2bcb8ee70f	d40ca9d760739be7ffa4e1addf226ddf567b056a7f857c4a0bbbd0084cabcfdf	PASS
R7B1_004443	45	CKB	Mono_NC	H3_RESCUE_FALSIFICATION	541	278a87bdac1c4274db503e88451d4822da05f7765d20def3f3ceefc48c7107e3	449	48a3bddc196956ced73c00bb5b13e066bc2065b8b60c2c92924cbea2930d50f6	92	0.1700554528650646	690	64a6eb157865659eacb4e8ddc65e48df1d0054800354167aa5ab5010375b399a	777bd91261d401b9240b0fff43280601e896b1f6067af0d236bd6cfd08ab50d9	9115e3766daaa994c79ca4af0adec5761d50b2f5f96098ae65ff06d07f534ab7	PASS
R7B1_004462	45	KLC1	CD4_NC	H3_RESCUE_FALSIFICATION	497	475ba556ad1cfae8425f8f685f1467f42b12a56ae89a88d0fcbdfee9280ea347	407	ffdea58a6d20a3318276a08bfa69fb5678c0a45f5d297684cff49aa8f97bfe77	90	0.1810865191146881	980	2739888dfc6a273f914febfe222db1eed748b9b41e1237867447768aff5ea3d1	fc93d75e86c0d1ed7472e5740bdb6f172b2c33ad81e966fbe674f8f049267ad0	074c52aeb0b21ea3ddfb2a1d50f9f7fe9bc290d7c6208a116b3e58be05837107	PASS
R7B1_004464	45	KLC1	CD8_ET	H3_RESCUE_FALSIFICATION	497	475ba556ad1cfae8425f8f685f1467f42b12a56ae89a88d0fcbdfee9280ea347	407	ffdea58a6d20a3318276a08bfa69fb5678c0a45f5d297684cff49aa8f97bfe77	90	0.1810865191146881	980	9c6642a12ee115ddd6a6b637c311fd0d49952a5f087725e231a7ddce6d3dc275	96f6f98bdfa41fd4c71a2e0c9e677932597ed7b91c400ec803bc73a5dc8740f6	c41d893e702eb0cda6dc22c20585506d29309e4b17da7675f623101a4da2b3b6	PASS
R7B1_004476	45	MARK3	CD4_NC	H3_RESCUE_FALSIFICATION	541	278a87bdac1c4274db503e88451d4822da05f7765d20def3f3ceefc48c7107e3	449	48a3bddc196956ced73c00bb5b13e066bc2065b8b60c2c92924cbea2930d50f6	92	0.1700554528650646	980	904238aa8df32498fedc02a34403a033b1e86a782933660d3daf84d9e6c8becd	fc93d75e86c0d1ed7472e5740bdb6f172b2c33ad81e966fbe674f8f049267ad0	074c52aeb0b21ea3ddfb2a1d50f9f7fe9bc290d7c6208a116b3e58be05837107	PASS
R7B1_004479	45	MARK3	CD8_NC	H3_RESCUE_FALSIFICATION	541	278a87bdac1c4274db503e88451d4822da05f7765d20def3f3ceefc48c7107e3	449	48a3bddc196956ced73c00bb5b13e066bc2065b8b60c2c92924cbea2930d50f6	92	0.1700554528650646	980	89eff57c93106c3c1dc77d16f2359abecd466c2e50162680e04f9330a74a1d9e	6609992b8d2089263cd3ac39b711b865e46162768caa6db268d2ac2bcb8ee70f	d40ca9d760739be7ffa4e1addf226ddf567b056a7f857c4a0bbbd0084cabcfdf	PASS
R7B1_004501	45	RP11-73M18.10	CD4_NC	H3_RESCUE_FALSIFICATION	493	6f50d2fef9fe4668d0056f645828420842d75557500ab4c63f8fffa2de171cc5	403	39e4d216941f7924626f640ab474ac1e4d61e7ec2ffd00c7ed3fb5e3eddc7954	90	0.1825557809330628	980	c9d5a5b2266687eefad90816a02ec714894343af58221789e753978d924428a8	fc93d75e86c0d1ed7472e5740bdb6f172b2c33ad81e966fbe674f8f049267ad0	074c52aeb0b21ea3ddfb2a1d50f9f7fe9bc290d7c6208a116b3e58be05837107	PASS
R7B1_004514	45	RP11-894P9.1	CD4_NC	H3_RESCUE_FALSIFICATION	495	89d377cf4b0a3b40bfba2dad2c882f7ca3301c4d1809bdd13b5c5fb87d70ed77	405	8d29cb4bfb6e4691d28361ff9258bed67ef43058089279879d46e1516c9b5059	90	0.1818181818181818	980	eedd65f7f2b42220f0cb39f1f34b6f6995e820fc7135a49818341b9f37bbed7f	fc93d75e86c0d1ed7472e5740bdb6f172b2c33ad81e966fbe674f8f049267ad0	074c52aeb0b21ea3ddfb2a1d50f9f7fe9bc290d7c6208a116b3e58be05837107	PASS
R7B1_004515	45	RP11-894P9.1	CD8_ET	H3_RESCUE_FALSIFICATION	495	89d377cf4b0a3b40bfba2dad2c882f7ca3301c4d1809bdd13b5c5fb87d70ed77	405	8d29cb4bfb6e4691d28361ff9258bed67ef43058089279879d46e1516c9b5059	90	0.1818181818181818	980	6a9c576e5f031049f19f342a60ac4b33a616c990a93804567f26e526c21727c7	96f6f98bdfa41fd4c71a2e0c9e677932597ed7b91c400ec803bc73a5dc8740f6	c41d893e702eb0cda6dc22c20585506d29309e4b17da7675f623101a4da2b3b6	PASS
R7B1_004521	45	RP11-894P9.1	NK	H3_RESCUE_FALSIFICATION	495	89d377cf4b0a3b40bfba2dad2c882f7ca3301c4d1809bdd13b5c5fb87d70ed77	405	8d29cb4bfb6e4691d28361ff9258bed67ef43058089279879d46e1516c9b5059	90	0.1818181818181818	980	9829d166c1c7b2c8abe41a2e7f4706631b637ca3c14947f50a4c0ae0aa3a220e	3e6fb98377bb3ec4031febaa42d5ca4e4f012c1994b9dc6478116156bb989110	91965f3c029454dbed34828fb3a514df209d3da314f049247e3183512fc3a07a	PASS
R7B1_004536	46	ATF7IP2	CD4_ET	H3_RESCUE_FALSIFICATION	917	80d5d5b0ed6258785c0e41d1ffff86f2f60a7b6c41ba7c592746038661e87d6e	845	b973758516a624cde0a0047a5ddcbe2083a0de057f172b3748323ac0a7550bae	72	0.0785169029443838	980	b34ba31541256d9464edd80d6ba94c35e79ec1afaf63edb57513ccda9b623b55	82b9ec42632fec10906f8a1e70686436bfd74a76ecb108d9054d15f1e8aa95e5	5ed70e6b9cd506f505b93c32f44924adc8e6d8ccec476efd91bfc363cc6ec659	PASS
R7B1_004537	46	ATF7IP2	CD4_NC	H3_RESCUE_FALSIFICATION	917	80d5d5b0ed6258785c0e41d1ffff86f2f60a7b6c41ba7c592746038661e87d6e	845	b973758516a624cde0a0047a5ddcbe2083a0de057f172b3748323ac0a7550bae	72	0.0785169029443838	980	432babd2169a9230b56fb03c4d99465fd8ae544b7943e6ba73fdc39cfe35176c	ea14f0222e0c26b45b14542370d685b2120fb99d4dc177bd5aafc270a40c6cf9	b145a566b24bc94944cd998a34cdf0cc47e6de0781b04bd0b095670645a39cb5	PASS
R7B1_004540	46	ATF7IP2	CD8_NC	H3_RESCUE_FALSIFICATION	917	80d5d5b0ed6258785c0e41d1ffff86f2f60a7b6c41ba7c592746038661e87d6e	845	b973758516a624cde0a0047a5ddcbe2083a0de057f172b3748323ac0a7550bae	72	0.0785169029443838	980	4beb9a29169b0302a89fbe866f458ffb234e6ed952fa2144416131f41f0a7b92	39cf56c722a78758599a392262bb136dbc3e985e7378d77d7e8b3713c18264ec	a0fc7f926ee5d8ffb99f01c139fd621367027b37d88154b085f8b03093b538de	PASS
R7B1_004571	46	LITAF	Mono_C	H3_RESCUE_FALSIFICATION	1151	dc9b7608716c4c5a708d9e34096315dddd3d0520140169f4db103227c1527da8	1042	613b3f28ee1c99442d72068170a31a0d0e4c7bf6af6b227b40be3283b332a278	109	0.0947002606429192	851	f2c4c497f7bd1fa8ae1b44bdc1d0092479e89a951f3d52fd61313633c35a867d	54a51d0825c38ef5522f8452b52d2eb33722c9759903319de653c446fffc3bfe	fc34eb7aab242122388ca3d9ed3e14691c8dbb1fdbbb869afbda15ae128bda75	PASS
R7B1_004572	46	LITAF	Mono_NC	H3_RESCUE_FALSIFICATION	1151	dc9b7608716c4c5a708d9e34096315dddd3d0520140169f4db103227c1527da8	1042	613b3f28ee1c99442d72068170a31a0d0e4c7bf6af6b227b40be3283b332a278	109	0.0947002606429192	690	124bbba0a5a50629ddd15bc85166634e25afdc42dab31483c74395b4a3052e37	88a36c124f57f907ef27a3650370a4c7a69c8be5d53871a763559cdea7a2b1f2	e040b0cec30fa29534e573b8634460172174f14847789ddd1f60fe6ee71c7416	PASS
R7B1_004573	46	LITAF	NK	H3_RESCUE_FALSIFICATION	1151	dc9b7608716c4c5a708d9e34096315dddd3d0520140169f4db103227c1527da8	1042	613b3f28ee1c99442d72068170a31a0d0e4c7bf6af6b227b40be3283b332a278	109	0.0947002606429192	980	cb3bc41f858ab05787eb10465366605656136288e5cb89ef2183cb2449e8057c	22064dd34ab0dad11910ac9342d01ee51e7bf5683c6e8c0fc62c713e60428f0e	cd15b2e628fec5c1227d66d89047c7655440e82c8aecb0d3b21b7ec494e38357	PASS
R7B1_004576	46	RMI2	B_IN	H3_RESCUE_FALSIFICATION	1176	ad7536548076d29885421c228d1a67eec338e91a508e8adf5f2d77ebd834f3b0	1063	0b52fc45f591cabc1607c905a43693d9a990f8a315b00909f3674a2481ef4484	113	0.0960884353741496	975	f19f3ad9a54fc9d310cf76e0c6413eebfe2301d2f45b08e25acd99f813a123e6	6921219e840ec355e8b78751fc4287968156d024b5b43242b3444638acc54bc2	5e4197ebe46840a95f4a8e5080806d88d2d786d03bc7edfba5e869a3cdb3a13e	PASS
R7B1_004579	46	RMI2	CD4_NC	H3_RESCUE_FALSIFICATION	1176	ad7536548076d29885421c228d1a67eec338e91a508e8adf5f2d77ebd834f3b0	1063	0b52fc45f591cabc1607c905a43693d9a990f8a315b00909f3674a2481ef4484	113	0.0960884353741496	980	57928945a159593e9bd2201f20d296615b5b3c2be463bee0cc067f001e2c9278	ea14f0222e0c26b45b14542370d685b2120fb99d4dc177bd5aafc270a40c6cf9	b145a566b24bc94944cd998a34cdf0cc47e6de0781b04bd0b095670645a39cb5	PASS
R7B1_004582	46	RMI2	NK	H3_RESCUE_FALSIFICATION	1176	ad7536548076d29885421c228d1a67eec338e91a508e8adf5f2d77ebd834f3b0	1063	0b52fc45f591cabc1607c905a43693d9a990f8a315b00909f3674a2481ef4484	113	0.0960884353741496	980	f9276a80a4eefe7a0de91691a35c5cd1ba1db227d46e77a625ff86f619278053	22064dd34ab0dad11910ac9342d01ee51e7bf5683c6e8c0fc62c713e60428f0e	cd15b2e628fec5c1227d66d89047c7655440e82c8aecb0d3b21b7ec494e38357	PASS
R7B1_004690	47	IL21R	B_MEM	H3_RESCUE_FALSIFICATION	704	4f5b514381bc4b7b20ff337fa917f6c680b35c28798f81880c1447e75708a6b2	637	c9dfc34c24adfee18621eb3b823f64dd9ea73e9469cd065df0c6bb3f8ed0df05	67	0.0951704545454545	970	50f8cb3df7d65230d99947cd7a6903fa3579aec188ab33f953fa17e495e60b6d	474f4401e3a6484066d48a5f2f2b270f11d1738f17ee48e1f650ee749d17096a	187048ce98dc821da2a0eaa1265854c49b13fbab23f5144c6b86b5d0b57f5158	PASS
R7B1_004700	47	IL21R	NK_R	H3_RESCUE_FALSIFICATION	704	4f5b514381bc4b7b20ff337fa917f6c680b35c28798f81880c1447e75708a6b2	637	c9dfc34c24adfee18621eb3b823f64dd9ea73e9469cd065df0c6bb3f8ed0df05	67	0.0951704545454545	750	f23083057d8067f0a9b914c0a48ad876b27f1ba59b233e7af1ddd84baa7f7b91	e9851b803fc8d053a91689d94bc0a47f60d68a1dcd604265f56a0b924df6bf87	c16fb279d4b13e9a8a7202f04cffb5d05a47e2cf6f94acd9c95a8c4c615aa792	PASS
R7B1_004701	47	IL4R	B_IN	H3_RESCUE_FALSIFICATION	704	4f5b514381bc4b7b20ff337fa917f6c680b35c28798f81880c1447e75708a6b2	637	c9dfc34c24adfee18621eb3b823f64dd9ea73e9469cd065df0c6bb3f8ed0df05	67	0.0951704545454545	975	ed6e8404409e92c132bfe07a5ab49c55f7cf3e4bba5bf32a9f859e64a5888d5c	50da03fc987134530dfd9d45f1e238657f71d388c719f76e9045c310f487d8a3	4c05399d77e8ae83bf572603f469521e9fbf845016e61052efe6330cf42b12e3	PASS
R7B1_004888	48	DPEP2	NK	PRIMARY_184_TRIGGER_VERIFICATION	598	d14bdd9c6c543607f31de4ca7a1c273c2e18e4abe451a191855a8dcf6022d396	567	7cc63dcbac81b0a193417fe09353a428fe5eab4e92a90e8884b71738f7fdb287	31	0.0518394648829431	980	d8998fbeef889babde30e3110587e1bd6e9024d55a1d44a8aee3ed503f1b41d8	db2d154f12e08331fdd0ac931ec704136cccefd68c62c236b47798891128ddad	44fe584a42af78e97a00b18f3cbee6ae3ac0bdd6f941dcb9e98022ef2a6b9f3f	PASS
R7B1_004926	48	NFATC3	B_MEM	PRIMARY_184_TRIGGER_VERIFICATION	598	d14bdd9c6c543607f31de4ca7a1c273c2e18e4abe451a191855a8dcf6022d396	567	7cc63dcbac81b0a193417fe09353a428fe5eab4e92a90e8884b71738f7fdb287	31	0.0518394648829431	970	386e70058830f6e29b00d74dc4dfa45c73c5197632a700b6501924d50a6a5698	443a5535768bc14858251ae0e5cdbffb563350a60abb6bcfaf92497d05914b02	401be5929fc3d04264833bf0e89932be02c017686e49aa46eb70c92d1c41a8ac	PASS
R7B1_004928	48	NFATC3	CD4_NC	PRIMARY_184_TRIGGER_VERIFICATION	598	d14bdd9c6c543607f31de4ca7a1c273c2e18e4abe451a191855a8dcf6022d396	567	7cc63dcbac81b0a193417fe09353a428fe5eab4e92a90e8884b71738f7fdb287	31	0.0518394648829431	980	5be509d41d72e3924d9b178bfbb8ba6ba1092439f3e5fff886c63f4f26bbaabe	26a525b235876718ed23fb4d9c5e282a25ffb61afe6784f3454a59c1e2a7a2db	99c33a1586c23b978911d1dc4924c0f2f4bc919a59153e130aacd02a3e4be0b3	PASS
R7B1_004932	48	NFATC3	CD8_S100B	PRIMARY_184_TRIGGER_VERIFICATION	598	d14bdd9c6c543607f31de4ca7a1c273c2e18e4abe451a191855a8dcf6022d396	567	7cc63dcbac81b0a193417fe09353a428fe5eab4e92a90e8884b71738f7fdb287	31	0.0518394648829431	959	9931c3c9ec64bf0857c3cf0d42223384d6ecea6efd63065712b3ca47e660cd80	1c41ef7998cadbe8bde0962c581e37b35b90e17cb1d3177f60e6a36f29000c15	b5abe22d4633acadb1245f79e91d1d778d1d9a1368309a5de7aeda6fd14cc707	PASS
R7B1_004942	48	NUTF2	CD4_NC	H3_RESCUE_FALSIFICATION	598	d14bdd9c6c543607f31de4ca7a1c273c2e18e4abe451a191855a8dcf6022d396	567	7cc63dcbac81b0a193417fe09353a428fe5eab4e92a90e8884b71738f7fdb287	31	0.0518394648829431	980	cd0e10612641db9950cf13f7e3826d13dc9516179dd6b06b4d6c5de444767bd5	26a525b235876718ed23fb4d9c5e282a25ffb61afe6784f3454a59c1e2a7a2db	99c33a1586c23b978911d1dc4924c0f2f4bc919a59153e130aacd02a3e4be0b3	PASS
R7B1_004944	48	NUTF2	CD8_ET	H3_RESCUE_FALSIFICATION	598	d14bdd9c6c543607f31de4ca7a1c273c2e18e4abe451a191855a8dcf6022d396	567	7cc63dcbac81b0a193417fe09353a428fe5eab4e92a90e8884b71738f7fdb287	31	0.0518394648829431	980	ffeaf2d7d2dcd766d898a67fa34239fe8f89d8053292fd354e2be8cc913db950	b4abba65b668009321bed77f7f2fe83efa7caa2ed6ca925053cc130342553132	db864bc7842f72fd50f30750b2ef49c5b1b19231cd8b1992a32d00b1c006f6c5	PASS
R7B1_004945	48	NUTF2	CD8_NC	H3_RESCUE_FALSIFICATION	598	d14bdd9c6c543607f31de4ca7a1c273c2e18e4abe451a191855a8dcf6022d396	567	7cc63dcbac81b0a193417fe09353a428fe5eab4e92a90e8884b71738f7fdb287	31	0.0518394648829431	980	ab00052d94420293d2401021208e2ad848a5f5d8c99098c42ab73c5d344496ac	72840d3fe5ec75896166f63712ca08b63ec4d2205f82e119420932a2a6c9897b	9fb581a081e99c432008f91c725b9eb87735ae967f54a59775b488e1cbefbb77	PASS
R7B1_004946	48	NUTF2	CD8_S100B	H3_RESCUE_FALSIFICATION	598	d14bdd9c6c543607f31de4ca7a1c273c2e18e4abe451a191855a8dcf6022d396	567	7cc63dcbac81b0a193417fe09353a428fe5eab4e92a90e8884b71738f7fdb287	31	0.0518394648829431	959	93ce5b0484a85769f179f78f8166b30bfce88d8d3c89ba074d69dbd55569c458	1c41ef7998cadbe8bde0962c581e37b35b90e17cb1d3177f60e6a36f29000c15	b5abe22d4633acadb1245f79e91d1d778d1d9a1368309a5de7aeda6fd14cc707	PASS
R7B1_004950	48	NUTF2	NK	H3_RESCUE_FALSIFICATION	598	d14bdd9c6c543607f31de4ca7a1c273c2e18e4abe451a191855a8dcf6022d396	567	7cc63dcbac81b0a193417fe09353a428fe5eab4e92a90e8884b71738f7fdb287	31	0.0518394648829431	980	b379ec819e86ade9b0d81d155840b02e54bdc25c4536fd169198feaeab177701	db2d154f12e08331fdd0ac931ec704136cccefd68c62c236b47798891128ddad	44fe584a42af78e97a00b18f3cbee6ae3ac0bdd6f941dcb9e98022ef2a6b9f3f	PASS
R7B1_004988	48	SLC7A6	CD4_NC	H3_RESCUE_FALSIFICATION	598	d14bdd9c6c543607f31de4ca7a1c273c2e18e4abe451a191855a8dcf6022d396	567	7cc63dcbac81b0a193417fe09353a428fe5eab4e92a90e8884b71738f7fdb287	31	0.0518394648829431	980	b8951caec4083d9b40d50a93a0e81ca00fa7f216492ff3581d8e02cf9c19cc8f	26a525b235876718ed23fb4d9c5e282a25ffb61afe6784f3454a59c1e2a7a2db	99c33a1586c23b978911d1dc4924c0f2f4bc919a59153e130aacd02a3e4be0b3	PASS
R7B1_005000	48	SMPD3	B_MEM	H3_RESCUE_FALSIFICATION	598	d14bdd9c6c543607f31de4ca7a1c273c2e18e4abe451a191855a8dcf6022d396	567	7cc63dcbac81b0a193417fe09353a428fe5eab4e92a90e8884b71738f7fdb287	31	0.0518394648829431	970	c4400efbdae8156136337d9a0903b40367a1baf53a459e38442e7fce9761937f	443a5535768bc14858251ae0e5cdbffb563350a60abb6bcfaf92497d05914b02	401be5929fc3d04264833bf0e89932be02c017686e49aa46eb70c92d1c41a8ac	PASS
R7B1_005002	48	SMPD3	CD8_ET	H3_RESCUE_FALSIFICATION	598	d14bdd9c6c543607f31de4ca7a1c273c2e18e4abe451a191855a8dcf6022d396	567	7cc63dcbac81b0a193417fe09353a428fe5eab4e92a90e8884b71738f7fdb287	31	0.0518394648829431	980	470a1c99db7b8f067eaf5f791f068de8a7f952d469244677b1acce32224800a5	b4abba65b668009321bed77f7f2fe83efa7caa2ed6ca925053cc130342553132	db864bc7842f72fd50f30750b2ef49c5b1b19231cd8b1992a32d00b1c006f6c5	PASS
R7B1_005004	48	SMPD3	DC	H3_RESCUE_FALSIFICATION	598	d14bdd9c6c543607f31de4ca7a1c273c2e18e4abe451a191855a8dcf6022d396	567	7cc63dcbac81b0a193417fe09353a428fe5eab4e92a90e8884b71738f7fdb287	31	0.0518394648829431	726	6ff2886755edbb75089cc3ceb4e7986bd74639f17a3c91b8758afb6d9cd2bffe	cd6a93c6ca9f885038e484eda09968d2e762cb52499ba54368a65f55f8f32d1b	19a5c8a929299c063dc44fde3875216e439ece019527658dc168a539bc4ad43a	PASS
R7B1_005005	48	SMPD3	NK	H3_RESCUE_FALSIFICATION	598	d14bdd9c6c543607f31de4ca7a1c273c2e18e4abe451a191855a8dcf6022d396	567	7cc63dcbac81b0a193417fe09353a428fe5eab4e92a90e8884b71738f7fdb287	31	0.0518394648829431	980	02fced125e67cd6f8ccf93a7bf5977c5b65fdfdce29e557dec1a29b8bdf831d6	db2d154f12e08331fdd0ac931ec704136cccefd68c62c236b47798891128ddad	44fe584a42af78e97a00b18f3cbee6ae3ac0bdd6f941dcb9e98022ef2a6b9f3f	PASS
R7B1_005022	48	ZFP90	CD4_ET	H3_RESCUE_FALSIFICATION	560	c96e29366f4a94eabb79cf370bc3d046e41bc56195b1cacdc26f70a36c33dbf4	540	dd547d9836ef60c69630373169b8fb1abaec95be479223fe69a1e72dabdb38b0	20	0.0357142857142857	980	ca2fb77b6a2d88b3587386b77085829c924745d7b46ba4082ddc5d02e68b1dd3	9c312c8ebb6e68d57d28d80854116269f263ee40533b33707f37d683b9ffe634	02275288420f7a0df6c1aef020b5da2143a3351ff086d00723d6f4617eee509e	PASS
R7B1_005023	48	ZFP90	CD4_NC	H3_RESCUE_FALSIFICATION	560	c96e29366f4a94eabb79cf370bc3d046e41bc56195b1cacdc26f70a36c33dbf4	540	dd547d9836ef60c69630373169b8fb1abaec95be479223fe69a1e72dabdb38b0	20	0.0357142857142857	980	b083d67b151ce6216f11b83c2cdd9da2a3ce3c524c9c57770e3e5457fc287c2d	26a525b235876718ed23fb4d9c5e282a25ffb61afe6784f3454a59c1e2a7a2db	99c33a1586c23b978911d1dc4924c0f2f4bc919a59153e130aacd02a3e4be0b3	PASS
R7B1_005025	48	ZFP90	CD8_ET	H3_RESCUE_FALSIFICATION	560	c96e29366f4a94eabb79cf370bc3d046e41bc56195b1cacdc26f70a36c33dbf4	540	dd547d9836ef60c69630373169b8fb1abaec95be479223fe69a1e72dabdb38b0	20	0.0357142857142857	980	eecfa8005efbcdfe737f9a268a9582397bad07ed9c72c173d4b1af46248246fe	b4abba65b668009321bed77f7f2fe83efa7caa2ed6ca925053cc130342553132	db864bc7842f72fd50f30750b2ef49c5b1b19231cd8b1992a32d00b1c006f6c5	PASS
R7B1_005026	48	ZFP90	CD8_NC	H3_RESCUE_FALSIFICATION	560	c96e29366f4a94eabb79cf370bc3d046e41bc56195b1cacdc26f70a36c33dbf4	540	dd547d9836ef60c69630373169b8fb1abaec95be479223fe69a1e72dabdb38b0	20	0.0357142857142857	980	210d81cf16c133bb579268e651bcb917d571cb92b4765cc2bfbf245a2f9b672d	72840d3fe5ec75896166f63712ca08b63ec4d2205f82e119420932a2a6c9897b	9fb581a081e99c432008f91c725b9eb87735ae967f54a59775b488e1cbefbb77	PASS
R7B1_005031	48	ZFP90	NK	H3_RESCUE_FALSIFICATION	560	c96e29366f4a94eabb79cf370bc3d046e41bc56195b1cacdc26f70a36c33dbf4	540	dd547d9836ef60c69630373169b8fb1abaec95be479223fe69a1e72dabdb38b0	20	0.0357142857142857	980	0f7074db84b449a73cac0347daa00709acc97e3aa70cea8fc2aad7dde601a252	db2d154f12e08331fdd0ac931ec704136cccefd68c62c236b47798891128ddad	44fe584a42af78e97a00b18f3cbee6ae3ac0bdd6f941dcb9e98022ef2a6b9f3f	PASS
R7B1_005054	49	COX4I1	CD4_NC	H3_RESCUE_FALSIFICATION	888	22b690c071cc193b665dbab4fa52a4d985745d82e114efcb1b7c39b123501a35	802	9495ceb96f81d2fc56dfdb751d7e743554ab12359ccd6d008332db27b1ab5439	86	0.0968468468468468	980	609d71f39c301de3ef6c615780e7e1e5b0bcba04ea7498a6eb7be075f7997603	9cfdca862691c0e0585e46512455a94ced2314815b69cf97bf861f5d1903d2f8	ae9787082a432931ab56830b9fbf3dd788b89e2a983443ec8314600c76592678	PASS
R7B1_005057	49	COX4I1	CD8_NC	H3_RESCUE_FALSIFICATION	888	22b690c071cc193b665dbab4fa52a4d985745d82e114efcb1b7c39b123501a35	802	9495ceb96f81d2fc56dfdb751d7e743554ab12359ccd6d008332db27b1ab5439	86	0.0968468468468468	980	ee73bd3e8e1258f3100d79c7be1e17294399cce2279840019a3bb294319d0302	5e28ded274ac9c34848c1658046a040e90db7661c4b9421f78cc86fac5889655	aaa075c3998862f59b15508f6d92e2810a1cf4cf618ee57afb2f38245638ecbc	PASS
R7B1_005091	49	RP11-542M13.3	CD4_NC	H3_RESCUE_FALSIFICATION	888	22b690c071cc193b665dbab4fa52a4d985745d82e114efcb1b7c39b123501a35	802	9495ceb96f81d2fc56dfdb751d7e743554ab12359ccd6d008332db27b1ab5439	86	0.0968468468468468	980	723afa65538fce3cc93e09d4db0ab40eca8c210cff32fbf3954f133af353259b	9cfdca862691c0e0585e46512455a94ced2314815b69cf97bf861f5d1903d2f8	ae9787082a432931ab56830b9fbf3dd788b89e2a983443ec8314600c76592678	PASS
R7B1_005139	50	GSDMA	CD4_NC	H3_RESCUE_FALSIFICATION	513	55d3add5072d7aaa760157a8d4d2ccd6d53fd897e5d3590fe3fe3881060fd8e4	484	ebb244d76c018ba841e5039e719ed23ed57020a7027b65558a6183bf3f221c97	29	0.0565302144249512	980	e4e7298b8a85c36cc0ddfc0c7be820e300edfea63d1e7425bf9907421c92f5b2	41d9171e63c90e60c2d5c5ece556193a284df0cfd931fd1b75c9bc747d46d0d3	4a2c123d7571fdecdef2cc6c8b9393d3aca6613339788fb9d829de0ab0ab8545	PASS
R7B1_005140	50	GSDMA	CD8_ET	H3_RESCUE_FALSIFICATION	513	55d3add5072d7aaa760157a8d4d2ccd6d53fd897e5d3590fe3fe3881060fd8e4	484	ebb244d76c018ba841e5039e719ed23ed57020a7027b65558a6183bf3f221c97	29	0.0565302144249512	980	ad663587df20a7ce215e04a1d085b8ff345e1884e380f8f925cdcd321c062bf2	27140a4cc081763ed30130696ed4802c0f69df3877c28b1a840617c12ab058af	3aa343c398764a29d838b42e429d17dc52f77d434579b1dcce13df570941f3a8	PASS
R7B1_005142	50	GSDMA	NK	H3_RESCUE_FALSIFICATION	513	55d3add5072d7aaa760157a8d4d2ccd6d53fd897e5d3590fe3fe3881060fd8e4	484	ebb244d76c018ba841e5039e719ed23ed57020a7027b65558a6183bf3f221c97	29	0.0565302144249512	980	19a8c3f197b8e28362aeef680fa296c1a7cf526a9f8558e6bb67deac801b94a7	49bc567b8de88aa3f8ddb0bc8399147425cd2e83e53160f77e7478a67d2e6956	289c243cfa94bd12d9ffd71a020129fddeab1a53def8cdce4c8b27c037742631	PASS
R7B1_005144	50	GSDMB	B_MEM	PRIMARY_184_TRIGGER_VERIFICATION	513	55d3add5072d7aaa760157a8d4d2ccd6d53fd897e5d3590fe3fe3881060fd8e4	484	ebb244d76c018ba841e5039e719ed23ed57020a7027b65558a6183bf3f221c97	29	0.0565302144249512	970	d62bb49d2af7cb7298e5b91fcfeb7c33d72a0a5aed1b1d82ff7e73bd56605fcf	aa253f97bfeb33fa5115ba6de40b75c9df8b2c52a64ac24aa9944ac1452ec4ae	81abdd0d2b5b35edb45d87e92ba85f200d77b80b755af8659c23bbdc1cfa6cca	PASS
R7B1_005146	50	GSDMB	CD4_NC	PRIMARY_184_TRIGGER_VERIFICATION	513	55d3add5072d7aaa760157a8d4d2ccd6d53fd897e5d3590fe3fe3881060fd8e4	484	ebb244d76c018ba841e5039e719ed23ed57020a7027b65558a6183bf3f221c97	29	0.0565302144249512	980	6297bd12070d051e8e954b8534ff1923f18c67a4ac509fd1e3a2100d30ac2c05	41d9171e63c90e60c2d5c5ece556193a284df0cfd931fd1b75c9bc747d46d0d3	4a2c123d7571fdecdef2cc6c8b9393d3aca6613339788fb9d829de0ab0ab8545	PASS
R7B1_005148	50	GSDMB	CD8_ET	PRIMARY_184_TRIGGER_VERIFICATION	513	55d3add5072d7aaa760157a8d4d2ccd6d53fd897e5d3590fe3fe3881060fd8e4	484	ebb244d76c018ba841e5039e719ed23ed57020a7027b65558a6183bf3f221c97	29	0.0565302144249512	980	c00ee12c5ec1b95e0880466a66b8a4fd9355d7123e429feab8ed77c9b1307395	27140a4cc081763ed30130696ed4802c0f69df3877c28b1a840617c12ab058af	3aa343c398764a29d838b42e429d17dc52f77d434579b1dcce13df570941f3a8	PASS
R7B1_005152	50	GSDMB	NK	PRIMARY_184_TRIGGER_VERIFICATION	513	55d3add5072d7aaa760157a8d4d2ccd6d53fd897e5d3590fe3fe3881060fd8e4	484	ebb244d76c018ba841e5039e719ed23ed57020a7027b65558a6183bf3f221c97	29	0.0565302144249512	980	a55b48c62d7bb1509956760f9263b1abfccd45e1f8274e1c2a6796b9d1c45933	49bc567b8de88aa3f8ddb0bc8399147425cd2e83e53160f77e7478a67d2e6956	289c243cfa94bd12d9ffd71a020129fddeab1a53def8cdce4c8b27c037742631	PASS
R7B1_005195	50	ORMDL3	B_IN	PRIMARY_184_TRIGGER_VERIFICATION	513	55d3add5072d7aaa760157a8d4d2ccd6d53fd897e5d3590fe3fe3881060fd8e4	484	ebb244d76c018ba841e5039e719ed23ed57020a7027b65558a6183bf3f221c97	29	0.0565302144249512	975	9e9e1451b3d212cffa852d0a6e854bdf098bdfa65f1d6961eaaf103ecd3981da	e6f91d21c50de91015d0b9a8183e5edcd6c03c208269a7031066e1db92c3515d	58abe2bc16d5534c3426711bbe8f1d48a7bf1c5ee94124bafcff3866632efe48	PASS
R7B1_005196	50	ORMDL3	B_MEM	PRIMARY_184_TRIGGER_VERIFICATION	513	55d3add5072d7aaa760157a8d4d2ccd6d53fd897e5d3590fe3fe3881060fd8e4	484	ebb244d76c018ba841e5039e719ed23ed57020a7027b65558a6183bf3f221c97	29	0.0565302144249512	970	8c148befaa77ff7e84d29e55529c40b7abe73e45c342a17a0830edda1bd4cf38	aa253f97bfeb33fa5115ba6de40b75c9df8b2c52a64ac24aa9944ac1452ec4ae	81abdd0d2b5b35edb45d87e92ba85f200d77b80b755af8659c23bbdc1cfa6cca	PASS
R7B1_005197	50	ORMDL3	CD4_ET	PRIMARY_184_TRIGGER_VERIFICATION	513	55d3add5072d7aaa760157a8d4d2ccd6d53fd897e5d3590fe3fe3881060fd8e4	484	ebb244d76c018ba841e5039e719ed23ed57020a7027b65558a6183bf3f221c97	29	0.0565302144249512	980	10ff8629c7235af08a0c213f7ec4fd659be7ec2900b5d1cd921547db2557e5d2	d169d7fb27394eff49af789c47b744f6587a729aec75730401c39d28f543cd47	4d8f8a96c6d080babc578949914737d6b3f4b93b0cbce19947387160aa8bb21a	PASS
R7B1_005198	50	ORMDL3	CD4_NC	PRIMARY_184_TRIGGER_VERIFICATION	513	55d3add5072d7aaa760157a8d4d2ccd6d53fd897e5d3590fe3fe3881060fd8e4	484	ebb244d76c018ba841e5039e719ed23ed57020a7027b65558a6183bf3f221c97	29	0.0565302144249512	980	e6e49fcd0ef9a03f0f4fe2a2dddb11c01637917a4ffa338736a46db05b603176	41d9171e63c90e60c2d5c5ece556193a284df0cfd931fd1b75c9bc747d46d0d3	4a2c123d7571fdecdef2cc6c8b9393d3aca6613339788fb9d829de0ab0ab8545	PASS
R7B1_005200	50	ORMDL3	CD8_ET	PRIMARY_184_TRIGGER_VERIFICATION	513	55d3add5072d7aaa760157a8d4d2ccd6d53fd897e5d3590fe3fe3881060fd8e4	484	ebb244d76c018ba841e5039e719ed23ed57020a7027b65558a6183bf3f221c97	29	0.0565302144249512	980	1f5dfd615f9097fa9adb12ce485bf73ace9a17ba8548c812cf6015d620d70885	27140a4cc081763ed30130696ed4802c0f69df3877c28b1a840617c12ab058af	3aa343c398764a29d838b42e429d17dc52f77d434579b1dcce13df570941f3a8	PASS
R7B1_005201	50	ORMDL3	CD8_NC	PRIMARY_184_TRIGGER_VERIFICATION	513	55d3add5072d7aaa760157a8d4d2ccd6d53fd897e5d3590fe3fe3881060fd8e4	484	ebb244d76c018ba841e5039e719ed23ed57020a7027b65558a6183bf3f221c97	29	0.0565302144249512	980	3f023493b0c38c9d0639cb02949db94dbaca46c5906558309dcf71309c88a076	684944dc87a0d5c02192ba5516a0d9eaa91317ef9c1a3ceb27ae916916105bc4	9a1e92fe4172a40b412c0c1c14dbf6e24381c4c6e37fa403bed4fa073c4c3fdd	PASS
R7B1_005202	50	ORMDL3	CD8_S100B	PRIMARY_184_TRIGGER_VERIFICATION	513	55d3add5072d7aaa760157a8d4d2ccd6d53fd897e5d3590fe3fe3881060fd8e4	484	ebb244d76c018ba841e5039e719ed23ed57020a7027b65558a6183bf3f221c97	29	0.0565302144249512	959	5b08689514348aa80c7b8bb5799ff24bbaaf9417e616a10bdcc7a362ec71ff70	4df4a265456122062cfa21a7e2dcc44827d6a8a18673400ebbf1a8ab4b168cef	8c184b18c717d6c7e3b1b60cb482aa12d6c4d8e7a8d3d66013ad8a280c93d3d0	PASS
R7B1_005206	50	ORMDL3	NK	H3_RESCUE_FALSIFICATION	513	55d3add5072d7aaa760157a8d4d2ccd6d53fd897e5d3590fe3fe3881060fd8e4	484	ebb244d76c018ba841e5039e719ed23ed57020a7027b65558a6183bf3f221c97	29	0.0565302144249512	980	2ac6467199da35a915024f1d1078f995b0628c622d506e6033c2db81cc743644	49bc567b8de88aa3f8ddb0bc8399147425cd2e83e53160f77e7478a67d2e6956	289c243cfa94bd12d9ffd71a020129fddeab1a53def8cdce4c8b27c037742631	PASS
R7B1_005207	50	ORMDL3	NK_R	PRIMARY_184_TRIGGER_VERIFICATION	513	55d3add5072d7aaa760157a8d4d2ccd6d53fd897e5d3590fe3fe3881060fd8e4	484	ebb244d76c018ba841e5039e719ed23ed57020a7027b65558a6183bf3f221c97	29	0.0565302144249512	750	52ee2062390c2b3d6e7e984f05ed83dea4d69c025309576051b9faa5870f074b	5f27f5117d969c7bb6dec4ad6a199acfa5201e5d6d3fdba211491c85fc79c3ec	78945ee838b87b407989928a903df3925c3453907d79702314a92a9f41b541b1	PASS
R7B1_005237	50	PSMD3	CD4_NC	H3_RESCUE_FALSIFICATION	513	55d3add5072d7aaa760157a8d4d2ccd6d53fd897e5d3590fe3fe3881060fd8e4	484	ebb244d76c018ba841e5039e719ed23ed57020a7027b65558a6183bf3f221c97	29	0.0565302144249512	980	c2716212e8c8fb3d70fff98e12c7a2f1275c725cbf0d55995486344d4311b8db	41d9171e63c90e60c2d5c5ece556193a284df0cfd931fd1b75c9bc747d46d0d3	4a2c123d7571fdecdef2cc6c8b9393d3aca6613339788fb9d829de0ab0ab8545	PASS
R7B1_005294	50	STARD3	CD4_SOX4	H3_RESCUE_FALSIFICATION	513	55d3add5072d7aaa760157a8d4d2ccd6d53fd897e5d3590fe3fe3881060fd8e4	484	ebb244d76c018ba841e5039e719ed23ed57020a7027b65558a6183bf3f221c97	29	0.0565302144249512	295	5a78a2fd818a5584e4a83018022eaae49d2cc85a40e8645e70dc75f6d6567692	baf9f06e4df794cef027541916647e31ab820aedeed3d48334403540403cdf75	22dbaedff4167a344b065789271472cc822e3cff9af374dbdd92bad869d03c5f	PASS
R7B1_005347	51	ARL17A	B_MEM	H3_RESCUE_FALSIFICATION	1717	7b91845933db83401e0ceb5e067b45d45aaf3abb19439a75eebe5bff26d05e85	1677	ea0d261eb43a0405a5371bfae0ab32f1b787b6121796bb0054d2c2ab566c2465	40	0.023296447291788	970	b5485ae34150dd51e2c0105bab97f3e0828728a69a7fbba3cae8a40b24c7e3e9	0c8aeaea08952253492ed1bd8398da65b6aca61a10bfc50f0d91dd4e91672929	c5f849667548ce625479f6b7368dcc25b0e18383e9f87d1fd8749c4881634021	PASS
R7B1_005348	51	ARL17A	CD4_ET	PRIMARY_184_TRIGGER_VERIFICATION	1717	7b91845933db83401e0ceb5e067b45d45aaf3abb19439a75eebe5bff26d05e85	1677	ea0d261eb43a0405a5371bfae0ab32f1b787b6121796bb0054d2c2ab566c2465	40	0.023296447291788	980	8625323a566536f854d5f742ca382b15375ab096e3b2bb9fd225dbe1e3b3a500	d1d487d0a352ea963b3a50ab57c1bdc8afe91e61d3221e96644be13c002866f2	044ff18f49e06cbc077691f4fe69fd8b337ea636a4e3f48fbfc001ef7873518c	PASS
R7B1_005349	51	ARL17A	CD4_NC	H3_RESCUE_FALSIFICATION	1717	7b91845933db83401e0ceb5e067b45d45aaf3abb19439a75eebe5bff26d05e85	1677	ea0d261eb43a0405a5371bfae0ab32f1b787b6121796bb0054d2c2ab566c2465	40	0.023296447291788	980	5a31cbf0b58c2092cc0643d6bfdb0d555dcca25ca25dd77ab2d688bf529187c7	3753468442ef16949b33ed1b27c55c19c49e8dfccef8a2a284dfe8c4f01842e8	c9e25b3e3c1c3150e048ae64e08b52ef7cdc0b958ea9671887627876332a8e65	PASS
R7B1_005351	51	ARL17A	CD8_ET	H3_RESCUE_FALSIFICATION	1717	7b91845933db83401e0ceb5e067b45d45aaf3abb19439a75eebe5bff26d05e85	1677	ea0d261eb43a0405a5371bfae0ab32f1b787b6121796bb0054d2c2ab566c2465	40	0.023296447291788	980	6b4b43d98b1464ec08c0678339fefa28e844dc86a3a4d06527bdc01ae50accd2	04b9d65c2387120007b3356ac2be69a97e425a2683382e25807e05a84958789e	e78c09a43d69dd48bac4dc5980f3c664e2e08e62330132c78b915124828ec20f	PASS
R7B1_005352	51	ARL17A	CD8_NC	H3_RESCUE_FALSIFICATION	1717	7b91845933db83401e0ceb5e067b45d45aaf3abb19439a75eebe5bff26d05e85	1677	ea0d261eb43a0405a5371bfae0ab32f1b787b6121796bb0054d2c2ab566c2465	40	0.023296447291788	980	1e68fc4ca1d6ddbb300efde232e70b83094c39754c47b15c946c966a601df722	3d3008be6115b2fac4bbb27047a791f0eec83dcc20548a97d729b48fa9a1f942	6fc5284665b5578cb461ac5cfb6a56ecd39c690e425a047137c551281a67683c	PASS
R7B1_005357	51	ARL17A	NK	H3_RESCUE_FALSIFICATION	1717	7b91845933db83401e0ceb5e067b45d45aaf3abb19439a75eebe5bff26d05e85	1677	ea0d261eb43a0405a5371bfae0ab32f1b787b6121796bb0054d2c2ab566c2465	40	0.023296447291788	980	e6589a49045869ff1cc9bf06d05b0563acffb1bcf02efb9d43eaf9e7bd2c38e0	d87a2dfe1b00e8558261216976bc58746e3c1cf68a029df6ead339cbd3c9841d	852422874a7c91e959a026cd4c3e327af82f3f833b89d95a14251f3660b972bd	PASS
R7B1_005360	51	ARL17B	B_IN	PRIMARY_184_TRIGGER_VERIFICATION	1724	896495f56a8f74b164ea60fb441f2dafc22a2b12ce02c218408e2831efb818d3	1684	aebeffc9aa9576b72772a948bd5bbfb4f654a2836eecb568b4dfb180a7891314	40	0.0232018561484918	975	565b8d969b41be760931a3bc1a294ec155bb077153ebbd41cf0b544e076c149a	214363daf8f73f41ca0b390043d64a1e27fc374d5c3eee40ed5291d4d73503bd	99cc934a28a7bb95a7415dde24cf5c1b303a242b7dfb99eb602ec9d40757c700	PASS
R7B1_005361	51	ARL17B	B_MEM	PRIMARY_184_TRIGGER_VERIFICATION	1724	896495f56a8f74b164ea60fb441f2dafc22a2b12ce02c218408e2831efb818d3	1684	aebeffc9aa9576b72772a948bd5bbfb4f654a2836eecb568b4dfb180a7891314	40	0.0232018561484918	970	3e9ff4b88e0855f07a20e2e0488565c68b0557e8019e3f208a15effe949496fe	0c8aeaea08952253492ed1bd8398da65b6aca61a10bfc50f0d91dd4e91672929	c5f849667548ce625479f6b7368dcc25b0e18383e9f87d1fd8749c4881634021	PASS
R7B1_005363	51	ARL17B	CD4_NC	H3_RESCUE_FALSIFICATION	1724	896495f56a8f74b164ea60fb441f2dafc22a2b12ce02c218408e2831efb818d3	1684	aebeffc9aa9576b72772a948bd5bbfb4f654a2836eecb568b4dfb180a7891314	40	0.0232018561484918	980	3085b08a31141dafdd14432c016cf46096169fc4e520197deebfd5bc77d52197	3753468442ef16949b33ed1b27c55c19c49e8dfccef8a2a284dfe8c4f01842e8	c9e25b3e3c1c3150e048ae64e08b52ef7cdc0b958ea9671887627876332a8e65	PASS
R7B1_005366	51	ARL17B	CD8_NC	H3_RESCUE_FALSIFICATION	1724	896495f56a8f74b164ea60fb441f2dafc22a2b12ce02c218408e2831efb818d3	1684	aebeffc9aa9576b72772a948bd5bbfb4f654a2836eecb568b4dfb180a7891314	40	0.0232018561484918	980	36fbaee1d992d59b701ca719a04a55207ebbca9709dc3cb0ef8f01f341deca76	3d3008be6115b2fac4bbb27047a791f0eec83dcc20548a97d729b48fa9a1f942	6fc5284665b5578cb461ac5cfb6a56ecd39c690e425a047137c551281a67683c	PASS
R7B1_005370	51	ARL17B	Mono_NC	PRIMARY_184_TRIGGER_VERIFICATION	1724	896495f56a8f74b164ea60fb441f2dafc22a2b12ce02c218408e2831efb818d3	1684	aebeffc9aa9576b72772a948bd5bbfb4f654a2836eecb568b4dfb180a7891314	40	0.0232018561484918	690	f5a9c029e6230f0a3b738a9b1889659a2cfe3f9e484edc6d4adb1cbbc34dbaa3	e28de2e2cc5f37894fb6e714b1397e358f08dabea1fca72b5ee45dffdefa8f92	9fd30a1e1401671e0f0c641d3dcaf860f657be5d5e2cc63217ca9f82feb49156	PASS
R7B1_005371	51	ARL17B	NK	PRIMARY_184_TRIGGER_VERIFICATION	1724	896495f56a8f74b164ea60fb441f2dafc22a2b12ce02c218408e2831efb818d3	1684	aebeffc9aa9576b72772a948bd5bbfb4f654a2836eecb568b4dfb180a7891314	40	0.0232018561484918	980	7b98d1fea4f1bdde6dcdf6b0aafef164f465e365e6bf813ab74a03c794bb0454	d87a2dfe1b00e8558261216976bc58746e3c1cf68a029df6ead339cbd3c9841d	852422874a7c91e959a026cd4c3e327af82f3f833b89d95a14251f3660b972bd	PASS
R7B1_005377	51	CRHR1	CD4_NC	PRIMARY_184_TRIGGER_VERIFICATION	1724	896495f56a8f74b164ea60fb441f2dafc22a2b12ce02c218408e2831efb818d3	1684	aebeffc9aa9576b72772a948bd5bbfb4f654a2836eecb568b4dfb180a7891314	40	0.0232018561484918	980	e0067c54bc29c04be4dfcb74ef9c64b066a11511275b9dcfa66ce9da7a379ab8	3753468442ef16949b33ed1b27c55c19c49e8dfccef8a2a284dfe8c4f01842e8	c9e25b3e3c1c3150e048ae64e08b52ef7cdc0b958ea9671887627876332a8e65	PASS
R7B1_005379	51	CRHR1	CD8_NC	PRIMARY_184_TRIGGER_VERIFICATION	1724	896495f56a8f74b164ea60fb441f2dafc22a2b12ce02c218408e2831efb818d3	1684	aebeffc9aa9576b72772a948bd5bbfb4f654a2836eecb568b4dfb180a7891314	40	0.0232018561484918	980	c6889a68f33e36784251741037a3bb95e6ed4a148add4642481bf5f8a9403420	3d3008be6115b2fac4bbb27047a791f0eec83dcc20548a97d729b48fa9a1f942	6fc5284665b5578cb461ac5cfb6a56ecd39c690e425a047137c551281a67683c	PASS
R7B1_005381	51	CRHR1	NK	PRIMARY_184_TRIGGER_VERIFICATION	1724	896495f56a8f74b164ea60fb441f2dafc22a2b12ce02c218408e2831efb818d3	1684	aebeffc9aa9576b72772a948bd5bbfb4f654a2836eecb568b4dfb180a7891314	40	0.0232018561484918	980	a6e7bd30cee670410138630c6ff331fae7d3465f0c82890b3c117d38a25b961f	d87a2dfe1b00e8558261216976bc58746e3c1cf68a029df6ead339cbd3c9841d	852422874a7c91e959a026cd4c3e327af82f3f833b89d95a14251f3660b972bd	PASS
R7B1_005459	51	KANSL1	B_IN	PRIMARY_184_TRIGGER_VERIFICATION	1724	896495f56a8f74b164ea60fb441f2dafc22a2b12ce02c218408e2831efb818d3	1684	aebeffc9aa9576b72772a948bd5bbfb4f654a2836eecb568b4dfb180a7891314	40	0.0232018561484918	975	e93c80cdb4564a7bcb6ec48a39653be57fc2ba8aa26598db7a4a202911185f3c	214363daf8f73f41ca0b390043d64a1e27fc374d5c3eee40ed5291d4d73503bd	99cc934a28a7bb95a7415dde24cf5c1b303a242b7dfb99eb602ec9d40757c700	PASS
R7B1_005462	51	KANSL1	CD4_NC	PRIMARY_184_TRIGGER_VERIFICATION	1724	896495f56a8f74b164ea60fb441f2dafc22a2b12ce02c218408e2831efb818d3	1684	aebeffc9aa9576b72772a948bd5bbfb4f654a2836eecb568b4dfb180a7891314	40	0.0232018561484918	980	3e101d560c9f9f25f1f95708c322e0612ea54e62e8f92df6e3cb1768cf2b176b	3753468442ef16949b33ed1b27c55c19c49e8dfccef8a2a284dfe8c4f01842e8	c9e25b3e3c1c3150e048ae64e08b52ef7cdc0b958ea9671887627876332a8e65	PASS
R7B1_005464	51	KANSL1	CD8_ET	PRIMARY_184_TRIGGER_VERIFICATION	1724	896495f56a8f74b164ea60fb441f2dafc22a2b12ce02c218408e2831efb818d3	1684	aebeffc9aa9576b72772a948bd5bbfb4f654a2836eecb568b4dfb180a7891314	40	0.0232018561484918	980	31ca2afd6c4254e511e42477f559033d5595f84e8bc761eb0ddd73e201aa530c	04b9d65c2387120007b3356ac2be69a97e425a2683382e25807e05a84958789e	e78c09a43d69dd48bac4dc5980f3c664e2e08e62330132c78b915124828ec20f	PASS
R7B1_005473	51	KANSL1-AS1	B_IN	PRIMARY_184_TRIGGER_VERIFICATION	1724	896495f56a8f74b164ea60fb441f2dafc22a2b12ce02c218408e2831efb818d3	1684	aebeffc9aa9576b72772a948bd5bbfb4f654a2836eecb568b4dfb180a7891314	40	0.0232018561484918	975	f8f013f9eb9a0690611cbe26dbbe370b41f1e37b4d9ac5da783ac4204152d7b9	214363daf8f73f41ca0b390043d64a1e27fc374d5c3eee40ed5291d4d73503bd	99cc934a28a7bb95a7415dde24cf5c1b303a242b7dfb99eb602ec9d40757c700	PASS
R7B1_005474	51	KANSL1-AS1	B_MEM	PRIMARY_184_TRIGGER_VERIFICATION	1724	896495f56a8f74b164ea60fb441f2dafc22a2b12ce02c218408e2831efb818d3	1684	aebeffc9aa9576b72772a948bd5bbfb4f654a2836eecb568b4dfb180a7891314	40	0.0232018561484918	970	1252edce1b75a78f1400ed639448b45f75fbf3526a3978e3af321d7b0cc99545	0c8aeaea08952253492ed1bd8398da65b6aca61a10bfc50f0d91dd4e91672929	c5f849667548ce625479f6b7368dcc25b0e18383e9f87d1fd8749c4881634021	PASS
R7B1_005475	51	KANSL1-AS1	CD4_ET	PRIMARY_184_TRIGGER_VERIFICATION	1724	896495f56a8f74b164ea60fb441f2dafc22a2b12ce02c218408e2831efb818d3	1684	aebeffc9aa9576b72772a948bd5bbfb4f654a2836eecb568b4dfb180a7891314	40	0.0232018561484918	980	4a76c400d5e0af5b0cc4cba724551c7a3eb5565276604fc33afbe386fcf03ba4	d1d487d0a352ea963b3a50ab57c1bdc8afe91e61d3221e96644be13c002866f2	044ff18f49e06cbc077691f4fe69fd8b337ea636a4e3f48fbfc001ef7873518c	PASS
R7B1_005476	51	KANSL1-AS1	CD4_NC	PRIMARY_184_TRIGGER_VERIFICATION	1724	896495f56a8f74b164ea60fb441f2dafc22a2b12ce02c218408e2831efb818d3	1684	aebeffc9aa9576b72772a948bd5bbfb4f654a2836eecb568b4dfb180a7891314	40	0.0232018561484918	980	d9e78797be62aac72fc6c7e98898e34d7bbc7a65c55db3f26fae1d7ca6b87c1a	3753468442ef16949b33ed1b27c55c19c49e8dfccef8a2a284dfe8c4f01842e8	c9e25b3e3c1c3150e048ae64e08b52ef7cdc0b958ea9671887627876332a8e65	PASS
R7B1_005477	51	KANSL1-AS1	CD4_SOX4	PRIMARY_184_TRIGGER_VERIFICATION	1724	896495f56a8f74b164ea60fb441f2dafc22a2b12ce02c218408e2831efb818d3	1684	aebeffc9aa9576b72772a948bd5bbfb4f654a2836eecb568b4dfb180a7891314	40	0.0232018561484918	295	b33658a564bbbf3439cbf050b0699fe7e0f04645fe927b213d7c914856e54732	9058c26143723deb62a8af354e1768552b3fe73c0c3850df1ce4e670477e62d2	c30c318d2468b2653ba60a96f4e7464d08d5a7bdd4d80caf1b715bae19a8ddec	PASS
R7B1_005478	51	KANSL1-AS1	CD8_ET	PRIMARY_184_TRIGGER_VERIFICATION	1724	896495f56a8f74b164ea60fb441f2dafc22a2b12ce02c218408e2831efb818d3	1684	aebeffc9aa9576b72772a948bd5bbfb4f654a2836eecb568b4dfb180a7891314	40	0.0232018561484918	980	fdae0e54aa3751c9b2c5b938d33ee2c74b09bfe1f41d28e03ae49aff2b367ece	04b9d65c2387120007b3356ac2be69a97e425a2683382e25807e05a84958789e	e78c09a43d69dd48bac4dc5980f3c664e2e08e62330132c78b915124828ec20f	PASS
R7B1_005479	51	KANSL1-AS1	CD8_NC	PRIMARY_184_TRIGGER_VERIFICATION	1724	896495f56a8f74b164ea60fb441f2dafc22a2b12ce02c218408e2831efb818d3	1684	aebeffc9aa9576b72772a948bd5bbfb4f654a2836eecb568b4dfb180a7891314	40	0.0232018561484918	980	f37d754a03f4e0aa0adab57761da8f1a1b06873d67e0fb9f246b34a8138138e5	3d3008be6115b2fac4bbb27047a791f0eec83dcc20548a97d729b48fa9a1f942	6fc5284665b5578cb461ac5cfb6a56ecd39c690e425a047137c551281a67683c	PASS
R7B1_005480	51	KANSL1-AS1	CD8_S100B	PRIMARY_184_TRIGGER_VERIFICATION	1724	896495f56a8f74b164ea60fb441f2dafc22a2b12ce02c218408e2831efb818d3	1684	aebeffc9aa9576b72772a948bd5bbfb4f654a2836eecb568b4dfb180a7891314	40	0.0232018561484918	959	71d2532cb69425a4a99801e52159bbe05900990c4ecd90d929e856ba487391bc	89705cd7d3675390e4c73098b69eb13296a79cf7114266d0e279176a93cd3bd4	bf24da1d096374291a49e62380b7edb20c711a003b66dfc4f5faf83be46a8021	PASS
R7B1_005481	51	KANSL1-AS1	DC	PRIMARY_184_TRIGGER_VERIFICATION	1724	896495f56a8f74b164ea60fb441f2dafc22a2b12ce02c218408e2831efb818d3	1684	aebeffc9aa9576b72772a948bd5bbfb4f654a2836eecb568b4dfb180a7891314	40	0.0232018561484918	726	cc80369e6e395c8837f64bdadb44668e45a32f2c299884c945c9834d8377597d	301d179996d3ef74a9834499544fa84ad777c3fcaee3e7b688a21cbdec0d6c4e	1d7f443f49949b535a1fa1ba312b4ff89dcb44cdfaa10f6e67891f2bc4673239	PASS
R7B1_005482	51	KANSL1-AS1	Mono_C	PRIMARY_184_TRIGGER_VERIFICATION	1724	896495f56a8f74b164ea60fb441f2dafc22a2b12ce02c218408e2831efb818d3	1684	aebeffc9aa9576b72772a948bd5bbfb4f654a2836eecb568b4dfb180a7891314	40	0.0232018561484918	851	a685b00f3f11b01ca4712a2581369f5074334e8a850a676a45254e58ccfd9c2b	3d86d86805549a3e90ea19cc9ecbfce5b8f0381b04f004ed40de79e4b514f22b	517d6493a2ef6e734cf98a328248b3a6ebce1658e46b62bffa7be439381874dc	PASS
R7B1_005483	51	KANSL1-AS1	Mono_NC	PRIMARY_184_TRIGGER_VERIFICATION	1724	896495f56a8f74b164ea60fb441f2dafc22a2b12ce02c218408e2831efb818d3	1684	aebeffc9aa9576b72772a948bd5bbfb4f654a2836eecb568b4dfb180a7891314	40	0.0232018561484918	690	04ef8cdf3592e0fa3ea87ee79ab22df06ee884d47e054780d783276c56d02f86	e28de2e2cc5f37894fb6e714b1397e358f08dabea1fca72b5ee45dffdefa8f92	9fd30a1e1401671e0f0c641d3dcaf860f657be5d5e2cc63217ca9f82feb49156	PASS
R7B1_005484	51	KANSL1-AS1	NK	PRIMARY_184_TRIGGER_VERIFICATION	1724	896495f56a8f74b164ea60fb441f2dafc22a2b12ce02c218408e2831efb818d3	1684	aebeffc9aa9576b72772a948bd5bbfb4f654a2836eecb568b4dfb180a7891314	40	0.0232018561484918	980	5677c566a56afe595af96da7ac1b45d3b997f43eb18c535ec6cd8a471031e1bb	d87a2dfe1b00e8558261216976bc58746e3c1cf68a029df6ead339cbd3c9841d	852422874a7c91e959a026cd4c3e327af82f3f833b89d95a14251f3660b972bd	PASS
R7B1_005485	51	KANSL1-AS1	NK_R	PRIMARY_184_TRIGGER_VERIFICATION	1724	896495f56a8f74b164ea60fb441f2dafc22a2b12ce02c218408e2831efb818d3	1684	aebeffc9aa9576b72772a948bd5bbfb4f654a2836eecb568b4dfb180a7891314	40	0.0232018561484918	750	43e51351db5416966f12448c572e0b891d3ecbc6f0ad12eb7ac3207d8fd247ae	b3c3b5c8d2b2131ce96dec87297ceba48076760bf8889267a40dbcca12a9fc87	534dcbe58925f7b090fc617a95be0057965e190ede006f88a6b8f04297b27fc1	PASS
R7B1_005486	51	KANSL1-AS1	Plasma	PRIMARY_184_TRIGGER_VERIFICATION	1724	896495f56a8f74b164ea60fb441f2dafc22a2b12ce02c218408e2831efb818d3	1684	aebeffc9aa9576b72772a948bd5bbfb4f654a2836eecb568b4dfb180a7891314	40	0.0232018561484918	253	37973cfe346dcef5f121e617bfa4ff26624677cf0e209732f7cc1a81d79dc9ea	44ffa0183d0343e5bc3b084e4041df7379cfdf3d2b4fad7e154c6f36fa1bda97	0bb766cf815ad78ccd115f3bc1781a2a1c8af9916725c9fc0ee1c207428205e3	PASS
R7B1_005488	51	LRRC37A	CD4_NC	H3_RESCUE_FALSIFICATION	1724	896495f56a8f74b164ea60fb441f2dafc22a2b12ce02c218408e2831efb818d3	1684	aebeffc9aa9576b72772a948bd5bbfb4f654a2836eecb568b4dfb180a7891314	40	0.0232018561484918	980	f15450bb252b7329b07894776028b8f570be73713273ac4dc69177060450c3c4	3753468442ef16949b33ed1b27c55c19c49e8dfccef8a2a284dfe8c4f01842e8	c9e25b3e3c1c3150e048ae64e08b52ef7cdc0b958ea9671887627876332a8e65	PASS
R7B1_005490	51	LRRC37A	CD8_NC	H3_RESCUE_FALSIFICATION	1724	896495f56a8f74b164ea60fb441f2dafc22a2b12ce02c218408e2831efb818d3	1684	aebeffc9aa9576b72772a948bd5bbfb4f654a2836eecb568b4dfb180a7891314	40	0.0232018561484918	980	28facc91811610b88579bc8ad6b15596f504d30347965281683a2969329d2cb5	3d3008be6115b2fac4bbb27047a791f0eec83dcc20548a97d729b48fa9a1f942	6fc5284665b5578cb461ac5cfb6a56ecd39c690e425a047137c551281a67683c	PASS
R7B1_005492	51	LRRC37A2	B_IN	H3_RESCUE_FALSIFICATION	1717	7b91845933db83401e0ceb5e067b45d45aaf3abb19439a75eebe5bff26d05e85	1677	ea0d261eb43a0405a5371bfae0ab32f1b787b6121796bb0054d2c2ab566c2465	40	0.023296447291788	975	9519c07616c42127db4057b1185ca4059f5a9b1a9d92cece6fb5323ccf2f6f5b	214363daf8f73f41ca0b390043d64a1e27fc374d5c3eee40ed5291d4d73503bd	99cc934a28a7bb95a7415dde24cf5c1b303a242b7dfb99eb602ec9d40757c700	PASS
R7B1_005493	51	LRRC37A2	B_MEM	PRIMARY_184_TRIGGER_VERIFICATION	1717	7b91845933db83401e0ceb5e067b45d45aaf3abb19439a75eebe5bff26d05e85	1677	ea0d261eb43a0405a5371bfae0ab32f1b787b6121796bb0054d2c2ab566c2465	40	0.023296447291788	970	8a2eb90989612e1edd6411f8260b7d50bca71ca3454b0e78c4deff758069d545	0c8aeaea08952253492ed1bd8398da65b6aca61a10bfc50f0d91dd4e91672929	c5f849667548ce625479f6b7368dcc25b0e18383e9f87d1fd8749c4881634021	PASS
R7B1_005494	51	LRRC37A2	CD4_ET	PRIMARY_184_TRIGGER_VERIFICATION	1717	7b91845933db83401e0ceb5e067b45d45aaf3abb19439a75eebe5bff26d05e85	1677	ea0d261eb43a0405a5371bfae0ab32f1b787b6121796bb0054d2c2ab566c2465	40	0.023296447291788	980	1f87f049645624020e0f87f62a97a3f71b717610897f6f264fb67e760d8151cf	d1d487d0a352ea963b3a50ab57c1bdc8afe91e61d3221e96644be13c002866f2	044ff18f49e06cbc077691f4fe69fd8b337ea636a4e3f48fbfc001ef7873518c	PASS
R7B1_005495	51	LRRC37A2	CD4_NC	PRIMARY_184_TRIGGER_VERIFICATION	1717	7b91845933db83401e0ceb5e067b45d45aaf3abb19439a75eebe5bff26d05e85	1677	ea0d261eb43a0405a5371bfae0ab32f1b787b6121796bb0054d2c2ab566c2465	40	0.023296447291788	980	508e061dc4297f22b5b3be90554a95962ccb2ef1e481262509b17b2e44ffd9a0	3753468442ef16949b33ed1b27c55c19c49e8dfccef8a2a284dfe8c4f01842e8	c9e25b3e3c1c3150e048ae64e08b52ef7cdc0b958ea9671887627876332a8e65	PASS
R7B1_005496	51	LRRC37A2	CD8_ET	PRIMARY_184_TRIGGER_VERIFICATION	1717	7b91845933db83401e0ceb5e067b45d45aaf3abb19439a75eebe5bff26d05e85	1677	ea0d261eb43a0405a5371bfae0ab32f1b787b6121796bb0054d2c2ab566c2465	40	0.023296447291788	980	d13608d43d16221fc5eb96015c8efde942a4bb92abf2ae559c2d4471dc6fc9be	04b9d65c2387120007b3356ac2be69a97e425a2683382e25807e05a84958789e	e78c09a43d69dd48bac4dc5980f3c664e2e08e62330132c78b915124828ec20f	PASS
R7B1_005497	51	LRRC37A2	CD8_NC	PRIMARY_184_TRIGGER_VERIFICATION	1717	7b91845933db83401e0ceb5e067b45d45aaf3abb19439a75eebe5bff26d05e85	1677	ea0d261eb43a0405a5371bfae0ab32f1b787b6121796bb0054d2c2ab566c2465	40	0.023296447291788	980	bd4e186243ee8c9592ba6e340b064dbaa804c71528066946107099f07840a408	3d3008be6115b2fac4bbb27047a791f0eec83dcc20548a97d729b48fa9a1f942	6fc5284665b5578cb461ac5cfb6a56ecd39c690e425a047137c551281a67683c	PASS
R7B1_005498	51	LRRC37A2	CD8_S100B	PRIMARY_184_TRIGGER_VERIFICATION	1717	7b91845933db83401e0ceb5e067b45d45aaf3abb19439a75eebe5bff26d05e85	1677	ea0d261eb43a0405a5371bfae0ab32f1b787b6121796bb0054d2c2ab566c2465	40	0.023296447291788	959	c231a925d799e423cff21ab9406222bda534231cb2b0fd655fd5e256a896840b	89705cd7d3675390e4c73098b69eb13296a79cf7114266d0e279176a93cd3bd4	bf24da1d096374291a49e62380b7edb20c711a003b66dfc4f5faf83be46a8021	PASS
R7B1_005502	51	LRRC37A2	NK	PRIMARY_184_TRIGGER_VERIFICATION	1717	7b91845933db83401e0ceb5e067b45d45aaf3abb19439a75eebe5bff26d05e85	1677	ea0d261eb43a0405a5371bfae0ab32f1b787b6121796bb0054d2c2ab566c2465	40	0.023296447291788	980	41441559a6fde42130d55ce9d1ca678808f59e26de3aba01a64dc8b48421c761	d87a2dfe1b00e8558261216976bc58746e3c1cf68a029df6ead339cbd3c9841d	852422874a7c91e959a026cd4c3e327af82f3f833b89d95a14251f3660b972bd	PASS
R7B1_005503	51	LRRC37A2	NK_R	PRIMARY_184_TRIGGER_VERIFICATION	1717	7b91845933db83401e0ceb5e067b45d45aaf3abb19439a75eebe5bff26d05e85	1677	ea0d261eb43a0405a5371bfae0ab32f1b787b6121796bb0054d2c2ab566c2465	40	0.023296447291788	750	52814a24beb4ad53040962df395cf8d9d772cd9c9133524c5ee56cfbe79d3846	b3c3b5c8d2b2131ce96dec87297ceba48076760bf8889267a40dbcca12a9fc87	534dcbe58925f7b090fc617a95be0057965e190ede006f88a6b8f04297b27fc1	PASS
R7B1_005507	51	NSF	CD4_NC	H3_RESCUE_FALSIFICATION	1627	b11e8a2c1e42105fe897573444a2f795c2b6743bdedd51a873098376eaaea27f	1587	e721a585b003248eefa7d342d3bffce4e24ad979210114bede71766877e8f802	40	0.0245851259987707	980	8b12ec7b6455766d3e575f24306c904541c975ae61af4c4b1de0596068164052	3753468442ef16949b33ed1b27c55c19c49e8dfccef8a2a284dfe8c4f01842e8	c9e25b3e3c1c3150e048ae64e08b52ef7cdc0b958ea9671887627876332a8e65	PASS
R7B1_005523	51	RP11-669E14.6	B_IN	PRIMARY_184_TRIGGER_VERIFICATION	1724	896495f56a8f74b164ea60fb441f2dafc22a2b12ce02c218408e2831efb818d3	1684	aebeffc9aa9576b72772a948bd5bbfb4f654a2836eecb568b4dfb180a7891314	40	0.0232018561484918	975	fe636ca099151e762243fecbc329f2597dfff405c1c40a7e921897244667382e	214363daf8f73f41ca0b390043d64a1e27fc374d5c3eee40ed5291d4d73503bd	99cc934a28a7bb95a7415dde24cf5c1b303a242b7dfb99eb602ec9d40757c700	PASS
R7B1_005524	51	RP11-669E14.6	CD4_NC	PRIMARY_184_TRIGGER_VERIFICATION	1724	896495f56a8f74b164ea60fb441f2dafc22a2b12ce02c218408e2831efb818d3	1684	aebeffc9aa9576b72772a948bd5bbfb4f654a2836eecb568b4dfb180a7891314	40	0.0232018561484918	980	8d1ac59c098977bc1d907b1baef2d9ab85725bdc3833913b95156b04b9529f18	3753468442ef16949b33ed1b27c55c19c49e8dfccef8a2a284dfe8c4f01842e8	c9e25b3e3c1c3150e048ae64e08b52ef7cdc0b958ea9671887627876332a8e65	PASS
R7B1_005525	51	RP11-669E14.6	CD8_ET	PRIMARY_184_TRIGGER_VERIFICATION	1724	896495f56a8f74b164ea60fb441f2dafc22a2b12ce02c218408e2831efb818d3	1684	aebeffc9aa9576b72772a948bd5bbfb4f654a2836eecb568b4dfb180a7891314	40	0.0232018561484918	980	5e5bcad29a11446ad3ec2611ad079ffb2f149d919a4695742a388b599cafec87	04b9d65c2387120007b3356ac2be69a97e425a2683382e25807e05a84958789e	e78c09a43d69dd48bac4dc5980f3c664e2e08e62330132c78b915124828ec20f	PASS
R7B1_005526	51	RP11-669E14.6	CD8_NC	PRIMARY_184_TRIGGER_VERIFICATION	1724	896495f56a8f74b164ea60fb441f2dafc22a2b12ce02c218408e2831efb818d3	1684	aebeffc9aa9576b72772a948bd5bbfb4f654a2836eecb568b4dfb180a7891314	40	0.0232018561484918	980	b24e13e617cbf9aee553c8295191c583fc2ba0d8e53e7ab3bfdab0ff033ed8ca	3d3008be6115b2fac4bbb27047a791f0eec83dcc20548a97d729b48fa9a1f942	6fc5284665b5578cb461ac5cfb6a56ecd39c690e425a047137c551281a67683c	PASS
R7B1_005527	51	RP11-669E14.6	NK	PRIMARY_184_TRIGGER_VERIFICATION	1724	896495f56a8f74b164ea60fb441f2dafc22a2b12ce02c218408e2831efb818d3	1684	aebeffc9aa9576b72772a948bd5bbfb4f654a2836eecb568b4dfb180a7891314	40	0.0232018561484918	980	caddefb6fef1eb976bd1be1a81d3c098e1acbcb8a5b27ee968357b5b472dad1f	d87a2dfe1b00e8558261216976bc58746e3c1cf68a029df6ead339cbd3c9841d	852422874a7c91e959a026cd4c3e327af82f3f833b89d95a14251f3660b972bd	PASS
R7B1_005528	51	RP11-798G7.5	CD4_NC	PRIMARY_184_TRIGGER_VERIFICATION	1724	896495f56a8f74b164ea60fb441f2dafc22a2b12ce02c218408e2831efb818d3	1684	aebeffc9aa9576b72772a948bd5bbfb4f654a2836eecb568b4dfb180a7891314	40	0.0232018561484918	980	28d448806e34160c97eca113cf9024fa134f7f33df73d1d14bb63b114b519377	3753468442ef16949b33ed1b27c55c19c49e8dfccef8a2a284dfe8c4f01842e8	c9e25b3e3c1c3150e048ae64e08b52ef7cdc0b958ea9671887627876332a8e65	PASS
R7B1_005534	51	RP11-798G7.6	CD4_NC	H3_RESCUE_FALSIFICATION	1724	896495f56a8f74b164ea60fb441f2dafc22a2b12ce02c218408e2831efb818d3	1684	aebeffc9aa9576b72772a948bd5bbfb4f654a2836eecb568b4dfb180a7891314	40	0.0232018561484918	980	6055c294d8c70cec59ce93e4ecbbbf7c67d5128db421b54a7acec584a1b45b23	3753468442ef16949b33ed1b27c55c19c49e8dfccef8a2a284dfe8c4f01842e8	c9e25b3e3c1c3150e048ae64e08b52ef7cdc0b958ea9671887627876332a8e65	PASS
R7B1_005574	53	C19orf38	DC	PRIMARY_184_TRIGGER_VERIFICATION	492	de8d3a7f545b4a9a1a1cd606062e0cd88c3645daa95e4792fe39433bc974a06a	415	e26883d3b8c6afacf03766da602c74375dd4104bcac95f1163c34381bdf8fbb0	77	0.1565040650406504	726	82d4096d4119c3f27f46c08af477dc295b1d67bb9c9f2829bc91a10fcc428628	5594ca970aead142c6d635bf40af4956e6d5599ecd6e6622b1c732500d623582	a5e1c3dd38e9d303ff30dec63d197df4cc65ae80ca849b8c355c2a2fbd00e301	PASS
R7B1_005591	53	C19orf66	NK	H3_RESCUE_FALSIFICATION	528	ca6d474e2e5387b1fdb3a0091598b3765a888e45eaf05d6706ef44cc5084b5ae	450	f806e1c7e3881e7adb896c392513cbcb4710e453cdb06e82b3b91f92d4130839	78	0.1477272727272727	980	ae2d5066988cbcdf48da5738cdebaaced4c56ca0ea9e411b7ad20fabab3cf9ff	8d935f080f33888d809c2ac02e9ba378c3ecabdd11491f71d4ab9ed76c6aa762	4db9dcc5a2124edfd0ca5b1aa491d4ed6a76e1e29d7a3bdc62fc6310ddc56df2	PASS
R7B1_005596	53	COL5A3	CD8_ET	H3_RESCUE_FALSIFICATION	528	ca6d474e2e5387b1fdb3a0091598b3765a888e45eaf05d6706ef44cc5084b5ae	450	f806e1c7e3881e7adb896c392513cbcb4710e453cdb06e82b3b91f92d4130839	78	0.1477272727272727	980	1b2b6ee5b728a5b83bed1643a9b4014a4af1aea17024e13d4adc024a811d02a6	c365699c086654532a7f7c63e78f902da49ca784868ebf646fd65b014c50c644	4bdf32216c5785499449ea2e36986e25de9cce6ab367853a058a0e276fb3ac07	PASS
R7B1_005597	53	COL5A3	CD8_S100B	H3_RESCUE_FALSIFICATION	528	ca6d474e2e5387b1fdb3a0091598b3765a888e45eaf05d6706ef44cc5084b5ae	450	f806e1c7e3881e7adb896c392513cbcb4710e453cdb06e82b3b91f92d4130839	78	0.1477272727272727	959	faf34d9fe858c5e1072af7902b605e5aa7f7cf1dd61568a0b7e79ce71a8d39fa	3a1007491814eb33935f98af04b66fef26f73309850fe630c5ff84f334ec278c	d1c5a0a2896924e344c9fe0b68c0cff3a15f94a92374a238fb645057391cd803	PASS
R7B1_005598	53	COL5A3	NK	H3_RESCUE_FALSIFICATION	528	ca6d474e2e5387b1fdb3a0091598b3765a888e45eaf05d6706ef44cc5084b5ae	450	f806e1c7e3881e7adb896c392513cbcb4710e453cdb06e82b3b91f92d4130839	78	0.1477272727272727	980	6b77527b520de6b2005f564fb699497cd390a1d6777f5ced228d3e9b8441c39a	8d935f080f33888d809c2ac02e9ba378c3ecabdd11491f71d4ab9ed76c6aa762	4db9dcc5a2124edfd0ca5b1aa491d4ed6a76e1e29d7a3bdc62fc6310ddc56df2	PASS
R7B1_005602	53	DNMT1	CD4_NC	H3_RESCUE_FALSIFICATION	528	ca6d474e2e5387b1fdb3a0091598b3765a888e45eaf05d6706ef44cc5084b5ae	450	f806e1c7e3881e7adb896c392513cbcb4710e453cdb06e82b3b91f92d4130839	78	0.1477272727272727	980	5c1fca9f1ead4940c23fe408fea61d878dee8831aa63c89ada9c5983b7476ad2	24c43c64d2daad747b6a50f6dbb0047fa04e2ef4759b1c149d521432368f32be	0efa6991d0d5c8b87a5d300fa9682e030a527c4b71ce05a114ad88b7ba93246a	PASS
R7B1_005616	53	EIF3G	CD4_NC	H3_RESCUE_FALSIFICATION	528	ca6d474e2e5387b1fdb3a0091598b3765a888e45eaf05d6706ef44cc5084b5ae	450	f806e1c7e3881e7adb896c392513cbcb4710e453cdb06e82b3b91f92d4130839	78	0.1477272727272727	980	b153b93f770522a9864aa57717cf6c4b0cce6b2cbf20b9a0b2af3566baddddcf	24c43c64d2daad747b6a50f6dbb0047fa04e2ef4759b1c149d521432368f32be	0efa6991d0d5c8b87a5d300fa9682e030a527c4b71ce05a114ad88b7ba93246a	PASS
R7B1_005618	53	EIF3G	CD8_ET	H3_RESCUE_FALSIFICATION	528	ca6d474e2e5387b1fdb3a0091598b3765a888e45eaf05d6706ef44cc5084b5ae	450	f806e1c7e3881e7adb896c392513cbcb4710e453cdb06e82b3b91f92d4130839	78	0.1477272727272727	980	f8af18ff8ed14506ed98697d5f1015cdced780ef7a67fe60451ccd75ae160651	c365699c086654532a7f7c63e78f902da49ca784868ebf646fd65b014c50c644	4bdf32216c5785499449ea2e36986e25de9cce6ab367853a058a0e276fb3ac07	PASS
R7B1_005619	53	EIF3G	CD8_NC	H3_RESCUE_FALSIFICATION	528	ca6d474e2e5387b1fdb3a0091598b3765a888e45eaf05d6706ef44cc5084b5ae	450	f806e1c7e3881e7adb896c392513cbcb4710e453cdb06e82b3b91f92d4130839	78	0.1477272727272727	980	f85f92c59cdedd89e9adfbc14bc696f974778f3c30dcbcba09bf495029ddfb76	81f87eed57eea812095a94f950cfb80fb449a282207bdf4c770a09bafa2852ba	40a9fa6fa95a999be911d7269b7a01301a475dce8f2fdb0c8dfe6a9f01363382	PASS
R7B1_005624	53	EIF3G	NK	H3_RESCUE_FALSIFICATION	528	ca6d474e2e5387b1fdb3a0091598b3765a888e45eaf05d6706ef44cc5084b5ae	450	f806e1c7e3881e7adb896c392513cbcb4710e453cdb06e82b3b91f92d4130839	78	0.1477272727272727	980	57132eed4940a7479c6a8f41bd865ddd15acca538a752fe34067039c905dbe18	8d935f080f33888d809c2ac02e9ba378c3ecabdd11491f71d4ab9ed76c6aa762	4db9dcc5a2124edfd0ca5b1aa491d4ed6a76e1e29d7a3bdc62fc6310ddc56df2	PASS
R7B1_005625	53	EIF3G	NK_R	H3_RESCUE_FALSIFICATION	528	ca6d474e2e5387b1fdb3a0091598b3765a888e45eaf05d6706ef44cc5084b5ae	450	f806e1c7e3881e7adb896c392513cbcb4710e453cdb06e82b3b91f92d4130839	78	0.1477272727272727	750	859af2e9b5698bdf3c89ee95a20f14c53de2418fb8e9e72c395e1e1194ea4319	0e2cfad046871f4ed5764069bb737247c6978109995f19881ccd715f3da182a0	8ec935d2b57094ca0d99e075573306feabc77cb2af052a587297b77bfe1e7dfd	PASS
R7B1_005636	53	ICAM3	Mono_C	H3_RESCUE_FALSIFICATION	528	ca6d474e2e5387b1fdb3a0091598b3765a888e45eaf05d6706ef44cc5084b5ae	450	f806e1c7e3881e7adb896c392513cbcb4710e453cdb06e82b3b91f92d4130839	78	0.1477272727272727	851	ee80fd0456fc10a3c1c1d8e97be732b7208a2279249ff07be0a07a2d9bbac832	3100a357df9066372e9da0a8d0700661ce464a02fbd9dfb44f681aef49815d36	b97da0c1d15b8a9e52304340b221ad572404e0a77ac2669299e9c4aa3ba0d546	PASS
R7B1_005637	53	ICAM3	Mono_NC	H3_RESCUE_FALSIFICATION	528	ca6d474e2e5387b1fdb3a0091598b3765a888e45eaf05d6706ef44cc5084b5ae	450	f806e1c7e3881e7adb896c392513cbcb4710e453cdb06e82b3b91f92d4130839	78	0.1477272727272727	690	4374992afa007c565154e9a5e18a6e43c2570d08b5a5e260ca58922105187441	02a9a64f6d4fcec45b39ad65552083690b8e3fd15853c40f59d6cb51f6b4a5f6	92f2e1fbfc14b237bc1f0cf3103005d28c50a33562d675a2cfd3404905db9744	PASS
R7B1_005648	53	ICAM4	Mono_C	H3_RESCUE_FALSIFICATION	528	ca6d474e2e5387b1fdb3a0091598b3765a888e45eaf05d6706ef44cc5084b5ae	450	f806e1c7e3881e7adb896c392513cbcb4710e453cdb06e82b3b91f92d4130839	78	0.1477272727272727	851	978ae00a4f036c837bc5d7926e91cf47ff8042da68ec94e13f0f39c2661f6669	3100a357df9066372e9da0a8d0700661ce464a02fbd9dfb44f681aef49815d36	b97da0c1d15b8a9e52304340b221ad572404e0a77ac2669299e9c4aa3ba0d546	PASS
R7B1_005649	53	ICAM4	Mono_NC	H3_RESCUE_FALSIFICATION	528	ca6d474e2e5387b1fdb3a0091598b3765a888e45eaf05d6706ef44cc5084b5ae	450	f806e1c7e3881e7adb896c392513cbcb4710e453cdb06e82b3b91f92d4130839	78	0.1477272727272727	690	df57254e0d84c9fde7c1b13c6c298c85cd8344142c3183ef71ca79c9d6fc99c8	02a9a64f6d4fcec45b39ad65552083690b8e3fd15853c40f59d6cb51f6b4a5f6	92f2e1fbfc14b237bc1f0cf3103005d28c50a33562d675a2cfd3404905db9744	PASS
R7B1_005655	53	ILF3-AS1	CD4_NC	H3_RESCUE_FALSIFICATION	528	ca6d474e2e5387b1fdb3a0091598b3765a888e45eaf05d6706ef44cc5084b5ae	450	f806e1c7e3881e7adb896c392513cbcb4710e453cdb06e82b3b91f92d4130839	78	0.1477272727272727	980	8fccbda37c8d7ef3238b6043c8e0d70df21ab11e22c8c654a770a66891a6bdc7	24c43c64d2daad747b6a50f6dbb0047fa04e2ef4759b1c149d521432368f32be	0efa6991d0d5c8b87a5d300fa9682e030a527c4b71ce05a114ad88b7ba93246a	PASS
R7B1_005669	53	KRI1	CD4_NC	H3_RESCUE_FALSIFICATION	528	ca6d474e2e5387b1fdb3a0091598b3765a888e45eaf05d6706ef44cc5084b5ae	450	f806e1c7e3881e7adb896c392513cbcb4710e453cdb06e82b3b91f92d4130839	78	0.1477272727272727	980	b627a66f696a009d0e6c389c88aa83081ba26c08fa18341f0b8e6bdfd55ae94a	24c43c64d2daad747b6a50f6dbb0047fa04e2ef4759b1c149d521432368f32be	0efa6991d0d5c8b87a5d300fa9682e030a527c4b71ce05a114ad88b7ba93246a	PASS
R7B1_005705	53	P2RY11	NK	H3_RESCUE_FALSIFICATION	528	ca6d474e2e5387b1fdb3a0091598b3765a888e45eaf05d6706ef44cc5084b5ae	450	f806e1c7e3881e7adb896c392513cbcb4710e453cdb06e82b3b91f92d4130839	78	0.1477272727272727	980	992ead4be194b36b9564414cd99368c2512ec360a9418a628a6570193f7e1a33	8d935f080f33888d809c2ac02e9ba378c3ecabdd11491f71d4ab9ed76c6aa762	4db9dcc5a2124edfd0ca5b1aa491d4ed6a76e1e29d7a3bdc62fc6310ddc56df2	PASS
R7B1_005752	53	SLC44A2	CD8_ET	H3_RESCUE_FALSIFICATION	528	ca6d474e2e5387b1fdb3a0091598b3765a888e45eaf05d6706ef44cc5084b5ae	450	f806e1c7e3881e7adb896c392513cbcb4710e453cdb06e82b3b91f92d4130839	78	0.1477272727272727	980	d773539d74d1528d2d3b348aa498b5e7335f75a78641baabe758762c295c7db9	c365699c086654532a7f7c63e78f902da49ca784868ebf646fd65b014c50c644	4bdf32216c5785499449ea2e36986e25de9cce6ab367853a058a0e276fb3ac07	PASS
R7B1_005758	53	SLC44A2	NK	H3_RESCUE_FALSIFICATION	528	ca6d474e2e5387b1fdb3a0091598b3765a888e45eaf05d6706ef44cc5084b5ae	450	f806e1c7e3881e7adb896c392513cbcb4710e453cdb06e82b3b91f92d4130839	78	0.1477272727272727	980	5e05c815ff7733a02cd4c7eca8e43e9119b01fffb14259f0ecfec8ef7daf11bf	8d935f080f33888d809c2ac02e9ba378c3ecabdd11491f71d4ab9ed76c6aa762	4db9dcc5a2124edfd0ca5b1aa491d4ed6a76e1e29d7a3bdc62fc6310ddc56df2	PASS
R7B1_005847	53	ZNF846	B_IN	H3_RESCUE_FALSIFICATION	486	2c4d8c418b2d62b339c5248275b41163d8b388e25a91cf85d1281e0368ebf1f6	410	0d91531452f370be73e466b3262c7a959e7f08c65dbdfca8fbccaa88ed3ad2c8	76	0.1563786008230452	975	d70870b5969d488eb4fa9d2df22c373ec75f8cb05a4ebd19613af922409dbcc5	6fa9e92bd06967547e2d3b2fbf3dd0a5bfaace7b2a1b800f0d449023982e2d6d	ea51c9f8503b9f093a68e32ea0332933ed475c6790489bdb8ebe0597ccdc3e45	PASS
R7B1_005852	53	ZNF846	CD8_ET	H3_RESCUE_FALSIFICATION	486	2c4d8c418b2d62b339c5248275b41163d8b388e25a91cf85d1281e0368ebf1f6	410	0d91531452f370be73e466b3262c7a959e7f08c65dbdfca8fbccaa88ed3ad2c8	76	0.1563786008230452	980	99d02ea8e04d3ecdb4d3f63a2e5583cdf30422ce78b2c0e1d73744faee4ecb40	c365699c086654532a7f7c63e78f902da49ca784868ebf646fd65b014c50c644	4bdf32216c5785499449ea2e36986e25de9cce6ab367853a058a0e276fb3ac07	PASS
R7B1_005874	54	AC005253.2	B_IN	H3_RESCUE_FALSIFICATION	462	94cad5fc41cd7d0a893cba78293a29a0035a26aec3ec39976192edcf7a5b1816	419	9c6ec27f0942cfb96820752ae72c08f71f74d364ce3592dc7a6d3313c55dd692	43	0.093073593073593	975	b716925a816363882bd5b693df69b9f5c8c78ba0f3adcfd27388df5d23745886	824272211762c136d4b49b252f39ed2bd5065161feec0a6aa32a733274b4e8a3	6a82b893ce4056cf4d9d1df36e1912d2db727851f47ab8466e9fd69648c4f231	PASS
R7B1_005875	54	AC005253.2	B_MEM	H3_RESCUE_FALSIFICATION	462	94cad5fc41cd7d0a893cba78293a29a0035a26aec3ec39976192edcf7a5b1816	419	9c6ec27f0942cfb96820752ae72c08f71f74d364ce3592dc7a6d3313c55dd692	43	0.093073593073593	970	d73b192b23d15c055386f8617c09565cd6377625eefe5e46311da5eb3e6be072	6ec64b20de5f40161c2f80a47034265b8cb8350d169cf0a3d1f3c1b6d240dfff	6b76d1ec2f5670cd3c5348473f493476f8617fe4e20c3ecad7f3e07695ecab68	PASS
R7B1_005876	54	AC005253.2	CD4_ET	H3_RESCUE_FALSIFICATION	462	94cad5fc41cd7d0a893cba78293a29a0035a26aec3ec39976192edcf7a5b1816	419	9c6ec27f0942cfb96820752ae72c08f71f74d364ce3592dc7a6d3313c55dd692	43	0.093073593073593	980	c3ccb8295a505c760e75f0e6acc3e251c932a04138682cb67ca316ed1eb16dca	acfc37461a03c202862eb173a7ba192f36fb981021e66c95775a3b4953ebb109	2e66c5356ff50a7998c80beedd7dd4e6f9be144f652f2bd0d5e9d928acdbc2da	PASS
R7B1_005877	54	AC005253.2	CD4_NC	H3_RESCUE_FALSIFICATION	462	94cad5fc41cd7d0a893cba78293a29a0035a26aec3ec39976192edcf7a5b1816	419	9c6ec27f0942cfb96820752ae72c08f71f74d364ce3592dc7a6d3313c55dd692	43	0.093073593073593	980	a7bb942c56181188663e893fad4e2147a20f7b6c49d9bf520da46da4c168fa34	1c0f8fbd0a7d5d87c0219be6c5eeb1883b8fc1f9e0721ebc07b6e7c4f52c700f	99bc63a9973f3adeaf2e19a0a3c02dda494fcabcdc6a289e37583b34965d1738	PASS
R7B1_005879	54	AC005253.2	CD8_ET	H3_RESCUE_FALSIFICATION	462	94cad5fc41cd7d0a893cba78293a29a0035a26aec3ec39976192edcf7a5b1816	419	9c6ec27f0942cfb96820752ae72c08f71f74d364ce3592dc7a6d3313c55dd692	43	0.093073593073593	980	3826582e96c3c5f1d8a9b094e3f60562b975588bd5097bc06f1455895f5537d0	ba8e1c29a7be7668c5617b0f0f51747a4d59a41c14dd293d5e9ef97b50021d99	be044a387cd336ea905fc31d713bed2fb9553dec4484908a657843e76b9cafa3	PASS
R7B1_005880	54	AC005253.2	CD8_NC	H3_RESCUE_FALSIFICATION	462	94cad5fc41cd7d0a893cba78293a29a0035a26aec3ec39976192edcf7a5b1816	419	9c6ec27f0942cfb96820752ae72c08f71f74d364ce3592dc7a6d3313c55dd692	43	0.093073593073593	980	98c2a4b3df77fe02ca7ef8722ee008ccf18bde49796d0a25ad5086748667a028	7b85a4841cd56d15f2045820998c065b1c2f42dc0bedb0f31eab1417d234805f	1b9845315dea7ad9f90ea4d66314de38eeb25090c3392ff8b700fa43c02bce25	PASS
R7B1_005884	54	AC005253.2	NK	H3_RESCUE_FALSIFICATION	462	94cad5fc41cd7d0a893cba78293a29a0035a26aec3ec39976192edcf7a5b1816	419	9c6ec27f0942cfb96820752ae72c08f71f74d364ce3592dc7a6d3313c55dd692	43	0.093073593073593	980	4e7eb58bfecc69944b232f79bffffa0ab487bd908744a066aad53e5046fc201a	62baa805a6582e33e527b4803696faeaf9ed9453f0dba26de95b01b4f9b2181b	e8a83b605355508c3c059c32709e55cdd191baee7360c344ef0814fb99713436	PASS
R7B1_005929	54	C19orf60	B_IN	H3_RESCUE_FALSIFICATION	459	8c1044c3fd8bbcde87d7ba141902a3635322931e822661fc5eb34b5e3d9db4de	416	007c4e5b67357f21eb6a60cd2798b54a70fc51f7bc224b2d55f81349ce21b79c	43	0.0936819172113289	975	79ff63c95435dfde0400d5c732ba5e5305ab318346d08d4e6f284010db76bd93	824272211762c136d4b49b252f39ed2bd5065161feec0a6aa32a733274b4e8a3	6a82b893ce4056cf4d9d1df36e1912d2db727851f47ab8466e9fd69648c4f231	PASS
R7B1_005930	54	C19orf60	B_MEM	H3_RESCUE_FALSIFICATION	459	8c1044c3fd8bbcde87d7ba141902a3635322931e822661fc5eb34b5e3d9db4de	416	007c4e5b67357f21eb6a60cd2798b54a70fc51f7bc224b2d55f81349ce21b79c	43	0.0936819172113289	970	ebe06688296b08b2136e3f406f7f820f5345d1aa3aafaba415b84de85a3ed63c	6ec64b20de5f40161c2f80a47034265b8cb8350d169cf0a3d1f3c1b6d240dfff	6b76d1ec2f5670cd3c5348473f493476f8617fe4e20c3ecad7f3e07695ecab68	PASS
R7B1_005937	54	C19orf60	DC	H3_RESCUE_FALSIFICATION	459	8c1044c3fd8bbcde87d7ba141902a3635322931e822661fc5eb34b5e3d9db4de	416	007c4e5b67357f21eb6a60cd2798b54a70fc51f7bc224b2d55f81349ce21b79c	43	0.0936819172113289	726	9b3bdbba365eac1c8738c8b28396ccb0c48a6549f1cbef0fbaaeed75b4dc2298	277465833440d09e2e3987d27755ee388162c59b7de41667fdd2258ddbf16882	8fb8bf6a7adcc7ccffb28ab1eb3debd65dc7d85e7248d25258e0a33f4097ea13	PASS
R7B1_005938	54	C19orf60	Mono_C	H3_RESCUE_FALSIFICATION	459	8c1044c3fd8bbcde87d7ba141902a3635322931e822661fc5eb34b5e3d9db4de	416	007c4e5b67357f21eb6a60cd2798b54a70fc51f7bc224b2d55f81349ce21b79c	43	0.0936819172113289	851	4982fee8894ac350027d62ba197f91a4e3fde9ae94865a9008d13169cbf8cdac	95a37f04cee9d27f08eacc01c2e0994314993a9d198b3569528fe5e1a1f7286a	5f6f0aa2d04ffe81b0900927d278469cc3df11ac962670428542a2cf50522654	PASS
R7B1_006019	54	IFI30	Mono_NC	H3_RESCUE_FALSIFICATION	478	9f55ed19add222a65a2094e05e2e79384e7f9221757107b03695fa7e541071e0	435	a9b8c866b98fdc9248d738e385c89ebab9b438170ad96ba0c4e444dc4a0fdd60	43	0.0899581589958159	690	8bdfb601b2748b6293ff9af051d75eba2c5c7c4d07841865a0ce216e61b31c1e	a4ec4a463490228fa7790ba92fa44933a73cd757f72b33d36f13d21ad8d28e6e	745e523a011b3317fb66bd0b25858df83441cf6e573ecbd18671352772ed90ce	PASS
R7B1_006024	54	IL12RB1	CD4_ET	BORDERLINE_HIGH_INFORMATION_CALIBRATION	478	9f55ed19add222a65a2094e05e2e79384e7f9221757107b03695fa7e541071e0	435	a9b8c866b98fdc9248d738e385c89ebab9b438170ad96ba0c4e444dc4a0fdd60	43	0.0899581589958159	980	5c3f32c226c3325c85237abdebee181646842a3b069f627ac0424c0b03e5d819	acfc37461a03c202862eb173a7ba192f36fb981021e66c95775a3b4953ebb109	2e66c5356ff50a7998c80beedd7dd4e6f9be144f652f2bd0d5e9d928acdbc2da	PASS
R7B1_006025	54	IL12RB1	CD4_NC	PRIMARY_184_TRIGGER_VERIFICATION	478	9f55ed19add222a65a2094e05e2e79384e7f9221757107b03695fa7e541071e0	435	a9b8c866b98fdc9248d738e385c89ebab9b438170ad96ba0c4e444dc4a0fdd60	43	0.0899581589958159	980	5f53bef3981460791cba83433fe8af7d3d8f45bcc5d31011c5f5916e05b83257	1c0f8fbd0a7d5d87c0219be6c5eeb1883b8fc1f9e0721ebc07b6e7c4f52c700f	99bc63a9973f3adeaf2e19a0a3c02dda494fcabcdc6a289e37583b34965d1738	PASS
R7B1_006027	54	IL12RB1	CD8_ET	PRIMARY_184_TRIGGER_VERIFICATION	478	9f55ed19add222a65a2094e05e2e79384e7f9221757107b03695fa7e541071e0	435	a9b8c866b98fdc9248d738e385c89ebab9b438170ad96ba0c4e444dc4a0fdd60	43	0.0899581589958159	980	f7b285e39bf48717eb1b0553548dcc309bbfdaf3c9d4e4f884c1833a2fb117df	ba8e1c29a7be7668c5617b0f0f51747a4d59a41c14dd293d5e9ef97b50021d99	be044a387cd336ea905fc31d713bed2fb9553dec4484908a657843e76b9cafa3	PASS
R7B1_006029	54	IL12RB1	CD8_S100B	PRIMARY_184_TRIGGER_VERIFICATION	478	9f55ed19add222a65a2094e05e2e79384e7f9221757107b03695fa7e541071e0	435	a9b8c866b98fdc9248d738e385c89ebab9b438170ad96ba0c4e444dc4a0fdd60	43	0.0899581589958159	959	7e6d6bb13e59e2863939dfef8eaf9e08863eac031fb73137d2bb08cbb0bd7430	284bd34dd95e9c85b22b948bb49ab5fa31cb5ea51b8cdf343812879442a8b414	0d5ba4610fe788d2ebf98979ed130ad849acd1945633b049548b8635694d7592	PASS
R7B1_006033	54	IL12RB1	NK	PRIMARY_184_TRIGGER_VERIFICATION	478	9f55ed19add222a65a2094e05e2e79384e7f9221757107b03695fa7e541071e0	435	a9b8c866b98fdc9248d738e385c89ebab9b438170ad96ba0c4e444dc4a0fdd60	43	0.0899581589958159	980	e90133ff6be2e13baa1f711d9563ab862f1a0966d002212249794471b2a2939e	62baa805a6582e33e527b4803696faeaf9ed9453f0dba26de95b01b4f9b2181b	e8a83b605355508c3c059c32709e55cdd191baee7360c344ef0814fb99713436	PASS
R7B1_006041	54	ISYNA1	CD8_ET	H3_RESCUE_FALSIFICATION	478	9f55ed19add222a65a2094e05e2e79384e7f9221757107b03695fa7e541071e0	435	a9b8c866b98fdc9248d738e385c89ebab9b438170ad96ba0c4e444dc4a0fdd60	43	0.0899581589958159	980	110d40f8eff55b34867b0bc1040174a0da852f540f1ac3f64c8685d1a5a78cf7	ba8e1c29a7be7668c5617b0f0f51747a4d59a41c14dd293d5e9ef97b50021d99	be044a387cd336ea905fc31d713bed2fb9553dec4484908a657843e76b9cafa3	PASS
R7B1_006053	54	KCNN1	CD4_NC	H3_RESCUE_FALSIFICATION	478	9f55ed19add222a65a2094e05e2e79384e7f9221757107b03695fa7e541071e0	435	a9b8c866b98fdc9248d738e385c89ebab9b438170ad96ba0c4e444dc4a0fdd60	43	0.0899581589958159	980	0517135e5528266839da855e6fb1b3a8e70231302d0285656987b26da9669b77	1c0f8fbd0a7d5d87c0219be6c5eeb1883b8fc1f9e0721ebc07b6e7c4f52c700f	99bc63a9973f3adeaf2e19a0a3c02dda494fcabcdc6a289e37583b34965d1738	PASS
R7B1_006058	54	KCNN1	NK	H3_RESCUE_FALSIFICATION	478	9f55ed19add222a65a2094e05e2e79384e7f9221757107b03695fa7e541071e0	435	a9b8c866b98fdc9248d738e385c89ebab9b438170ad96ba0c4e444dc4a0fdd60	43	0.0899581589958159	980	65ccaaf563e44c4dc39fb89c172c2bde0e36fd80454ab46b7c4efb708b467d73	62baa805a6582e33e527b4803696faeaf9ed9453f0dba26de95b01b4f9b2181b	e8a83b605355508c3c059c32709e55cdd191baee7360c344ef0814fb99713436	PASS
R7B1_006076	54	LSM4	CD4_NC	H3_RESCUE_FALSIFICATION	478	9f55ed19add222a65a2094e05e2e79384e7f9221757107b03695fa7e541071e0	435	a9b8c866b98fdc9248d738e385c89ebab9b438170ad96ba0c4e444dc4a0fdd60	43	0.0899581589958159	980	1d6189671c1222dfe35854072acedc8d1c98b9564d4f961d973937db8640af50	1c0f8fbd0a7d5d87c0219be6c5eeb1883b8fc1f9e0721ebc07b6e7c4f52c700f	99bc63a9973f3adeaf2e19a0a3c02dda494fcabcdc6a289e37583b34965d1738	PASS
R7B1_006100	54	MAST3	B_IN	PRIMARY_184_TRIGGER_VERIFICATION	478	9f55ed19add222a65a2094e05e2e79384e7f9221757107b03695fa7e541071e0	435	a9b8c866b98fdc9248d738e385c89ebab9b438170ad96ba0c4e444dc4a0fdd60	43	0.0899581589958159	975	1c062298dbefd0afa6bb2b458494fb120a6302cb50d74ae4e840b428612a3cdc	824272211762c136d4b49b252f39ed2bd5065161feec0a6aa32a733274b4e8a3	6a82b893ce4056cf4d9d1df36e1912d2db727851f47ab8466e9fd69648c4f231	PASS
R7B1_006103	54	MAST3	CD4_NC	H3_RESCUE_FALSIFICATION	478	9f55ed19add222a65a2094e05e2e79384e7f9221757107b03695fa7e541071e0	435	a9b8c866b98fdc9248d738e385c89ebab9b438170ad96ba0c4e444dc4a0fdd60	43	0.0899581589958159	980	5c5452485a0a81595b6e45cdd460d9dbe787717919e618f8857353b0286ad0de	1c0f8fbd0a7d5d87c0219be6c5eeb1883b8fc1f9e0721ebc07b6e7c4f52c700f	99bc63a9973f3adeaf2e19a0a3c02dda494fcabcdc6a289e37583b34965d1738	PASS
R7B1_006105	54	MAST3	CD8_ET	H3_RESCUE_FALSIFICATION	478	9f55ed19add222a65a2094e05e2e79384e7f9221757107b03695fa7e541071e0	435	a9b8c866b98fdc9248d738e385c89ebab9b438170ad96ba0c4e444dc4a0fdd60	43	0.0899581589958159	980	2b5a07a94aad21eb8c69109be15534c3364d0b32fcd162d1a35df3c119cc6a52	ba8e1c29a7be7668c5617b0f0f51747a4d59a41c14dd293d5e9ef97b50021d99	be044a387cd336ea905fc31d713bed2fb9553dec4484908a657843e76b9cafa3	PASS
R7B1_006106	54	MAST3	CD8_NC	H3_RESCUE_FALSIFICATION	478	9f55ed19add222a65a2094e05e2e79384e7f9221757107b03695fa7e541071e0	435	a9b8c866b98fdc9248d738e385c89ebab9b438170ad96ba0c4e444dc4a0fdd60	43	0.0899581589958159	980	255143108888eb6d434f135cba43b62f37db4a6a5562c3eb26a677a92b3ab804	7b85a4841cd56d15f2045820998c065b1c2f42dc0bedb0f31eab1417d234805f	1b9845315dea7ad9f90ea4d66314de38eeb25090c3392ff8b700fa43c02bce25	PASS
R7B1_006110	54	MAST3	Mono_NC	PRIMARY_184_TRIGGER_VERIFICATION	478	9f55ed19add222a65a2094e05e2e79384e7f9221757107b03695fa7e541071e0	435	a9b8c866b98fdc9248d738e385c89ebab9b438170ad96ba0c4e444dc4a0fdd60	43	0.0899581589958159	690	5693580c1a077664985136d7466543a76777a531d64a65cd873cc5ee7d4eba24	a4ec4a463490228fa7790ba92fa44933a73cd757f72b33d36f13d21ad8d28e6e	745e523a011b3317fb66bd0b25858df83441cf6e573ecbd18671352772ed90ce	PASS
R7B1_006111	54	MAST3	NK	H3_RESCUE_FALSIFICATION	478	9f55ed19add222a65a2094e05e2e79384e7f9221757107b03695fa7e541071e0	435	a9b8c866b98fdc9248d738e385c89ebab9b438170ad96ba0c4e444dc4a0fdd60	43	0.0899581589958159	980	d129316104e9f6c4052cfad7fa43377c8fd9a4f6e69811131e0dd33fb86dc8c4	62baa805a6582e33e527b4803696faeaf9ed9453f0dba26de95b01b4f9b2181b	e8a83b605355508c3c059c32709e55cdd191baee7360c344ef0814fb99713436	PASS
R7B1_006128	54	MPV17L2	B_IN	BORDERLINE_HIGH_INFORMATION_CALIBRATION	478	9f55ed19add222a65a2094e05e2e79384e7f9221757107b03695fa7e541071e0	435	a9b8c866b98fdc9248d738e385c89ebab9b438170ad96ba0c4e444dc4a0fdd60	43	0.0899581589958159	975	1c45876783b65852661a1c60dbfd977d0c92ead2877894880b88beedd5769c4c	824272211762c136d4b49b252f39ed2bd5065161feec0a6aa32a733274b4e8a3	6a82b893ce4056cf4d9d1df36e1912d2db727851f47ab8466e9fd69648c4f231	PASS
R7B1_006129	54	MPV17L2	B_MEM	PRIMARY_184_TRIGGER_VERIFICATION	478	9f55ed19add222a65a2094e05e2e79384e7f9221757107b03695fa7e541071e0	435	a9b8c866b98fdc9248d738e385c89ebab9b438170ad96ba0c4e444dc4a0fdd60	43	0.0899581589958159	970	aafb6cb5ec5449a00dea7a5db1de26ad794fb78d5f88250dce7bfb970fb132aa	6ec64b20de5f40161c2f80a47034265b8cb8350d169cf0a3d1f3c1b6d240dfff	6b76d1ec2f5670cd3c5348473f493476f8617fe4e20c3ecad7f3e07695ecab68	PASS
R7B1_006131	54	MPV17L2	CD4_NC	PRIMARY_184_TRIGGER_VERIFICATION	478	9f55ed19add222a65a2094e05e2e79384e7f9221757107b03695fa7e541071e0	435	a9b8c866b98fdc9248d738e385c89ebab9b438170ad96ba0c4e444dc4a0fdd60	43	0.0899581589958159	980	ffb57893208bf875b154e6bc608d07752bc2e9057dde458e86fe504396b5bf4a	1c0f8fbd0a7d5d87c0219be6c5eeb1883b8fc1f9e0721ebc07b6e7c4f52c700f	99bc63a9973f3adeaf2e19a0a3c02dda494fcabcdc6a289e37583b34965d1738	PASS
R7B1_006237	54	PGPEP1	CD4_NC	H3_RESCUE_FALSIFICATION	478	9f55ed19add222a65a2094e05e2e79384e7f9221757107b03695fa7e541071e0	435	a9b8c866b98fdc9248d738e385c89ebab9b438170ad96ba0c4e444dc4a0fdd60	43	0.0899581589958159	980	64fe280ab37c6ccb302157a6cd84834f42280a8edce6d16b8cf9f5b0a84a3a6e	1c0f8fbd0a7d5d87c0219be6c5eeb1883b8fc1f9e0721ebc07b6e7c4f52c700f	99bc63a9973f3adeaf2e19a0a3c02dda494fcabcdc6a289e37583b34965d1738	PASS
R7B1_006274	54	SSBP4	B_IN	H3_RESCUE_FALSIFICATION	478	9f55ed19add222a65a2094e05e2e79384e7f9221757107b03695fa7e541071e0	435	a9b8c866b98fdc9248d738e385c89ebab9b438170ad96ba0c4e444dc4a0fdd60	43	0.0899581589958159	975	65e5085f1e4c7eaf04e59872ec2db803ff54bda20ca5de6ffbd4910349f1eeff	824272211762c136d4b49b252f39ed2bd5065161feec0a6aa32a733274b4e8a3	6a82b893ce4056cf4d9d1df36e1912d2db727851f47ab8466e9fd69648c4f231	PASS
R7B1_006277	54	SSBP4	CD4_NC	H3_RESCUE_FALSIFICATION	478	9f55ed19add222a65a2094e05e2e79384e7f9221757107b03695fa7e541071e0	435	a9b8c866b98fdc9248d738e385c89ebab9b438170ad96ba0c4e444dc4a0fdd60	43	0.0899581589958159	980	dc8a682fd2943bc53ddd11676a2d6c6528901be0946816ea7f3e354795008194	1c0f8fbd0a7d5d87c0219be6c5eeb1883b8fc1f9e0721ebc07b6e7c4f52c700f	99bc63a9973f3adeaf2e19a0a3c02dda494fcabcdc6a289e37583b34965d1738	PASS
R7B1_006280	54	SSBP4	CD8_NC	H3_RESCUE_FALSIFICATION	478	9f55ed19add222a65a2094e05e2e79384e7f9221757107b03695fa7e541071e0	435	a9b8c866b98fdc9248d738e385c89ebab9b438170ad96ba0c4e444dc4a0fdd60	43	0.0899581589958159	980	55b0ebd9542438418e8feac47a5d35cdaa04de3bdbff7945fd12a28639256948	7b85a4841cd56d15f2045820998c065b1c2f42dc0bedb0f31eab1417d234805f	1b9845315dea7ad9f90ea4d66314de38eeb25090c3392ff8b700fa43c02bce25	PASS
R7B1_006288	54	UBA52	B_IN	H3_RESCUE_FALSIFICATION	459	8c1044c3fd8bbcde87d7ba141902a3635322931e822661fc5eb34b5e3d9db4de	416	007c4e5b67357f21eb6a60cd2798b54a70fc51f7bc224b2d55f81349ce21b79c	43	0.0936819172113289	975	49f6aa300ff069595f5fc50cedbd5668bf83547bffbe55f48dc10c54f4b85631	824272211762c136d4b49b252f39ed2bd5065161feec0a6aa32a733274b4e8a3	6a82b893ce4056cf4d9d1df36e1912d2db727851f47ab8466e9fd69648c4f231	PASS
R7B1_006291	54	UBA52	CD4_NC	H3_RESCUE_FALSIFICATION	459	8c1044c3fd8bbcde87d7ba141902a3635322931e822661fc5eb34b5e3d9db4de	416	007c4e5b67357f21eb6a60cd2798b54a70fc51f7bc224b2d55f81349ce21b79c	43	0.0936819172113289	980	45598fcc582ecd5bc22d78008eaf8ff325c0c376deed90670bac7b1ada9293d9	1c0f8fbd0a7d5d87c0219be6c5eeb1883b8fc1f9e0721ebc07b6e7c4f52c700f	99bc63a9973f3adeaf2e19a0a3c02dda494fcabcdc6a289e37583b34965d1738	PASS
R7B1_006293	54	UBA52	CD8_ET	H3_RESCUE_FALSIFICATION	459	8c1044c3fd8bbcde87d7ba141902a3635322931e822661fc5eb34b5e3d9db4de	416	007c4e5b67357f21eb6a60cd2798b54a70fc51f7bc224b2d55f81349ce21b79c	43	0.0936819172113289	980	7c2efaa342a53d9267d6b445bfbb9bfb7170670a52316197f5e6109ff82633eb	ba8e1c29a7be7668c5617b0f0f51747a4d59a41c14dd293d5e9ef97b50021d99	be044a387cd336ea905fc31d713bed2fb9553dec4484908a657843e76b9cafa3	PASS
R7B1_006294	54	UBA52	CD8_NC	H3_RESCUE_FALSIFICATION	459	8c1044c3fd8bbcde87d7ba141902a3635322931e822661fc5eb34b5e3d9db4de	416	007c4e5b67357f21eb6a60cd2798b54a70fc51f7bc224b2d55f81349ce21b79c	43	0.0936819172113289	980	a26426971424904304d8ebed9e4108a0cb25c6037e1833978d3f6dc8dda1fece	7b85a4841cd56d15f2045820998c065b1c2f42dc0bedb0f31eab1417d234805f	1b9845315dea7ad9f90ea4d66314de38eeb25090c3392ff8b700fa43c02bce25	PASS
R7B1_006295	54	UBA52	CD8_S100B	H3_RESCUE_FALSIFICATION	459	8c1044c3fd8bbcde87d7ba141902a3635322931e822661fc5eb34b5e3d9db4de	416	007c4e5b67357f21eb6a60cd2798b54a70fc51f7bc224b2d55f81349ce21b79c	43	0.0936819172113289	959	b864a6dc6a4ec8c268d03ea77ef9bd6c75067bfdf441bbca3cb2292d7bac2548	284bd34dd95e9c85b22b948bb49ab5fa31cb5ea51b8cdf343812879442a8b414	0d5ba4610fe788d2ebf98979ed130ad849acd1945633b049548b8635694d7592	PASS
R7B1_006297	54	UBA52	Mono_C	H3_RESCUE_FALSIFICATION	459	8c1044c3fd8bbcde87d7ba141902a3635322931e822661fc5eb34b5e3d9db4de	416	007c4e5b67357f21eb6a60cd2798b54a70fc51f7bc224b2d55f81349ce21b79c	43	0.0936819172113289	851	07f20035f72e8cf02289cf1c60aedad2f159e3c3bf27ab84a64ec8bb82e7d74d	95a37f04cee9d27f08eacc01c2e0994314993a9d198b3569528fe5e1a1f7286a	5f6f0aa2d04ffe81b0900927d278469cc3df11ac962670428542a2cf50522654	PASS
R7B1_006299	54	UBA52	NK	H3_RESCUE_FALSIFICATION	459	8c1044c3fd8bbcde87d7ba141902a3635322931e822661fc5eb34b5e3d9db4de	416	007c4e5b67357f21eb6a60cd2798b54a70fc51f7bc224b2d55f81349ce21b79c	43	0.0936819172113289	980	808e28abd0fc2d2cf417d1b407fa56b27575ed300a0e19415c943e5563f815cf	62baa805a6582e33e527b4803696faeaf9ed9453f0dba26de95b01b4f9b2181b	e8a83b605355508c3c059c32709e55cdd191baee7360c344ef0814fb99713436	PASS
R7B1_006335	55	AP2A1	NK	H3_RESCUE_FALSIFICATION	306	57b68564445df8f0187d7837e98f743a2db5d5595298649598c05f558ef0e78b	277	ad80355bca68820e7bcd9f013f64e8ad6019271d665b2d8f3d864e9fefa364be	29	0.0947712418300653	980	88476865a3ec9d3f0efc8ebbf99e1b46959d4d3951b549845b2e0881d444298d	bbaca39f26efaf5c9b99f02514545eb57d3b0bf104ab844e6ff73ce75d5a93fd	a4090c17b6f574b37251cf32facb194c11f2cd7e69ee41500f5fc5b7dfb67bcc	PASS
R7B1_006341	55	ATF5	CD4_NC	H3_RESCUE_FALSIFICATION	473	ad5c16600363ade9b64372bc4a3bf0bdbcab3c25e887f34f055b3538e24ddca7	427	41463ed3d7fc96e372f1eb643fde275f817558a8980aa319aebd06f456a4fa46	46	0.0972515856236786	980	7879c032eab4aa7118cf5d853cb79af999330ecf53d994ef4bb2b55468938bef	09d0835fb5eb5f29cde40d209085115e7a4c9f44c6aed71c48da2187c95cd96c	127dcbffb70022e15278e03661ed1c2535a0858298b3b18df803a494212bb5b7	PASS
R7B1_006352	55	C19orf48	B_IN	H3_RESCUE_FALSIFICATION	526	0f543f1eff590663a6f33d94ef97c29fe1973234e9483772dd483f308b197d31	473	a2c6c73c173230db137f31a50f0622a37790e57ab4407fd7aa8f914cdfead151	53	0.1007604562737642	975	685b5b7e6884727f28093ef18df0bd862bd3325858e79c38101b199f1bf28bf6	c805f5c15e61b250fffd28c4d25f03304ce8fc668e1c12e0d50687afa398c0eb	889bb7d94b54fd181fd1a677188c772d5377467549c0def9aa8054a053f525bf	PASS
R7B1_006354	55	C19orf48	CD4_ET	H3_RESCUE_FALSIFICATION	526	0f543f1eff590663a6f33d94ef97c29fe1973234e9483772dd483f308b197d31	473	a2c6c73c173230db137f31a50f0622a37790e57ab4407fd7aa8f914cdfead151	53	0.1007604562737642	980	ec1c489274b6ae3e7db5310d27e282863e3374a0d32d625a4c2e6a7f49454a29	3a8da0751b4f2245b6d7c61f8374709ef7a445a2429fb6d93dbc03e9cd53b2a7	a89cfe10add8e323227e70dcea5151783af86ab32b0dc86276eb222a5f732227	PASS
R7B1_006355	55	C19orf48	CD4_NC	H3_RESCUE_FALSIFICATION	526	0f543f1eff590663a6f33d94ef97c29fe1973234e9483772dd483f308b197d31	473	a2c6c73c173230db137f31a50f0622a37790e57ab4407fd7aa8f914cdfead151	53	0.1007604562737642	980	ac4a485bd56f768aef2cccd23c745c4bd78d73eb9e70defa6a96de3d1dfef4d3	09d0835fb5eb5f29cde40d209085115e7a4c9f44c6aed71c48da2187c95cd96c	127dcbffb70022e15278e03661ed1c2535a0858298b3b18df803a494212bb5b7	PASS
R7B1_006358	55	C19orf48	CD8_NC	H3_RESCUE_FALSIFICATION	526	0f543f1eff590663a6f33d94ef97c29fe1973234e9483772dd483f308b197d31	473	a2c6c73c173230db137f31a50f0622a37790e57ab4407fd7aa8f914cdfead151	53	0.1007604562737642	980	07b1464985ce6b2aadf05e925ed4d0d641a2877f584d7f1fa12c96d1d5afa479	a5c1bfa9a8aceea00be4a13a54b36a97c24b2f280e75e1994af97a2cab8b77b8	b8979512b8b9da7218e87c83eec6febfcf852c54a88af5bd85ffdf6da24fb681	PASS
R7B1_006384	55	CLEC11A	CD4_NC	H3_RESCUE_FALSIFICATION	526	0f543f1eff590663a6f33d94ef97c29fe1973234e9483772dd483f308b197d31	473	a2c6c73c173230db137f31a50f0622a37790e57ab4407fd7aa8f914cdfead151	53	0.1007604562737642	980	1da2c52b8bc266db44f76f4d1caf07b3e82b9d83828657895b797404ef03cf3c	09d0835fb5eb5f29cde40d209085115e7a4c9f44c6aed71c48da2187c95cd96c	127dcbffb70022e15278e03661ed1c2535a0858298b3b18df803a494212bb5b7	PASS
R7B1_006471	55	KLK1	B_IN	H3_RESCUE_FALSIFICATION	526	0f543f1eff590663a6f33d94ef97c29fe1973234e9483772dd483f308b197d31	473	a2c6c73c173230db137f31a50f0622a37790e57ab4407fd7aa8f914cdfead151	53	0.1007604562737642	975	9af05c365d54174037b444bc81e16fa6d6346470322d108cd021478a394f1aaf	c805f5c15e61b250fffd28c4d25f03304ce8fc668e1c12e0d50687afa398c0eb	889bb7d94b54fd181fd1a677188c772d5377467549c0def9aa8054a053f525bf	PASS
R7B1_006472	55	KLK1	B_MEM	H3_RESCUE_FALSIFICATION	526	0f543f1eff590663a6f33d94ef97c29fe1973234e9483772dd483f308b197d31	473	a2c6c73c173230db137f31a50f0622a37790e57ab4407fd7aa8f914cdfead151	53	0.1007604562737642	970	2859eb7eca7c67cad3022964adf3021f3c6fe3a468d08c357b5c019e5043507f	67f576e56925daf728e418cb89443712efd639933791a44a01f6b9897da48456	c428ac5190dc3ed7816e668c0694f81d14b94b8b30b03b93a1179c68362b6285	PASS
R7B1_006586	55	VRK3	B_IN	H3_RESCUE_FALSIFICATION	502	f411ad2e46e4a7630f28d09e6ab1838eb566ee951a6c3552976639b7927f9a10	456	2866f732635b0726045e9906ac9054385de704ee03664bbdf7ad31afdc41546b	46	0.0916334661354581	975	fa3b05facf944b08fbc5fc142a6f7b631e955b61b1379cdad6bfc9bc9f5e7815	c805f5c15e61b250fffd28c4d25f03304ce8fc668e1c12e0d50687afa398c0eb	889bb7d94b54fd181fd1a677188c772d5377467549c0def9aa8054a053f525bf	PASS
R7B1_006589	55	VRK3	CD4_NC	H3_RESCUE_FALSIFICATION	502	f411ad2e46e4a7630f28d09e6ab1838eb566ee951a6c3552976639b7927f9a10	456	2866f732635b0726045e9906ac9054385de704ee03664bbdf7ad31afdc41546b	46	0.0916334661354581	980	32c3eec25afada6d7df5678d5806766380440cb1e2130a10291f4d63b0b0738e	09d0835fb5eb5f29cde40d209085115e7a4c9f44c6aed71c48da2187c95cd96c	127dcbffb70022e15278e03661ed1c2535a0858298b3b18df803a494212bb5b7	PASS
R7B1_006592	55	VRK3	CD8_NC	H3_RESCUE_FALSIFICATION	502	f411ad2e46e4a7630f28d09e6ab1838eb566ee951a6c3552976639b7927f9a10	456	2866f732635b0726045e9906ac9054385de704ee03664bbdf7ad31afdc41546b	46	0.0916334661354581	980	d6b85bc7b65d2b21f133e6b359945d010d27e2e8d87ab35c3dc25e580b107301	a5c1bfa9a8aceea00be4a13a54b36a97c24b2f280e75e1994af97a2cab8b77b8	b8979512b8b9da7218e87c83eec6febfcf852c54a88af5bd85ffdf6da24fb681	PASS
R7B1_006652	56	APOBEC3C	CD4_NC	H3_RESCUE_FALSIFICATION	574	acbf2c764cc0f3baa919c865bc72348288e6a9097462af0a4edf9f22e5540b64	536	ea41cb77885c3834d3a3d8c9d17f1315b855791d5396c3449b00d36be015216a	38	0.0662020905923344	980	b19a5171b115b6d15fa261298d6bb765d564b517acd9ca2d8be730d0482ea6df	817f773d7e8e8e826670a965d648da9c5378cff0a0e7cb3288d4ae87580c5983	61f5a02b7c3ea607cad04f2c7a013c381b4b8fc921806f3ed22a813adfd4f9c5	PASS
R7B1_006666	56	APOBEC3G	CD4_NC	H3_RESCUE_FALSIFICATION	574	acbf2c764cc0f3baa919c865bc72348288e6a9097462af0a4edf9f22e5540b64	536	ea41cb77885c3834d3a3d8c9d17f1315b855791d5396c3449b00d36be015216a	38	0.0662020905923344	980	9fc5664aac9baed6b9a94f57ee5098e00042107e6b9b09c5ce9b2c42cb34711b	817f773d7e8e8e826670a965d648da9c5378cff0a0e7cb3288d4ae87580c5983	61f5a02b7c3ea607cad04f2c7a013c381b4b8fc921806f3ed22a813adfd4f9c5	PASS
R7B1_006668	56	APOBEC3G	CD8_ET	H3_RESCUE_FALSIFICATION	574	acbf2c764cc0f3baa919c865bc72348288e6a9097462af0a4edf9f22e5540b64	536	ea41cb77885c3834d3a3d8c9d17f1315b855791d5396c3449b00d36be015216a	38	0.0662020905923344	980	f01d65780b35d84c80a44cbafc0a64acc7cd3d16c4972fc55399a1cfd34fabfc	968b34985a81173a428c4eb39cd8b24990abd125a86f232de93c6b2ef879d49b	727ba64e37dfaf5c7ca25e6da9d75d287d0ae295f2f5f11ca241a03f57890ec3	PASS
R7B1_006669	56	APOBEC3G	CD8_NC	H3_RESCUE_FALSIFICATION	574	acbf2c764cc0f3baa919c865bc72348288e6a9097462af0a4edf9f22e5540b64	536	ea41cb77885c3834d3a3d8c9d17f1315b855791d5396c3449b00d36be015216a	38	0.0662020905923344	980	7b470a4226f170a82dfe7dc819dccf59c26d68f64fd41553e74d8935dc8ad322	cc782c57eee2f15a4aebd646b73660bec46e867ed475b2ed88737fb5227c4425	55cd67de741e76001033376b9f379a20c9e07f1620ad8f4a70fdf24ae3ee5cae	PASS
R7B1_006674	56	APOBEC3G	NK	H3_RESCUE_FALSIFICATION	574	acbf2c764cc0f3baa919c865bc72348288e6a9097462af0a4edf9f22e5540b64	536	ea41cb77885c3834d3a3d8c9d17f1315b855791d5396c3449b00d36be015216a	38	0.0662020905923344	980	6d7b25d03aa9503d07d1ffbfa9b8e0154e8ebc97aad1ba101b67655f74c61771	35b56f27034dae355861a8a9a1f1b18c70c21c0bd0a02ac695880b28de0873c4	ff4dfa26033c06a709e254bb8a3868e1100bbdf8e50fa97a7274b470d35123de	PASS
R7B1_006681	56	APOBEC3H	CD8_ET	H3_RESCUE_FALSIFICATION	574	acbf2c764cc0f3baa919c865bc72348288e6a9097462af0a4edf9f22e5540b64	536	ea41cb77885c3834d3a3d8c9d17f1315b855791d5396c3449b00d36be015216a	38	0.0662020905923344	980	ea35d930e4132495c0684e406e40d4d38d68eba3abf25d67e4b0f0093eec9fa2	968b34985a81173a428c4eb39cd8b24990abd125a86f232de93c6b2ef879d49b	727ba64e37dfaf5c7ca25e6da9d75d287d0ae295f2f5f11ca241a03f57890ec3	PASS
R7B1_006686	56	APOBEC3H	NK	H3_RESCUE_FALSIFICATION	574	acbf2c764cc0f3baa919c865bc72348288e6a9097462af0a4edf9f22e5540b64	536	ea41cb77885c3834d3a3d8c9d17f1315b855791d5396c3449b00d36be015216a	38	0.0662020905923344	980	50ca967d50af1135a4e2a4fb11b81d159fbca30523b40a161a1dc3bb754133ec	35b56f27034dae355861a8a9a1f1b18c70c21c0bd0a02ac695880b28de0873c4	ff4dfa26033c06a709e254bb8a3868e1100bbdf8e50fa97a7274b470d35123de	PASS
R7B1_006691	56	ATF4	CD4_ET	H3_RESCUE_FALSIFICATION	574	acbf2c764cc0f3baa919c865bc72348288e6a9097462af0a4edf9f22e5540b64	536	ea41cb77885c3834d3a3d8c9d17f1315b855791d5396c3449b00d36be015216a	38	0.0662020905923344	980	e1e0b1dc967f8533650f4b8d7732b1adf1cd6a89e5fb34f0186af5619016aa7e	2f0d33dd764f6925315f7e77f217c74284e14bff5ba3d9b988d6df83d7f2f795	bf03ea1c6ff514f0cf0022afa96a336371562416ca3060a35e1d128f554aa531	PASS
R7B1_006692	56	ATF4	CD4_NC	H3_RESCUE_FALSIFICATION	574	acbf2c764cc0f3baa919c865bc72348288e6a9097462af0a4edf9f22e5540b64	536	ea41cb77885c3834d3a3d8c9d17f1315b855791d5396c3449b00d36be015216a	38	0.0662020905923344	980	b1feca5a26dd30b2d9102e7379ff72aadf2069ac3bb65075bd1b6c62dc664276	817f773d7e8e8e826670a965d648da9c5378cff0a0e7cb3288d4ae87580c5983	61f5a02b7c3ea607cad04f2c7a013c381b4b8fc921806f3ed22a813adfd4f9c5	PASS
R7B1_006694	56	ATF4	CD8_ET	H3_RESCUE_FALSIFICATION	574	acbf2c764cc0f3baa919c865bc72348288e6a9097462af0a4edf9f22e5540b64	536	ea41cb77885c3834d3a3d8c9d17f1315b855791d5396c3449b00d36be015216a	38	0.0662020905923344	980	464f080af4267267ba8122bcef9666a57ddf4406bb89806dbbf8a890556d1316	968b34985a81173a428c4eb39cd8b24990abd125a86f232de93c6b2ef879d49b	727ba64e37dfaf5c7ca25e6da9d75d287d0ae295f2f5f11ca241a03f57890ec3	PASS
R7B1_006695	56	ATF4	CD8_NC	H3_RESCUE_FALSIFICATION	574	acbf2c764cc0f3baa919c865bc72348288e6a9097462af0a4edf9f22e5540b64	536	ea41cb77885c3834d3a3d8c9d17f1315b855791d5396c3449b00d36be015216a	38	0.0662020905923344	980	1fb54fab289668d108d8eab146a20273f688341a3058d6300525c5b0a4bda1f5	cc782c57eee2f15a4aebd646b73660bec46e867ed475b2ed88737fb5227c4425	55cd67de741e76001033376b9f379a20c9e07f1620ad8f4a70fdf24ae3ee5cae	PASS
R7B1_006792	56	MGAT3	B_IN	H3_RESCUE_FALSIFICATION	574	acbf2c764cc0f3baa919c865bc72348288e6a9097462af0a4edf9f22e5540b64	536	ea41cb77885c3834d3a3d8c9d17f1315b855791d5396c3449b00d36be015216a	38	0.0662020905923344	975	cbbf3888db697d353e6dd1b0ad0c25e9793941d980d41ceddbf984e29d82cb18	a1c5464b76b42c147e13e44b45895b5d13e19ebddf0957613ac5b61f82b90323	9a76b0f0c074493fdcb563fab1a3b65e5e529762a661907d92b3c6cb16388e60	PASS
R7B1_006841	56	RPL3	B_IN	PRIMARY_184_TRIGGER_VERIFICATION	574	acbf2c764cc0f3baa919c865bc72348288e6a9097462af0a4edf9f22e5540b64	536	ea41cb77885c3834d3a3d8c9d17f1315b855791d5396c3449b00d36be015216a	38	0.0662020905923344	975	8fba709eb837ed4b702867e142397ae83591890393f18d1050b5ff820604b26a	a1c5464b76b42c147e13e44b45895b5d13e19ebddf0957613ac5b61f82b90323	9a76b0f0c074493fdcb563fab1a3b65e5e529762a661907d92b3c6cb16388e60	PASS
R7B1_006842	56	RPL3	B_MEM	PRIMARY_184_TRIGGER_VERIFICATION	574	acbf2c764cc0f3baa919c865bc72348288e6a9097462af0a4edf9f22e5540b64	536	ea41cb77885c3834d3a3d8c9d17f1315b855791d5396c3449b00d36be015216a	38	0.0662020905923344	970	83667790f41ca1bbf94142551fe2acf7c3d05f0291ba885105dbba6c8eaecce6	ca0450054dcd73f4343dbfb809082f3308d8a40a86b3d975078f01f1c96c63a3	02f26a34c908a03e3b75aa1acd1bc528c5eed37551cff466a7ccaf2cdc34e7e3	PASS
R7B1_006843	56	RPL3	CD4_ET	PRIMARY_184_TRIGGER_VERIFICATION	574	acbf2c764cc0f3baa919c865bc72348288e6a9097462af0a4edf9f22e5540b64	536	ea41cb77885c3834d3a3d8c9d17f1315b855791d5396c3449b00d36be015216a	38	0.0662020905923344	980	cfe98711d48a24746f445766370448d41c1bb2e41ee79140445b42c9b4d33604	2f0d33dd764f6925315f7e77f217c74284e14bff5ba3d9b988d6df83d7f2f795	bf03ea1c6ff514f0cf0022afa96a336371562416ca3060a35e1d128f554aa531	PASS
R7B1_006844	56	RPL3	CD4_NC	PRIMARY_184_TRIGGER_VERIFICATION	574	acbf2c764cc0f3baa919c865bc72348288e6a9097462af0a4edf9f22e5540b64	536	ea41cb77885c3834d3a3d8c9d17f1315b855791d5396c3449b00d36be015216a	38	0.0662020905923344	980	c61bbf97c86b1f1d2c18bce2624cf8467690e53989987afd1a8b38551ee77670	817f773d7e8e8e826670a965d648da9c5378cff0a0e7cb3288d4ae87580c5983	61f5a02b7c3ea607cad04f2c7a013c381b4b8fc921806f3ed22a813adfd4f9c5	PASS
R7B1_006846	56	RPL3	CD8_ET	PRIMARY_184_TRIGGER_VERIFICATION	574	acbf2c764cc0f3baa919c865bc72348288e6a9097462af0a4edf9f22e5540b64	536	ea41cb77885c3834d3a3d8c9d17f1315b855791d5396c3449b00d36be015216a	38	0.0662020905923344	980	eeb378741baf7f6e790bdea323f9e39c7925bbb2d0a2ac8130e075f77ab66c6d	968b34985a81173a428c4eb39cd8b24990abd125a86f232de93c6b2ef879d49b	727ba64e37dfaf5c7ca25e6da9d75d287d0ae295f2f5f11ca241a03f57890ec3	PASS
R7B1_006847	56	RPL3	CD8_NC	PRIMARY_184_TRIGGER_VERIFICATION	574	acbf2c764cc0f3baa919c865bc72348288e6a9097462af0a4edf9f22e5540b64	536	ea41cb77885c3834d3a3d8c9d17f1315b855791d5396c3449b00d36be015216a	38	0.0662020905923344	980	db3ca002dd82d35b176984b4de48d459836efc88dbae51a58fd5f8618337f759	cc782c57eee2f15a4aebd646b73660bec46e867ed475b2ed88737fb5227c4425	55cd67de741e76001033376b9f379a20c9e07f1620ad8f4a70fdf24ae3ee5cae	PASS
R7B1_006848	56	RPL3	CD8_S100B	PRIMARY_184_TRIGGER_VERIFICATION	574	acbf2c764cc0f3baa919c865bc72348288e6a9097462af0a4edf9f22e5540b64	536	ea41cb77885c3834d3a3d8c9d17f1315b855791d5396c3449b00d36be015216a	38	0.0662020905923344	959	dc15286d4660836ce5e187b3ef0b76d5f170299011c1f8820a9b422337003284	b1acd0103d42fa7a80ee3fb30af703fb8b5c2dca17f39e5b4ebd2ad2afd04a81	23f425f31d00b798b2a2f4fefc78fabf2d950d438f8444bc78a7f0e201b2e170	PASS
R7B1_006852	56	RPL3	NK	H3_RESCUE_FALSIFICATION	574	acbf2c764cc0f3baa919c865bc72348288e6a9097462af0a4edf9f22e5540b64	536	ea41cb77885c3834d3a3d8c9d17f1315b855791d5396c3449b00d36be015216a	38	0.0662020905923344	980	d8d7c3712ecfe1498fbeecc4627a82b73d49c13236b633451531d10d0362aeda	35b56f27034dae355861a8a9a1f1b18c70c21c0bd0a02ac695880b28de0873c4	ff4dfa26033c06a709e254bb8a3868e1100bbdf8e50fa97a7274b470d35123de	PASS
R7B1_006897	56	SYNGR1	B_IN	PRIMARY_184_TRIGGER_VERIFICATION	574	acbf2c764cc0f3baa919c865bc72348288e6a9097462af0a4edf9f22e5540b64	536	ea41cb77885c3834d3a3d8c9d17f1315b855791d5396c3449b00d36be015216a	38	0.0662020905923344	975	e818b89e496b7f6e57e36014ebcee5d256304a51ae72dcdf308fe3e9ea84db68	a1c5464b76b42c147e13e44b45895b5d13e19ebddf0957613ac5b61f82b90323	9a76b0f0c074493fdcb563fab1a3b65e5e529762a661907d92b3c6cb16388e60	PASS
R7B1_006898	56	SYNGR1	B_MEM	H3_RESCUE_FALSIFICATION	574	acbf2c764cc0f3baa919c865bc72348288e6a9097462af0a4edf9f22e5540b64	536	ea41cb77885c3834d3a3d8c9d17f1315b855791d5396c3449b00d36be015216a	38	0.0662020905923344	970	096890e54bc362d04c1305f6a64ee0e1e46191fecdcf33b04296f4746fd956cf	ca0450054dcd73f4343dbfb809082f3308d8a40a86b3d975078f01f1c96c63a3	02f26a34c908a03e3b75aa1acd1bc528c5eed37551cff466a7ccaf2cdc34e7e3	PASS
R7B1_006901	56	SYNGR1	CD8_ET	H3_RESCUE_FALSIFICATION	574	acbf2c764cc0f3baa919c865bc72348288e6a9097462af0a4edf9f22e5540b64	536	ea41cb77885c3834d3a3d8c9d17f1315b855791d5396c3449b00d36be015216a	38	0.0662020905923344	980	5247d0654385c34f9dc72ec33488a60047e1b0ae4dc9f5d9f9fa67c3d8733ba5	968b34985a81173a428c4eb39cd8b24990abd125a86f232de93c6b2ef879d49b	727ba64e37dfaf5c7ca25e6da9d75d287d0ae295f2f5f11ca241a03f57890ec3	PASS
R7B1_006902	56	SYNGR1	CD8_NC	H3_RESCUE_FALSIFICATION	574	acbf2c764cc0f3baa919c865bc72348288e6a9097462af0a4edf9f22e5540b64	536	ea41cb77885c3834d3a3d8c9d17f1315b855791d5396c3449b00d36be015216a	38	0.0662020905923344	980	5c5e671260615d1c65e8201b4400fe1460ce7b460cd4385acb5b3f28f23a0540	cc782c57eee2f15a4aebd646b73660bec46e867ed475b2ed88737fb5227c4425	55cd67de741e76001033376b9f379a20c9e07f1620ad8f4a70fdf24ae3ee5cae	PASS
R7B1_006903	56	SYNGR1	CD8_S100B	H3_RESCUE_FALSIFICATION	574	acbf2c764cc0f3baa919c865bc72348288e6a9097462af0a4edf9f22e5540b64	536	ea41cb77885c3834d3a3d8c9d17f1315b855791d5396c3449b00d36be015216a	38	0.0662020905923344	959	309bb0bf78f2b86da1c69bac90dbf307d012bba62c429a48b6600f74a3d4a13e	b1acd0103d42fa7a80ee3fb30af703fb8b5c2dca17f39e5b4ebd2ad2afd04a81	23f425f31d00b798b2a2f4fefc78fabf2d950d438f8444bc78a7f0e201b2e170	PASS
R7B1_006904	56	SYNGR1	DC	PRIMARY_184_TRIGGER_VERIFICATION	574	acbf2c764cc0f3baa919c865bc72348288e6a9097462af0a4edf9f22e5540b64	536	ea41cb77885c3834d3a3d8c9d17f1315b855791d5396c3449b00d36be015216a	38	0.0662020905923344	726	1cf055847c49c633ce46c1dba937226d836ef39460e935e7c3b4f0c62486ab7c	9b0bb17ae785eb234c14bdb1fbcace18da3d71c2f44be4f809bbdff0955a7789	44514530022f4228a0fb0e645e846ad0f3e08c9eace568e4e2cc2e0438e00909	PASS
R7B1_006907	56	SYNGR1	NK	H3_RESCUE_FALSIFICATION	574	acbf2c764cc0f3baa919c865bc72348288e6a9097462af0a4edf9f22e5540b64	536	ea41cb77885c3834d3a3d8c9d17f1315b855791d5396c3449b00d36be015216a	38	0.0662020905923344	980	07ae7fa99bc1633b69c9f3a112118da897e4f2a666dea6fe784e0451c89d3207	35b56f27034dae355861a8a9a1f1b18c70c21c0bd0a02ac695880b28de0873c4	ff4dfa26033c06a709e254bb8a3868e1100bbdf8e50fa97a7274b470d35123de	PASS
R7B1_006908	56	SYNGR1	NK_R	PRIMARY_184_TRIGGER_VERIFICATION	574	acbf2c764cc0f3baa919c865bc72348288e6a9097462af0a4edf9f22e5540b64	536	ea41cb77885c3834d3a3d8c9d17f1315b855791d5396c3449b00d36be015216a	38	0.0662020905923344	750	ec4a966f0ecf3a6ba523c3aab7948d651edc4779f68cbefbad8d6862bffe2422	f9ca3bc2811fb955e654133104a419f33e85a2b90f17cd92ff27679c38bedc2d	109ea14721d8a959eea428af9212d878b3c746d30d582fe0538fd7290e45d617	PASS
