comparison_id	locus_index	gene	cell_type	R7B1B_v2_role	A0_state	M_state	S_A_n	S_A_sha256	S_M_n	S_M_sha256	removed_n	removed_fraction	qtl_N	qtl_file_sha256	source_ld_variant_sha256	source_ld_PF10_sha256	fixed_sdY	native_SM_sdY	gjoka_A1_exact_n	gjoka_A1_flipped_n	gjoka_A1_unresolved_n	gjoka_NMISS_min	gjoka_NMISS_median	gjoka_NMISS_max	gjoka_beta_se_vs_STAT_max_abs_delta	input_status	A0_n_variants	A0_PP_H3	A0_PP_H4	A0_H3_plus_H4	A0_H4_over_H3H4	A0_shared_top_variant	A0_ABF_state	A0_status	A1_n_variants	A1_PP_H3	A1_PP_H4	A1_H3_plus_H4	A1_H4_over_H3H4	A1_shared_top_variant	A1_ABF_state	A1_status	A1_NATIVE_n_variants	A1_NATIVE_PP_H3	A1_NATIVE_PP_H4	A1_NATIVE_H3_plus_H4	A1_NATIVE_H4_over_H3H4	A1_NATIVE_shared_top_variant	A1_NATIVE_ABF_state	A1_NATIVE_status	A2_n_variants	A2_PP_H3	A2_PP_H4	A2_H3_plus_H4	A2_H4_over_H3H4	A2_shared_top_variant	A2_ABF_state	A2_status	A2_NATIVE_n_variants	A2_NATIVE_PP_H3	A2_NATIVE_PP_H4	A2_NATIVE_H3_plus_H4	A2_NATIVE_H4_over_H3H4	A2_NATIVE_shared_top_variant	A2_NATIVE_ABF_state	A2_NATIVE_status	A2_ROUNDED_n_variants	A2_ROUNDED_PP_H3	A2_ROUNDED_PP_H4	A2_ROUNDED_H3_plus_H4	A2_ROUNDED_H4_over_H3H4	A2_ROUNDED_shared_top_variant	A2_ROUNDED_ABF_state	A2_ROUNDED_status	ABF_classification	ABF_state	PF10_multisignal_state	reclassification	PF10_PF50_sensitivity	QC_error	common_variants_min	pf10_l10_best_h4	pf10_l10_best_h4_ratio	pf10_l10_signal_pairs	A0_simple_state	A1_simple_state	A1_NATIVE_simple_state	A2_simple_state	A2_NATIVE_simple_state	A2_ROUNDED_simple_state	M_simple_state	A0_to_A1_changed	A1_to_A2_changed	A2_to_M_changed	fixed_to_native_A1_changed	fixed_to_native_A2_changed	matchedz_to_rounded_A2_changed	trajectory
R7B1_000124	1	MMEL1	CD4_NC	PRIMARY_184_TRIGGER_VERIFICATION	ABF_H4_DOMINANT	H4_SUPPORTED_STABLE	243	97067c6c6095eb166e49cd7d35ae77499e453a6853e1a78e01ee8ffe0950b433	224	c375c19b1de985e698831afa737268ef773dc0027873e8d23d578ff5e9e9cd25	19	0.0781893004115226	980	0432c322ede041c4b249a0b6f645eb446f98ce8420aea5f2030ce0e7a74fd803	a672efc1c6a97287c7280a0773a2bc0381e6973284b5b5724ac2837395d54fcc	58605fe36f8d59ff5af359ff4c1430fa01a4e4d6e3c8dd0dbb2b59e98cc988f6	0.9391409817383032	0.9387382341154656	223	1	0	23286	24166.5	24510	0.0040122249388749	PASS	243	0.0613205797169358	0.9386693360189438	0.9999899157358796	0.9386788019039064	1:2523706	ABF_H4_DOMINANT	PASS	224	0.0613205349899931	0.9386693807454092	0.9999899157354024	0.9386788466312708	1:2523706	ABF_H4_DOMINANT	PASS	224	0.0613208854563101	0.938669030222385	0.9999899156786952	0.9386784961579424	1:2523706	ABF_H4_DOMINANT	PASS	224	0.0575668808151143	0.9424330679629483	0.9999999487780628	0.9424331162361984	1:2523706	ABF_H4_DOMINANT	PASS	224	0.0575672109935753	0.9424327377841994	0.9999999487777748	0.942432786057704	1:2523706	ABF_H4_DOMINANT	PASS	224	0.0574838722910222	0.9425160765548324	0.9999999488458547	0.9425161247684392	1:2523706	ABF_H4_DOMINANT	PASS	ROBUST_H4_TRIGGER	ABF_H4_DOMINANT	H4_SUPPORTED_STABLE	STABLE_H4	MATCH		224	0.94295097313406	0.94295109165143	1	H4	H4	H4	H4	H4	H4	H4	False	False	False	False	False	False	H4 -> H4 -> H4 -> H4
R7B1_000126	1	MMEL1	CD8_NC	PRIMARY_184_TRIGGER_VERIFICATION	ABF_H4_DOMINANT	MODEL_SENSITIVE	243	97067c6c6095eb166e49cd7d35ae77499e453a6853e1a78e01ee8ffe0950b433	224	c375c19b1de985e698831afa737268ef773dc0027873e8d23d578ff5e9e9cd25	19	0.0781893004115226	980	b05dd573d035cfc2ad63a13d8c7db24cca48cd4f050800b64635c62ea0895273	945516380e02876759837877e4f81a749c5147051d381a3ef9921c1ba7d03cb3	79198d6ab1f65540313e13bfb9cd131275f820ea26e39613c9cbfd347271e45a	0.9722970098032844	0.9724539043014662	223	1	0	23286	24166.5	24510	0.0040122249388749	PASS	243	0.0916466864993831	0.8535179182601699	0.945164604759553	0.9030362689865034	1:2523723	ABF_H4_DOMINANT	PASS	224	0.0913779117939641	0.8537705508519662	0.9451484626459304	0.9033189859525848	1:2523723	ABF_H4_DOMINANT	PASS	224	0.0913787035445412	0.853771947821379	0.9451506513659202	0.9033183721425976	1:2523723	ABF_H4_DOMINANT	PASS	224	0.092311605482191	0.8523063768231647	0.9446179823053558	0.9022762564217728	1:2523706	ABF_H4_DOMINANT	PASS	224	0.0923124713211124	0.8523076823790595	0.944620153700172	0.902275564458883	1:2523706	ABF_H4_DOMINANT	PASS	224	0.0922783017279924	0.8523594466951023	0.9446377484230948	0.9023135568295522	1:2523706	ABF_H4_DOMINANT	PASS	ROBUST_H4_TRIGGER	ABF_H4_DOMINANT	MODEL_SENSITIVE	H4_TO_MODEL_SENSITIVE	NOT_COMPARABLE		224	0.824291265077427	0.90424544582423	1	H4	H4	H4	H4	H4	H4	MODEL_SENSITIVE	False	False	True	False	False	False	H4 -> H4 -> H4 -> MODEL_SENSITIVE
R7B1_000128	1	MMEL1	Mono_C	PRIMARY_184_TRIGGER_VERIFICATION	ABF_H4_DOMINANT	H4_SUPPORTED_STABLE	243	97067c6c6095eb166e49cd7d35ae77499e453a6853e1a78e01ee8ffe0950b433	224	c375c19b1de985e698831afa737268ef773dc0027873e8d23d578ff5e9e9cd25	19	0.0781893004115226	851	50bb6129d066da7c0c32442b16af46fee0f4231b39cc2cbaf612c825b73dad44	911e830c16bf6b1937c9c4b3b8bbb83418521278252c31c17981b7813ac490f4	5ba1e7821970e118a3a6c93b8cc8b405f42c5a1d38cea47c37fdda1e60a5cfa7	1.0014784591239214	1.001565426897805	223	1	0	23286	24166.5	24510	0.0040122249388749	PASS	243	0.0550750856864616	0.8733974887100167	0.9284725743964783	0.940682054370576	1:2523723	ABF_H4_DOMINANT	PASS	224	0.0549503774647895	0.8735128271266207	0.9284632045914104	0.9408157725658371	1:2523723	ABF_H4_DOMINANT	PASS	224	0.0549502644288374	0.8735149437356088	0.9284652081644462	0.9408160220268535	1:2523723	ABF_H4_DOMINANT	PASS	224	0.0545355351987618	0.8744784030896535	0.9290139382884154	0.9412973982938982	1:2523723	ABF_H4_DOMINANT	PASS	224	0.0545354142954056	0.8744805235008885	0.929015937796294	0.941297654779994	1:2523723	ABF_H4_DOMINANT	PASS	224	0.0545236271365286	0.8745055318682375	0.929029159004766	0.9413111777945294	1:2523723	ABF_H4_DOMINANT	PASS	ROBUST_H4_TRIGGER	ABF_H4_DOMINANT	H4_SUPPORTED_STABLE	STABLE_H4	MATCH		224	0.870308519209917	0.941136210559315	1	H4	H4	H4	H4	H4	H4	H4	False	False	False	False	False	False	H4 -> H4 -> H4 -> H4
R7B1_000129	1	MMEL1	Mono_NC	PRIMARY_184_TRIGGER_VERIFICATION	ABF_H4_DOMINANT	H4_SUPPORTED_STABLE	243	97067c6c6095eb166e49cd7d35ae77499e453a6853e1a78e01ee8ffe0950b433	224	c375c19b1de985e698831afa737268ef773dc0027873e8d23d578ff5e9e9cd25	19	0.0781893004115226	690	528b6d7b93029ee1c9fc97841325d6cb049c33bd71ee7471b4211ce6bd8fffdf	c05e3126a20832707be24a25c70a707315ca1b8ed408d396972355f41063e82a	d5b7d4c868f97e0c8bf481a5b859e99002be81aeebf79e61139204a437df70c2	0.9885717775563188	0.988304595196518	223	1	0	23286	24166.5	24510	0.0040122249388749	PASS	243	0.0524689338145858	0.946050459984652	0.9985193937992378	0.9474532651639862	1:2523723	ABF_H4_DOMINANT	PASS	224	0.0524625148170687	0.9460568711650328	0.9985193859821015	0.9474596932682796	1:2523723	ABF_H4_DOMINANT	PASS	224	0.0524630028596685	0.946055756183144	0.9985187590428126	0.9474591715132524	1:2523723	ABF_H4_DOMINANT	PASS	224	0.0510991297361241	0.9474666290618452	0.9985657587979694	0.9488274765222922	1:2523723	ABF_H4_DOMINANT	PASS	224	0.05109967336528	0.9474654727822428	0.9985651461475228	0.9488269007160692	1:2523723	ABF_H4_DOMINANT	PASS	224	0.0511108825866831	0.9474545526679228	0.998565435254606	0.9488156902069704	1:2523723	ABF_H4_DOMINANT	PASS	ROBUST_H4_TRIGGER	ABF_H4_DOMINANT	H4_SUPPORTED_STABLE	STABLE_H4	MATCH		224	0.947487556251655	0.948773269229794	1	H4	H4	H4	H4	H4	H4	H4	False	False	False	False	False	False	H4 -> H4 -> H4 -> H4
R7B1_000130	1	MMEL1	NK	PRIMARY_184_TRIGGER_VERIFICATION	ABF_H4_DOMINANT	H4_SUPPORTED_STABLE	243	97067c6c6095eb166e49cd7d35ae77499e453a6853e1a78e01ee8ffe0950b433	224	c375c19b1de985e698831afa737268ef773dc0027873e8d23d578ff5e9e9cd25	19	0.0781893004115226	980	0c3bd517709d2a29e8b82eed39dbfaec92f63dd1b8e4f77bfcde6b85b3b5b64a	8f215d3e6a5fb91c40f67c2871e9bd801d4e0c5021622200853e58c1fe18d8fb	b2effb87b669ecb6f8910c115de808c715b1627b89387d595132d24df4dc412a	0.9914330797735595	0.9915181493732604	223	1	0	23286	24166.5	24510	0.0040122249388749	PASS	243	0.0622369011927861	0.9264680604329044	0.9887049616256904	0.9370520998595452	1:2523723	ABF_H4_DOMINANT	PASS	224	0.062228507795911	0.9264763626864696	0.9887048704823806	0.937060583341164	1:2523723	ABF_H4_DOMINANT	PASS	224	0.0622285531351563	0.926476840899422	0.9887053940345784	0.937060570812482	1:2523723	ABF_H4_DOMINANT	PASS	224	0.0627772178942456	0.9258417263031196	0.9886189441973654	0.9365000860415305	1:2523723	ABF_H4_DOMINANT	PASS	224	0.0627772761168932	0.9258421938698996	0.988619469986793	0.9365000609205766	1:2523723	ABF_H4_DOMINANT	PASS	224	0.0627878719789862	0.9258291710187448	0.9886170429977312	0.9364891871693836	1:2523723	ABF_H4_DOMINANT	PASS	ROBUST_H4_TRIGGER	ABF_H4_DOMINANT	H4_SUPPORTED_STABLE	STABLE_H4	MATCH		224	0.925056997708097	0.936485034376543	1	H4	H4	H4	H4	H4	H4	H4	False	False	False	False	False	False	H4 -> H4 -> H4 -> H4
R7B1_000214	1	TNFRSF14	CD4_NC	PRIMARY_184_TRIGGER_VERIFICATION	ABF_AMBIGUOUS	H4_SUPPORTED_STABLE	243	97067c6c6095eb166e49cd7d35ae77499e453a6853e1a78e01ee8ffe0950b433	224	c375c19b1de985e698831afa737268ef773dc0027873e8d23d578ff5e9e9cd25	19	0.0781893004115226	980	5e040da0a2e143dcc18fc4a2b6949a556cddb3f277764f3c941562dc6110fef5	a672efc1c6a97287c7280a0773a2bc0381e6973284b5b5724ac2837395d54fcc	58605fe36f8d59ff5af359ff4c1430fa01a4e4d6e3c8dd0dbb2b59e98cc988f6	0.509874949918585	0.5099610351409655	223	1	0	23286	24166.5	24510	0.0040122249388749	PASS	243	0.4590561323005738	0.5404887241773166	0.9995448564778904	0.5407348361351626	1:2513216	ABF_AMBIGUOUS	PASS	224	0.459055742813965	0.5404891136869275	0.9995448565008924	0.5407352258096932	1:2513216	ABF_AMBIGUOUS	PASS	224	0.459056123078802	0.540488837732432	0.999544960811234	0.5407348932996164	1:2513216	ABF_AMBIGUOUS	PASS	224	0.9120300924663948	0.0872136880394399	0.9992437805058346	0.0872796906429488	1:2513216	ABF_H3_DOMINANT	PASS	224	0.9120304098211328	0.0872135781498413	0.9992439879709744	0.0872795625490165	1:2513216	ABF_H3_DOMINANT	PASS	224	0.9123246969434992	0.0869188394806468	0.999243536424146	0.0869846401926113	1:2513216	ABF_H3_DOMINANT	PASS	H3_H4_AMBIGUITY_TRIGGER	ABF_AMBIGUOUS	H4_SUPPORTED_STABLE	AMBIGUITY_TO_H4	MATCH		224	0.94696661025668	0.946966721044634	2	AMBIGUOUS	AMBIGUOUS	AMBIGUOUS	H3	H3	H3	H4	False	True	True	False	False	False	AMBIGUOUS -> AMBIGUOUS -> H3 -> H4
R7B1_000216	1	TNFRSF14	CD8_ET	PRIMARY_184_TRIGGER_VERIFICATION	ABF_AMBIGUOUS	H4_SUPPORTED_STABLE	243	97067c6c6095eb166e49cd7d35ae77499e453a6853e1a78e01ee8ffe0950b433	224	c375c19b1de985e698831afa737268ef773dc0027873e8d23d578ff5e9e9cd25	19	0.0781893004115226	980	70df042fd1dbd895de147ba2b719289813dd24ef3d1307dd43a40e22ff57573e	9aa455897d77f9f891ba09d80eb5fb7aae560a204a8de689c4ed3a0d28c1abd7	9fe70d2eec2a60662c54b4b10573e8f42ca08e376a40a19e98c2cc94b567a117	0.6873148269546168	0.6874219891115776	223	1	0	23286	24166.5	24510	0.0040122249388749	PASS	243	0.4569494053572446	0.5429630666138391	0.9999124719710836	0.543010595260923	1:2513216	ABF_AMBIGUOUS	PASS	224	0.4569492065885285	0.5429632653633664	0.9999124719518948	0.5430107940382686	1:2513216	ABF_AMBIGUOUS	PASS	224	0.4569493849200633	0.542963091495981	0.9999124764160444	0.5430106177313708	1:2513216	ABF_AMBIGUOUS	PASS	224	0.9116691736917342	0.0883032731199955	0.9999724468117296	0.0883057062237444	1:2513216	ABF_H3_DOMINANT	PASS	224	0.9116692438030098	0.0883032119698975	0.9999724557729074	0.0883056442806172	1:2513216	ABF_H3_DOMINANT	PASS	224	0.9119255232773013	0.0880469157203687	0.99997243899767	0.0880493424485011	1:2513216	ABF_H3_DOMINANT	PASS	H3_H4_AMBIGUITY_TRIGGER	ABF_AMBIGUOUS	H4_SUPPORTED_STABLE	AMBIGUITY_TO_H4	MATCH		224	0.931501095747223	0.932234714052348	2	AMBIGUOUS	AMBIGUOUS	AMBIGUOUS	H3	H3	H3	H4	False	True	True	False	False	False	AMBIGUOUS -> AMBIGUOUS -> H3 -> H4
R7B1_000217	1	TNFRSF14	CD8_NC	PRIMARY_184_TRIGGER_VERIFICATION	ABF_AMBIGUOUS	H4_SUPPORTED_STABLE	243	97067c6c6095eb166e49cd7d35ae77499e453a6853e1a78e01ee8ffe0950b433	224	c375c19b1de985e698831afa737268ef773dc0027873e8d23d578ff5e9e9cd25	19	0.0781893004115226	980	4bea3f4710034779626d58680d46ba98cf154da9f5a0a7e61d5cc2796b11aa90	945516380e02876759837877e4f81a749c5147051d381a3ef9921c1ba7d03cb3	79198d6ab1f65540313e13bfb9cd131275f820ea26e39613c9cbfd347271e45a	0.7634834248182788	0.7636484265875666	223	1	0	23286	24166.5	24510	0.0040122249388749	PASS	243	0.3985766769523818	0.4990649087014679	0.8976415856538498	0.5559734716812889	1:2513216	ABF_AMBIGUOUS	PASS	224	0.3985307517044308	0.499103092488464	0.8976338441928948	0.5560208048274197	1:2513216	ABF_AMBIGUOUS	PASS	224	0.3985364667703531	0.4991115951485915	0.8976480619189446	0.5560214702425994	1:2513216	ABF_AMBIGUOUS	PASS	224	0.7317350640324438	0.0806748059489962	0.81240986998144	0.0993030844773455	1:2513216	ABF_H3_DOMINANT	PASS	224	0.7317574134593405	0.0806754912277668	0.8124329046871074	0.0993011124516644	1:2513216	ABF_H3_DOMINANT	PASS	224	0.7319296685112082	0.0804303800726182	0.8123600485838265	0.0990082909823436	1:2513216	ABF_H3_DOMINANT	PASS	H3_H4_AMBIGUITY_TRIGGER	ABF_AMBIGUOUS	H4_SUPPORTED_STABLE	AMBIGUITY_TO_H4	MATCH		224	0.944735503637357	0.94487638117757	2	AMBIGUOUS	AMBIGUOUS	AMBIGUOUS	H3	H3	H3	H4	False	True	True	False	False	False	AMBIGUOUS -> AMBIGUOUS -> H3 -> H4
R7B1_000222	1	TNFRSF14	NK	PRIMARY_184_TRIGGER_VERIFICATION	ABF_AMBIGUOUS	H3_SUPPORTED_STABLE	243	97067c6c6095eb166e49cd7d35ae77499e453a6853e1a78e01ee8ffe0950b433	224	c375c19b1de985e698831afa737268ef773dc0027873e8d23d578ff5e9e9cd25	19	0.0781893004115226	980	20f83510a472716eabc10bb206e5a38ee263fa327751d88e4065987bb4dd387d	8f215d3e6a5fb91c40f67c2871e9bd801d4e0c5021622200853e58c1fe18d8fb	b2effb87b669ecb6f8910c115de808c715b1627b89387d595132d24df4dc412a	0.7303994752867018	0.7304758622462645	223	1	0	23286	24166.5	24510	0.0040122249388749	PASS	243	0.4351665258074486	0.5647562178478945	0.9999227436553432	0.5647998522199398	1:2513216	ABF_AMBIGUOUS	PASS	224	0.4351663233865355	0.5647564202502638	0.9999227436367994	0.5648000546484214	1:2513216	ABF_AMBIGUOUS	PASS	224	0.435166130342117	0.5647566149048743	0.9999227452469912	0.5648002484085644	1:2513216	ABF_AMBIGUOUS	PASS	224	0.9035577276303975	0.0964276299524699	0.9999853575828674	0.0964290419067251	1:2513216	ABF_H3_DOMINANT	PASS	224	0.9035576921603254	0.0964276686910197	0.9999853608513452	0.0964290803306613	1:2513216	ABF_H3_DOMINANT	PASS	224	0.903835312428502	0.0961500405867092	0.9999853530152112	0.0961514489155189	1:2513216	ABF_H3_DOMINANT	PASS	H3_H4_AMBIGUITY_TRIGGER	ABF_AMBIGUOUS	H3_SUPPORTED_STABLE	AMBIGUITY_TO_H3	MATCH		224	0.117336817415293	0.117339126808701	1	AMBIGUOUS	AMBIGUOUS	AMBIGUOUS	H3	H3	H3	H3	False	True	False	False	False	False	AMBIGUOUS -> AMBIGUOUS -> H3 -> H3
R7B1_000258	2	IL12RB2	NK	PRIMARY_184_TRIGGER_VERIFICATION	ABF_H4_DOMINANT	H4_SUPPORTED_STABLE	1098	507965d37f85d8eefdbfc3ba8d5da185e798d55b80117d43cc73672d61f96067	1033	b00238784db1518f55d189240640cfd3cdea16454701edee51e6a66c2b5c79ac	65	0.0591985428051001	980	f5d2a5f6afe04ed3fc8c8336a83b23929ace99b970d63af6144d58f429b41410	bc175cc01275dbea191224694d2f0cab87e8ce522d022786a7fcc6723f540b75	bd738e069d76e9ee4f81aa6c09721cdbe2a4ed567ea11fe684984cd9375a075b	0.9722905225640064	0.9721343087099452	1032	1	0	23285	24236.0	24510	0.0061076604554841	PASS	1098	0.0018434997930485	0.998156470770289	0.9999999705633376	0.998156500152685	1:67820194	ABF_H4_DOMINANT	PASS	1033	0.0018434994689554	0.99815647109438	0.9999999705633354	0.998156500476778	1:67820194	ABF_H4_DOMINANT	PASS	1033	0.0018434711866638	0.998156499355096	0.9999999705417596	0.9981565287590308	1:67820194	ABF_H4_DOMINANT	PASS	1033	0.0019647946899673	0.9980351746181364	0.9999999693081038	0.9980352052497292	1:67820194	ABF_H4_DOMINANT	PASS	1033	0.0019647608162782	0.9980352084693654	0.9999999692856436	0.9980352391233752	1:67820194	ABF_H4_DOMINANT	PASS	1033	0.0019884663824411	0.9980115026806916	0.9999999690631328	0.998011533556042	1:67820194	ABF_H4_DOMINANT	PASS	ROBUST_H4_TRIGGER	ABF_H4_DOMINANT	H4_SUPPORTED_STABLE	STABLE_H4	MATCH		1033	0.998018801005373	0.998018817232076	3	H4	H4	H4	H4	H4	H4	H4	False	False	False	False	False	False	H4 -> H4 -> H4 -> H4
R7B1_000263	2	MIER1	CD4_NC	H3_RESCUE_FALSIFICATION	ABF_H3_DOMINANT	UNINFORMATIVE	1098	507965d37f85d8eefdbfc3ba8d5da185e798d55b80117d43cc73672d61f96067	1033	b00238784db1518f55d189240640cfd3cdea16454701edee51e6a66c2b5c79ac	65	0.0591985428051001	980	b157defcc3ef2b2c563b7b16a8e723706b8a2f07bbef9f25f0c22cc0e1cf3650	5904c28bc82fc836a379b0fa06ed51e93bdc6cdaa70dcafb3d7c5714810130a4	6b2aef3bc9cae8a3179b86c8a6c9a85dad51c5eaaf0c7363f33a904d12a269c2	0.7000747967159815	0.6999251000130012	1032	1	0	23285	24236.0	24510	0.0061076604554841	PASS	1098	0.9257468804350802	0.0029372695123304	0.9286841499474108	0.0031628293779933	1:67820194	ABF_H3_DOMINANT	PASS	1033	0.9255555871386366	0.0029448366013753	0.928500423740012	0.0031716050160898	1:67820194	ABF_H3_DOMINANT	PASS	1033	0.9255440402343312	0.0029457977316799	0.9284898379660113	0.0031726763301288	1:67820194	ABF_H3_DOMINANT	PASS	1033	0.92556079859324	0.0029392229945217	0.9285000215877618	0.0031655605020832	1:67820194	ABF_H3_DOMINANT	PASS	1033	0.9255492530236706	0.0029401826225422	0.9284894356462128	0.0031666301302565	1:67820194	ABF_H3_DOMINANT	PASS	1033	0.92556176633543	0.0029381805746052	0.9284999469100352	0.003164438064195	1:67820194	ABF_H3_DOMINANT	PASS	H3_DISTINCT_SIGNAL	ABF_H3_DOMINANT	UNINFORMATIVE	H3_TO_UNINFORMATIVE	NOT_COMPARABLE		1033			0	H3	H3	H3	H3	H3	H3	UNINFORMATIVE	False	False	True	False	False	False	H3 -> H3 -> H3 -> UNINFORMATIVE
R7B1_000289	3	CD101	CD4_NC	H3_RESCUE_FALSIFICATION	ABF_H3_DOMINANT	H3_SUPPORTED_STABLE	484	fe46836bc16615d40bd6288935987d3d1555ad4835ebc611fabe935cbe790b94	448	1626a6ccac88af772bc1f772e081537ad32620eca969fb6efe8b6f11d7c8c26d	36	0.0743801652892562	980	b4ebfeace1565fb7b214331073e5d73af33497e53a468c14ca3a67452c6b312e	033244fd055ce05a0cc9bf00dce24a6b77f2161f3d78e45ac8c19fff4e049fc1	55c55989fee2dd0dcb1978b65feeef02bd057cdd48d59048c21b2c3d4c3f269b	0.9717277533930176	0.9720995695626192	448	0	0	23294	24117.0	24510	0.0013073840870063	PASS	484	0.998561888187111	1.8295054847119746e-05	0.998580183241958	1.8321067405647497e-05	1:117544702	ABF_H3_DOMINANT	PASS	448	0.9985618863279464	1.8295078498622248e-05	0.998580181406445	1.832109112445497e-05	1:117544702	ABF_H3_DOMINANT	PASS	448	0.9985618863132592	1.82950941536867e-05	0.998580181407413	1.832110680176061e-05	1:117544702	ABF_H3_DOMINANT	PASS	448	0.998866766973238	1.3347837215701073e-05	0.9988801148104538	1.3362802019773854e-05	1:117544702	ABF_H3_DOMINANT	PASS	448	0.9988667669764356	1.3347834958988176e-05	0.9988801148113944	1.3362799760518282e-05	1:117544702	ABF_H3_DOMINANT	PASS	448	0.9988656628518164	1.3360925060674787e-05	0.9988790237768772	1.337591914800211e-05	1:117544702	ABF_H3_DOMINANT	PASS	H3_DISTINCT_SIGNAL	ABF_H3_DOMINANT	H3_SUPPORTED_STABLE	STABLE_H3	MATCH		448	2.15407671038469e-05	2.15651838868992e-05	1	H3	H3	H3	H3	H3	H3	H3	False	False	False	False	False	False	H3 -> H3 -> H3 -> H3
R7B1_000290	3	CD101	CD8_ET	H3_RESCUE_FALSIFICATION	ABF_H3_DOMINANT	H3_SUPPORTED_STABLE	484	fe46836bc16615d40bd6288935987d3d1555ad4835ebc611fabe935cbe790b94	448	1626a6ccac88af772bc1f772e081537ad32620eca969fb6efe8b6f11d7c8c26d	36	0.0743801652892562	980	03fff075ff3bd0d4943544c3fc39c2fb3d8e6136da859d44386870d64bcc2bd1	ef2407f39127ab27712b9f17849cf9a799566bf0ceb72fc0237370b7f70ebd56	0d6f663da0d59ff1e59e88dd550ae08922b10146adc682c8cd62fb2660123bde	0.996344956555128	0.996679208389896	448	0	0	23294	24117.0	24510	0.0013073840870063	PASS	484	0.9985616517139884	1.853236129922304e-05	0.9985801840752876	1.855871125300219e-05	1:117547375	ABF_H3_DOMINANT	PASS	448	0.998561649854519	1.8532385257534304e-05	0.9985801822397764	1.855873527949141e-05	1:117547375	ABF_H3_DOMINANT	PASS	448	0.9985616498102308	1.8532429608400803e-05	0.998580182239839	1.855877969341643e-05	1:117547375	ABF_H3_DOMINANT	PASS	448	0.9988668762926992	1.3238892752191072e-05	0.9988801151854514	1.3253735409211894e-05	1:117547375	ABF_H3_DOMINANT	PASS	448	0.9988668762640754	1.3238921404074744e-05	0.9988801151854796	1.3253764093217978e-05	1:117547375	ABF_H3_DOMINANT	PASS	448	0.9988657725207234	1.3251630638622932e-05	0.998879024151362	1.3266502067035986e-05	1:117547375	ABF_H3_DOMINANT	PASS	H3_DISTINCT_SIGNAL	ABF_H3_DOMINANT	H3_SUPPORTED_STABLE	STABLE_H3	MATCH		448	2.16453970703674e-05	2.16699324382171e-05	1	H3	H3	H3	H3	H3	H3	H3	False	False	False	False	False	False	H3 -> H3 -> H3 -> H3
R7B1_000291	3	CD101	CD8_NC	H3_RESCUE_FALSIFICATION	ABF_H3_DOMINANT	H3_SUPPORTED_STABLE	484	fe46836bc16615d40bd6288935987d3d1555ad4835ebc611fabe935cbe790b94	448	1626a6ccac88af772bc1f772e081537ad32620eca969fb6efe8b6f11d7c8c26d	36	0.0743801652892562	980	e110badbab69b19e70e069e7c3339f19df7e9eba74f5c397354cc2fe599084ae	8754e8f08adbd26b2f42f1a7275e86f58890e7c88bbb1df3b36a8f30fe71452d	734c25f83897bdd950541583bbcb7583cd2cfe264b7a8023a8dc85b73d32851e	0.9819984479309408	0.9824144393181864	448	0	0	23294	24117.0	24510	0.0013073840870063	PASS	484	0.9535133491515748	0.0019037704522198	0.9554171196037946	0.0019926065936617	1:117079262	ABF_H3_DOMINANT	PASS	448	0.9535085471168492	0.0019039716487836	0.9554125187656328	0.0019928267752274	1:117079262	ABF_H3_DOMINANT	PASS	448	0.9535353185485492	0.0019022320155157	0.9554375505640648	0.001990953793257	1:117079262	ABF_H3_DOMINANT	PASS	448	0.9537983240572656	0.0019004451318818	0.9556987691891476	0.0019885398968278	1:117081810	ABF_H3_DOMINANT	PASS	448	0.9538251047489236	0.0018987043157257	0.9557238090646496	0.0019866663336388	1:117081810	ABF_H3_DOMINANT	PASS	448	0.953797214641122	0.0019005158616736	0.9556977305027956	0.0019886160665817	1:117081810	ABF_H3_DOMINANT	PASS	H3_DISTINCT_SIGNAL	ABF_H3_DOMINANT	H3_SUPPORTED_STABLE	STABLE_H3	MATCH		448	0.0008908117510894	0.0009320673653318	1	H3	H3	H3	H3	H3	H3	H3	False	False	False	False	False	False	H3 -> H3 -> H3 -> H3
R7B1_000391	4	FCRL1	B_IN	PRIMARY_184_TRIGGER_VERIFICATION	ABF_H4_DOMINANT	UNINFORMATIVE	958	633f5f7225b29e0a6557918c37fb08b2cd24aff6a8cd771e43fad8a0db9ffecb	893	89c91c4bfce9f2a601d71d3e5c6db0353a3a4d7e8a932d60f66de9d0add2fea8	65	0.0678496868475991	975	57aab27111aedce17b2cc7ce3e33fe7aa7d3cdfc5c9b69ed11a125b0546ae93e	d91b197697841cf67d2e3c6815ecea5fde5f3ee0cfc4c58ac0bbd5b79f78ff15	909aed617f8a6368b23748236def676651a27aba74d2ee0cddd6fbd388b75cd4	0.8127523831863633	0.8128848261072388	893	0	0	23302	24130.0	24510	0.003082123184777	PASS	958	0.0749792622860094	0.8132783747691582	0.8882576370551677	0.915588384317654	1:157632501	ABF_H4_DOMINANT	PASS	893	0.0745590222455018	0.8136492861491541	0.888208308394656	0.916056828628118	1:157632501	ABF_H4_DOMINANT	PASS	893	0.0745594344723318	0.8136508211513256	0.8882102556236574	0.9160565485477536	1:157632501	ABF_H4_DOMINANT	PASS	893	0.0785311641861048	0.8042341856488552	0.88276534983496	0.9110395937031434	1:157632501	ABF_H4_DOMINANT	PASS	893	0.0785316859624819	0.8042355803906399	0.8827672663531219	0.9110391957702384	1:157632501	ABF_H4_DOMINANT	PASS	893	0.0785029200438522	0.8043040644432906	0.8828069844871428	0.9110757827890796	1:157632501	ABF_H4_DOMINANT	PASS	ROBUST_H4_TRIGGER	ABF_H4_DOMINANT	UNINFORMATIVE	H4_TO_UNINFORMATIVE	NOT_COMPARABLE		893			0	H4	H4	H4	H4	H4	H4	UNINFORMATIVE	False	False	True	False	False	False	H4 -> H4 -> H4 -> UNINFORMATIVE
R7B1_000401	4	FCRL2	B_IN	H3_RESCUE_FALSIFICATION	ABF_H3_DOMINANT	H3_SUPPORTED_STABLE	958	633f5f7225b29e0a6557918c37fb08b2cd24aff6a8cd771e43fad8a0db9ffecb	893	89c91c4bfce9f2a601d71d3e5c6db0353a3a4d7e8a932d60f66de9d0add2fea8	65	0.0678496868475991	975	f31ef6331c02711462ef726d238253d66a4710b54e65f5e6bddf7f7921674853	d91b197697841cf67d2e3c6815ecea5fde5f3ee0cfc4c58ac0bbd5b79f78ff15	909aed617f8a6368b23748236def676651a27aba74d2ee0cddd6fbd388b75cd4	0.8854038422474604	0.8855542344503947	893	0	0	23302	24130.0	24510	0.003082123184777	PASS	958	0.9116103544626668	0.082575717413406	0.9941860718760728	0.0830586142265924	1:157669668	ABF_H3_DOMINANT	PASS	893	0.9116082007853646	0.0825777905639192	0.994185991349284	0.0830607062284661	1:157669668	ABF_H3_DOMINANT	PASS	893	0.9116121974232994	0.0825753791538751	0.9941875765771744	0.0830581482803966	1:157669668	ABF_H3_DOMINANT	PASS	893	0.9657042401647592	0.030280659243971	0.9959848994087304	0.0304027292601998	1:157669668	ABF_H3_DOMINANT	PASS	893	0.9657102861461864	0.0302762905640682	0.9959865767102544	0.0303982917762515	1:157669668	ABF_H3_DOMINANT	PASS	893	0.96572835976797	0.0302564457951908	0.995984805563161	0.0303784210624407	1:157669668	ABF_H3_DOMINANT	PASS	H3_DISTINCT_SIGNAL	ABF_H3_DOMINANT	H3_SUPPORTED_STABLE	STABLE_H3	MATCH		893	0.0252496254361443	0.025328108855336	1	H3	H3	H3	H3	H3	H3	H3	False	False	False	False	False	False	H3 -> H3 -> H3 -> H3
R7B1_000402	4	FCRL2	B_MEM	H3_RESCUE_FALSIFICATION	ABF_H3_DOMINANT	UNINFORMATIVE	958	633f5f7225b29e0a6557918c37fb08b2cd24aff6a8cd771e43fad8a0db9ffecb	893	89c91c4bfce9f2a601d71d3e5c6db0353a3a4d7e8a932d60f66de9d0add2fea8	65	0.0678496868475991	970	7cc4aefbea2f3e8107d01a2e7c54caf8b9537b9912a747edb5af669d6e9b47b1	3d8928926a3becd287498e0732cd4ac5c6b97f2e151cfbf4def304cd45aedf77	9bae61dfa91bd08817ec8582ac65be0b4f3caa2a1f4483677dbe7390bfa09f07	0.8251279018769803	0.8252147857920507	893	0	0	23302	24130.0	24510	0.003082123184777	PASS	958	0.9411144131913668	0.0041055054957443	0.945219918687111	0.0043434394626879	1:157669278	ABF_H3_DOMINANT	PASS	893	0.9409508771717532	0.0041163017267646	0.9450671788985178	0.0043555652113135	1:157669278	ABF_H3_DOMINANT	PASS	893	0.9409615535609028	0.0041153613772613	0.945076914938164	0.0043545253430834	1:157669278	ABF_H3_DOMINANT	PASS	893	0.9435401979948098	0.0035783666716648	0.9471185646664746	0.0037781612621276	1:157669278	ABF_H3_DOMINANT	PASS	893	0.9435509014790804	0.0035774282181268	0.9471283296972072	0.0037771314677817	1:157669278	ABF_H3_DOMINANT	PASS	893	0.9435406694555452	0.0035778753217172	0.9471185447772624	0.0037776425574674	1:157669278	ABF_H3_DOMINANT	PASS	H3_DISTINCT_SIGNAL	ABF_H3_DOMINANT	UNINFORMATIVE	H3_TO_UNINFORMATIVE	NOT_COMPARABLE		893			0	H3	H3	H3	H3	H3	H3	UNINFORMATIVE	False	False	True	False	False	False	H3 -> H3 -> H3 -> UNINFORMATIVE
R7B1_000410	4	FCRL3	B_IN	PRIMARY_184_TRIGGER_VERIFICATION	ABF_H4_DOMINANT	H4_SUPPORTED_STABLE	958	633f5f7225b29e0a6557918c37fb08b2cd24aff6a8cd771e43fad8a0db9ffecb	893	89c91c4bfce9f2a601d71d3e5c6db0353a3a4d7e8a932d60f66de9d0add2fea8	65	0.0678496868475991	975	95077b24788e82b45a1dbbee38d0165d5cd7c63320bb6ed1a93223719ed3d810	d91b197697841cf67d2e3c6815ecea5fde5f3ee0cfc4c58ac0bbd5b79f78ff15	909aed617f8a6368b23748236def676651a27aba74d2ee0cddd6fbd388b75cd4	0.9422975742472842	0.942165440562424	893	0	0	23302	24130.0	24510	0.003082123184777	PASS	958	0.0071532049391638	0.9928286812305126	0.9999818861696764	0.9928466654865484	1:157669278	ABF_H4_DOMINANT	PASS	893	0.007153159268838	0.9928287269000018	0.9999818861688398	0.9928467111576956	1:157669278	ABF_H4_DOMINANT	PASS	893	0.0071531810820628	0.9928287050383192	0.999981886120382	0.992846689343729	1:157669278	ABF_H4_DOMINANT	PASS	893	0.0060375459346885	0.993962361241724	0.9999999071764124	0.9939624535048848	1:157669278	ABF_H4_DOMINANT	PASS	893	0.006037565013883	0.9939623421622782	0.9999999071761612	0.9939624344256868	1:157669278	ABF_H4_DOMINANT	PASS	893	0.0060485024083507	0.9939514046695572	0.999999907077908	0.9939514970296096	1:157669278	ABF_H4_DOMINANT	PASS	ROBUST_H4_TRIGGER	ABF_H4_DOMINANT	H4_SUPPORTED_STABLE	STABLE_H4	MATCH		893	0.993700322548949	0.993700406455057	1	H4	H4	H4	H4	H4	H4	H4	False	False	False	False	False	False	H4 -> H4 -> H4 -> H4
R7B1_000411	4	FCRL3	B_MEM	PRIMARY_184_TRIGGER_VERIFICATION	ABF_H4_DOMINANT	H4_SUPPORTED_STABLE	958	633f5f7225b29e0a6557918c37fb08b2cd24aff6a8cd771e43fad8a0db9ffecb	893	89c91c4bfce9f2a601d71d3e5c6db0353a3a4d7e8a932d60f66de9d0add2fea8	65	0.0678496868475991	970	68d0b3d01d913654cee02d68e760e52eb9dee76e34b1a571e7104a0df8a74f7a	3d8928926a3becd287498e0732cd4ac5c6b97f2e151cfbf4def304cd45aedf77	9bae61dfa91bd08817ec8582ac65be0b4f3caa2a1f4483677dbe7390bfa09f07	0.8734789699176252	0.8735028098560262	893	0	0	23302	24130.0	24510	0.003082123184777	PASS	958	0.0102538433259273	0.989716841753719	0.9999706850796464	0.98974585607466	1:157669278	ABF_H4_DOMINANT	PASS	893	0.0102537643083987	0.9897169208295568	0.9999706851379556	0.9897459350951032	1:157669278	ABF_H4_DOMINANT	PASS	893	0.0102537370835953	0.9897169483358488	0.9999706854194442	0.9897459623235912	1:157669278	ABF_H4_DOMINANT	PASS	893	0.0088235642547498	0.9911725492991764	0.9999961135539264	0.9911764014528104	1:157669278	ABF_H4_DOMINANT	PASS	893	0.0088235393953053	0.9911725743518692	0.9999961137471746	0.9911764263140564	1:157669278	ABF_H4_DOMINANT	PASS	893	0.0088387100141229	0.9911573976125904	0.9999961076267132	0.9911612555821844	1:157669278	ABF_H4_DOMINANT	PASS	ROBUST_H4_TRIGGER	ABF_H4_DOMINANT	H4_SUPPORTED_STABLE	STABLE_H4	MATCH		893	0.990963258519391	0.990967791844108	1	H4	H4	H4	H4	H4	H4	H4	False	False	False	False	False	False	H4 -> H4 -> H4 -> H4
R7B1_000412	4	FCRL3	CD4_ET	PRIMARY_184_TRIGGER_VERIFICATION	ABF_H4_DOMINANT	UNINFORMATIVE	958	633f5f7225b29e0a6557918c37fb08b2cd24aff6a8cd771e43fad8a0db9ffecb	893	89c91c4bfce9f2a601d71d3e5c6db0353a3a4d7e8a932d60f66de9d0add2fea8	65	0.0678496868475991	980	e23c306829689c4e0277e77090ebd22448b9c0eabceb0284c4070490371802bc	6c9b14a0f3d4e3da2053dc1a789c35a1a327ba433e41d94cb89c0c9d5ec87156	937e1cfb79c219cfbd935b992e857e7cf6f35c80eaf66cdf65eb2581d2e71a05	0.9854273298652982	0.9855342315113172	893	0	0	23302	24130.0	24510	0.003082123184777	PASS	958	0.0149533854666431	0.9396307526141	0.954584138080743	0.9843351833849784	1:157669278	ABF_H4_DOMINANT	PASS	893	0.0147074721192483	0.9398661002780776	0.954573572397326	0.984592625917443	1:157669278	ABF_H4_DOMINANT	PASS	893	0.0147070793395936	0.939867809682506	0.9545748890220996	0.9845930586392648	1:157669278	ABF_H4_DOMINANT	PASS	893	0.0126379653723615	0.9480369115214006	0.960674876893762	0.9868447008698458	1:157669278	ABF_H4_DOMINANT	PASS	893	0.0126376128266454	0.9480384371684992	0.9606760499951446	0.9868450839107424	1:157669278	ABF_H4_DOMINANT	PASS	893	0.0126306285354475	0.94806540294607	0.9606960314815174	0.9868526275517456	1:157669278	ABF_H4_DOMINANT	PASS	ROBUST_H4_TRIGGER	ABF_H4_DOMINANT	UNINFORMATIVE	H4_TO_UNINFORMATIVE	NOT_COMPARABLE		893			0	H4	H4	H4	H4	H4	H4	UNINFORMATIVE	False	False	True	False	False	False	H4 -> H4 -> H4 -> UNINFORMATIVE
R7B1_000413	4	FCRL3	CD4_NC	PRIMARY_184_TRIGGER_VERIFICATION	ABF_H4_DOMINANT	H4_SUPPORTED_STABLE	958	633f5f7225b29e0a6557918c37fb08b2cd24aff6a8cd771e43fad8a0db9ffecb	893	89c91c4bfce9f2a601d71d3e5c6db0353a3a4d7e8a932d60f66de9d0add2fea8	65	0.0678496868475991	980	5f4ef32675bdd4e179f37676723a64b2a1814353a0440282eba3ee56efb17ed2	232cb0d06c923cbb476c2b81e0a0633c0be84d5eb9194599abe0a44b7f4b28d1	23c8dbdc42321cba19b40fab84f613b2f03d1d0a5b60f300fc384da93d105749	0.942674129809424	0.9427773758071032	893	0	0	23302	24130.0	24510	0.003082123184777	PASS	958	0.0093848970959348	0.99007124210722	0.9994561392031548	0.990609996049034	1:157669278	ABF_H4_DOMINANT	PASS	893	0.0093826019236986	0.9900735439711283	0.999456145894827	0.9906122925330572	1:157669278	ABF_H4_DOMINANT	PASS	893	0.0093825391688529	0.9900736671824968	0.9994562063513498	0.9906123558899042	1:157669278	ABF_H4_DOMINANT	PASS	893	0.0079772660378117	0.991573303314254	0.9995505693520657	0.9920191471223084	1:157669278	ABF_H4_DOMINANT	PASS	893	0.0079772115389797	0.991573409864584	0.999550621403564	0.992019202061244	1:157669278	ABF_H4_DOMINANT	PASS	893	0.0079863794098053	0.9915637338101416	0.9995501132199468	0.992010026006522	1:157669278	ABF_H4_DOMINANT	PASS	ROBUST_H4_TRIGGER	ABF_H4_DOMINANT	H4_SUPPORTED_STABLE	STABLE_H4	PF50_UNINFORMATIVE		893	0.991379826777103	0.991888583700849	1	H4	H4	H4	H4	H4	H4	H4	False	False	False	False	False	False	H4 -> H4 -> H4 -> H4
R7B1_000414	4	FCRL3	CD8_ET	PRIMARY_184_TRIGGER_VERIFICATION	ABF_H4_DOMINANT	H3_SUPPORTED_STABLE	958	633f5f7225b29e0a6557918c37fb08b2cd24aff6a8cd771e43fad8a0db9ffecb	893	89c91c4bfce9f2a601d71d3e5c6db0353a3a4d7e8a932d60f66de9d0add2fea8	65	0.0678496868475991	980	d538677e94168f6317611efca4c6dd804de8da725ea05128a6e7ddf0c662b349	fc2ef4dda82b18729a7811f50304f87b4296b412fd9be097583b2bb87580bd37	b0212817285633060b72812f39fc7357b661335f2ace469af3f5c299c6db1d53	0.923744220549614	0.923526316570164	893	0	0	23302	24130.0	24510	0.003082123184777	PASS	958	0.058533067769485	0.941334682686132	0.9998677504556172	0.9414591902350956	1:157669278	ABF_H4_DOMINANT	PASS	893	0.0585327515847077	0.9413349988264992	0.999867750411207	0.9414595064590936	1:157669278	ABF_H4_DOMINANT	PASS	893	0.0585064331526712	0.9413613757228806	0.9998678088755518	0.9414858317936374	1:157669278	ABF_H4_DOMINANT	PASS	893	0.0507387714289287	0.949260546232612	0.9999993176615408	0.9492611939500324	1:157669278	ABF_H4_DOMINANT	PASS	893	0.0507157051807091	0.9492836127850218	0.9999993179657308	0.9492842602294184	1:157669278	ABF_H4_DOMINANT	PASS	893	0.0508164093423398	0.949182907633343	0.9999993169756828	0.9491835559487932	1:157669278	ABF_H4_DOMINANT	PASS	ROBUST_H4_TRIGGER	ABF_H4_DOMINANT	H3_SUPPORTED_STABLE	H4_TO_H3	PF10_PF50_SENSITIVE		893	0.0036361957364122	0.0036508614050622	2	H4	H4	H4	H4	H4	H4	H3	False	False	True	False	False	False	H4 -> H4 -> H4 -> H3
R7B1_000415	4	FCRL3	CD8_NC	H3_RESCUE_FALSIFICATION	ABF_H3_DOMINANT	H3_SUPPORTED_STABLE	958	633f5f7225b29e0a6557918c37fb08b2cd24aff6a8cd771e43fad8a0db9ffecb	893	89c91c4bfce9f2a601d71d3e5c6db0353a3a4d7e8a932d60f66de9d0add2fea8	65	0.0678496868475991	980	d73197ad906f72a1d1933fa51c4e3a1daa17a06caa70038f6c691830a224a576	f4449be4cd7c6cee5fdd28ada481bad524dc667be595164cb67fc97b41c785fd	2144e6dd7de70d3e38fca9d65f4f57f29b65246d85bfe7c518ee1a9e4bb71e98	0.96782094946152	0.9678811601022348	893	0	0	23302	24130.0	24510	0.003082123184777	PASS	958	0.8655304835958884	0.131408925191872	0.9969394087877604	0.1318123489086063	1:157669278	ABF_H3_DOMINANT	PASS	893	0.8654136241936994	0.1315250329060313	0.9969386570997308	0.1319289125457936	1:157669278	ABF_H3_DOMINANT	PASS	893	0.8654290104809969	0.131509786549019	0.996938797030016	0.1319136008557399	1:157669278	ABF_H3_DOMINANT	PASS	893	0.8516611251694114	0.1472114641248159	0.9988725892942274	0.1473776192305277	1:157669278	ABF_H3_DOMINANT	PASS	893	0.8516780612517634	0.147194696440019	0.9988727576917824	0.1473608077771185	1:157669278	ABF_H3_DOMINANT	PASS	893	0.8518216479550509	0.1470507346626241	0.9988723826176752	0.1472167388162825	1:157669278	ABF_H3_DOMINANT	PASS	H3_DISTINCT_SIGNAL	ABF_H3_DOMINANT	H3_SUPPORTED_STABLE	STABLE_H3	MATCH		893	0.0972995467874416	0.0974444360006696	1	H3	H3	H3	H3	H3	H3	H3	False	False	False	False	False	False	H3 -> H3 -> H3 -> H3
R7B1_000420	4	FCRL3	NK	PRIMARY_184_TRIGGER_VERIFICATION	ABF_H4_DOMINANT	H4_SUPPORTED_STABLE	958	633f5f7225b29e0a6557918c37fb08b2cd24aff6a8cd771e43fad8a0db9ffecb	893	89c91c4bfce9f2a601d71d3e5c6db0353a3a4d7e8a932d60f66de9d0add2fea8	65	0.0678496868475991	980	bed9165de0e2cef14376a4d38855fd0d4caa191758a03025b16124cd6afb0271	c7a91334744fab199e834063c27032493ac41caf90347cc7a21021ce50ae9409	d451671805f6f2abe619159625057a91ba141cec6944f58c2020048ddfc6be3b	0.915446720519237	0.9152175308045328	893	0	0	23302	24130.0	24510	0.003082123184777	PASS	958	0.0635665453071153	0.9362900237338174	0.9998565690409328	0.9364243359744202	1:157668701	ABF_H4_DOMINANT	PASS	893	0.0635662042229669	0.9362903647657244	0.9998565689886914	0.936424677104176	1:157668701	ABF_H4_DOMINANT	PASS	893	0.0635647192798283	0.9362918530075488	0.9998565722873772	0.9364261624700722	1:157668701	ABF_H4_DOMINANT	PASS	893	0.0619126203996222	0.9380865499024188	0.9999991703020412	0.9380873282315604	1:157668701	ABF_H4_DOMINANT	PASS	893	0.0619109577243183	0.938088212599652	0.9999991703239705	0.9380889909096016	1:157668701	ABF_H4_DOMINANT	PASS	893	0.0618874840529395	0.9381116869908434	0.9999991710437828	0.9381124646450032	1:157668701	ABF_H4_DOMINANT	PASS	ROBUST_H4_TRIGGER	ABF_H4_DOMINANT	H4_SUPPORTED_STABLE	STABLE_H4	MATCH		893	0.939460930351095	0.939461599034368	2	H4	H4	H4	H4	H4	H4	H4	False	False	False	False	False	False	H4 -> H4 -> H4 -> H4
R7B1_000421	4	FCRL3	NK_R	PRIMARY_184_TRIGGER_VERIFICATION	ABF_H4_DOMINANT	H4_SUPPORTED_STABLE	958	633f5f7225b29e0a6557918c37fb08b2cd24aff6a8cd771e43fad8a0db9ffecb	893	89c91c4bfce9f2a601d71d3e5c6db0353a3a4d7e8a932d60f66de9d0add2fea8	65	0.0678496868475991	750	239f861ce01538a1b5fb0d7c0dbf19572c609450362612ad5fd1d40994d21e2d	8399f8cb8148a22ae5c1293e9b34a9769edd52b0ff9edcb4984d89226048dc54	04e4e4b0a244318a691995e56fecf0fe731606142eec83a886a48edc28ca10e2	0.9779651012606916	0.9777681175631466	893	0	0	23302	24130.0	24510	0.003082123184777	PASS	958	0.0267296378049959	0.973201497327388	0.999931135132384	0.9732685213352646	1:157625122	ABF_H4_DOMINANT	PASS	893	0.0267290779093405	0.9732020581556976	0.9999311360650384	0.9732690812944124	1:157625122	ABF_H4_DOMINANT	PASS	893	0.0267292258292679	0.9732019063737936	0.9999311322030616	0.973268933261056	1:157625122	ABF_H4_DOMINANT	PASS	893	0.0307093783405723	0.9692819154069464	0.9999912937475188	0.9692903542934984	1:157632501	ABF_H4_DOMINANT	PASS	893	0.0307094203692519	0.9692818693792916	0.9999912897485436	0.9692903121416446	1:157632501	ABF_H4_DOMINANT	PASS	893	0.0307178095556461	0.9692734820840058	0.9999912916396518	0.9692819229402696	1:157632501	ABF_H4_DOMINANT	PASS	ROBUST_H4_TRIGGER	ABF_H4_DOMINANT	H4_SUPPORTED_STABLE	STABLE_H4	MATCH		893	0.969389956071466	0.969398767036013	1	H4	H4	H4	H4	H4	H4	H4	False	False	False	False	False	False	H4 -> H4 -> H4 -> H4
R7B1_000422	4	FCRL5	B_IN	H3_RESCUE_FALSIFICATION	ABF_H3_DOMINANT	H3_SUPPORTED_STABLE	958	633f5f7225b29e0a6557918c37fb08b2cd24aff6a8cd771e43fad8a0db9ffecb	893	89c91c4bfce9f2a601d71d3e5c6db0353a3a4d7e8a932d60f66de9d0add2fea8	65	0.0678496868475991	975	5a7b24b704c644c9db22dfec53d1b51f70d0f11cb3d76f7f2961e9f527109b59	d91b197697841cf67d2e3c6815ecea5fde5f3ee0cfc4c58ac0bbd5b79f78ff15	909aed617f8a6368b23748236def676651a27aba74d2ee0cddd6fbd388b75cd4	0.923182942027014	0.9230718142621056	893	0	0	23302	24130.0	24510	0.003082123184777	PASS	958	0.9916376613799636	0.0061572816913765	0.99779494307134	0.0061708888525969	1:157534853	ABF_H3_DOMINANT	PASS	893	0.9916376145534828	0.0061573161702298	0.9977949307237126	0.0061709234840107	1:157534853	ABF_H3_DOMINANT	PASS	893	0.9916376145534828	0.0061573161702298	0.9977949307237126	0.0061709234840107	1:157534853	ABF_H3_DOMINANT	PASS	893	0.999654485718342	0.0003323177465073	0.9999868034648496	0.000332322132008	1:157534853	ABF_H3_DOMINANT	PASS	893	0.999654485718342	0.0003323177465073	0.9999868034648496	0.000332322132008	1:157534853	ABF_H3_DOMINANT	PASS	893	0.9996552535895238	0.0003315563929025	0.9999868099824264	0.0003315607661949	1:157534853	ABF_H3_DOMINANT	PASS	H3_DISTINCT_SIGNAL	ABF_H3_DOMINANT	H3_SUPPORTED_STABLE	STABLE_H3	MATCH		893	0.0004033033013017	0.0004033079686606	2	H3	H3	H3	H3	H3	H3	H3	False	False	False	False	False	False	H3 -> H3 -> H3 -> H3
R7B1_000423	4	FCRL5	B_MEM	H3_RESCUE_FALSIFICATION	ABF_H3_DOMINANT	H3_SUPPORTED_STABLE	958	633f5f7225b29e0a6557918c37fb08b2cd24aff6a8cd771e43fad8a0db9ffecb	893	89c91c4bfce9f2a601d71d3e5c6db0353a3a4d7e8a932d60f66de9d0add2fea8	65	0.0678496868475991	970	85b90a62b760962f74d1f6c94335d20aedbbf51396ac34df2f2514c08e2c4d53	3d8928926a3becd287498e0732cd4ac5c6b97f2e151cfbf4def304cd45aedf77	9bae61dfa91bd08817ec8582ac65be0b4f3caa2a1f4483677dbe7390bfa09f07	0.8177740854638073	0.8178151167007213	893	0	0	23302	24130.0	24510	0.003082123184777	PASS	958	0.9916376703277366	0.0061572726481244	0.9977949429758612	0.0061708797899504	1:157534853	ABF_H3_DOMINANT	PASS	893	0.9916376234757772	0.006157307152508	0.9977949306282852	0.0061709144469505	1:157534853	ABF_H3_DOMINANT	PASS	893	0.9916376234750056	0.0061573071532984	0.997794930628304	0.0061709144477425	1:157534853	ABF_H3_DOMINANT	PASS	893	0.9996544858756516	0.0003323175131538	0.9999868033888056	0.0003323218986767	1:157534853	ABF_H3_DOMINANT	PASS	893	0.9996544858756872	0.0003323175131356	0.9999868033888228	0.0003323218986585	1:157534853	ABF_H3_DOMINANT	PASS	893	0.9996552537469258	0.0003315561594551	0.999986809906381	0.0003315605327696	1:157534853	ABF_H3_DOMINANT	PASS	H3_DISTINCT_SIGNAL	ABF_H3_DOMINANT	H3_SUPPORTED_STABLE	STABLE_H3	MATCH		893	0.0004033033013017	0.0004033079686606	2	H3	H3	H3	H3	H3	H3	H3	False	False	False	False	False	False	H3 -> H3 -> H3 -> H3
R7B1_000528	6	DDX59	CD4_NC	H3_RESCUE_FALSIFICATION	ABF_H3_DOMINANT	H3_SUPPORTED_STABLE	1247	e8aca33080ee7b5bb34fa32c390ad16451d206bd973dc92c3c30f065da565c6b	1156	dd8024970add59ffed34367dbf1c1e8121526347ecc14c1c256ee475be431d88	91	0.0729751403368083	980	2a692102d9608875bfa637390aaa48ac59e95d6a0259552af570d149fc6b9a40	ef78855bed3c4dc8f2b8bc6179eed4fe380efc6deaa45d07495c7477d158f7a2	2c99beae1eb132f72850154cf286556d2c44d8db04b2e2d4047fc7508cace311	0.7802881268118571	0.7802908524242649	1156	0	0	23290	24235.0	24510	0.0033654276757726	PASS	1247	0.9994360011083108	6.0582746552755735e-05	0.9994965838548636	6.061326024657321e-05	1:201019059	ABF_H3_DOMINANT	PASS	1156	0.9994359870656756	6.058402500946005e-05	0.999496571090685	6.061454012128194e-05	1:201019059	ABF_H3_DOMINANT	PASS	1156	0.9994359874807536	6.058369335184588e-05	0.9994965711741054	6.061420829155863e-05	1:201019059	ABF_H3_DOMINANT	PASS	1156	0.999931533416868	5.178623539188199e-05	0.9999833196522598	5.178709921870541e-05	1:201019059	ABF_H3_DOMINANT	PASS	1156	0.9999315338978796	5.17858380013935e-05	0.9999833197358808	5.178670181725767e-05	1:201019059	ABF_H3_DOMINANT	PASS	1156	0.9999314221218936	5.187671195019728e-05	0.9999832988338438	5.187757836625335e-05	1:201019059	ABF_H3_DOMINANT	PASS	H3_DISTINCT_SIGNAL	ABF_H3_DOMINANT	H3_SUPPORTED_STABLE	STABLE_H3	MATCH		1156	4.33221489918119e-05	4.33231794461134e-05	1	H3	H3	H3	H3	H3	H3	H3	False	False	False	False	False	False	H3 -> H3 -> H3 -> H3
R7B1_000587	6	RP11-92G12.3	CD4_NC	H3_RESCUE_FALSIFICATION	ABF_H3_DOMINANT	H3_SUPPORTED_STABLE	1248	7c5fbf541947552a2aea2d1431a5dd56fadb231f6ef191e79e5922df597fe0e3	1157	49e62af0101046c99ac9825c3c65b03cb40f2da37c6bd8df3eecda9beefd028f	91	0.0729166666666666	980	51e37e8fca5dc5ef7a84ea65496f4c8b77b0de8715fb2dc1f3c7c008ddab905b	ef78855bed3c4dc8f2b8bc6179eed4fe380efc6deaa45d07495c7477d158f7a2	2c99beae1eb132f72850154cf286556d2c44d8db04b2e2d4047fc7508cace311	1.003336279630901	1.0032723288553185	1157	0	0	23290	24236.0	24510	0.0033654276757726	PASS	1248	0.9994895575308288	1.7433231424832196e-05	0.9995069907622536	1.744183040834672e-05	1:200645101	ABF_H3_DOMINANT	PASS	1157	0.9994895442125208	1.7433789255197013e-05	0.999506978001776	1.7442388736545707e-05	1:200645101	ABF_H3_DOMINANT	PASS	1157	0.9994895442162492	1.74337811552585e-05	0.9995069779974044	1.7442380632688064e-05	1:200645101	ABF_H3_DOMINANT	PASS	1157	0.9999933335816832	4.190818841185958e-07	0.9999937526635674	4.190845022804752e-07	1:200645101	ABF_H3_DOMINANT	PASS	1157	0.9999933335742724	4.1908492808809074e-07	0.9999937526592004	4.1908754627081726e-07	1:200645101	ABF_H3_DOMINANT	PASS	1157	0.9999933113326214	4.205097469444545e-07	0.9999937318423684	4.205123827823559e-07	1:200645101	ABF_H3_DOMINANT	PASS	H3_DISTINCT_SIGNAL	ABF_H3_DOMINANT	H3_SUPPORTED_STABLE	STABLE_H3	MATCH		1157	9.00639628154597e-07	9.00649265605425e-07	1	H3	H3	H3	H3	H3	H3	H3	False	False	False	False	False	False	H3 -> H3 -> H3 -> H3
R7B1_000601	6	TMEM9	CD4_NC	H3_RESCUE_FALSIFICATION	ABF_H3_DOMINANT	H3_SUPPORTED_STABLE	1248	7c5fbf541947552a2aea2d1431a5dd56fadb231f6ef191e79e5922df597fe0e3	1157	49e62af0101046c99ac9825c3c65b03cb40f2da37c6bd8df3eecda9beefd028f	91	0.0729166666666666	980	d4c248a632cb39f8398055da338583d92a200fa91062ca460139e82258bb3bc9	ef78855bed3c4dc8f2b8bc6179eed4fe380efc6deaa45d07495c7477d158f7a2	2c99beae1eb132f72850154cf286556d2c44d8db04b2e2d4047fc7508cace311	0.6877045080921951	0.6878239391643117	1157	0	0	23290	24236.0	24510	0.0033654276757726	PASS	1248	0.9631869078796048	0.0013370989713298	0.9645240068509348	0.0013862785807637	1:201019059	ABF_H3_DOMINANT	PASS	1157	0.9496653618589768	0.0018077467927954	0.9514731086517724	0.0018999452284647	1:201019059	ABF_H3_DOMINANT	PASS	1157	0.9496766024165758	0.0018070918098599	0.9514836942264356	0.0018992357103178	1:201019059	ABF_H3_DOMINANT	PASS	1157	0.9502602024962288	0.0016687290583242	0.9519289315545532	0.0017529975221985	1:201019059	ABF_H3_DOMINANT	PASS	1157	0.9502714194682528	0.0016681061558029	0.9519395256240558	0.0017523236622719	1:201019059	ABF_H3_DOMINANT	PASS	1157	0.950260308668611	0.0016685967350327	0.9519289054036438	0.0017528585649211	1:201019059	ABF_H3_DOMINANT	PASS	H3_DISTINCT_SIGNAL	ABF_H3_DOMINANT	H3_SUPPORTED_STABLE	STABLE_H3	MATCH		1157	0.0011575476634328	0.0012084511452561	1	H3	H3	H3	H3	H3	H3	H3	False	False	False	False	False	False	H3 -> H3 -> H3 -> H3
R7B1_000609	6	TMEM9	NK	H3_RESCUE_FALSIFICATION	ABF_H3_DOMINANT	H3_SUPPORTED_STABLE	1248	7c5fbf541947552a2aea2d1431a5dd56fadb231f6ef191e79e5922df597fe0e3	1157	49e62af0101046c99ac9825c3c65b03cb40f2da37c6bd8df3eecda9beefd028f	91	0.0729166666666666	980	ca59ef72cbc103b0ba507e4e2d58c1b15eedf876ea25156266b7c376f7c71266	e5bce92a052d5955b4b07e320ee756a44b447479869fcf69bec5a760bd8397c0	5442e58e6d1cdea3f06093f4623a1d91f637144611cc805b0eb1c0c0316eab64	0.8687663877288399	0.8688927126893989	1157	0	0	23290	24236.0	24510	0.0033654276757726	PASS	1248	0.978660802679866	0.0007159812760493	0.9793767839559154	0.0007310580440322	1:201019059	ABF_H3_DOMINANT	PASS	1157	0.9736404723634762	0.000870745832223	0.9745112181956992	0.0008935205834112	1:201019059	ABF_H3_DOMINANT	PASS	1157	0.9736456713509958	0.0008704775043979	0.9745161488553936	0.0008932407178889	1:201019059	ABF_H3_DOMINANT	PASS	1157	0.9741521652485956	0.0008322768685074	0.974984442117103	0.0008536309222537	1:201019059	ABF_H3_DOMINANT	PASS	1157	0.9741573702534484	0.0008320051607353	0.9749893754141838	0.000853347925337	1:201019059	ABF_H3_DOMINANT	PASS	1157	0.9741521979566452	0.0008322225178958	0.9749844204745408	0.0008535751960947	1:201019059	ABF_H3_DOMINANT	PASS	H3_DISTINCT_SIGNAL	ABF_H3_DOMINANT	H3_SUPPORTED_STABLE	STABLE_H3	MATCH		1157	0.000521282330397	0.0005346351478654	1	H3	H3	H3	H3	H3	H3	H3	False	False	False	False	False	False	H3 -> H3 -> H3 -> H3
R7B1_000688	7	LINC00299	NK	PRIMARY_184_TRIGGER_VERIFICATION	ABF_H4_DOMINANT	UNINFORMATIVE	356	98d78d87264fa3be2ccbf869eec7c8be1cde8f36f4602be91e33afdd479e11c5	326	eead04924e931f1855eff7e4e5c178d90415237a9be98a540b3f7ae6bbc50783	30	0.0842696629213483	980	ee63d5e90553945b107de06d6894c0e7b2c442fa664ffc26f9769caefe108ea8	3c84b017bece67ece59b8c3f27a4869ddf2cee3e930910de3ea901204fa14fbe	359db0b7cd775de1578621f853faf558a2f65afe5d0b1d226e2fe2b303ce31de	0.9992993693249173	0.9993463512214988	326	0	0	23287	24217.0	24507	0.0019675090252713	PASS	356	0.0332357281723321	0.9586439921707106	0.9918797203430428	0.9664921789500468	2:8442248	ABF_H4_DOMINANT	PASS	326	0.0263294823446903	0.9664173688802552	0.9927468512249455	0.9734781507368142	2:8442248	ABF_H4_DOMINANT	PASS	326	0.0263293455568349	0.9664176777650668	0.9927470233219016	0.9734782931217134	2:8442248	ABF_H4_DOMINANT	PASS	326	0.0266191589287253	0.9681181352481631	0.9947372941768884	0.97324001112198	2:8442248	ABF_H4_DOMINANT	PASS	326	0.0266190184794373	0.9681184315852028	0.9947374500646402	0.9732401565079232	2:8442248	ABF_H4_DOMINANT	PASS	326	0.026656182110653	0.9680770913921398	0.9947332735027928	0.9732026837538192	2:8442248	ABF_H4_DOMINANT	PASS	ROBUST_H4_TRIGGER	ABF_H4_DOMINANT	UNINFORMATIVE	H4_TO_UNINFORMATIVE	NOT_COMPARABLE		326			0	H4	H4	H4	H4	H4	H4	UNINFORMATIVE	False	False	True	False	False	False	H4 -> H4 -> H4 -> UNINFORMATIVE
R7B1_000733	8	ADCY3	CD4_NC	H3_RESCUE_FALSIFICATION	ABF_H3_DOMINANT	H3_SUPPORTED_STABLE	685	023e19b9b0cc2cf90b043d78ee21c3009e0bd339acba322f868e3deef045b13e	602	bc8a8948f48be05f010f1ac3a8dc18362e26754eaff73cf2574f88cd28bee6b6	83	0.1211678832116788	980	c5fd1609635ae617caba8a4485d623f2c10753e0bea7a573b24f8f9ac130252f	ad5b8a2410cd1379959eaca25d1c80eac7555ad0d697427e07f1add8377e1a74	dbfd3df05889c00c7307eb46cb3340341b561191a7aaae3e10bd49d772ca69e1	0.9543029331136572	0.9541200182206642	602	0	0	23287	24196.5	24508	0.0025439847836432	PASS	685	0.9991070085767192	0.0004307693932081	0.9995377779699274	0.0004309685963876	2:25150641	ABF_H3_DOMINANT	PASS	602	0.9990220221551568	0.0005019135776924	0.999523935732849	0.0005021526346184	2:25150641	ABF_H3_DOMINANT	PASS	602	0.9990218676664436	0.0005019366359014	0.999523804302345	0.0005021757698425	2:25150641	ABF_H3_DOMINANT	PASS	602	0.9994960756581523	7.848730412250155e-05	0.9995745629622748	7.852070974065369e-05	2:25150641	ABF_H3_DOMINANT	PASS	602	0.999495926057996	7.850540818097324e-05	0.999574431466177	7.853883183648607e-05	2:25150641	ABF_H3_DOMINANT	PASS	602	0.9994962328891888	7.834494822654586e-05	0.9995745778374152	7.83782920890661e-05	2:25150641	ABF_H3_DOMINANT	PASS	H3_DISTINCT_SIGNAL	ABF_H3_DOMINANT	H3_SUPPORTED_STABLE	STABLE_H3	MATCH		602	0.0138015064257739	0.0144696619220265	2	H3	H3	H3	H3	H3	H3	H3	False	False	False	False	False	False	H3 -> H3 -> H3 -> H3
R7B1_000788	8	POMC	CD4_NC	H3_RESCUE_FALSIFICATION	ABF_H3_DOMINANT	H3_SUPPORTED_STABLE	685	023e19b9b0cc2cf90b043d78ee21c3009e0bd339acba322f868e3deef045b13e	602	bc8a8948f48be05f010f1ac3a8dc18362e26754eaff73cf2574f88cd28bee6b6	83	0.1211678832116788	980	0a40247534c13d318cd46112a6978a0d56cde0c44a35be0c0743d83debdebc1c	ad5b8a2410cd1379959eaca25d1c80eac7555ad0d697427e07f1add8377e1a74	dbfd3df05889c00c7307eb46cb3340341b561191a7aaae3e10bd49d772ca69e1	0.9346040727472836	0.9343888854141782	602	0	0	23287	24196.5	24508	0.0025439847836432	PASS	685	0.999944018104024	1.155540259914603e-05	0.999955573506623	1.1555915987971134e-05	2:25373298	ABF_H3_DOMINANT	PASS	602	0.99993219079285	1.3992083303026482e-05	0.999946182876153	1.399283635723369e-05	2:25373298	ABF_H3_DOMINANT	PASS	602	0.999932190767123	1.3992108886017628e-05	0.999946182876009	1.3992861941603728e-05	2:25373298	ABF_H3_DOMINANT	PASS	602	0.9999962581624918	7.781427129748384e-07	0.9999970363052048	7.781450191591817e-07	2:25373298	ABF_H3_DOMINANT	PASS	602	0.9999962581594862	7.781455653062051e-07	0.9999970363050515	7.78147871499121e-07	2:25373298	ABF_H3_DOMINANT	PASS	602	0.99999627661369	7.746346219145726e-07	0.999997051248312	7.746369061264572e-07	2:25373298	ABF_H3_DOMINANT	PASS	H3_DISTINCT_SIGNAL	ABF_H3_DOMINANT	H3_SUPPORTED_STABLE	STABLE_H3	MATCH		602	0.0026894255446102	0.0028197970134954	6	H3	H3	H3	H3	H3	H3	H3	False	False	False	False	False	False	H3 -> H3 -> H3 -> H3
R7B1_000790	8	POMC	CD8_ET	H3_RESCUE_FALSIFICATION	ABF_H3_DOMINANT	H3_SUPPORTED_STABLE	685	023e19b9b0cc2cf90b043d78ee21c3009e0bd339acba322f868e3deef045b13e	602	bc8a8948f48be05f010f1ac3a8dc18362e26754eaff73cf2574f88cd28bee6b6	83	0.1211678832116788	980	d75a19350ab1e4eeb097df4ef2b74370e6770119f0edd03768d848e427695d9e	80ec456b3fdc16f97be092853f16d2314a0889d2225fd33bb6de668d6ff9e85b	1db18b968c65e0bcf9596ed5ab441015207c480ecc91a4eb00817b1035f832af	0.937327087067915	0.9372026790210768	602	0	0	23287	24196.5	24508	0.0025439847836432	PASS	685	0.999943317392614	1.1881225806919404e-05	0.9999551986184207	1.1881758126099044e-05	2:25373298	ABF_H3_DOMINANT	PASS	602	0.9999314304707454	1.4377527900701097e-05	0.999945807998646	1.437830708993838e-05	2:25373298	ABF_H3_DOMINANT	PASS	602	0.9999314301949496	1.4377634439292145e-05	0.9999458078293888	1.4378413636737064e-05	2:25373298	ABF_H3_DOMINANT	PASS	602	0.9999958262583548	8.351246481868084e-07	0.9999966613830032	8.351274363574619e-07	2:25373298	ABF_H3_DOMINANT	PASS	602	0.9999958260693124	8.35144414550064e-07	0.9999966612137268	8.351472029280812e-07	2:25373298	ABF_H3_DOMINANT	PASS	602	0.999995844950667	8.31375436248743e-07	0.9999966763261032	8.313781994787629e-07	2:25373298	ABF_H3_DOMINANT	PASS	H3_DISTINCT_SIGNAL	ABF_H3_DOMINANT	H3_SUPPORTED_STABLE	STABLE_H3	MATCH		602	0.0026538889754036	0.0027825412103846	2	H3	H3	H3	H3	H3	H3	H3	False	False	False	False	False	False	H3 -> H3 -> H3 -> H3
R7B1_000791	8	POMC	CD8_NC	H3_RESCUE_FALSIFICATION	ABF_H3_DOMINANT	H3_SUPPORTED_STABLE	685	023e19b9b0cc2cf90b043d78ee21c3009e0bd339acba322f868e3deef045b13e	602	bc8a8948f48be05f010f1ac3a8dc18362e26754eaff73cf2574f88cd28bee6b6	83	0.1211678832116788	980	ace825d5811080dafaf06dfda641f4e949891c716185ef59551ac9d1745ad9c8	1fdd77fc453de7a8d26fca8cf36f5e687164116ecf5c923861bccee1feb4937f	5e8bcfeb81c1babbaa7a8ec6d94a52e164bd4a4b0ef622ea3adc7ca791f78f39	0.9782587216710544	0.97805124458579	602	0	0	23287	24196.5	24508	0.0025439847836432	PASS	685	0.9976183025461572	0.0009013185070107	0.9985196210531678	0.0009026547781405	2:25514333	ABF_H3_DOMINANT	PASS	602	0.997642735961977	0.0008673747977276	0.9985101107597046	0.0008686690183514	2:25514333	ABF_H3_DOMINANT	PASS	602	0.9976415585403784	0.0008678331393097	0.998509391679688	0.0008691286697362	2:25514333	ABF_H3_DOMINANT	PASS	602	0.9984448047963096	0.0001149603461459	0.9985597651424556	0.0001151261548471	2:25514333	ABF_H3_DOMINANT	PASS	602	0.998444014212034	0.0001150306904405	0.9985590449024746	0.0001151966836891	2:25514333	ABF_H3_DOMINANT	PASS	602	0.9984448003506254	0.000114979739675	0.9985597800903004	0.0001151455746241	2:25514333	ABF_H3_DOMINANT	PASS	H3_DISTINCT_SIGNAL	ABF_H3_DOMINANT	H3_SUPPORTED_STABLE	STABLE_H3	MATCH		602	0.0027360986806232	0.0028687244703236	4	H3	H3	H3	H3	H3	H3	H3	False	False	False	False	False	False	H3 -> H3 -> H3 -> H3
R7B1_000796	8	POMC	NK	H3_RESCUE_FALSIFICATION	ABF_H3_DOMINANT	H3_SUPPORTED_STABLE	685	023e19b9b0cc2cf90b043d78ee21c3009e0bd339acba322f868e3deef045b13e	602	bc8a8948f48be05f010f1ac3a8dc18362e26754eaff73cf2574f88cd28bee6b6	83	0.1211678832116788	980	417c251f192f18af56edb6a61de04f82d411ca5b72b084017130016238229711	b3d3d583688fb291b09fd914e8c161d0d430ec7f39d3760ed289d37eb4aa1bea	a9c35395467203193151d1b8968dc1c3f68782100908ddaf809ce28644ea371c	0.994296591532326	0.9941469148561548	602	0	0	23287	24196.5	24508	0.0025439847836432	PASS	685	0.9146767123768076	0.0120108014896265	0.926687513866434	0.0129610049880931	2:25491056	ABF_H3_DOMINANT	PASS	602	0.9133426713390967	0.0134060968833666	0.9267487682224635	0.014465729378934	2:25491056	ABF_H3_DOMINANT	PASS	602	0.9132873872234972	0.0134153559701572	0.9267027431936544	0.0144764392559414	2:25491056	ABF_H3_DOMINANT	PASS	602	0.917694816301668	0.0087556945767712	0.9264505108784392	0.0094507957780382	2:25491056	ABF_H3_DOMINANT	PASS	602	0.9176421824031212	0.0087618504982141	0.9264040329013352	0.0094579148913822	2:25491056	ABF_H3_DOMINANT	PASS	602	0.9176808376473272	0.0087708071534843	0.9264516448008114	0.0094670965319189	2:25491056	ABF_H3_DOMINANT	PASS	H3_DISTINCT_SIGNAL	ABF_H3_DOMINANT	H3_SUPPORTED_STABLE	STABLE_H3	MATCH		602	0.154746412881246	0.237592497069718	4	H3	H3	H3	H3	H3	H3	H3	False	False	False	False	False	False	H3 -> H3 -> H3 -> H3
R7B1_000829	9	TMEM163	NK	PRIMARY_184_TRIGGER_VERIFICATION	ABF_H4_DOMINANT	UNINFORMATIVE	706	b19ec6234ce26eeb1d6f7e93856f99bb40c676bc3e6fa526046e366462ab7417	681	798fad150a5227c09240d28d39e6963a62213b7461575cb70c9cd26d6706dd4f	25	0.0354107648725212	980	55e468fc50f28ba3b6fbdae6c0f3960f66b82c0835ebf6f3bf04029fc1c259c9	f1013510e89e140a0a1e0808e0bf79be177d5e2c983c9959b8ed0d8fd7addb56	1ce633f026641131ea0c6c76fab2e91afcbe00262fd50a67ed76a9bdc3ea8756	0.9873215038384648	0.9871580739482152	678	3	0	23288	24210.0	24510	0.0029570146433632	PASS	706	0.0424395051392323	0.9575428810189208	0.999982386158153	0.9575597473248691	2:135357502	ABF_H4_DOMINANT	PASS	681	0.0417257874475102	0.9582563091572422	0.9999820966047523	0.9582734655058504	2:135357502	ABF_H4_DOMINANT	PASS	681	0.0417260394465223	0.9582560555560428	0.9999820950025652	0.9582732134354712	2:135357502	ABF_H4_DOMINANT	PASS	681	0.0540090627629248	0.9459785205889965	0.9999875833519212	0.945990266617223	2:135357502	ABF_H4_DOMINANT	PASS	681	0.0540093990553642	0.9459781822941812	0.9999875813495454	0.945989930212458	2:135357502	ABF_H4_DOMINANT	PASS	681	0.0540944067579595	0.9458931530893384	0.999987559847298	0.9459049202909884	2:135357502	ABF_H4_DOMINANT	PASS	ROBUST_H4_TRIGGER	ABF_H4_DOMINANT	UNINFORMATIVE	H4_TO_UNINFORMATIVE	NOT_COMPARABLE		681			0	H4	H4	H4	H4	H4	H4	UNINFORMATIVE	False	False	True	False	False	False	H4 -> H4 -> H4 -> UNINFORMATIVE
R7B1_000872	10	HIBCH	Plasma	H3_RESCUE_FALSIFICATION	ABF_H3_DOMINANT	H3_SUPPORTED_STABLE	964	93d5cc1b00567cc7f18a11188d27e8f8c585a23241e68f9e76a03f750753daca	918	10a3ab09d0a8bba985d9f3dc7d7c3bf863575b7bdbfa20ec9fa7e0d450cf6b8a	46	0.0477178423236514	253	82fbc63c0dcadc184afa416362d6b7c81122eea025c466b4dcd1c26da9a31b6f	2cf75d526d2ca516d181a9fc65f47c98aa95c576d960d3473c9251e86ce381e5	5e82d1bb4c1e330fe418972dcfafecb084745bc680484e2ac73f8def339c744d	0.9184922799529756	0.91978213363171	918	0	0	23286	24225.0	24510	0.0057468727005165	PASS	964	0.8808275003002861	0.0144782087342405	0.8953057090345267	0.016171245852831	2:191943742	ABF_H3_DOMINANT	PASS	918	0.8729248761406544	0.0154669031092602	0.8883917792499146	0.0174100025129895	2:191943742	ABF_H3_DOMINANT	PASS	918	0.873538638089899	0.0153945481383516	0.8889331862282507	0.0173180036214767	2:191943742	ABF_H3_DOMINANT	PASS	918	0.8744135190192085	0.0137881471017185	0.888201666120927	0.0155236672341946	2:191543962	ABF_H3_DOMINANT	PASS	918	0.8750233841237695	0.0137212388834814	0.8887446230072509	0.0154388994636645	2:191543962	ABF_H3_DOMINANT	PASS	918	0.8744350158041685	0.0137639049833299	0.8881989207874984	0.0154964216474464	2:191543962	ABF_H3_DOMINANT	PASS	H3_DISTINCT_SIGNAL	ABF_H3_DOMINANT	H3_SUPPORTED_STABLE	STABLE_H3	PF50_UNINFORMATIVE		918	0.0030147641554473	0.0030639359709704	4	H3	H3	H3	H3	H3	H3	H3	False	False	False	False	False	False	H3 -> H3 -> H3 -> H3
R7B1_000896	10	NAB1	NK	H3_RESCUE_FALSIFICATION	ABF_H3_DOMINANT	H3_SUPPORTED_STABLE	970	50e927ae8a8edc430f59400efe67d7af6271f504a44d7b89562b3bbf6570a10d	924	7c2355a33f2f01f2e7f5b685a94a4741f078b928a258ad54128ee067d286da8b	46	0.0474226804123711	980	6c9d7eace439d666332743b049da2b58b9e469a1a62b84a50f23da844971ee8a	a5d7f9a2247b976b1e8b74262b8df46d5a5a49dc04e3ef1c4288f069042d9a28	6d12837871f7d81b86746466b1a4ed13a93cf27a252aa75dd77ae2ca3b225156	0.985263479892161	0.985910836977966	924	0	0	23286	24225.0	24510	0.0057468727005165	PASS	970	0.8944707843552994	0.0068614744842419	0.9013322588395414	0.007612591712934	2:191543962	ABF_H3_DOMINANT	PASS	924	0.892713843657023	0.0069689457458569	0.8996827894028799	0.0077460031779447	2:191543962	ABF_H3_DOMINANT	PASS	924	0.8927812957740197	0.0069617472657662	0.8997430430397859	0.0077374838512181	2:191543962	ABF_H3_DOMINANT	PASS	924	0.8925838780618013	0.0071134996474747	0.899697377709276	0.0079065470498385	2:191543962	ABF_H3_DOMINANT	PASS	924	0.8926514381803871	0.0071061711886041	0.8997576093689913	0.0078978728433181	2:191543962	ABF_H3_DOMINANT	PASS	924	0.8925823150278481	0.007115238128005	0.8996975531558531	0.0079084778023981	2:191543962	ABF_H3_DOMINANT	PASS	H3_DISTINCT_SIGNAL	ABF_H3_DOMINANT	H3_SUPPORTED_STABLE	STABLE_H3	MATCH		924	0.0723186847032133	0.0788521673001881	4	H3	H3	H3	H3	H3	H3	H3	False	False	False	False	False	False	H3 -> H3 -> H3 -> H3
R7B1_001007	10	TMEM194B	CD4_ET	H3_RESCUE_FALSIFICATION	ABF_H3_DOMINANT	H3_SUPPORTED_STABLE	970	50e927ae8a8edc430f59400efe67d7af6271f504a44d7b89562b3bbf6570a10d	924	7c2355a33f2f01f2e7f5b685a94a4741f078b928a258ad54128ee067d286da8b	46	0.0474226804123711	980	1e10dc16eb7af3af048c0d942f36d28ecac2a65020b0517e1a4ec67337cf7ad6	821b6feabec44309999e63ab1ddc67e3e6976f2876f3950d67fed89ce9589b81	24abcc762ff494f0035ca989dd55d41e76ba7568ad098f94b7ddf82aa59ad553	0.974365202105378	0.9750126283817296	924	0	0	23286	24225.0	24510	0.0057468727005165	PASS	970	0.7350572973864756	0.1218923408842512	0.8569496382707269	0.142239795013185	2:191543962	ABF_H3_DOMINANT	PASS	924	0.7343160778023246	0.1225770818090834	0.856893159611408	0.1430482673763796	2:191543962	ABF_H3_DOMINANT	PASS	924	0.7344631367672041	0.1225167831502901	0.8569799199174942	0.1429634234161349	2:191543962	ABF_H3_DOMINANT	PASS	924	0.7316774243645808	0.1257292679352986	0.8574066922998795	0.1466390093107935	2:191543962	ABF_H3_DOMINANT	PASS	924	0.7318253259672217	0.1256675488211978	0.8574928747884195	0.1465522950872395	2:191543962	ABF_H3_DOMINANT	PASS	924	0.7315896959178623	0.1258340700243745	0.8574237659422368	0.1467583183749209	2:191543962	ABF_H3_DOMINANT	PASS	H3_DISTINCT_SIGNAL	ABF_H3_DOMINANT	H3_SUPPORTED_STABLE	STABLE_H3	MATCH		924	0.104707444453257	0.120876293051959	4	H3	H3	H3	H3	H3	H3	H3	False	False	False	False	False	False	H3 -> H3 -> H3 -> H3
R7B1_001020	11	CTLA4	CD4_ET	PRIMARY_184_TRIGGER_VERIFICATION	ABF_H4_DOMINANT	H4_SUPPORTED_STABLE	744	bb12cce31fa8a261a08f7a09e89ef7a7d47ad7870498b97ed48101c95180f03f	710	86f2b1788d5c0b99249bc8f28ca4a199c25f52df48e3ab2cd6cfaa0945e0efda	34	0.0456989247311828	980	9ea96c64a3f90414bbe5f4acad559e6625f1afef98be12b981982e386d383c57	836cff7060a1b59e565e49151610f2cac27ac50f98a246fd865802f4161a049c	1b260d1f0b97cbeb4ca92ac47964a80e7acbea947f4bd2dbc1c8804f507412ae	0.961887713377815	0.9613954631321144	710	0	0	23288	24142.0	24510	0.0033600395647868	PASS	744	0.0235441143496029	0.9605317976838053	0.9840759120334082	0.976074900257488	2:204697133	ABF_H4_DOMINANT	PASS	710	0.0235157481325974	0.9605597013032292	0.9840754494358268	0.9761037142567888	2:204697133	ABF_H4_DOMINANT	PASS	710	0.0235157438745249	0.9605597083270704	0.9840754522015954	0.9761037186509276	2:204697133	ABF_H4_DOMINANT	PASS	710	0.0130192076016319	0.9865807847212804	0.9995999923229124	0.986975582531391	2:204692216	ABF_H4_DOMINANT	PASS	710	0.0130191205735788	0.9865808742323128	0.9995999948058916	0.986975669626622	2:204692216	ABF_H4_DOMINANT	PASS	710	0.0130077966004146	0.9865931421328672	0.999600938733282	0.9869870104194796	2:204692216	ABF_H4_DOMINANT	PASS	ROBUST_H4_TRIGGER	ABF_H4_DOMINANT	H4_SUPPORTED_STABLE	STABLE_H4	MATCH		710	0.986775844377362	0.987190648610557	1	H4	H4	H4	H4	H4	H4	H4	False	False	False	False	False	False	H4 -> H4 -> H4 -> H4
R7B1_001021	11	CTLA4	CD4_NC	PRIMARY_184_TRIGGER_VERIFICATION	ABF_H4_DOMINANT	H4_SUPPORTED_STABLE	744	bb12cce31fa8a261a08f7a09e89ef7a7d47ad7870498b97ed48101c95180f03f	710	86f2b1788d5c0b99249bc8f28ca4a199c25f52df48e3ab2cd6cfaa0945e0efda	34	0.0456989247311828	980	d5f6cdd98d7dcc8149380e903246d3e7fed17034009243ad9aaeff1e162b3863	075fd13374fa88a47dd7e9a354039df0ec9d6c0d398747a458ca77350d1e3c61	0898331e00327fd1c23ad4b09ec13a42b81d3b701d908458546871224f294b5e	0.8499927677146968	0.8487348545179829	710	0	0	23288	24142.0	24510	0.0033600395647868	PASS	744	0.0623780216515933	0.8965036899419296	0.958881711593523	0.934947115063932	2:204738919	ABF_H4_DOMINANT	PASS	710	0.0623076857604843	0.8965709413368188	0.9588786270973032	0.9350202580392256	2:204738919	ABF_H4_DOMINANT	PASS	710	0.0623076857604276	0.8965709413368698	0.9588786270972974	0.9350202580392843	2:204738919	ABF_H4_DOMINANT	PASS	710	0.0418000412984678	0.9569788110002224	0.9987788522986903	0.958148852268683	2:204738919	ABF_H4_DOMINANT	PASS	710	0.0418000412984298	0.9569788110002224	0.9987788522986524	0.9581488522687194	2:204738919	ABF_H4_DOMINANT	PASS	710	0.0416957154431889	0.9570880055988328	0.9987837210420218	0.9582535091784554	2:204738919	ABF_H4_DOMINANT	PASS	ROBUST_H4_TRIGGER	ABF_H4_DOMINANT	H4_SUPPORTED_STABLE	STABLE_H4	MATCH		710	0.961470435241763	0.962594422689664	1	H4	H4	H4	H4	H4	H4	H4	False	False	False	False	False	False	H4 -> H4 -> H4 -> H4
R7B1_001022	11	CTLA4	CD8_ET	PRIMARY_184_TRIGGER_VERIFICATION	ABF_H4_DOMINANT	H4_SUPPORTED_STABLE	744	bb12cce31fa8a261a08f7a09e89ef7a7d47ad7870498b97ed48101c95180f03f	710	86f2b1788d5c0b99249bc8f28ca4a199c25f52df48e3ab2cd6cfaa0945e0efda	34	0.0456989247311828	980	bfb5b5c4da0551ed06f47316236103e4b9d5bc986067d6cb3cb473412b7132af	2c9adf5b5b34605a7a631301aa8c0c6f56358ccb86afe19eb5c70eaef77d145c	ea0b42c2e0866601ec1266aaeaba2b668d0a06d405c41cc64ce5f63795f3a393	0.999659469723197	0.9994788042457544	710	0	0	23288	24142.0	24510	0.0033600395647868	PASS	744	0.0382343228691241	0.9363110497800776	0.9745453726492018	0.9607670161470389	2:204738919	ABF_H4_DOMINANT	PASS	710	0.0381896609078415	0.9363545296939592	0.9745441906018008	0.9608127971249218	2:204738919	ABF_H4_DOMINANT	PASS	710	0.0381894531173257	0.9363548724518296	0.9745443255691554	0.9608130157701936	2:204738919	ABF_H4_DOMINANT	PASS	710	0.0245036139506263	0.9747687188841327	0.9992723328347592	0.9754785425899726	2:204738919	ABF_H4_DOMINANT	PASS	710	0.0245033619692323	0.9747689780545944	0.9992723400238268	0.9754787949312717	2:204738919	ABF_H4_DOMINANT	PASS	710	0.024488306229086	0.9747855929888826	0.9992738992179686	0.9754938998724468	2:204738919	ABF_H4_DOMINANT	PASS	ROBUST_H4_TRIGGER	ABF_H4_DOMINANT	H4_SUPPORTED_STABLE	STABLE_H4	MATCH		710	0.976073957379231	0.97679317233083	1	H4	H4	H4	H4	H4	H4	H4	False	False	False	False	False	False	H4 -> H4 -> H4 -> H4
R7B1_001023	11	CTLA4	CD8_NC	PRIMARY_184_TRIGGER_VERIFICATION	ABF_H4_DOMINANT	H4_SUPPORTED_STABLE	744	bb12cce31fa8a261a08f7a09e89ef7a7d47ad7870498b97ed48101c95180f03f	710	86f2b1788d5c0b99249bc8f28ca4a199c25f52df48e3ab2cd6cfaa0945e0efda	34	0.0456989247311828	980	cfdeff2012f6c52d8df3fc422bf30aa74f48404db06a06e5b56c1b40abe16a4e	06dd27469201182322f557d6df2e353793cb7b1b622728ec1ce563b06568b089	a2c504e62aecefe04bc8856f12d283d0d6e4f765008cf5e6045d13e1a433acba	0.9223419171144877	0.921881316867934	710	0	0	23288	24142.0	24510	0.0033600395647868	PASS	744	0.0623339888133897	0.8965762898811059	0.9589102786944956	0.934994972732742	2:204738919	ABF_H4_DOMINANT	PASS	710	0.0622636984912589	0.8966434999916189	0.9589071984828778	0.9350680664513016	2:204738919	ABF_H4_DOMINANT	PASS	710	0.0622636799849559	0.8966435305184604	0.9589072105034164	0.935068086564634	2:204738919	ABF_H4_DOMINANT	PASS	710	0.0417825412655386	0.9569968103229538	0.9987793515884924	0.958166394610495	2:204738919	ABF_H4_DOMINANT	PASS	710	0.0417825335845563	0.9569968182230852	0.9987793518076415	0.9581664023100436	2:204738919	ABF_H4_DOMINANT	PASS	710	0.0416784651101673	0.9571057473330532	0.9987842124432204	0.9582708010489938	2:204738919	ABF_H4_DOMINANT	PASS	ROBUST_H4_TRIGGER	ABF_H4_DOMINANT	H4_SUPPORTED_STABLE	STABLE_H4	MATCH		710	0.961587569156693	0.96270835873679	1	H4	H4	H4	H4	H4	H4	H4	False	False	False	False	False	False	H4 -> H4 -> H4 -> H4
R7B1_001024	11	CTLA4	CD8_S100B	PRIMARY_184_TRIGGER_VERIFICATION	ABF_H4_DOMINANT	H4_SUPPORTED_STABLE	744	bb12cce31fa8a261a08f7a09e89ef7a7d47ad7870498b97ed48101c95180f03f	710	86f2b1788d5c0b99249bc8f28ca4a199c25f52df48e3ab2cd6cfaa0945e0efda	34	0.0456989247311828	959	4b5973f3896d446fbe5ebb80fe0f9d45d59dfe9ad2f7cfcfabb27817e40eb7c5	0d4bc74b6ca2892bedad87e50d5e1570bb7cce9cafc136507718405eadf0aa9d	d479d818c9d0b1e9bc8f83aff3910241159382deb4e237670d43f070ae2b49aa	1.003581095138811	1.003473178696963	710	0	0	23288	24142.0	24510	0.0033600395647868	PASS	744	0.0288770322383382	0.9517224946803738	0.980599526918712	0.9705516559557428	2:204691538	ABF_H4_DOMINANT	PASS	710	0.0288426643242138	0.9517562059565704	0.9805988702807842	0.9705866841189048	2:204691538	ABF_H4_DOMINANT	PASS	710	0.0288428193882383	0.9517559469851306	0.9805987663733688	0.9705865228701948	2:204691538	ABF_H4_DOMINANT	PASS	710	0.0169073631055216	0.982575502046612	0.9994828651521338	0.9830838889839816	2:204691538	ABF_H4_DOMINANT	PASS	710	0.0169074499837604	0.9825754114984216	0.999482861482182	0.983083801998678	2:204691538	ABF_H4_DOMINANT	PASS	710	0.0169322431363082	0.982550698599202	0.9994829417355104	0.9830589973782774	2:204691538	ABF_H4_DOMINANT	PASS	ROBUST_H4_TRIGGER	ABF_H4_DOMINANT	H4_SUPPORTED_STABLE	STABLE_H4	MATCH		710	0.98254765009678	0.983090178374483	1	H4	H4	H4	H4	H4	H4	H4	False	False	False	False	False	False	H4 -> H4 -> H4 -> H4
R7B1_001057	12	OXNAD1	CD4_NC	H3_RESCUE_FALSIFICATION	ABF_H3_DOMINANT	H3_SUPPORTED_STABLE	1244	f8e0c66da402d96f0fd3d401cae9f6532afe918fa5ade2923524de4ba89b14db	1180	22315e5fb55fb2d3168b88d4623266aa60cfbb4651c029ae05d64c9afe60a4cd	64	0.0514469453376205	980	c3af69899eae5295e145679c696b3bac503450e2713facc33eee3cfa622425ef	36c9b7807b241329a2791de310989d43835cb31581043391c199936a2cfb51f6	e9753085360bf80b12535c7ad0e1bab8f7918e635003c77717e2c1c4b4c13b5f	0.5867124117613097	0.5866345774664499	1171	9	0	23290	24295.5	24510	0.0036777063766688	PASS	1244	0.999987648859924	1.804875431071826e-07	0.9999878293474672	1.8048973978509128e-07	3:16364846	ABF_H3_DOMINANT	PASS	1180	0.9999876392144078	1.80628469456376e-07	0.9999878198428772	1.8063066956631253e-07	3:16364846	ABF_H3_DOMINANT	PASS	1180	0.9999876392130898	1.806285150175171e-07	0.9999878198416048	1.806307151282384e-07	3:16364846	ABF_H3_DOMINANT	PASS	1180	0.9999999228028246	1.136162417222442e-09	0.999999923938987	1.136162503640113e-09	3:16364846	ABF_H3_DOMINANT	PASS	1180	0.99999992280151	1.1362046819840374e-09	0.9999999239377148	1.1362047684063683e-09	3:16364846	ABF_H3_DOMINANT	PASS	1180	0.9999999222094148	1.1448089650195923e-09	0.9999999233542236	1.144809052764371e-09	3:16364846	ABF_H3_DOMINANT	PASS	H3_DISTINCT_SIGNAL	ABF_H3_DOMINANT	H3_SUPPORTED_STABLE	STABLE_H3	MATCH		1180	3.570307980094e-09	3.57030874808453e-09	1	H3	H3	H3	H3	H3	H3	H3	False	False	False	False	False	False	H3 -> H3 -> H3 -> H3
R7B1_001059	12	OXNAD1	CD8_ET	H3_RESCUE_FALSIFICATION	ABF_H3_DOMINANT	H3_SUPPORTED_STABLE	1244	f8e0c66da402d96f0fd3d401cae9f6532afe918fa5ade2923524de4ba89b14db	1180	22315e5fb55fb2d3168b88d4623266aa60cfbb4651c029ae05d64c9afe60a4cd	64	0.0514469453376205	980	714e23ce02f18a0adb56343638ac269957a9f7099dce404d09b45acc1fe95512	df2c7455a221db68ecc9ef02f41dfa65bd1931cd2e4401c643730e79256af84f	3c62bc2b454a2b27d9559f88357a62256776dd39d2af7856cc6a010a16685aa2	0.835144801079129	0.8350636552798271	1171	9	0	23290	24295.5	24510	0.0036777063766688	PASS	1244	0.9990522718119252	0.0001891291484077	0.9992414009603328	0.0001892727305193	3:16376279	ABF_H3_DOMINANT	PASS	1180	0.9990521665954636	0.0001892211152068	0.9992413877106704	0.0001893647696482	3:16376279	ABF_H3_DOMINANT	PASS	1180	0.9990520088169458	0.0001892503394858	0.9992412591564316	0.0001893940404798	3:16376279	ABF_H3_DOMINANT	PASS	1180	0.9991191288087672	0.0001343107186896	0.9992534395274568	0.0001344110646775	3:16961265	ABF_H3_DOMINANT	PASS	1180	0.9991189699697216	0.0001343409953141	0.9992533109650358	0.0001344413812193	3:16961265	ABF_H3_DOMINANT	PASS	1180	0.9991188447905036	0.0001345943642764	0.9992534391547802	0.0001346949222314	3:16961265	ABF_H3_DOMINANT	PASS	H3_DISTINCT_SIGNAL	ABF_H3_DOMINANT	H3_SUPPORTED_STABLE	STABLE_H3	MATCH		1180	9.78008280440845e-05	9.78866516312468e-05	1	H3	H3	H3	H3	H3	H3	H3	False	False	False	False	False	False	H3 -> H3 -> H3 -> H3
R7B1_001060	12	OXNAD1	CD8_NC	H3_RESCUE_FALSIFICATION	ABF_H3_DOMINANT	H3_SUPPORTED_STABLE	1244	f8e0c66da402d96f0fd3d401cae9f6532afe918fa5ade2923524de4ba89b14db	1180	22315e5fb55fb2d3168b88d4623266aa60cfbb4651c029ae05d64c9afe60a4cd	64	0.0514469453376205	980	ab119196029463b0ccae51072ff0efae101d295356ac6e6d556eb65101f57f4e	53b959a2e7125a5d602823a06ffde180477a9e4bef5b038020e93cccdb743580	492d823f4778489dd20fe35f322d0884704f28a2b06ab5bd9261daf972202c76	0.70889791947965	0.708800966300928	1171	9	0	23290	24295.5	24510	0.0036777063766688	PASS	1244	0.9999850897782008	2.590871755120656e-07	0.9999853488653764	2.590909714887686e-07	3:16364846	ABF_H3_DOMINANT	PASS	1180	0.9999850801567216	2.592037030093179e-07	0.9999853393604248	2.592075031570969e-07	3:16364846	ABF_H3_DOMINANT	PASS	1180	0.9999850778662148	2.592833294350665e-07	0.9999853371495444	2.592871313234982e-07	3:16364846	ABF_H3_DOMINANT	PASS	1180	0.9999973648064052	7.861870349530612e-08	0.9999974434251088	7.86189044904233e-08	3:16961265	ABF_H3_DOMINANT	PASS	1180	0.9999973625168616	7.869734058740494e-08	0.999997441214202	7.869754195755764e-08	3:16961265	ABF_H3_DOMINANT	PASS	1180	0.9999973641836768	7.865666739449949e-08	0.999997442840344	7.865686853267035e-08	3:16961265	ABF_H3_DOMINANT	PASS	H3_DISTINCT_SIGNAL	ABF_H3_DOMINANT	H3_SUPPORTED_STABLE	STABLE_H3	MATCH		1180	1.20067769385568e-08	1.20067864607523e-08	1	H3	H3	H3	H3	H3	H3	H3	False	False	False	False	False	False	H3 -> H3 -> H3 -> H3
R7B1_001065	12	OXNAD1	NK	H3_RESCUE_FALSIFICATION	ABF_H3_DOMINANT	H3_SUPPORTED_STABLE	1244	f8e0c66da402d96f0fd3d401cae9f6532afe918fa5ade2923524de4ba89b14db	1180	22315e5fb55fb2d3168b88d4623266aa60cfbb4651c029ae05d64c9afe60a4cd	64	0.0514469453376205	980	34fcd8717772767661473aa1de3d04a38d08e8c0e82763d0550bb956a2c2f6ed	db16eeb8a82e0fe0c4ee89148adac263e9593eb33f1b4652c73406f673b22e0f	a9fa8f40d14eeb4d346284a9d394933890e97e8ab697d846510e479315727de7	0.9347294940994564	0.934604275342428	1171	9	0	23290	24295.5	24510	0.0036777063766688	PASS	1244	0.9999840046658768	3.821035196403599e-06	0.999987825701073	3.821081715394626e-06	3:16395668	ABF_H3_DOMINANT	PASS	1180	0.9999839921774816	3.824019071972229e-06	0.9999878161965534	3.824065663636642e-06	3:16395668	ABF_H3_DOMINANT	PASS	1180	0.9999839920606596	3.824133652830493e-06	0.9999878161943124	3.824180245899524e-06	3:16395668	ABF_H3_DOMINANT	PASS	1180	0.9999998218642662	9.838401233475056e-08	0.9999999202482786	9.838402018104553e-08	3:16395668	ABF_H3_DOMINANT	PASS	1180	0.999999821857928	9.838810550418537e-08	0.9999999202460336	9.838811335102765e-08	3:16395668	ABF_H3_DOMINANT	PASS	1180	0.9999998205234438	9.914007086241103e-08	0.9999999196635146	9.914007882697652e-08	3:16395668	ABF_H3_DOMINANT	PASS	H3_DISTINCT_SIGNAL	ABF_H3_DOMINANT	H3_SUPPORTED_STABLE	STABLE_H3	MATCH		1180	4.4896765805379e-08	4.489677814596e-08	1	H3	H3	H3	H3	H3	H3	H3	False	False	False	False	False	False	H3 -> H3 -> H3 -> H3
R7B1_001071	12	RFTN1	CD4_NC	H3_RESCUE_FALSIFICATION	ABF_H3_DOMINANT	H3_SUPPORTED_STABLE	1306	bdcbba346b5d490591b57f65b707f2a825afca7c5bde73c4da147b55dcbfdc74	1242	863ad5766a0c11ae38a598e7d08cdf1c332693bb8beab765751c1e0f1754f280	64	0.0490045941807044	980	8354e996fc73c7b3bbe5388f8770d1360c0d694a00ef6bb2f279684842ec59e9	36c9b7807b241329a2791de310989d43835cb31581043391c199936a2cfb51f6	e9753085360bf80b12535c7ad0e1bab8f7918e635003c77717e2c1c4b4c13b5f	0.6996584137245264	0.6995273886038594	1233	9	0	23290	24306.0	24510	0.0036777063766688	PASS	1306	0.9997196726135116	8.988705996316959e-06	0.9997286613195078	8.991145641911548e-06	3:16961265	ABF_H3_DOMINANT	PASS	1242	0.9997196560456008	8.988257670688698e-06	0.9997286443032716	8.99069734763154e-06	3:16961265	ABF_H3_DOMINANT	PASS	1242	0.9997194312217148	8.997042591024602e-06	0.9997284282643056	8.999486597220165e-06	3:16961265	ABF_H3_DOMINANT	PASS	1242	0.9997320181472472	8.726940691550606e-06	0.9997407450879386	8.729203780509088e-06	3:16961265	ABF_H3_DOMINANT	PASS	1242	0.9997317933790392	8.735667144848826e-06	0.9997405290461842	8.737934385018087e-06	3:16961265	ABF_H3_DOMINANT	PASS	1242	0.9997320297214402	8.714778740740824e-06	0.9997407445001808	8.717038680960998e-06	3:16961265	ABF_H3_DOMINANT	PASS	H3_DISTINCT_SIGNAL	ABF_H3_DOMINANT	H3_SUPPORTED_STABLE	STABLE_H3	MATCH		1242	1.04443518301766e-06	1.04448894343624e-06	1	H3	H3	H3	H3	H3	H3	H3	False	False	False	False	False	False	H3 -> H3 -> H3 -> H3
R7B1_001079	12	RFTN1	NK	H3_RESCUE_FALSIFICATION	ABF_H3_DOMINANT	UNINFORMATIVE	1306	bdcbba346b5d490591b57f65b707f2a825afca7c5bde73c4da147b55dcbfdc74	1242	863ad5766a0c11ae38a598e7d08cdf1c332693bb8beab765751c1e0f1754f280	64	0.0490045941807044	980	b7ba787ebd365a0c00e4fd8795a68be0d791399a15470ca4ebf3dba25b848979	db16eeb8a82e0fe0c4ee89148adac263e9593eb33f1b4652c73406f673b22e0f	a9fa8f40d14eeb4d346284a9d394933890e97e8ab697d846510e479315727de7	0.7848139452420552	0.7846893475457755	1233	9	0	23290	24306.0	24510	0.0036777063766688	PASS	1306	0.999869195163431	5.312950118871606e-06	0.9998745081135498	5.313616934684613e-06	3:16951768	ABF_H3_DOMINANT	PASS	1242	0.9998691674710752	5.295448653060308e-06	0.9998744629197284	5.296113511687352e-06	3:16951768	ABF_H3_DOMINANT	PASS	1242	0.9998690697293788	5.300251268530765e-06	0.9998743699806474	5.30091722286406e-06	3:16951768	ABF_H3_DOMINANT	PASS	1242	0.9998817869032556	4.778619933325704e-06	0.999886565523189	4.779162055073016e-06	3:16961265	ABF_H3_DOMINANT	PASS	1242	0.9998816894048086	4.783178042929292e-06	0.9998864725828516	4.783721126433134e-06	3:16961265	ABF_H3_DOMINANT	PASS	1242	0.999881784625706	4.780312976785368e-06	0.9998865649386828	4.780855293398724e-06	3:16961265	ABF_H3_DOMINANT	PASS	H3_DISTINCT_SIGNAL	ABF_H3_DOMINANT	UNINFORMATIVE	H3_TO_UNINFORMATIVE	NOT_COMPARABLE		1242			0	H3	H3	H3	H3	H3	H3	UNINFORMATIVE	False	False	True	False	False	False	H3 -> H3 -> H3 -> UNINFORMATIVE
R7B1_001084	12	RP11-415F23.2	CD4_ET	H3_RESCUE_FALSIFICATION	ABF_H3_DOMINANT	H3_SUPPORTED_STABLE	1245	badf41b6303de5e685087ccf086e83e7bd3a8b82ddb3d6ab8a24d43ff9e6876a	1181	f74d499cf8d11376eafb6d1338e0fa2a3f5023b7390ae680d644f26e734692ff	64	0.0514056224899598	980	41519806b4ff208d3c85c462e6aa5135f5b1061f83522aff1bfe14d133775490	125efa869a3ac4ae950c1c00a57840c65e6e234c23ca49f4e61374be29372db8	5718cf688e0b02846458d62f8cfdb2a3b1f44a910f3ddd2aea4b043ff392ac2a	0.9802928610336348	0.9801963602185532	1172	9	0	23290	24296.0	24510	0.0036777063766688	PASS	1245	0.9999876252424968	2.0517622846283145e-07	0.9999878304187252	2.051787254020061e-07	3:16368436	ABF_H3_DOMINANT	PASS	1181	0.9999876155776648	2.053364735339366e-07	0.9999878209141384	2.053389743749363e-07	3:16368436	ABF_H3_DOMINANT	PASS	1181	0.999987615577544	2.0533659336915134e-07	0.9999878209141374	2.053390942116107e-07	3:16368436	ABF_H3_DOMINANT	PASS	1181	0.9999999238026148	1.2073433151473383e-09	0.9999999250099584	1.2073434056860711e-09	3:16368436	ABF_H3_DOMINANT	PASS	1181	0.9999999238026078	1.2073438557997482e-09	0.9999999250099516	1.2073439463385292e-09	3:16368436	ABF_H3_DOMINANT	PASS	1181	0.999999923208509	1.216681998217191e-09	0.9999999244251908	1.2166820901677078e-09	3:16368436	ABF_H3_DOMINANT	PASS	H3_DISTINCT_SIGNAL	ABF_H3_DOMINANT	H3_SUPPORTED_STABLE	STABLE_H3	MATCH		1181	3.26221806942661e-09	3.26221876813395e-09	1	H3	H3	H3	H3	H3	H3	H3	False	False	False	False	False	False	H3 -> H3 -> H3 -> H3
R7B1_001085	12	RP11-415F23.2	CD4_NC	H3_RESCUE_FALSIFICATION	ABF_H3_DOMINANT	H3_SUPPORTED_STABLE	1245	badf41b6303de5e685087ccf086e83e7bd3a8b82ddb3d6ab8a24d43ff9e6876a	1181	f74d499cf8d11376eafb6d1338e0fa2a3f5023b7390ae680d644f26e734692ff	64	0.0514056224899598	980	be3245efede19c6dde43ee366ff2b793b1b43dff40c364fc6dcfcf9e29fe8d46	36c9b7807b241329a2791de310989d43835cb31581043391c199936a2cfb51f6	e9753085360bf80b12535c7ad0e1bab8f7918e635003c77717e2c1c4b4c13b5f	0.9448010938211177	0.9446652404093828	1172	9	0	23290	24296.0	24510	0.0036777063766688	PASS	1245	0.999987648885244	1.815344246065553e-07	0.9999878304196684	1.8153663383120385e-07	3:16364846	ABF_H3_DOMINANT	PASS	1181	0.9999876392388644	1.8167620518907305e-07	0.9999878209150695	1.8167841786595426e-07	3:16364846	ABF_H3_DOMINANT	PASS	1181	0.999987639237955	1.816771268957836e-07	0.999987820915082	1.8167933958388825e-07	3:16364846	ABF_H3_DOMINANT	PASS	1181	0.9999999239028654	1.108334405992953e-09	0.9999999250111998	1.1083344891056267e-09	3:16364846	ABF_H3_DOMINANT	PASS	1181	0.999999923902837	1.1083382614838307e-09	0.9999999250111752	1.1083383445968203e-09	3:16364846	ABF_H3_DOMINANT	PASS	1181	0.99999992330942	1.1170105050253323e-09	0.9999999244264306	1.1170105894418096e-09	3:16364846	ABF_H3_DOMINANT	PASS	H3_DISTINCT_SIGNAL	ABF_H3_DOMINANT	H3_SUPPORTED_STABLE	STABLE_H3	MATCH		1181	3.55572154655286e-09	3.55572230812151e-09	1	H3	H3	H3	H3	H3	H3	H3	False	False	False	False	False	False	H3 -> H3 -> H3 -> H3
R7B1_001088	12	RP11-415F23.2	CD8_NC	H3_RESCUE_FALSIFICATION	ABF_H3_DOMINANT	H3_SUPPORTED_STABLE	1245	badf41b6303de5e685087ccf086e83e7bd3a8b82ddb3d6ab8a24d43ff9e6876a	1181	f74d499cf8d11376eafb6d1338e0fa2a3f5023b7390ae680d644f26e734692ff	64	0.0514056224899598	980	3d68c8ff930d21fc295a8ffb3deefa078982964612e33ea25226a793ecb272ad	53b959a2e7125a5d602823a06ffde180477a9e4bef5b038020e93cccdb743580	492d823f4778489dd20fe35f322d0884704f28a2b06ab5bd9261daf972202c76	0.9559418009970386	0.955789139247804	1172	9	0	23290	24296.0	24510	0.0036777063766688	PASS	1245	0.9999876499686804	1.804509813390236e-07	0.9999878304196615	1.80453177378463e-07	3:16364846	ABF_H3_DOMINANT	PASS	1181	0.9999876403231536	1.8059191573938918e-07	0.9999878209150692	1.805941152104563e-07	3:16364846	ABF_H3_DOMINANT	PASS	1181	0.9999876403231536	1.805919179736618e-07	0.9999878209150714	1.8059411744475578e-07	3:16364846	ABF_H3_DOMINANT	PASS	1181	0.9999999239073843	1.1037988329074656e-09	0.9999999250111832	1.1037989156800404e-09	3:16364846	ABF_H3_DOMINANT	PASS	1181	0.9999999239073843	1.1037988422534063e-09	0.9999999250111832	1.1037989250259819e-09	3:16364846	ABF_H3_DOMINANT	PASS	1181	0.9999999233139818	1.1124445672004106e-09	0.9999999244264264	1.112444651271828e-09	3:16364846	ABF_H3_DOMINANT	PASS	H3_DISTINCT_SIGNAL	ABF_H3_DOMINANT	H3_SUPPORTED_STABLE	STABLE_H3	MATCH		1181	3.55569091658027e-09	3.55569167814231e-09	1	H3	H3	H3	H3	H3	H3	H3	False	False	False	False	False	False	H3 -> H3 -> H3 -> H3
R7B1_001093	12	RP11-415F23.4	CD4_NC	H3_RESCUE_FALSIFICATION	ABF_H3_DOMINANT	H3_SUPPORTED_STABLE	1262	f91ab708b95178fa7c9c00b35c3fde1c374c420adf96aaaabc49a9099a0fe63b	1198	4c98eb219323145537ca39546d93680f2b8f5643239cf2f8f6bed2d5e2a6582a	64	0.0507131537242472	980	6c905c7d92113adc442c67ba2165b7769079de20ba273feb1db1e973a2df0faf	36c9b7807b241329a2791de310989d43835cb31581043391c199936a2cfb51f6	e9753085360bf80b12535c7ad0e1bab8f7918e635003c77717e2c1c4b4c13b5f	0.8577304319504703	0.8575786041567167	1189	9	0	23290	24300.0	24510	0.0036777063766688	PASS	1262	0.999987649090098	1.80487484757997e-07	0.9999878295775828	1.8048968139366158e-07	3:16364846	ABF_H3_DOMINANT	PASS	1198	0.9999876394445854	1.806284108198823e-07	0.999987820072996	1.8063061088753763e-07	3:16364846	ABF_H3_DOMINANT	PASS	1198	0.9999876394431784	1.8062847290129288e-07	0.9999878200716514	1.806306729699472e-07	3:16364846	ABF_H3_DOMINANT	PASS	1198	0.9999999230373604	1.1317108281486523e-09	0.9999999241690714	1.131710913967342e-09	3:16364846	ABF_H3_DOMINANT	PASS	1198	0.9999999230359607	1.1317597770739694e-09	0.9999999241677204	1.1317598628979e-09	3:16364846	ABF_H3_DOMINANT	PASS	1198	0.999999922443958	1.140348252523228e-09	0.999999923584306	1.1403483396637376e-09	3:16364846	ABF_H3_DOMINANT	PASS	H3_DISTINCT_SIGNAL	ABF_H3_DOMINANT	H3_SUPPORTED_STABLE	STABLE_H3	MATCH		1198	0.0051593844833083	0.006706721236263	2	H3	H3	H3	H3	H3	H3	H3	False	False	False	False	False	False	H3 -> H3 -> H3 -> H3
R7B1_001143	14	B4GALT4	CD4_ET	H3_RESCUE_FALSIFICATION	ABF_H3_DOMINANT	H3_SUPPORTED_STABLE	1384	4be69305370fe13bb0325466e8d464755663334f4e17fe4fcd59702d9c44c73e	1334	a4f1c058fae9ad61a20ef66fc90d7d24fa595a6e6f0fbc799fb68c313ab2f765	50	0.0361271676300578	980	30c7925f1932a81b507e42107516a879803b09aad4c8d119a9e252fc3418d909	9bd58759db7ef54f19dcf4891beaf6038d8a89355824c4557d3c136719eccb7d	bd6d6951fd6310ba01be61a5d6d31cd46e57abbfbc6abe428977cd065d1a3b8c	0.974667549980009	0.9746209551168068	1331	3	0	23285	24335.5	24510	0.006404247528378	PASS	1384	0.8493429946821365	0.0075071278729295	0.856850122555066	0.0087613080459669	3:119219934	ABF_H3_DOMINANT	PASS	1334	0.8491849318910178	0.0075150040256674	0.8566999359166853	0.0087720375718555	3:119219934	ABF_H3_DOMINANT	PASS	1334	0.8491754864037873	0.0075157375178716	0.8566912239216589	0.0087729829698348	3:119219934	ABF_H3_DOMINANT	PASS	1334	0.8491879265427388	0.0075115046210779	0.8566994311638167	0.0087679579883386	3:119219934	ABF_H3_DOMINANT	PASS	1334	0.8491784812670371	0.0075122378298078	0.856690719096845	0.00876890301523	3:119219934	ABF_H3_DOMINANT	PASS	1334	0.8491881252176604	0.0075112724592179	0.8566993976768784	0.0087676873353551	3:119219934	ABF_H3_DOMINANT	PASS	H3_DISTINCT_SIGNAL	ABF_H3_DOMINANT	H3_SUPPORTED_STABLE	STABLE_H3	MATCH		1334	0.0041153587322067	0.0047145038357089	1	H3	H3	H3	H3	H3	H3	H3	False	False	False	False	False	False	H3 -> H3 -> H3 -> H3
R7B1_001144	14	B4GALT4	CD4_NC	H3_RESCUE_FALSIFICATION	ABF_H3_DOMINANT	H3_SUPPORTED_STABLE	1384	4be69305370fe13bb0325466e8d464755663334f4e17fe4fcd59702d9c44c73e	1334	a4f1c058fae9ad61a20ef66fc90d7d24fa595a6e6f0fbc799fb68c313ab2f765	50	0.0361271676300578	980	47e1c12c93eaf203065da6245932e4478269df1ce28aa43eb5877094440d3519	eeda8fc76eafe62a08247012ef64c056e0cb10c4b935f64f39084d0320bebf1e	c32e4adbc1c6dab2ffea02642b6a9f0314f756e1cf623357905bd58b201c94d7	0.811629356990059	0.811569950281566	1331	3	0	23285	24335.5	24510	0.006404247528378	PASS	1384	0.9999999999526494	1.2563608790185108e-11	0.999999999965213	1.256360879062216e-11	3:119219934	ABF_H3_DOMINANT	PASS	1334	0.9999999999526494	1.2563608794524336e-11	0.999999999965213	1.2563608794961383e-11	3:119219934	ABF_H3_DOMINANT	PASS	1334	0.999999999952621	1.2570298099252616e-11	0.9999999999651912	1.2570298099690172e-11	3:119219934	ABF_H3_DOMINANT	PASS	1334	0.9999999999526636	1.2549936655296339e-11	0.9999999999652136	1.2549936655732908e-11	3:119219934	ABF_H3_DOMINANT	PASS	1334	0.9999999999526352	1.2556619017724272e-11	0.9999999999651918	1.2556619018161345e-11	3:119219934	ABF_H3_DOMINANT	PASS	1334	0.9999999999526636	1.255048597764774e-11	0.9999999999652142	1.2550485978084316e-11	3:119219934	ABF_H3_DOMINANT	PASS	H3_DISTINCT_SIGNAL	ABF_H3_DOMINANT	H3_SUPPORTED_STABLE	STABLE_H3	MATCH		1334	8.89277797862531e-14	8.89277797863021e-14	1	H3	H3	H3	H3	H3	H3	H3	False	False	False	False	False	False	H3 -> H3 -> H3 -> H3
R7B1_001146	14	B4GALT4	CD8_ET	H3_RESCUE_FALSIFICATION	ABF_H3_DOMINANT	H3_SUPPORTED_STABLE	1384	4be69305370fe13bb0325466e8d464755663334f4e17fe4fcd59702d9c44c73e	1334	a4f1c058fae9ad61a20ef66fc90d7d24fa595a6e6f0fbc799fb68c313ab2f765	50	0.0361271676300578	980	0a6805c2d6fc3f8f17e2271c96c6d997d99860482d52d2a5d18155cea7b5d2b9	aaad615c103a515ae3b89c7a6753380053b7850bd5ea0c0123a6f372f74e6a09	8cab4e92ad049ddfe1df564b6a2c52b599daf26b90f107a20e25f443b62d855c	0.910061824464586	0.9100021038043346	1331	3	0	23285	24335.5	24510	0.006404247528378	PASS	1384	0.9989541900303284	0.000130080341725	0.9990842703720536	0.0001301995693282	3:119219934	ABF_H3_DOMINANT	PASS	1334	0.9989541852954752	0.0001300809306574	0.9990842662261326	0.0001302001593407	3:119219934	ABF_H3_DOMINANT	PASS	1334	0.9989539902356468	0.0001301089687251	0.999084099204372	0.0001302282448782	3:119219934	ABF_H3_DOMINANT	PASS	1334	0.9989544032157496	0.0001298628108127	0.9990842660265624	0.0001299818395991	3:119219934	ABF_H3_DOMINANT	PASS	1334	0.9989542081981332	0.0001298908066	0.9990840990047332	0.0001300098827811	3:119219934	ABF_H3_DOMINANT	PASS	1334	0.9989544063840262	0.0001298596396366	0.999084266023663	0.0001299786655169	3:119219934	ABF_H3_DOMINANT	PASS	H3_DISTINCT_SIGNAL	ABF_H3_DOMINANT	H3_SUPPORTED_STABLE	STABLE_H3	MATCH		1334	3.8862856404473e-05	3.88849568372468e-05	1	H3	H3	H3	H3	H3	H3	H3	False	False	False	False	False	False	H3 -> H3 -> H3 -> H3
R7B1_001147	14	B4GALT4	CD8_NC	H3_RESCUE_FALSIFICATION	ABF_H3_DOMINANT	H3_SUPPORTED_STABLE	1384	4be69305370fe13bb0325466e8d464755663334f4e17fe4fcd59702d9c44c73e	1334	a4f1c058fae9ad61a20ef66fc90d7d24fa595a6e6f0fbc799fb68c313ab2f765	50	0.0361271676300578	980	81232bedd0ec88c380787ea6d3f39a9ca7cbd084eb9b51df3127edd26a88e731	5350e97bc86846c6df271c7eb7d4e2e6071fc05a3dab164a2a41b21cfceed616	d8df4ffd5b0b09bcf2ead225b2b1f02535ef2ac6afde6003f6cf3612cb8f61ec	0.9562566434685283	0.9562257504664936	1331	3	0	23285	24335.5	24510	0.006404247528378	PASS	1384	0.9996408961824718	6.472888990741376e-05	0.9997056250723791	6.474795008053231e-05	3:119219934	ABF_H3_DOMINANT	PASS	1334	0.9996407815382916	6.474955465677139e-05	0.9997055310929484	6.476862700357635e-05	3:119219934	ABF_H3_DOMINANT	PASS	1334	0.9996407441746132	6.475695574393991e-05	0.999705501130357	6.477603221220636e-05	3:119219934	ABF_H3_DOMINANT	PASS	1334	0.9996406807387916	6.48503838224426e-05	0.999705531122614	6.48694858671225e-05	3:119219934	ABF_H3_DOMINANT	PASS	1334	0.9996406433642564	6.485779577202386e-05	0.9997055011600284	6.487690194438743e-05	3:119219934	ABF_H3_DOMINANT	PASS	1334	0.9996406822696456	6.484885251593197e-05	0.9997055311221617	6.486795410958629e-05	3:119219934	ABF_H3_DOMINANT	PASS	H3_DISTINCT_SIGNAL	ABF_H3_DOMINANT	H3_SUPPORTED_STABLE	STABLE_H3	MATCH		1334	2.2664859815282e-05	2.26696128488964e-05	1	H3	H3	H3	H3	H3	H3	H3	False	False	False	False	False	False	H3 -> H3 -> H3 -> H3
R7B1_001152	14	B4GALT4	NK	H3_RESCUE_FALSIFICATION	ABF_H3_DOMINANT	H3_SUPPORTED_STABLE	1384	4be69305370fe13bb0325466e8d464755663334f4e17fe4fcd59702d9c44c73e	1334	a4f1c058fae9ad61a20ef66fc90d7d24fa595a6e6f0fbc799fb68c313ab2f765	50	0.0361271676300578	980	bb549801d4637f30b982391cccfe2b97bf24a1b391111b4af10c9c2324fe0754	7cb6a76defba4b5d0b04780d0d21eaa0818e8eb93cad1bad6cc3c95ad3e058f3	d405674c16c47abee90b33da2c9de8df61677db0da99ed286b63fa165650f034	0.903499286171612	0.9034414067298908	1331	3	0	23285	24335.5	24510	0.006404247528378	PASS	1384	0.9999981682855512	1.5971199236704404e-06	0.9999997654054747	1.5971202983461185e-06	3:119219934	ABF_H3_DOMINANT	PASS	1334	0.9999981682852884	1.5971201567846426e-06	0.9999997654054452	1.5971205314604227e-06	3:119219934	ABF_H3_DOMINANT	PASS	1334	0.9999981677645254	1.5975674360731275e-06	0.9999997653319616	1.5975678109712322e-06	3:119219934	ABF_H3_DOMINANT	PASS	1334	0.9999981669506216	1.5984548180189397e-06	0.9999997654054396	1.598455193007833e-06	3:119219934	ABF_H3_DOMINANT	PASS	1334	0.9999981664294962	1.5989024659387277e-06	0.9999997653319622	1.59890284115012e-06	3:119219934	ABF_H3_DOMINANT	PASS	1334	0.9999981668983684	1.5985070683926991e-06	0.9999997654054368	1.598507443393855e-06	3:119219934	ABF_H3_DOMINANT	PASS	H3_DISTINCT_SIGNAL	ABF_H3_DOMINANT	H3_SUPPORTED_STABLE	STABLE_H3	MATCH		1334	1.66831528520501e-07	1.66831547223188e-07	1	H3	H3	H3	H3	H3	H3	H3	False	False	False	False	False	False	H3 -> H3 -> H3 -> H3
R7B1_001192	15	KPNA4	CD4_NC	H3_RESCUE_FALSIFICATION	ABF_H3_DOMINANT	H3_SUPPORTED_STABLE	545	70d46aafce38f6035941d548686a2fdb64382388f5cc4d206da7fd0374f2075c	504	e13e909e9af4fce99d44bcded6e398d975f25bb9e10bb60560e906220295419d	41	0.0752293577981651	980	71680fcc484c157237025e476eb3a910f537585c14a1a3a7555c5862015522aa	13fa54b2e9111e2745b328c56875115d505a2151d573bfee1f427b9b19ea1d6d	81c197a352326731e46ed6245b137c03d54083bb8b0bafaaf6bab63291fd16a4	0.834745965287724	0.835058683860629	504	0	0	23311	24243.5	24510	0.0105515587529971	PASS	545	0.9980009407624472	6.8862480639332e-05	0.9980698032430866	6.899565583045707e-05	3:159733527	ABF_H3_DOMINANT	PASS	504	0.997892441403209	7.26000062136817e-05	0.9979650414094228	7.274804547376625e-05	3:159733527	ABF_H3_DOMINANT	PASS	504	0.997893731059558	7.253249784165057e-05	0.9979662635573998	7.268031043764711e-05	3:159733527	ABF_H3_DOMINANT	PASS	504	0.997892990754314	7.204953596523545e-05	0.9979650402902794	7.219645283794542e-05	3:159730148	ABF_H3_DOMINANT	PASS	504	0.9978942799379996	7.198250190412495e-05	0.9979662624399038	7.212919375464323e-05	3:159730148	ABF_H3_DOMINANT	PASS	504	0.9978931149693856	7.192506783720784e-05	0.9979650400372228	7.20717309240864e-05	3:159730148	ABF_H3_DOMINANT	PASS	H3_DISTINCT_SIGNAL	ABF_H3_DOMINANT	H3_SUPPORTED_STABLE	STABLE_H3	MATCH		504	0.0128900221679312	0.0286582619839256	4	H3	H3	H3	H3	H3	H3	H3	False	False	False	False	False	False	H3 -> H3 -> H3 -> H3
R7B1_001200	15	KPNA4	NK	BORDERLINE_HIGH_INFORMATION_CALIBRATION	ABF_H4_BORDERLINE	H4_SUPPORTED_STABLE	545	70d46aafce38f6035941d548686a2fdb64382388f5cc4d206da7fd0374f2075c	504	e13e909e9af4fce99d44bcded6e398d975f25bb9e10bb60560e906220295419d	41	0.0752293577981651	980	09205acf4501248bd1a9b67deda7b36c0fe1972932250ac662ce659490e06c4d	f7f7ddaff622219c9b660967e7b6a8747a6bfe2f5a4ab196958ef8c783880a49	97ee45d04ea94009f9bf7825fe6cd5757456d4d083e905a8c7f417a059920cb7	0.9352407322282492	0.9355462053171884	504	0	0	23311	24243.5	24510	0.0105515587529971	PASS	545	0.1717684905459665	0.7401722563799272	0.9119407469258938	0.8116451193512414	3:159733527	ABF_H4_BORDERLINE	PASS	504	0.1713664487769773	0.7405315522530261	0.9118980010300036	0.8120771746583322	3:159733527	ABF_H4_BORDERLINE	PASS	504	0.1713887599903787	0.7405131169305474	0.9119018769209262	0.8120535067116214	3:159733527	ABF_H4_BORDERLINE	PASS	504	0.1678528957926005	0.7458409839941499	0.9136938797867504	0.8162919775365287	3:159730148	ABF_H4_BORDERLINE	PASS	504	0.1678747010580284	0.7458230017550407	0.9136977028130692	0.8162688813365951	3:159730148	ABF_H4_BORDERLINE	PASS	504	0.1671074092781025	0.7469675102711756	0.914074919549278	0.8171841216686028	3:159730148	ABF_H4_BORDERLINE	PASS	NO_TRIGGER_OR_UNINFORMATIVE	ABF_H4_BORDERLINE	H4_SUPPORTED_STABLE	BORDERLINE_TO_H4	PF50_UNINFORMATIVE		504	0.991141536577852	0.994679153828184	4	H4_BORDERLINE	H4_BORDERLINE	H4_BORDERLINE	H4_BORDERLINE	H4_BORDERLINE	H4_BORDERLINE	H4	False	False	True	False	False	False	H4_BORDERLINE -> H4_BORDERLINE -> H4_BORDERLINE -> H4
R7B1_001275	16	BDH2	CD4_NC	H3_RESCUE_FALSIFICATION	ABF_H3_DOMINANT	H3_SUPPORTED_STABLE	599	525f5bd586100372947cb8fe433bdd51d5aebeaf2f8e143ba7159322cd0e928a	569	848ec2dae6d39067a358c5787e625b473a22744f414f26ccd896448b299c8635	30	0.0500834724540901	980	5c7497c6c14dc3ffd4e095807c8c5dfa8ab8a0077acbb5c8722dade4941be680	368ebc76d5c9b942a9bd558d2a4581f302e48866d6aeb8f24a5c73cc1892edee	820da07d310acfc3d46277d979ee39be0fcf6f834d56effd352a8c1c5c76d317	0.8122071071535883	0.8122239544565347	569	0	0	23288	24167.0	24510	0.0074320241691836	PASS	599	1.0	1.5105497395182582e-17	1.0	1.5105497395182582e-17	4:104055748	ABF_H3_DOMINANT	PASS	569	1.0	2.207723541469199e-17	1.0	2.207723541469199e-17	4:104055748	ABF_H3_DOMINANT	PASS	569	1.0	2.2077149879627e-17	1.0	2.2077149879627e-17	4:104055748	ABF_H3_DOMINANT	PASS	569	1.0	1.3888302201028605e-20	1.0	1.3888302201028605e-20	4:104062414	ABF_H3_DOMINANT	PASS	569	1.0	1.388824531717038e-20	1.0	1.388824531717038e-20	4:104062414	ABF_H3_DOMINANT	PASS	569	1.0	1.3887291935931587e-20	1.0	1.3887291935931587e-20	4:104062414	ABF_H3_DOMINANT	PASS	H3_DISTINCT_SIGNAL	ABF_H3_DOMINANT	H3_SUPPORTED_STABLE	STABLE_H3	MATCH		569	2.60510072807665e-08	2.60510509608056e-08	2	H3	H3	H3	H3	H3	H3	H3	False	False	False	False	False	False	H3 -> H3 -> H3 -> H3
R7B1_001287	16	MANBA	B_MEM	H3_RESCUE_FALSIFICATION	ABF_H3_DOMINANT	H3_SUPPORTED_STABLE	654	f3922913256ddc217298f22b1497b81d3623f0e65d922b7860f538c99a817069	620	c3a6ffa04ca9c5a5fabe3780cf34e9156e70f90e4e0db472c1d7c1d326622941	34	0.0519877675840978	970	a6c4786ad5ee7984207d59ff1b1a7dc7b6e358893890f5be346ed5f2d3363591	e85444716bc22acb33f035a98aad582a11a460c28595ece70f20ec088033d21c	4881763f5b002fc4c885413aea8a4d55dedb9ac578c9c43b7e1a6291ada5db31	0.9893647687613464	0.989437453663615	620	0	0	23288	24163.0	24510	0.0074320241691836	PASS	654	0.9998451794404708	7.32893662771337e-05	0.9999184688067478	7.32953421338377e-05	4:103540780	ABF_H3_DOMINANT	PASS	620	0.9998188939698373	9.480804562075184e-05	0.999913702015458	9.481622807013616e-05	4:103558951	ABF_H3_DOMINANT	PASS	620	0.9998189237772556	9.479140471491976e-05	0.9999137151819704	9.47995844798159e-05	4:103558951	ABF_H3_DOMINANT	PASS	620	0.9998193405091648	9.436146778868168e-05	0.9999137019769532	9.436961169960704e-05	4:103558951	ABF_H3_DOMINANT	PASS	620	0.99981937023936	9.434490412186788e-05	0.9999137151434818	9.43530453608489e-05	4:103558951	ABF_H3_DOMINANT	PASS	620	0.9998194013849928	9.430058671101384e-05	0.999913701971704	9.430872536806424e-05	4:103558951	ABF_H3_DOMINANT	PASS	H3_DISTINCT_SIGNAL	ABF_H3_DOMINANT	H3_SUPPORTED_STABLE	STABLE_H3	MATCH		620	7.36853747465717e-05	7.36924380159517e-05	1	H3	H3	H3	H3	H3	H3	H3	False	False	False	False	False	False	H3 -> H3 -> H3 -> H3
R7B1_001288	16	MANBA	CD4_ET	PRIMARY_184_TRIGGER_VERIFICATION	ABF_AMBIGUOUS	UNINFORMATIVE	654	f3922913256ddc217298f22b1497b81d3623f0e65d922b7860f538c99a817069	620	c3a6ffa04ca9c5a5fabe3780cf34e9156e70f90e4e0db472c1d7c1d326622941	34	0.0519877675840978	980	3dba0181719f4acee99a7984c8b9f829a80873d6b4b749a0ffbdc533b80274c2	0e78b35e3ce4155a8eb50d3b809182697ac92b48dbd21d95d9435a2249a28c0a	28dc0888b5314fb9981123c779ec92a913b23cf1a78080943d6a7e46e52ecfe3	0.9778658381765292	0.9779666225361572	620	0	0	23288	24163.0	24510	0.0074320241691836	PASS	654	0.587645608045918	0.4100256674423567	0.9976712754882748	0.410982733006605	4:103558951	ABF_AMBIGUOUS	PASS	620	0.4775149573343195	0.520355136818213	0.9978700941525324	0.5214658098959648	4:103558951	ABF_AMBIGUOUS	PASS	620	0.4775309861704206	0.5203392967845782	0.9978702829549988	0.5214498373913837	4:103558951	ABF_AMBIGUOUS	PASS	620	0.4406488846326459	0.5573853028222099	0.9980341874548556	0.5584831760559527	4:103554821	ABF_AMBIGUOUS	PASS	620	0.4406629732475697	0.5573713916029821	0.998034364850552	0.5584691381708528	4:103554821	ABF_AMBIGUOUS	PASS	620	0.4397950237763618	0.5582429642690495	0.9980379880454112	0.5593403968142835	4:103554821	ABF_AMBIGUOUS	PASS	H3_H4_AMBIGUITY_TRIGGER	ABF_AMBIGUOUS	UNINFORMATIVE	AMBIGUITY_TO_UNINFORMATIVE	NOT_COMPARABLE		620			0	AMBIGUOUS	AMBIGUOUS	AMBIGUOUS	AMBIGUOUS	AMBIGUOUS	AMBIGUOUS	UNINFORMATIVE	False	False	True	False	False	False	AMBIGUOUS -> AMBIGUOUS -> AMBIGUOUS -> UNINFORMATIVE
R7B1_001289	16	MANBA	CD4_NC	PRIMARY_184_TRIGGER_VERIFICATION	ABF_AMBIGUOUS	H4_SUPPORTED_STABLE	654	f3922913256ddc217298f22b1497b81d3623f0e65d922b7860f538c99a817069	620	c3a6ffa04ca9c5a5fabe3780cf34e9156e70f90e4e0db472c1d7c1d326622941	34	0.0519877675840978	980	95375ab486d1a1d8903168aa38a5314b471ef790f98e43b840435ae84ff982dd	368ebc76d5c9b942a9bd558d2a4581f302e48866d6aeb8f24a5c73cc1892edee	820da07d310acfc3d46277d979ee39be0fcf6f834d56effd352a8c1c5c76d317	0.8504949960913458	0.8507956467386055	620	0	0	23288	24163.0	24510	0.0074320241691836	PASS	654	0.2337124948727893	0.766287505127221	1.0000000000000104	0.766287505127213	4:103554975	ABF_AMBIGUOUS	PASS	620	0.1591681918090661	0.840831808190928	0.999999999999994	0.840831808190933	4:103554975	ABF_H4_DOMINANT	PASS	620	0.159179221030083	0.8408207789699305	1.0000000000000135	0.840820778969919	4:103554975	ABF_H4_DOMINANT	PASS	620	0.1618912594255812	0.8381087405744119	0.9999999999999932	0.8381087405744176	4:103551603	ABF_H4_DOMINANT	PASS	620	0.1619025061907664	0.8380974938092329	0.9999999999999992	0.8380974938092335	4:103551603	ABF_H4_DOMINANT	PASS	620	0.161481130887036	0.8385188691129606	0.9999999999999968	0.8385188691129634	4:103551603	ABF_H4_DOMINANT	PASS	H3_H4_AMBIGUITY_TRIGGER	ABF_AMBIGUOUS	H4_SUPPORTED_STABLE	AMBIGUITY_TO_H4	MATCH		620	0.953281481208089	0.953281481208091	2	AMBIGUOUS	H4	H4	H4	H4	H4	H4	True	False	False	False	False	False	AMBIGUOUS -> H4 -> H4 -> H4
R7B1_001292	16	MANBA	CD8_NC	PRIMARY_184_TRIGGER_VERIFICATION	ABF_AMBIGUOUS	H3_SUPPORTED_STABLE	654	f3922913256ddc217298f22b1497b81d3623f0e65d922b7860f538c99a817069	620	c3a6ffa04ca9c5a5fabe3780cf34e9156e70f90e4e0db472c1d7c1d326622941	34	0.0519877675840978	980	a2ca4bb44827c9148a5186bb4a91d4425934ddc40f930700b958052ab2f5bd8f	2074ca4ab70c335518fced7256972c37c49705b4072ee4cbff1912cc015654fb	c5144f10b1beee425cf2dbb487843d7272267a4952038ed87e97ce9056ded964	0.969813604724953	0.9699682844266264	620	0	0	23288	24163.0	24510	0.0074320241691836	PASS	654	0.7851689473928667	0.2148179706087644	0.9999869180016312	0.2148207808938697	4:103540780	ABF_AMBIGUOUS	PASS	620	0.817950983604911	0.1820320179422328	0.9999830015471438	0.1820351122575067	4:103558951	ABF_H3_DOMINANT	PASS	620	0.8179759866791374	0.1820070204123486	0.999983007091486	0.1820101132935524	4:103558951	ABF_H3_DOMINANT	PASS	620	0.8174885599255141	0.1824944512198627	0.9999830111453768	0.1824975516442367	4:103558951	ABF_H3_DOMINANT	PASS	620	0.8175135742759818	0.1824694424100806	0.9999830166860624	0.1824725413985361	4:103558951	ABF_H3_DOMINANT	PASS	620	0.8177953115819362	0.1821876931963946	0.9999830047783308	0.1821907895692494	4:103558951	ABF_H3_DOMINANT	PASS	H3_H4_AMBIGUITY_TRIGGER	ABF_AMBIGUOUS	H3_SUPPORTED_STABLE	AMBIGUITY_TO_H3	PF10_PF50_SENSITIVE		620	0.0945437790569194	0.0945682387276798	1	AMBIGUOUS	H3	H3	H3	H3	H3	H3	True	False	False	False	False	False	AMBIGUOUS -> H3 -> H3 -> H3
R7B1_001295	16	MANBA	Mono_C	H3_RESCUE_FALSIFICATION	ABF_H3_DOMINANT	UNINFORMATIVE	654	f3922913256ddc217298f22b1497b81d3623f0e65d922b7860f538c99a817069	620	c3a6ffa04ca9c5a5fabe3780cf34e9156e70f90e4e0db472c1d7c1d326622941	34	0.0519877675840978	851	d4603642faf526e928ea6d7cfb359f8864bd3da6defcaf3f64cd1991b118f9f9	f8408b578ac2bee6cf4f9fb532d6dcf251dc2bbe5b0715e24f7329bb23a102ec	001822f351dd57c9e993dd043d0a516f37e54443ae14a6428903c276c6d3825e	0.9785246375802316	0.978695158445832	620	0	0	23288	24163.0	24510	0.0074320241691836	PASS	654	0.8339262041219819	0.0332315170943823	0.8671577212163643	0.0383223446915382	4:103540780	ABF_H3_DOMINANT	PASS	620	0.8300184770778728	0.0327892702472644	0.8628077473251372	0.0380029854262635	4:103558951	ABF_H3_DOMINANT	PASS	620	0.830042075893687	0.0327823376978294	0.8628244135915164	0.0379942166464351	4:103558951	ABF_H3_DOMINANT	PASS	620	0.830059385755454	0.0327416079931691	0.8628009937486232	0.0379480415882649	4:103558951	ABF_H3_DOMINANT	PASS	620	0.83008297714264	0.032734685110751	0.8628176622533911	0.0379392849066847	4:103558951	ABF_H3_DOMINANT	PASS	620	0.8300843851255032	0.0327124814997669	0.8627968666252701	0.0379144648817722	4:103558951	ABF_H3_DOMINANT	PASS	H3_DISTINCT_SIGNAL	ABF_H3_DOMINANT	UNINFORMATIVE	H3_TO_UNINFORMATIVE	NOT_COMPARABLE		620			0	H3	H3	H3	H3	H3	H3	UNINFORMATIVE	False	False	True	False	False	False	H3 -> H3 -> H3 -> UNINFORMATIVE
R7B1_001303	16	UBE2D3	CD4_NC	PRIMARY_184_TRIGGER_VERIFICATION	ABF_AMBIGUOUS	MODEL_SENSITIVE	654	f3922913256ddc217298f22b1497b81d3623f0e65d922b7860f538c99a817069	620	c3a6ffa04ca9c5a5fabe3780cf34e9156e70f90e4e0db472c1d7c1d326622941	34	0.0519877675840978	980	d29af1196adf89450f8e7ca9ec9c2093ea9f5961f18a8c3353b14922a7215b58	368ebc76d5c9b942a9bd558d2a4581f302e48866d6aeb8f24a5c73cc1892edee	820da07d310acfc3d46277d979ee39be0fcf6f834d56effd352a8c1c5c76d317	0.5431132433184719	0.5431949804878407	620	0	0	23288	24163.0	24510	0.0074320241691836	PASS	654	0.4313035715316259	0.5686963378188947	0.9999999093505209	0.5686963893709263	4:103540780	ABF_AMBIGUOUS	PASS	620	0.3863849473092622	0.6136149711273986	0.9999999184366608	0.6136150211758887	4:103558951	ABF_AMBIGUOUS	PASS	620	0.3864063054124475	0.6135936130537385	0.999999918466186	0.6135936630823701	4:103558951	ABF_AMBIGUOUS	PASS	620	0.3877244487930318	0.6122754693616019	0.9999999181546336	0.6122755194735161	4:103558951	ABF_AMBIGUOUS	PASS	620	0.3877458217352389	0.6122540964490325	0.9999999181842716	0.6122541465410516	4:103558951	ABF_AMBIGUOUS	PASS	620	0.3879725263944223	0.6120273917079766	0.9999999181023989	0.6120274418315559	4:103558951	ABF_AMBIGUOUS	PASS	H3_H4_AMBIGUITY_TRIGGER	ABF_AMBIGUOUS	MODEL_SENSITIVE	AMBIGUITY_REMAINS_MODEL_SENSITIVE	NOT_COMPARABLE		620	0.639851017302609	0.639851088624995	1	AMBIGUOUS	AMBIGUOUS	AMBIGUOUS	AMBIGUOUS	AMBIGUOUS	AMBIGUOUS	MODEL_SENSITIVE	False	False	True	False	False	False	AMBIGUOUS -> AMBIGUOUS -> AMBIGUOUS -> MODEL_SENSITIVE
R7B1_001364	18	IL7R	CD4_NC	H3_RESCUE_FALSIFICATION	ABF_H3_DOMINANT	H3_SUPPORTED_STABLE	1147	934e36e8d10f28811000d34620fff96cf8c5c6bb5d579399f8153f2e6cbe5849	1104	189b40afe399021c19ff2c742e7e7dfe0e8c39b823a530ac38053199a5c66241	43	0.037489102005231	980	ed17eec2c26785a83a40d99250a0ab571238f4c852ce8f15a4db01ea9c6498c5	db5f33a2fffd1198238d610b004d3539c8d53cd11186981b57a74e8eb99be4d8	4540e06f2e0764f2fbda8e70ed3a442cc53ca4ab87148f916c52de57565705df	0.6942546213089015	0.6941692124464639	1103	1	0	23298	24270.0	24510	0.0033140537798068	PASS	1147	0.99989792509578	7.174538631059468e-05	0.9999696704820906	7.174756237957282e-05	5:35877505	ABF_H3_DOMINANT	PASS	1104	0.9998980816523144	7.158881508458153e-05	0.9999696704673992	7.159098640573765e-05	5:35877505	ABF_H3_DOMINANT	PASS	1104	0.9998980499429588	7.161048965838545e-05	0.9999696604326174	7.161266235558044e-05	5:35877505	ABF_H3_DOMINANT	PASS	1104	0.999914304900045	5.536507595584954e-05	0.9999696699760008	5.536675523086445e-05	5:35881376	ABF_H3_DOMINANT	PASS	1104	0.999914276774854	5.538316609276505e-05	0.9999696599409468	5.538484647227767e-05	5:35881376	ABF_H3_DOMINANT	PASS	1104	0.9999142144840512	5.545549468701754e-05	0.9999696699787382	5.5457176704366106e-05	5:35881376	ABF_H3_DOMINANT	PASS	H3_DISTINCT_SIGNAL	ABF_H3_DOMINANT	H3_SUPPORTED_STABLE	STABLE_H3	MATCH		1104	3.87579621226961e-05	3.87592020421521e-05	1	H3	H3	H3	H3	H3	H3	H3	False	False	False	False	False	False	H3 -> H3 -> H3 -> H3
R7B1_001367	18	IL7R	CD8_NC	H3_RESCUE_FALSIFICATION	ABF_H3_DOMINANT	H3_SUPPORTED_STABLE	1147	934e36e8d10f28811000d34620fff96cf8c5c6bb5d579399f8153f2e6cbe5849	1104	189b40afe399021c19ff2c742e7e7dfe0e8c39b823a530ac38053199a5c66241	43	0.037489102005231	980	5c025a30964a7da027bd05e6f605c96db261ddedcf5120b1caa8b7193d3dc626	6fc3ed30e4071d76f51d9df51357059181c88f7bfe3f1c4b4d493660558950bb	9c4948eab903d54eef3842061fb33a2738913ecbbdef825b572192f2f51aac3d	0.7496162588397919	0.7495360357698422	1103	1	0	23298	24270.0	24510	0.0033140537798068	PASS	1147	0.9351917427987988	0.0297425928146097	0.9649343356134084	0.0308234371157518	5:35881376	ABF_H3_DOMINANT	PASS	1104	0.935291068174676	0.0296340557988496	0.9649251239735256	0.0307112490519655	5:35881376	ABF_H3_DOMINANT	PASS	1104	0.935281609593665	0.0296387793747306	0.9649203889683956	0.0307162950576862	5:35881376	ABF_H3_DOMINANT	PASS	1104	0.9375234468517724	0.0273180489380507	0.9648414957898231	0.0283135095839634	5:35881376	ABF_H3_DOMINANT	PASS	1104	0.9375142941596344	0.0273224430298436	0.964836737189478	0.028318203460445	5:35881376	ABF_H3_DOMINANT	PASS	1104	0.9375537456190776	0.0272866151344234	0.964840360753501	0.0282809636125853	5:35881376	ABF_H3_DOMINANT	PASS	H3_DISTINCT_SIGNAL	ABF_H3_DOMINANT	H3_SUPPORTED_STABLE	STABLE_H3	MATCH		1104	0.0238021834642945	0.0247030852999435	1	H3	H3	H3	H3	H3	H3	H3	False	False	False	False	False	False	H3 -> H3 -> H3 -> H3
R7B1_001383	18	SPEF2	CD8_ET	H3_RESCUE_FALSIFICATION	ABF_H3_DOMINANT	H3_SUPPORTED_STABLE	1147	934e36e8d10f28811000d34620fff96cf8c5c6bb5d579399f8153f2e6cbe5849	1104	189b40afe399021c19ff2c742e7e7dfe0e8c39b823a530ac38053199a5c66241	43	0.037489102005231	980	7693e46fe9d8734dd8027057c96913c31f6b3ab6c95252f557b9f837542030f3	77713cabe69363e8be01646f1a6920c454b9f29bdaf70ea1f9303b65bcab0549	943a8aeddc82b11260fdc6615c07df623382300b4259f57ed8a179d025233369	0.9069927270672212	0.9068349195868448	1103	1	0	23298	24270.0	24510	0.0033140537798068	PASS	1147	0.9124024167049304	0.0051303287547933	0.9175327454597236	0.0055914394120318	5:35881376	ABF_H3_DOMINANT	PASS	1104	0.9123175006131188	0.0051464233504602	0.9174639239635788	0.0056094013247157	5:35881376	ABF_H3_DOMINANT	PASS	1104	0.9123087176167471	0.0051475779314012	0.9174562955481486	0.0056107064242507	5:35881376	ABF_H3_DOMINANT	PASS	1104	0.9123455551989424	0.0051158334878015	0.917461388686744	0.0055760749726202	5:35881376	ABF_H3_DOMINANT	PASS	1104	0.9123367767103469	0.0051169828948466	0.9174537596051934	0.0055773741633023	5:35881376	ABF_H3_DOMINANT	PASS	1104	0.91234510182163	0.0051163278365595	0.9174614296581894	0.0055766135459947	5:35881376	ABF_H3_DOMINANT	PASS	H3_DISTINCT_SIGNAL	ABF_H3_DOMINANT	H3_SUPPORTED_STABLE	STABLE_H3	MATCH		1104	0.0047479515982224	0.0053730814272286	1	H3	H3	H3	H3	H3	H3	H3	False	False	False	False	False	False	H3 -> H3 -> H3 -> H3
R7B1_001388	18	SPEF2	NK	H3_RESCUE_FALSIFICATION	ABF_H3_DOMINANT	H3_SUPPORTED_STABLE	1147	934e36e8d10f28811000d34620fff96cf8c5c6bb5d579399f8153f2e6cbe5849	1104	189b40afe399021c19ff2c742e7e7dfe0e8c39b823a530ac38053199a5c66241	43	0.037489102005231	980	01c9597fffdd83f86ae176b4625e444713c026cd567aa508ab3c6f3afc9ce53d	d6aacc7ebfa506eeee44dc682d77a6a393394ae096c1c18e6202125513b86385	da9c58f6394e08aa50e40ae6313de23441adfcbdaa3afe0ae790909e7596f4a3	0.970288563543358	0.9701604937282394	1103	1	0	23298	24270.0	24510	0.0033140537798068	PASS	1147	0.9529405189482684	0.0016849762265309	0.9546254951747992	0.001765065185298	5:35881376	ABF_H3_DOMINANT	PASS	1104	0.9529577929187188	0.0016588628534186	0.9546166557721374	0.0017377267025337	5:35881376	ABF_H3_DOMINANT	PASS	1104	0.952953199578186	0.0016592083341725	0.9546124079123586	0.0017380963419499	5:35881376	ABF_H3_DOMINANT	PASS	1104	0.9528381787317852	0.0017841675293385	0.954622346261124	0.0018689773357249	5:35881376	ABF_H3_DOMINANT	PASS	1104	0.9528335650178597	0.0017845349128533	0.9546180999307128	0.0018693704979854	5:35881376	ABF_H3_DOMINANT	PASS	1104	0.9528366431674304	0.0017857761461644	0.9546224193135948	0.0018706622744608	5:35881376	ABF_H3_DOMINANT	PASS	H3_DISTINCT_SIGNAL	ABF_H3_DOMINANT	H3_SUPPORTED_STABLE	STABLE_H3	MATCH		1104	0.0012406042847185	0.0013062217361565	1	H3	H3	H3	H3	H3	H3	H3	False	False	False	False	False	False	H3 -> H3 -> H3 -> H3
R7B1_001447	20	NDFIP1	CD4_NC	PRIMARY_184_TRIGGER_VERIFICATION	ABF_H4_DOMINANT	H4_SUPPORTED_STABLE	803	3e35cbb381f8a429409682b4709e714cefc79f5f5dbe7fbfcb85218479e0c71c	714	d209e464fa9cdf91d31646d4b1dde5a90ad1c9b4c0bb8a63f978226f67e81a10	89	0.1108343711083437	980	ff57e702232bfc0febbe189a9ac41f15d331b14933ab2097c91107be05664deb	358741b43cf52eaeb60b8970d5bc997e5f28b5f7251086fca8a0682df117a4d2	7a96eb1c8914e618223d6fb2483bbfe62ab54a93e9da97962bf425e143aefdeb	0.660514873116992	0.6604849136989666	712	2	0	23285	24110.5	24509	0.0032361516034979	PASS	803	0.0794509839539094	0.9104864293471836	0.989937413301093	0.919741406995652	5:141509537	ABF_H4_DOMINANT	PASS	714	0.0792853703946	0.9106507161153142	0.9899360865099144	0.919908596650794	5:141509537	ABF_H4_DOMINANT	PASS	714	0.0792842775225534	0.910651588245998	0.9899358657685516	0.9199096827742472	5:141509537	ABF_H4_DOMINANT	PASS	714	0.0790396931283729	0.9107926135043792	0.9898323066327522	0.9201484002909008	5:141509537	ABF_H4_DOMINANT	PASS	714	0.0790386076283159	0.910793479726499	0.989832087354815	0.9201494792520464	5:141509537	ABF_H4_DOMINANT	PASS	714	0.0790466020366106	0.9107852605702588	0.9898318626068692	0.920141384589874	5:141509537	ABF_H4_DOMINANT	PASS	ROBUST_H4_TRIGGER	ABF_H4_DOMINANT	H4_SUPPORTED_STABLE	STABLE_H4	PF10_PF50_SENSITIVE		714	0.955879920833153	0.956061753282782	2	H4	H4	H4	H4	H4	H4	H4	False	False	False	False	False	False	H4 -> H4 -> H4 -> H4
R7B1_001461	20	RELL2	CD4_NC	H3_RESCUE_FALSIFICATION	ABF_H3_DOMINANT	H3_SUPPORTED_STABLE	789	7f5a6dc38780f225eca02889757471652e2c4b90e0b498c582d454f9e0bb4967	702	187fe375d6b3ab8ae2270010ad003182a3911ec4ea63d290b0ab40be9e6ade6f	87	0.1102661596958174	980	b0c50e7764d45cffad5312317dbecaadcdbe3137e5f35fa20dba93ae617a3fdb	358741b43cf52eaeb60b8970d5bc997e5f28b5f7251086fca8a0682df117a4d2	7a96eb1c8914e618223d6fb2483bbfe62ab54a93e9da97962bf425e143aefdeb	0.8232184369645241	0.8233568245090873	700	2	0	23285	24115.0	24509	0.0032361516034979	PASS	789	0.8396349056985706	0.012154485841263	0.8517893915398336	0.0142693557374442	5:141509597	ABF_H3_DOMINANT	PASS	702	0.8346991145520634	0.0125325947075343	0.8472317092595978	0.014792405159725	5:141509597	ABF_H3_DOMINANT	PASS	702	0.834742358851479	0.0125278618435746	0.8472702206950536	0.0147861467777039	5:141509597	ABF_H3_DOMINANT	PASS	702	0.8334845394247687	0.0124945970997014	0.8459791365244702	0.0147693915372818	5:141528959	ABF_H3_DOMINANT	PASS	702	0.8335277014700126	0.0124898869566329	0.8460175884266457	0.014763152832154	5:141528959	ABF_H3_DOMINANT	PASS	702	0.833488872227871	0.0124942155995186	0.8459830878273896	0.0147688715995559	5:141509597	ABF_H3_DOMINANT	PASS	H3_DISTINCT_SIGNAL	ABF_H3_DOMINANT	H3_SUPPORTED_STABLE	STABLE_H3	PF50_UNINFORMATIVE		702	0.0062086842114101	0.0073058620676752	1	H3	H3	H3	H3	H3	H3	H3	False	False	False	False	False	False	H3 -> H3 -> H3 -> H3
R7B1_001543	21	RNF145	CD4_ET	H3_RESCUE_FALSIFICATION	ABF_H3_DOMINANT	H3_SUPPORTED_STABLE	994	40334a915cd5466765ef42c39cec559b4b9e80bfe2100e21018ba9246fe736a3	938	a197c47f7c4a59b401f058b6b963d37999c3b947910ae67e16626ed495e1bca1	56	0.056338028169014	980	31b6aba72121df1099cf08932e29d570aac34fb0fab2799aab5a3d6c8d8bcf66	a0f6385fd181143ede7a2c393caed98cc1907eec65142d2a1fa0a18cdbe21f1b	cf17edea97bc823ef1c4ada0cd95dccd996d8396789e43011046e8e36fc7a634	0.8431944078563897	0.8429662328942189	937	1	0	23296	24165.0	24510	0.002959595959596	PASS	994	0.9361051225930538	0.009101833254235	0.9452069558472888	0.0096294607206694	5:158759900	ABF_H3_DOMINANT	PASS	938	0.9360293263791718	0.0091140559392014	0.9451433823183732	0.0096430405266609	5:158759900	ABF_H3_DOMINANT	PASS	938	0.9359988931330728	0.0091176599671911	0.945116553100264	0.0096471275815479	5:158759900	ABF_H3_DOMINANT	PASS	938	0.940235654588962	0.004686559706388	0.94492221429535	0.0049597306905129	5:158759900	ABF_H3_DOMINANT	PASS	938	0.9402055313627998	0.0046897070371017	0.9448952383999016	0.00496320316424	5:158759900	ABF_H3_DOMINANT	PASS	938	0.940232189439833	0.0046902258256505	0.9449224152654836	0.0049636094454726	5:158759900	ABF_H3_DOMINANT	PASS	H3_DISTINCT_SIGNAL	ABF_H3_DOMINANT	H3_SUPPORTED_STABLE	STABLE_H3	MATCH		938	0.0021833020049896	0.0022738677785753	1	H3	H3	H3	H3	H3	H3	H3	False	False	False	False	False	False	H3 -> H3 -> H3 -> H3
R7B1_001544	21	RNF145	CD4_NC	H3_RESCUE_FALSIFICATION	ABF_H3_DOMINANT	H3_SUPPORTED_STABLE	994	40334a915cd5466765ef42c39cec559b4b9e80bfe2100e21018ba9246fe736a3	938	a197c47f7c4a59b401f058b6b963d37999c3b947910ae67e16626ed495e1bca1	56	0.056338028169014	980	504af584af8a5ce59b82db122faf5b8a84b0f9347307f5a2d1cce33a309a10d5	bea46df0932f447b73e1afdf433b8f0494c74f9206d8f6a15351eea979b6bcad	df96a91fdbb643c0eaac367e64bf8b02a779de3df14c20158179bb7c91934a90	0.6202256126932456	0.6200731898120538	937	1	0	23296	24165.0	24510	0.002959595959596	PASS	994	0.99752846533485	0.0024462322811804	0.9999746976160304	0.002446294178255	5:158709277	ABF_H3_DOMINANT	PASS	938	0.9975225490509604	0.0024520882209018	0.9999746372718624	0.0024521504141261	5:158709277	ABF_H3_DOMINANT	PASS	938	0.9975222208629748	0.0024524162793934	0.9999746371423682	0.002452478481256	5:158709277	ABF_H3_DOMINANT	PASS	938	0.9999342166561536	6.55604528824043e-05	0.999999777109036	6.556046749524009e-05	5:158709277	ABF_H3_DOMINANT	PASS	938	0.9999342059064203	6.557106445583886e-05	0.9999997769708764	6.557107908009917e-05	5:158709277	ABF_H3_DOMINANT	PASS	938	0.9999328356672448	6.693963571423466e-05	0.999999775302959	6.693965075537612e-05	5:158709277	ABF_H3_DOMINANT	PASS	H3_DISTINCT_SIGNAL	ABF_H3_DOMINANT	H3_SUPPORTED_STABLE	STABLE_H3	MATCH		938	1.09363766551287e-05	1.09363874484288e-05	1	H3	H3	H3	H3	H3	H3	H3	False	False	False	False	False	False	H3 -> H3 -> H3 -> H3
R7B1_001547	21	RNF145	CD8_NC	H3_RESCUE_FALSIFICATION	ABF_H3_DOMINANT	H3_SUPPORTED_STABLE	994	40334a915cd5466765ef42c39cec559b4b9e80bfe2100e21018ba9246fe736a3	938	a197c47f7c4a59b401f058b6b963d37999c3b947910ae67e16626ed495e1bca1	56	0.056338028169014	980	682a1df67ac15f772a7840fb488e87d34753ae4bef532f0e73efde2e6d047f13	1851ad55539141bc7e27c3c115e43f50c7960192f14c60038893f53acf252a78	de37775ca86379f0fe23a081fc5208e42fd4b87009a93112eaea1e3b95780fda	0.8006149635140879	0.8003950807895417	937	1	0	23296	24165.0	24510	0.002959595959596	PASS	994	0.9479794273382112	0.0056881440198188	0.9536675713580302	0.0059644934887729	5:158759900	ABF_H3_DOMINANT	PASS	938	0.9479642837131148	0.0056855419029431	0.9536498256160582	0.0059618758901049	5:158759900	ABF_H3_DOMINANT	PASS	938	0.9479360786656192	0.0056880234024901	0.9536241020681092	0.0059646388867003	5:158759900	ABF_H3_DOMINANT	PASS	938	0.951365723685902	0.0021431134461693	0.9535088371320712	0.0022476073243487	5:158759900	ABF_H3_DOMINANT	PASS	938	0.9513382661189056	0.0021447137503723	0.9534829798692778	0.0022493466539553	5:158759900	ABF_H3_DOMINANT	PASS	938	0.9513615671351264	0.0021474711024565	0.9535090382375828	0.0022521769761362	5:158759900	ABF_H3_DOMINANT	PASS	H3_DISTINCT_SIGNAL	ABF_H3_DOMINANT	H3_SUPPORTED_STABLE	STABLE_H3	PF50_UNINFORMATIVE		938	0.0008048345811787	0.0008290090747276	1	H3	H3	H3	H3	H3	H3	H3	False	False	False	False	False	False	H3 -> H3 -> H3 -> H3
R7B1_001615	23	HEBP2	CD4_NC	H3_RESCUE_FALSIFICATION	ABF_H3_DOMINANT	UNINFORMATIVE	847	6dd0f5f75e19c66e24406a8c3694cbb44d63b4673899543655abadf53aa3c1d7	753	77c69488ee25509443a36033e4dc61324353019703fd47a00688b86df23ed25d	94	0.1109799291617473	980	9d2fcdfd213ee3446bb1ddc02fcaf623fe19e1e725668075ef2a64b9ec0dd1b2	61f13ed3cbcd270c6d0b13ccd0016378c91bd7cacf6f0fd61c669f51ffcee022	56d79b820df6c5788bea16e4bdf2777a5be9c736ab97644465f278f5b878ff37	0.7484889800252238	0.74875797523879	752	1	0	23288	24221.0	24510	0.0034143288735437	PASS	847	0.90633919399936	0.0266603310184172	0.9329995250177772	0.0285748602261178	6:137973068	ABF_H3_DOMINANT	PASS	753	0.9048849835076638	0.0270439985976293	0.9319289821052932	0.0290193771380895	6:137973068	ABF_H3_DOMINANT	PASS	753	0.9049785636446568	0.0270154457213498	0.9319940093660066	0.0289867160623996	6:137973068	ABF_H3_DOMINANT	PASS	753	0.9050115011859632	0.0269643148466794	0.9319758160326426	0.0289324190422286	6:137973068	ABF_H3_DOMINANT	PASS	753	0.9051050237299808	0.0269358356011785	0.9320408593311592	0.0288998441769043	6:137973068	ABF_H3_DOMINANT	PASS	753	0.9050110791267696	0.0269647530598322	0.9319758321866018	0.0289328887387214	6:137973068	ABF_H3_DOMINANT	PASS	H3_DISTINCT_SIGNAL	ABF_H3_DOMINANT	UNINFORMATIVE	H3_TO_UNINFORMATIVE	NOT_COMPARABLE		753			0	H3	H3	H3	H3	H3	H3	UNINFORMATIVE	False	False	True	False	False	False	H3 -> H3 -> H3 -> UNINFORMATIVE
R7B1_001623	23	HEBP2	NK	H3_RESCUE_FALSIFICATION	ABF_H3_DOMINANT	H3_SUPPORTED_STABLE	847	6dd0f5f75e19c66e24406a8c3694cbb44d63b4673899543655abadf53aa3c1d7	753	77c69488ee25509443a36033e4dc61324353019703fd47a00688b86df23ed25d	94	0.1109799291617473	980	507508633c4b53450b8f43f906c0ed317d6e15d243521ef361b8de63be054419	519127da6337df6e959cfcd90d53d3d6aed6bfa356c0092bf02d131be8c73124	625cf9c5904e5b294c9c2d2176d054455188de4589cbe3a4a5033dc8b6ada3e8	0.9751966332919448	0.9756437559288884	752	1	0	23288	24221.0	24510	0.0034143288735437	PASS	847	0.7992238920329504	0.0112790899074385	0.810502981940389	0.0139161609010194	6:137973068	ABF_H3_DOMINANT	PASS	753	0.7913702775202994	0.0117277569873078	0.8030980345076073	0.0146031449255113	6:137973068	ABF_H3_DOMINANT	PASS	753	0.7915594492118679	0.0117133379849919	0.8032727871968598	0.0145820176802793	6:137973068	ABF_H3_DOMINANT	PASS	753	0.7913957214445121	0.011753201091558	0.8031489225360701	0.0146339000922088	6:137973068	ABF_H3_DOMINANT	PASS	753	0.7915849226993361	0.0117387531587682	0.8033236758581044	0.0146127314699507	6:137973068	ABF_H3_DOMINANT	PASS	753	0.7913957915002676	0.011753097857739	0.8031488893580067	0.0146337721603945	6:137973068	ABF_H3_DOMINANT	PASS	H3_DISTINCT_SIGNAL	ABF_H3_DOMINANT	H3_SUPPORTED_STABLE	STABLE_H3	MATCH		753	0.0040187083863786	0.0045363930041632	1	H3	H3	H3	H3	H3	H3	H3	False	False	False	False	False	False	H3 -> H3 -> H3 -> H3
R7B1_001641	23	PERP	CD4_ET	H3_RESCUE_FALSIFICATION	ABF_H3_DOMINANT	H3_SUPPORTED_STABLE	973	9d84ed25256fcfaa322f165114600bb03e73b5b34f495f7a791763589197c924	868	8045f48a96f57da805b8d8b7c37873d6ed898be9f52bd8b6f0a18bdca3f1134e	105	0.1079136690647482	980	ec76406a5c2db051e43e4ce1804729a2bc287dbc50521e141fc0732859fc847c	e548c0f9e98d9fd230b08e66a99355e589b2d0cdd09dbd8e2dc57400bbc3828c	66224798cc18a30cb99884705f9e89ff0fc2f18ab605bbfb0c7277297be2c152	0.9005643777269914	0.9009024978035444	867	1	0	23286	24217.0	24510	0.0034143288735437	PASS	973	0.9976524595471242	9.845365905388325e-05	0.997750913206178	9.867558901801626e-05	6:137973068	ABF_H3_DOMINANT	PASS	868	0.997646036165906	9.87231410698025e-05	0.9977447593069758	9.894628876665276e-05	6:137973068	ABF_H3_DOMINANT	PASS	868	0.9976472767886656	9.864139111397564e-05	0.9977459181797796	9.886423919822229e-05	6:137973068	ABF_H3_DOMINANT	PASS	868	0.9977040025601136	9.852276327593888e-05	0.9978025253233896	9.873974135714628e-05	6:137973068	ABF_H3_DOMINANT	PASS	868	0.9977052436406996	9.844062670843793e-05	0.997803684267408	9.86573093090085e-05	6:137973068	ABF_H3_DOMINANT	PASS	868	0.997703988479093	9.852091103524064e-05	0.9978025093901284	9.873788661391332e-05	6:137973068	ABF_H3_DOMINANT	PASS	H3_DISTINCT_SIGNAL	ABF_H3_DOMINANT	H3_SUPPORTED_STABLE	STABLE_H3	MATCH		868	6.16473510224906e-05	6.18096665917945e-05	1	H3	H3	H3	H3	H3	H3	H3	False	False	False	False	False	False	H3 -> H3 -> H3 -> H3
R7B1_001642	23	PERP	CD4_NC	H3_RESCUE_FALSIFICATION	ABF_H3_DOMINANT	H3_SUPPORTED_STABLE	973	9d84ed25256fcfaa322f165114600bb03e73b5b34f495f7a791763589197c924	868	8045f48a96f57da805b8d8b7c37873d6ed898be9f52bd8b6f0a18bdca3f1134e	105	0.1079136690647482	980	0081d3153bb21b1c4bd782c1eb2bd1ff496715298182a58c34483b00b6dad4ce	61f13ed3cbcd270c6d0b13ccd0016378c91bd7cacf6f0fd61c669f51ffcee022	56d79b820df6c5788bea16e4bdf2777a5be9c736ab97644465f278f5b878ff37	0.7555394076794034	0.7556705818906896	867	1	0	23286	24217.0	24510	0.0034143288735437	PASS	973	0.99994478129856	6.737367618698774e-07	0.9999454550353218	6.737735128223353e-07	6:138443794	ABF_H3_DOMINANT	PASS	868	0.9999396166076524	7.366576456604863e-07	0.999940353265298	7.367015875046308e-07	6:138443794	ABF_H3_DOMINANT	PASS	868	0.9999396166302676	7.36656375044066e-07	0.9999403532866424	7.367003167966923e-07	6:138443794	ABF_H3_DOMINANT	PASS	868	0.9999982273566604	2.5162680732268763e-08	0.999998252519341	2.516272470364351e-08	6:138443794	ABF_H3_DOMINANT	PASS	868	0.9999982273791738	2.5161513006223043e-08	0.9999982525406867	2.5161556975020113e-08	6:138443794	ABF_H3_DOMINANT	PASS	868	0.9999982111708312	2.5382690015517955e-08	0.9999982365535212	2.5382734776612224e-08	6:138443794	ABF_H3_DOMINANT	PASS	H3_DISTINCT_SIGNAL	ABF_H3_DOMINANT	H3_SUPPORTED_STABLE	STABLE_H3	MATCH		868	2.54318068191481e-08	2.54318438125612e-08	1	H3	H3	H3	H3	H3	H3	H3	False	False	False	False	False	False	H3 -> H3 -> H3 -> H3
R7B1_001688	24	CCR6	B_IN	PRIMARY_184_TRIGGER_VERIFICATION	ABF_H4_DOMINANT	H4_SUPPORTED_STABLE	1050	db7c8cd7a84d648bf54d19deb1e82c23b0d8d084f228d6d9cfcbeb24fcbf67e5	979	cbb924e686ea80329a922fc2b7838fa13ab6030e7a90d7253b68dec357532899	71	0.0676190476190476	975	93c253fcf7beadcf91e2a2bf79b08d8ff80cd04a82a934f05a096090bcc727a3	b893727018c2e18aac88085c5a8fba9031ea889cf6af9cdc6162aac2ca8da5dc	6d12b7bb8962976a80268b30f66ab0781ecdc888628538647e004ff9c0a37b24	0.8056857937937815	0.8053945967156333	978	1	0	23289	24207.0	24510	0.0014235142673242	PASS	1050	0.0068883156895616	0.9904519109721864	0.9973402266617484	0.9930933140914028	6:167538897	ABF_H4_DOMINANT	PASS	979	0.0067327961460264	0.990621312089732	0.9973541082357584	0.9932493423444796	6:167538897	ABF_H4_DOMINANT	PASS	979	0.0067328611643498	0.9906209937628304	0.9973538549271804	0.9932492754391156	6:167538897	ABF_H4_DOMINANT	PASS	979	0.0060167647893484	0.9925793487895118	0.9985961135788602	0.9939747764811692	6:167538897	ABF_H4_DOMINANT	PASS	979	0.0060168610755332	0.9925790457376552	0.9985959068131884	0.9939746788120384	6:167538897	ABF_H4_DOMINANT	PASS	979	0.0060182451963644	0.9925792358279772	0.9985974810243416	0.9939733022456746	6:167538897	ABF_H4_DOMINANT	PASS	ROBUST_H4_TRIGGER	ABF_H4_DOMINANT	H4_SUPPORTED_STABLE	STABLE_H4	MATCH		979	0.993850417189071	0.994359310723882	1	H4	H4	H4	H4	H4	H4	H4	False	False	False	False	False	False	H4 -> H4 -> H4 -> H4
R7B1_001689	24	CCR6	B_MEM	PRIMARY_184_TRIGGER_VERIFICATION	ABF_H4_DOMINANT	H4_SUPPORTED_STABLE	1050	db7c8cd7a84d648bf54d19deb1e82c23b0d8d084f228d6d9cfcbeb24fcbf67e5	979	cbb924e686ea80329a922fc2b7838fa13ab6030e7a90d7253b68dec357532899	71	0.0676190476190476	970	8ad3439d10b3d37137f997e7f96be989b8990a7a7202b28b9f69c1e0137d0465	ea13533c2c9cd7611a050f8b42811641679aa1953da111279807d9e01629c3ae	f70662e9e7f6c006ec36652b1d2f978884ffb12fed32ec9f065a8f2c099ffb10	0.8975786843017782	0.8973029552855583	978	1	0	23289	24207.0	24510	0.0014235142673242	PASS	1050	0.0130847345077979	0.9831428931461844	0.9962276276539824	0.9868657180903412	6:167532793	ABF_H4_DOMINANT	PASS	979	0.0124054142250321	0.9839334425107276	0.9963388567357598	0.9875490008834192	6:167532793	ABF_H4_DOMINANT	PASS	979	0.0124058225938082	0.9839328381532536	0.9963386607470618	0.9875485885647494	6:167532793	ABF_H4_DOMINANT	PASS	979	0.0117355571335218	0.9865027868839676	0.9982383440174896	0.9882437323672708	6:167538897	ABF_H4_DOMINANT	PASS	979	0.0117359593286521	0.9865022572975134	0.9982382166261656	0.9882433279620196	6:167538897	ABF_H4_DOMINANT	PASS	979	0.0117387187434947	0.9865020522095882	0.998240770953083	0.9882405937674864	6:167538897	ABF_H4_DOMINANT	PASS	ROBUST_H4_TRIGGER	ABF_H4_DOMINANT	H4_SUPPORTED_STABLE	STABLE_H4	MATCH		979	0.987807065554768	0.988551626122392	1	H4	H4	H4	H4	H4	H4	H4	False	False	False	False	False	False	H4 -> H4 -> H4 -> H4
R7B1_001712	24	RNASET2	CD4_ET	H3_RESCUE_FALSIFICATION	ABF_H3_DOMINANT	H3_SUPPORTED_STABLE	1050	db7c8cd7a84d648bf54d19deb1e82c23b0d8d084f228d6d9cfcbeb24fcbf67e5	979	cbb924e686ea80329a922fc2b7838fa13ab6030e7a90d7253b68dec357532899	71	0.0676190476190476	980	8657267e7be4affb8a9b09c712608397a06cfd494879a37e1429c50534570354	4004c5fba379d437285b8c0a84e544ccef95eeb8e217cc5a6d65ae39461ca000	fcf3d5e0896da33c7299a1318246107eda6f2fa769876cc246b212ffba16f058	0.8092526784226709	0.8111740684886228	978	1	0	23289	24207.0	24510	0.0014235142673242	PASS	1050	0.786760294679926	0.0181011273047359	0.8048614219846619	0.0224897439612664	6:167392174	ABF_H3_DOMINANT	PASS	979	0.7843011357201687	0.017672738439375	0.8019738741595437	0.0220365513251859	6:167392174	ABF_H3_DOMINANT	PASS	979	0.7843012758105444	0.0176725630230269	0.8019738388335713	0.0220363335651082	6:167392174	ABF_H3_DOMINANT	PASS	979	0.888854164017193	0.0047155263582742	0.8935696903754673	0.0052771780523272	6:167387404	ABF_H3_DOMINANT	PASS	979	0.8888542378686155	0.0047154436739377	0.8935696815425532	0.0052770855718801	6:167387404	ABF_H3_DOMINANT	PASS	979	0.8890361855215784	0.004708553268218	0.8937447387897964	0.0052683423620415	6:167387404	ABF_H3_DOMINANT	PASS	H3_DISTINCT_SIGNAL	ABF_H3_DOMINANT	H3_SUPPORTED_STABLE	STABLE_H3	MATCH		979	0.0052126086766795	0.0054027110294464	1	H3	H3	H3	H3	H3	H3	H3	False	False	False	False	False	False	H3 -> H3 -> H3 -> H3
R7B1_001713	24	RNASET2	CD4_NC	H3_RESCUE_FALSIFICATION	ABF_H3_DOMINANT	H3_SUPPORTED_STABLE	1050	db7c8cd7a84d648bf54d19deb1e82c23b0d8d084f228d6d9cfcbeb24fcbf67e5	979	cbb924e686ea80329a922fc2b7838fa13ab6030e7a90d7253b68dec357532899	71	0.0676190476190476	980	c75a82ad5764cf86a3e3c74de0060863ee8572137093117203a819f1113670be	36919f8d27face285cce8b1597fd589af543807955850f8dc647c71e72ecc7ae	9d8730fba7bf565cdcf7ce5880b7f44ce49242115f27a93ecf0db59ceb767a10	0.599412346085292	0.6069730399010006	978	1	0	23289	24207.0	24510	0.0014235142673242	PASS	1050	0.7843734845135638	0.0210791809662963	0.8054526654798602	0.0261706017866837	6:167374353	ABF_H3_DOMINANT	PASS	979	0.7825565832808795	0.0198572068609745	0.8024137901418541	0.024746841473729	6:167376812	ABF_H3_DOMINANT	PASS	979	0.7825538116935404	0.0198606773471008	0.8024144890406413	0.0247511449735236	6:167376812	ABF_H3_DOMINANT	PASS	979	0.8879343371178218	0.0057453683090279	0.8936797054268497	0.006428889762338	6:167376812	ABF_H3_DOMINANT	PASS	979	0.8879328739238002	0.0057470065070385	0.8936798804308387	0.0064307215960461	6:167376812	ABF_H3_DOMINANT	PASS	979	0.8881177963169039	0.0057365824815895	0.8938543787984934	0.006417804306447	6:167376812	ABF_H3_DOMINANT	PASS	H3_DISTINCT_SIGNAL	ABF_H3_DOMINANT	H3_SUPPORTED_STABLE	STABLE_H3	MATCH		979	0.0058483616579508	0.0060615086058385	1	H3	H3	H3	H3	H3	H3	H3	False	False	False	False	False	False	H3 -> H3 -> H3 -> H3
R7B1_001714	24	RNASET2	CD4_SOX4	H3_RESCUE_FALSIFICATION	ABF_H3_DOMINANT	H3_SUPPORTED_STABLE	1050	db7c8cd7a84d648bf54d19deb1e82c23b0d8d084f228d6d9cfcbeb24fcbf67e5	979	cbb924e686ea80329a922fc2b7838fa13ab6030e7a90d7253b68dec357532899	71	0.0676190476190476	295	7f8e3651fcc23ef7dbdcf4d0407905fdf7f4d21856dc65743eb1b2dfe17ddd8d	22de40f6f024e11bae95db6ac8b51aed233b82b2a695cd7117032ce93799a6af	e37d87251a0823061db3a849dfcf8cec32506c50fa91a32ab3eadc3b2b4f71af	0.9687112173187518	0.9705468218798816	978	1	0	23289	24207.0	24510	0.0014235142673242	PASS	1050	0.7835665190586121	0.0220860252544114	0.8056525443130236	0.0274138341774171	6:167372764	ABF_H3_DOMINANT	PASS	979	0.782703364283811	0.0196733931861817	0.8023767574699928	0.0245188971428019	6:167376812	ABF_H3_DOMINANT	PASS	979	0.7827045736632675	0.0196718791678469	0.8023764528311144	0.0245170195342054	6:167376812	ABF_H3_DOMINANT	PASS	979	0.8880042277532049	0.0056670986234141	0.8936713263766191	0.0063413678565601	6:167376812	ABF_H3_DOMINANT	PASS	979	0.8880049258449421	0.00566631736668	0.8936712432116221	0.0063404942362437	6:167376812	ABF_H3_DOMINANT	PASS	979	0.8881875488866204	0.0056584827994249	0.8938460316860454	0.0063304893671133	6:167376812	ABF_H3_DOMINANT	PASS	H3_DISTINCT_SIGNAL	ABF_H3_DOMINANT	H3_SUPPORTED_STABLE	STABLE_H3	MATCH		979	0.0064118997442989	0.0066454482187784	1	H3	H3	H3	H3	H3	H3	H3	False	False	False	False	False	False	H3 -> H3 -> H3 -> H3
R7B1_001715	24	RNASET2	CD8_ET	H3_RESCUE_FALSIFICATION	ABF_H3_DOMINANT	H3_SUPPORTED_STABLE	1050	db7c8cd7a84d648bf54d19deb1e82c23b0d8d084f228d6d9cfcbeb24fcbf67e5	979	cbb924e686ea80329a922fc2b7838fa13ab6030e7a90d7253b68dec357532899	71	0.0676190476190476	980	e39617a7f942784a4dbf808d0f9fa64b2a562352679ce83c4478d59028a39b5c	3c64d91353ccb11aabd64740f89513dedb8b6b322fbb213d88a0d0f707e71414	fd5eba236a19b0aa2f48afb44975c76d76f8bc0dc019182cd0c8edf5425d9735	0.7985085488205065	0.7992981519828154	978	1	0	23289	24207.0	24510	0.0014235142673242	PASS	1050	0.7848771576767	0.0204507414997849	0.805327899176485	0.0253943040104503	6:167374353	ABF_H3_DOMINANT	PASS	979	0.7832873336292466	0.0189421864671297	0.8022295200963764	0.0236119289961483	6:167376812	ABF_H3_DOMINANT	PASS	979	0.7832873395089043	0.0189421791048198	0.8022295186137242	0.0236119198624758	6:167376812	ABF_H3_DOMINANT	PASS	979	0.8883199032948844	0.0053136868435393	0.8936335901384238	0.0059461583608515	6:167376812	ABF_H3_DOMINANT	PASS	979	0.8883199064049812	0.0053136833614565	0.8936335897664377	0.0059461544667824	6:167376812	ABF_H3_DOMINANT	PASS	979	0.8885027602477108	0.0053056604226657	0.8938084206703766	0.0059360152578181	6:167376812	ABF_H3_DOMINANT	PASS	H3_DISTINCT_SIGNAL	ABF_H3_DOMINANT	H3_SUPPORTED_STABLE	STABLE_H3	MATCH		979	0.0199430190762459	0.0378707093921831	2	H3	H3	H3	H3	H3	H3	H3	False	False	False	False	False	False	H3 -> H3 -> H3 -> H3
R7B1_001716	24	RNASET2	CD8_NC	H3_RESCUE_FALSIFICATION	ABF_H3_DOMINANT	H3_SUPPORTED_STABLE	1050	db7c8cd7a84d648bf54d19deb1e82c23b0d8d084f228d6d9cfcbeb24fcbf67e5	979	cbb924e686ea80329a922fc2b7838fa13ab6030e7a90d7253b68dec357532899	71	0.0676190476190476	980	52ce3446beedf0cc3a05a3ebd74494188c583d6bb18b38825178042a4937d3de	e54d012c0721a6bbeb21ec42bb640e0ed65f45ff49f9d5405fe180974a63b492	ff0ad86fb1ef6c8cb8d45e822076a39adabdf78b2e545f2966223ad3181458f5	0.8050357456349203	0.8086011885016698	978	1	0	23289	24207.0	24510	0.0014235142673242	PASS	1050	0.7846500896898263	0.0207340571397434	0.8053841468295698	0.0257443075101043	6:167374353	ABF_H3_DOMINANT	PASS	979	0.7828716475014859	0.0194626943056839	0.8023343418071698	0.0242575860106478	6:167376812	ABF_H3_DOMINANT	PASS	979	0.782871256313098	0.0194631841382749	0.8023344404513729	0.0242581935375046	6:167376812	ABF_H3_DOMINANT	PASS	979	0.8881005610679882	0.0055592632959739	0.8936598243639621	0.0062207823876725	6:167376812	ABF_H3_DOMINANT	PASS	979	0.8881003546903553	0.0055594943572393	0.8936598490475947	0.0062210407720167	6:167376812	ABF_H3_DOMINANT	PASS	979	0.888283760882296	0.0055508045774525	0.8938345654597485	0.0062101028444759	6:167376812	ABF_H3_DOMINANT	PASS	H3_DISTINCT_SIGNAL	ABF_H3_DOMINANT	H3_SUPPORTED_STABLE	STABLE_H3	MATCH		979	0.005863557612019	0.0060772550031733	1	H3	H3	H3	H3	H3	H3	H3	False	False	False	False	False	False	H3 -> H3 -> H3 -> H3
R7B1_001717	24	RNASET2	CD8_S100B	H3_RESCUE_FALSIFICATION	ABF_H3_DOMINANT	H3_SUPPORTED_STABLE	1050	db7c8cd7a84d648bf54d19deb1e82c23b0d8d084f228d6d9cfcbeb24fcbf67e5	979	cbb924e686ea80329a922fc2b7838fa13ab6030e7a90d7253b68dec357532899	71	0.0676190476190476	959	15d2b32d4d2a4b760e5ebff2c2c3b9dd033ab0bcd1b00fe09e0106528d524aea	23d2d1ebc6a43a19ceaa7ea9d3d6fba5c87c89bec3cb4a5c95f10041fbd838ab	478add278287e8ce21d2b5504fcd5422a00b102a1b0a6d2eadda61a38aa0d6a6	0.9388802007638524	0.939212766096259	978	1	0	23289	24207.0	24510	0.0014235142673242	PASS	1050	0.7546739527444498	0.0581356677279277	0.8128096204723776	0.07152433517475	6:167413539	ABF_H3_DOMINANT	PASS	979	0.751517894103953	0.0587227833994045	0.8102406775033575	0.0724757285456841	6:167413539	ABF_H3_DOMINANT	PASS	979	0.7515172374674687	0.0587236056169744	0.8102408430844431	0.0724767285162077	6:167413539	ABF_H3_DOMINANT	PASS	979	0.8738810093581296	0.0214795314265661	0.8953605407846957	0.0239898124254408	6:167413539	ABF_H3_DOMINANT	PASS	979	0.8738807443618589	0.0214798281174703	0.8953605724793292	0.0239901429409504	6:167413539	ABF_H3_DOMINANT	PASS	979	0.8740847207480467	0.0214449679506475	0.8955296886986942	0.0239466856557368	6:167413539	ABF_H3_DOMINANT	PASS	H3_DISTINCT_SIGNAL	ABF_H3_DOMINANT	H3_SUPPORTED_STABLE	STABLE_H3	MATCH		979	0.0270226311079288	0.0279857845740801	1	H3	H3	H3	H3	H3	H3	H3	False	False	False	False	False	False	H3 -> H3 -> H3 -> H3
R7B1_001718	24	RNASET2	DC	H3_RESCUE_FALSIFICATION	ABF_H3_DOMINANT	H3_SUPPORTED_STABLE	1050	db7c8cd7a84d648bf54d19deb1e82c23b0d8d084f228d6d9cfcbeb24fcbf67e5	979	cbb924e686ea80329a922fc2b7838fa13ab6030e7a90d7253b68dec357532899	71	0.0676190476190476	726	acd8e8064abb0f6bf246d035c3deb6557dcc460c825e3a30bedcd903374f272a	4dfea2bcd8bd9d0d209cf64c97cde8a875ec15f174c8db657d53223d98956ab7	5f2c3058db31ef580037824078dce57e292fff1825cd91f4534bdb715a4e6989	0.7011065815292751	0.7017019819904872	978	1	0	23289	24207.0	24510	0.0014235142673242	PASS	1050	0.7805901292792772	0.0257997218193763	0.8063898510986535	0.0319941053129895	6:167431829	ABF_H3_DOMINANT	PASS	979	0.7793579421809256	0.0238624349694303	0.803220377150356	0.0297084531820381	6:167431829	ABF_H3_DOMINANT	PASS	979	0.7793578070711591	0.0238626041492441	0.8032204112204032	0.029708662548786	6:167431829	ABF_H3_DOMINANT	PASS	979	0.886059248074492	0.0078447256501625	0.8939039737246545	0.0087758035323141	6:167431829	ABF_H3_DOMINANT	PASS	979	0.8860590964279177	0.0078448954343088	0.8939039918622266	0.0087759932898006	6:167431829	ABF_H3_DOMINANT	PASS	979	0.886245017649664	0.0078329389781066	0.8940779566277707	0.0087609127593867	6:167431829	ABF_H3_DOMINANT	PASS	H3_DISTINCT_SIGNAL	ABF_H3_DOMINANT	H3_SUPPORTED_STABLE	STABLE_H3	MATCH		979	0.0091079141303436	0.0094387306194288	1	H3	H3	H3	H3	H3	H3	H3	False	False	False	False	False	False	H3 -> H3 -> H3 -> H3
R7B1_001720	24	RNASET2	Mono_NC	PRIMARY_184_TRIGGER_VERIFICATION	ABF_AMBIGUOUS	H3_SUPPORTED_STABLE	1050	db7c8cd7a84d648bf54d19deb1e82c23b0d8d084f228d6d9cfcbeb24fcbf67e5	979	cbb924e686ea80329a922fc2b7838fa13ab6030e7a90d7253b68dec357532899	71	0.0676190476190476	690	45c34aff7d57a1c9a3c0c0faae8554c05ec82bf60d17bbec608361581b684ca6	024c5c264d71739b64415ee6851594d6b9f79673762d2c190059d01a451ce334	744f413d172be272d1f40ba6f5db4bdf95e55e18e9336e12fa5e073dd6afcdfc	0.7806403506238119	0.7807627695469955	978	1	0	23289	24207.0	24510	0.0014235142673242	PASS	1050	0.595072582161992	0.2571933608379225	0.8522659429999144	0.3017759455840984	6:167511800	ABF_AMBIGUOUS	PASS	979	0.6339258632171126	0.2058695339899541	0.8397953972070669	0.2451424890808174	6:167512073	ABF_AMBIGUOUS	PASS	979	0.6339236384931884	0.2058723573853577	0.8397959958785463	0.2451456763258152	6:167512073	ABF_AMBIGUOUS	PASS	979	0.8106932643711615	0.0921128257723146	0.902806090143476	0.1020294687618642	6:167512073	ABF_H3_DOMINANT	PASS	979	0.8106929180030978	0.0921132562912509	0.9028061742943488	0.1020299361191769	6:167512073	ABF_H3_DOMINANT	PASS	979	0.8109647113497469	0.0919884518261627	0.9029531631759096	0.1018751088955894	6:167512073	ABF_H3_DOMINANT	PASS	H3_H4_AMBIGUITY_TRIGGER	ABF_AMBIGUOUS	H3_SUPPORTED_STABLE	AMBIGUITY_TO_H3	MATCH		979	0.134686722373528	0.13896750586714	1	AMBIGUOUS	AMBIGUOUS	AMBIGUOUS	H3	H3	H3	H3	False	True	False	False	False	False	AMBIGUOUS -> AMBIGUOUS -> H3 -> H3
R7B1_001721	24	RNASET2	NK	H3_RESCUE_FALSIFICATION	ABF_H3_DOMINANT	H3_SUPPORTED_STABLE	1050	db7c8cd7a84d648bf54d19deb1e82c23b0d8d084f228d6d9cfcbeb24fcbf67e5	979	cbb924e686ea80329a922fc2b7838fa13ab6030e7a90d7253b68dec357532899	71	0.0676190476190476	980	665f374aedb1f64a2fa2134bae5a9ce9ea70963a169f8472fd2e06a1b2691be3	c2768e7120968601b1716d16c3a7b572a4d8b5881e671337847830dec3bbe05e	bac966bb1af5ef1848a9ab6c1a6d6d6f1799c26ffb18972b1c6c486374b34299	0.8546215050009234	0.8556695096938423	978	1	0	23289	24207.0	24510	0.0014235142673242	PASS	1050	0.7857293669876179	0.0193874290107535	0.8051167959983714	0.024080268983474	6:167374353	ABF_H3_DOMINANT	PASS	979	0.7836241175741226	0.0185204772218676	0.8021445947959903	0.0230887016406038	6:167392174	ABF_H3_DOMINANT	PASS	979	0.7836241654746463	0.0185204172424818	0.8021445827171281	0.0230886272144942	6:167392174	ABF_H3_DOMINANT	PASS	979	0.8884961892917459	0.0051163163219413	0.8936125056136872	0.0057254305303479	6:167376812	ABF_H3_DOMINANT	PASS	979	0.8884962148722442	0.0051162876819146	0.8936125025541588	0.0057253985002348	6:167376812	ABF_H3_DOMINANT	PASS	979	0.8886787745784762	0.005108632982585	0.8937874075610612	0.0057157137585158	6:167376812	ABF_H3_DOMINANT	PASS	H3_DISTINCT_SIGNAL	ABF_H3_DOMINANT	H3_SUPPORTED_STABLE	STABLE_H3	MATCH		979	0.0055138208522654	0.0057148452834364	1	H3	H3	H3	H3	H3	H3	H3	False	False	False	False	False	False	H3 -> H3 -> H3 -> H3
R7B1_001727	24	RPS6KA2	CD4_NC	H3_RESCUE_FALSIFICATION	ABF_H3_DOMINANT	H3_SUPPORTED_STABLE	1050	db7c8cd7a84d648bf54d19deb1e82c23b0d8d084f228d6d9cfcbeb24fcbf67e5	979	cbb924e686ea80329a922fc2b7838fa13ab6030e7a90d7253b68dec357532899	71	0.0676190476190476	980	4ea535af9ffd280e711a6ef25e1171c8b4c7542df7577ca01fc1c80bba0a8ee2	36919f8d27face285cce8b1597fd589af543807955850f8dc647c71e72ecc7ae	9d8730fba7bf565cdcf7ce5880b7f44ce49242115f27a93ecf0db59ceb767a10	0.9929574069787566	0.9926961438272968	978	1	0	23289	24207.0	24510	0.0014235142673242	PASS	1050	0.7970411413361701	0.0052720292084707	0.8023131705446409	0.0065710366001993	6:167271245	ABF_H3_DOMINANT	PASS	979	0.7940955225027275	0.0054068868602993	0.799502409363027	0.0067628149671332	6:167271245	ABF_UNINFORMATIVE_OR_NO_TRIGGER	PASS	979	0.7940955279008792	0.0054068778917197	0.799502405792599	0.0067628037796329	6:167271245	ABF_UNINFORMATIVE_OR_NO_TRIGGER	PASS	979	0.8852053300674037	0.0087991230629009	0.8940044531303046	0.0098423705073183	6:167271245	ABF_H3_DOMINANT	PASS	979	0.8852053422194004	0.0087991072554982	0.8940044494748987	0.0098423528659912	6:167271245	ABF_H3_DOMINANT	PASS	979	0.8853908243288217	0.0087874557208749	0.8941782800496966	0.0098274090491065	6:167271245	ABF_H3_DOMINANT	PASS	H3_DISTINCT_SIGNAL	ABF_H3_DOMINANT	H3_SUPPORTED_STABLE	STABLE_H3	MATCH		979	0.0029138008485993	0.0030203237948488	1	H3	UNINFORMATIVE	UNINFORMATIVE	H3	H3	H3	H3	True	True	False	False	False	False	H3 -> UNINFORMATIVE -> H3 -> H3
R7B1_001770	26	AOAH	CD4_NC	H3_RESCUE_FALSIFICATION	ABF_H3_DOMINANT	H3_SUPPORTED_STABLE	893	552ff3022903b2e6997e22b8074568204a0c34923012519fa961c171ee80996e	855	a1d7b26cd28b718c3b9467485e6155cfb9e1813832124eb4e501b5628ddcd722	38	0.0425531914893617	980	f9aff1bf94a97b24a626025fd73a8632ffb748c78e8946a8b7bc8b5a7803b58c	92aa70fe681c2ed91f67d32994db294755a3b4b94a2277125be0a4be85174112	67a32232075281701273b4390cc56884b3c3d128b9a5dd34a76b08206a06285d	0.8919834585805074	0.8917436104119477	855	0	0	23288	24193.0	24510	0.0026332794830361	PASS	893	0.9723148902084549	0.0033980549932431	0.975712945201698	0.0034826380135201	7:37382465	ABF_H3_DOMINANT	PASS	855	0.9722660213729089	0.003404053150291	0.9756700745231998	0.0034889387705721	7:37382465	ABF_H3_DOMINANT	PASS	855	0.9722562119189272	0.0034055483188452	0.9756617602377724	0.003490500968302	7:37382465	ABF_H3_DOMINANT	PASS	855	0.9723049759489412	0.0033642509951223	0.9756692269440636	0.0034481470791691	7:37382465	ABF_H3_DOMINANT	PASS	855	0.9722951794531192	0.0033657325386918	0.9756609119918108	0.0034496949681223	7:37382465	ABF_H3_DOMINANT	PASS	855	0.9723065407473944	0.003362647080007	0.9756691878274014	0.0034465033045626	7:37382465	ABF_H3_DOMINANT	PASS	H3_DISTINCT_SIGNAL	ABF_H3_DOMINANT	H3_SUPPORTED_STABLE	STABLE_H3	MATCH		855	0.0041770073312806	0.0046435267438445	1	H3	H3	H3	H3	H3	H3	H3	False	False	False	False	False	False	H3 -> H3 -> H3 -> H3
R7B1_001772	26	AOAH	CD8_ET	H3_RESCUE_FALSIFICATION	ABF_H3_DOMINANT	H3_SUPPORTED_STABLE	893	552ff3022903b2e6997e22b8074568204a0c34923012519fa961c171ee80996e	855	a1d7b26cd28b718c3b9467485e6155cfb9e1813832124eb4e501b5628ddcd722	38	0.0425531914893617	980	7d774f9a1ca20a26ebd8897820958d94c148d595173f3d72f8c454326e51e514	9cd4f826935c50757c81a1d4aae399f766c0705d3e4e0ebb558fa8e5c7ccba47	5686ed23192c8b3988625b79f99c2b251e208a63c1a0c0f26305e66c319e11a6	0.8059181798954155	0.8056710303196323	855	0	0	23288	24193.0	24510	0.0026332794830361	PASS	893	0.9999998699440424	2.178364300374313e-09	0.9999998721224068	2.178364578938333e-09	7:36848553	ABF_H3_DOMINANT	PASS	855	0.9999998699437724	2.178282146464287e-09	0.9999998721220544	2.178282425018568e-09	7:36848553	ABF_H3_DOMINANT	PASS	855	0.999999869941719	2.17892494423498e-09	0.999999872120644	2.178925222874535e-09	7:36848553	ABF_H3_DOMINANT	PASS	855	0.9999999982879828	4.780706812449573e-10	0.9999999987660536	4.78070681834871e-10	7:37382465	ABF_H3_DOMINANT	PASS	855	0.9999999982859364	4.78699790534307e-10	0.9999999987646362	4.786997911256754e-10	7:37382465	ABF_H3_DOMINANT	PASS	855	0.9999999982890486	4.772829003481125e-10	0.9999999987663316	4.772829009369212e-10	7:37382465	ABF_H3_DOMINANT	PASS	H3_DISTINCT_SIGNAL	ABF_H3_DOMINANT	H3_SUPPORTED_STABLE	STABLE_H3	MATCH		855	8.90487929288867e-05	8.91382716727635e-05	2	H3	H3	H3	H3	H3	H3	H3	False	False	False	False	False	False	H3 -> H3 -> H3 -> H3
R7B1_001774	26	AOAH	CD8_S100B	PRIMARY_184_TRIGGER_VERIFICATION	ABF_AMBIGUOUS	UNINFORMATIVE	893	552ff3022903b2e6997e22b8074568204a0c34923012519fa961c171ee80996e	855	a1d7b26cd28b718c3b9467485e6155cfb9e1813832124eb4e501b5628ddcd722	38	0.0425531914893617	959	e51e8aa683874c3737ee91a3c3570e62e7fd9069d7b8b9e4c38966538a31f478	f1680843d043c070a9aabe7d6fa252058886b6f779dac0319527c14aacde8783	9a9149ca5a0655f137dea5cb3534318a9876f018ea0ee583571f4cff26e71842	0.9573777200486784	0.957160128129887	855	0	0	23288	24193.0	24510	0.0026332794830361	PASS	893	0.6237091832587587	0.2166706956779391	0.8403798789366979	0.2578247065506669	7:37382465	ABF_AMBIGUOUS	PASS	855	0.5644295501086013	0.2508043047427576	0.8152338548513589	0.3076470674644476	7:37382465	ABF_AMBIGUOUS	PASS	855	0.5643933666271683	0.2508122409962141	0.8152056076233825	0.3076674628470994	7:37382465	ABF_AMBIGUOUS	PASS	855	0.5632560668508939	0.2523613426479008	0.8156174094987947	0.3094114222046578	7:37382465	ABF_AMBIGUOUS	PASS	855	0.5632200234830025	0.2523691761596177	0.8155891996426202	0.3094317289515388	7:37382465	ABF_AMBIGUOUS	PASS	855	0.5632257768811285	0.2524015304878553	0.8156273073689838	0.3094569397167948	7:37382465	ABF_AMBIGUOUS	PASS	H3_H4_AMBIGUITY_TRIGGER	ABF_AMBIGUOUS	UNINFORMATIVE	AMBIGUITY_TO_UNINFORMATIVE	NOT_COMPARABLE		855			0	AMBIGUOUS	AMBIGUOUS	AMBIGUOUS	AMBIGUOUS	AMBIGUOUS	AMBIGUOUS	UNINFORMATIVE	False	False	True	False	False	False	AMBIGUOUS -> AMBIGUOUS -> AMBIGUOUS -> UNINFORMATIVE
R7B1_001776	26	AOAH	Mono_C	H3_RESCUE_FALSIFICATION	ABF_H3_DOMINANT	H3_SUPPORTED_STABLE	893	552ff3022903b2e6997e22b8074568204a0c34923012519fa961c171ee80996e	855	a1d7b26cd28b718c3b9467485e6155cfb9e1813832124eb4e501b5628ddcd722	38	0.0425531914893617	851	19deb2eacb1ce8ff19eb41f2e3afd1382e6ab693a99091a984d34cb65114c4e5	d47bc1f5ff8f68895eb6a2d0a27201b266fd8918888f170f69a7bf99a9856be2	8ae0e39539b0a3934c1056e4c11e6d8edde7b810a40885f4d05dfd44fbe3ddf3	0.9133826540985356	0.9131946243476904	855	0	0	23288	24193.0	24510	0.0026332794830361	PASS	893	0.879576526559485	0.0198316998144546	0.8994082263739397	0.0220497202859799	7:37382465	ABF_H3_DOMINANT	PASS	855	0.8334257776551118	0.0274319511809991	0.860857728836111	0.0318658359704656	7:37382465	ABF_H3_DOMINANT	PASS	855	0.8333625890359715	0.0274430978162153	0.8608056868521868	0.0318807115651963	7:37382465	ABF_H3_DOMINANT	PASS	855	0.8338900106562873	0.0268904296548143	0.8607804403111017	0.0312395918814043	7:37382465	ABF_H3_DOMINANT	PASS	855	0.8338269327995643	0.026901412229732	0.8607283450292963	0.031254242276425	7:37382465	ABF_H3_DOMINANT	PASS	855	0.8339152045933005	0.0268610345843159	0.8607762391776165	0.0312055948593318	7:37382465	ABF_H3_DOMINANT	PASS	H3_DISTINCT_SIGNAL	ABF_H3_DOMINANT	H3_SUPPORTED_STABLE	STABLE_H3	MATCH		855	0.0116471791753525	0.0128478067767517	1	H3	H3	H3	H3	H3	H3	H3	False	False	False	False	False	False	H3 -> H3 -> H3 -> H3
R7B1_001778	26	AOAH	NK	H3_RESCUE_FALSIFICATION	ABF_H3_DOMINANT	H3_SUPPORTED_STABLE	893	552ff3022903b2e6997e22b8074568204a0c34923012519fa961c171ee80996e	855	a1d7b26cd28b718c3b9467485e6155cfb9e1813832124eb4e501b5628ddcd722	38	0.0425531914893617	980	b361c5c1336bce53f6bc756986606ac93683107dbbdb70c1c50bd5ec52d04437	95f455481286e0cf7818aee724d91114d4341eeba620a18bffdbc2e20bf7b1bc	dfffb7b0f9b9f326a01a5fe3221e246b1a319d89b40fbda9c315181ac8902812	0.7571486472618619	0.7569598710387343	855	0	0	23288	24193.0	24510	0.0026332794830361	PASS	893	0.9995750613226068	4.772609829105077e-05	0.9996227874208976	4.774410796915474e-05	7:37382465	ABF_H3_DOMINANT	PASS	855	0.9995736194417056	4.788808120273179e-05	0.9996215075229083	4.790621334408848e-05	7:37382465	ABF_H3_DOMINANT	PASS	855	0.99957338544787	4.7918599646781744e-05	0.9996213040475168	4.793675310115634e-05	7:37382465	ABF_H3_DOMINANT	PASS	855	0.9995752024570764	4.643110510848296e-05	0.9996216335621848	4.64486797299736e-05	7:37382465	ABF_H3_DOMINANT	PASS	855	0.9995749692685212	4.6460817643609176e-05	0.9996214300861648	4.647841297240334e-05	7:37382465	ABF_H3_DOMINANT	PASS	855	0.9995752671783416	4.636635964887855e-05	0.9996216335379904	4.638390976471039e-05	7:37382465	ABF_H3_DOMINANT	PASS	H3_DISTINCT_SIGNAL	ABF_H3_DOMINANT	H3_SUPPORTED_STABLE	STABLE_H3	MATCH		855	7.3504068814997e-09	7.350407977550769e-09	1	H3	H3	H3	H3	H3	H3	H3	False	False	False	False	False	False	H3 -> H3 -> H3 -> H3
R7B1_001796	26	ELMO1	CD4_NC	H3_RESCUE_FALSIFICATION	ABF_H3_DOMINANT	H4_SUPPORTED_STABLE	1275	3285203b3d7ff964d0be3ef407476626bab4efb0e823019621d79ccc3d9b5c2e	1230	9a4f06d2d09d5d49bf81b102e3fc46bc4207e779b41a0a35beccdeb3e1e7867b	45	0.0352941176470588	980	492111f7e8c70bf02071ad47dc1ebbfdad4202e3cf63235302d0dc0b8149c9ab	92aa70fe681c2ed91f67d32994db294755a3b4b94a2277125be0a4be85174112	67a32232075281701273b4390cc56884b3c3d128b9a5dd34a76b08206a06285d	0.6382956190507266	0.6381284714350336	1230	0	0	23288	24237.0	24510	0.0026332794830361	PASS	1275	0.9999997993187636	7.381756788232817e-08	0.9999998731363314	7.381757724709684e-08	7:37400469	ABF_H3_DOMINANT	PASS	1230	0.9999997991124788	7.402375344425016e-08	0.9999998731362324	7.402376283518363e-08	7:37400469	ABF_H3_DOMINANT	PASS	1230	0.999999799080192	7.405599880898959e-08	0.9999998731361908	7.40560082040169e-08	7:37400469	ABF_H3_DOMINANT	PASS	1230	0.9999999351566324	6.462359405357869e-08	0.9999999997802264	6.462359406778125e-08	7:37400469	ABF_H3_DOMINANT	PASS	1230	0.9999999351271092	6.465307296757451e-08	0.9999999997801824	6.46530729817864e-08	7:37400469	ABF_H3_DOMINANT	PASS	1230	0.999999935429701	6.435080287280272e-08	0.999999999780504	6.435080288692747e-08	7:37400469	ABF_H3_DOMINANT	PASS	H3_DISTINCT_SIGNAL	ABF_H3_DOMINANT	H4_SUPPORTED_STABLE	H3_TO_H4	MATCH		1230	0.96161385478178	0.96163778956541	2	H3	H3	H3	H3	H3	H3	H4	False	False	True	False	False	False	H3 -> H3 -> H3 -> H4
R7B1_001810	26	EPDR1	NK	H3_RESCUE_FALSIFICATION	ABF_H3_DOMINANT	H3_SUPPORTED_STABLE	1181	257c24775bdda2d9c3d0a3b7289b14141c056235c0a3b4cbf562ed72be98ffd1	1139	7218c5bfbf83174568081911e9c3a1d3cf990509d14e066ffb299248edf90e76	42	0.0355630821337849	980	7c4dce98749e0819635b958486c91532af486c599110f338225bb2ddbb8ed8e0	95f455481286e0cf7818aee724d91114d4341eeba620a18bffdbc2e20bf7b1bc	dfffb7b0f9b9f326a01a5fe3221e246b1a319d89b40fbda9c315181ac8902812	0.842862589959261	0.8426267019552063	1139	0	0	23288	24241.0	24510	0.0026332794830361	PASS	1181	0.9998066284413464	9.466759831246129e-06	0.9998160952011776	9.468501134042336e-06	7:37382465	ABF_H3_DOMINANT	PASS	1139	0.9998066283578276	9.46676392273383e-06	0.9998160951217504	9.468505227034814e-06	7:37382465	ABF_H3_DOMINANT	PASS	1139	0.999806484306646	9.475697819771676e-06	0.9998159600044656	9.477442048163898e-06	7:37382465	ABF_H3_DOMINANT	PASS	1139	0.9998066485656982	9.57319511865897e-06	0.9998162217608167	9.574954786989982e-06	7:37382465	ABF_H3_DOMINANT	PASS	1139	0.9998065044229568	9.582220587888092e-06	0.9998160866435448	9.583983210408527e-06	7:37382465	ABF_H3_DOMINANT	PASS	1139	0.9998066443347052	9.577427169438424e-06	0.9998162217618746	9.579187615661104e-06	7:37382465	ABF_H3_DOMINANT	PASS	H3_DISTINCT_SIGNAL	ABF_H3_DOMINANT	H3_SUPPORTED_STABLE	STABLE_H3	MATCH		1139	3.27090396043784e-06	3.27142053885636e-06	1	H3	H3	H3	H3	H3	H3	H3	False	False	False	False	False	False	H3 -> H3 -> H3 -> H3
R7B1_001819	26	NME8	NK	H3_RESCUE_FALSIFICATION	ABF_H3_DOMINANT	H3_SUPPORTED_STABLE	1101	ce4ed9c6f02f71b4748bfc0dae3e36697883bca2132d3f6ce184b8b01627eb22	1061	e08816f17c906c982b1a35d45c7fbaa80dd5f175d23831135d8e442a0d939a88	40	0.036330608537693	980	cac4f51fb45f8cba69ee86e8b295c33c06d04bedf42fd4cded7c9e9af6cbbc14	95f455481286e0cf7818aee724d91114d4341eeba620a18bffdbc2e20bf7b1bc	dfffb7b0f9b9f326a01a5fe3221e246b1a319d89b40fbda9c315181ac8902812	0.9313711499477716	0.9311033649076322	1061	0	0	23288	24246.0	24510	0.0026332794830361	PASS	1101	0.9722707544345374	0.0016015475164714	0.9738723019510088	0.0016445149053556	7:37382465	ABF_H3_DOMINANT	PASS	1061	0.9720199792814584	0.0016160314941312	0.9736360107755896	0.0016597901846748	7:37382465	ABF_H3_DOMINANT	PASS	1061	0.972010389998892	0.0016168823384278	0.9736272723373198	0.0016606789727102	7:37382465	ABF_H3_DOMINANT	PASS	1061	0.9720130193802762	0.0016233064089429	0.9736363257892192	0.0016672615492516	7:37382465	ABF_H3_DOMINANT	PASS	1061	0.9720034272019256	0.0016241602917687	0.9736275874936942	0.0016681535246444	7:37382465	ABF_H3_DOMINANT	PASS	1061	0.9720124834234858	0.001623856887685	0.9736363403111707	0.0016678269087266	7:37382465	ABF_H3_DOMINANT	PASS	H3_DISTINCT_SIGNAL	ABF_H3_DOMINANT	H3_SUPPORTED_STABLE	STABLE_H3	MATCH		1061	0.0016113721665174	0.0016907115900784	1	H3	H3	H3	H3	H3	H3	H3	False	False	False	False	False	False	H3 -> H3 -> H3 -> H3
R7B1_001879	27	IMPDH1	CD8_ET	H3_RESCUE_FALSIFICATION	ABF_H3_DOMINANT	H3_SUPPORTED_STABLE	783	a553fa431a1f258d1a749a04853a52ac76f28cd1e6da37a46596cf3743299db0	694	71b3c577dd7ba10e415a348183e096f5cbd678f052b3f690c6079b39dd69529b	89	0.1136653895274585	980	c1f78f52b4bf0ffee1965fb23cd39e4fa030765d38ca8a6ed7292c9946bf95a5	9cfb60f47e67daf023b20a6842d1ce1361dfa4775559594ca7a4e979e34cfadc	23f83ac8c67c1825bc857c7f25bda75f284f9c0f2aed35bfdcee32f576c44d56	0.8277708476848505	0.8276729608218684	690	4	0	23287	24099.0	24509	0.0080876494023893	PASS	783	0.9254832386093372	0.0032060586622953	0.9286892972716324	0.0034522403474598	7:128617466	ABF_H3_DOMINANT	PASS	694	0.9235814797222311	0.00328818437051	0.9268696640927412	0.0035476232504908	7:128616582	ABF_H3_DOMINANT	PASS	694	0.9235475570396202	0.0032899410745172	0.9268374981141376	0.0035496417454099	7:128616582	ABF_H3_DOMINANT	PASS	694	0.9235814990277914	0.0032881635379681	0.9268696625657596	0.0035476007800987	7:128671086	ABF_H3_DOMINANT	PASS	694	0.9235475763539076	0.003289920231826	0.9268374965857338	0.0035496192632963	7:128671086	ABF_H3_DOMINANT	PASS	694	0.9235815353504188	0.0032881243423764	0.9268696596927952	0.0035475585029574	7:128671086	ABF_H3_DOMINANT	PASS	H3_DISTINCT_SIGNAL	ABF_H3_DOMINANT	H3_SUPPORTED_STABLE	STABLE_H3	MATCH		694	0.0005856159397728	0.000596820411972	2	H3	H3	H3	H3	H3	H3	H3	False	False	False	False	False	False	H3 -> H3 -> H3 -> H3
R7B1_001885	27	IMPDH1	NK	H3_RESCUE_FALSIFICATION	ABF_H3_DOMINANT	H3_SUPPORTED_STABLE	783	a553fa431a1f258d1a749a04853a52ac76f28cd1e6da37a46596cf3743299db0	694	71b3c577dd7ba10e415a348183e096f5cbd678f052b3f690c6079b39dd69529b	89	0.1136653895274585	980	e363d08d7445b66a3d52bcb1a061f95c725148ac7cc7a04b4e8ff9380cc77508	59d7284feb4444d2a10dd620c459d8070eeaf61e973a13841ca3c695501b3142	a75f8167be7da926f423ec6474393e2c7ce455e8918d7ae438d484ca332f42c0	0.8401566549934348	0.8400780397383794	690	4	0	23287	24099.0	24509	0.0080876494023893	PASS	783	0.999941996653241	3.461943685199748e-06	0.9999454585969262	3.462132514764731e-06	7:128617466	ABF_H3_DOMINANT	PASS	694	0.9999069241017003	5.553917419042929e-06	0.9999124780191196	5.5544035514443615e-06	7:128616582	ABF_H3_DOMINANT	PASS	694	0.9999068517841228	5.5585568352292645e-06	0.999912410340958	5.559043749975924e-06	7:128616582	ABF_H3_DOMINANT	PASS	694	0.9999069242145668	5.553804542147322e-06	0.9999124780191088	5.554290664668739e-06	7:128671086	ABF_H3_DOMINANT	PASS	694	0.9999068518970886	5.5584438672949614e-06	0.999912410340956	5.558930772145944e-06	7:128671086	ABF_H3_DOMINANT	PASS	694	0.99990692404104	5.553978078980457e-06	0.999912478019119	5.554464216691434e-06	7:128671086	ABF_H3_DOMINANT	PASS	H3_DISTINCT_SIGNAL	ABF_H3_DOMINANT	H3_SUPPORTED_STABLE	STABLE_H3	MATCH		694	6.85217315555849e-08	6.85218958957731e-08	2	H3	H3	H3	H3	H3	H3	H3	False	False	False	False	False	False	H3 -> H3 -> H3 -> H3
R7B1_001898	27	IRF5	NK	H3_RESCUE_FALSIFICATION	ABF_H3_DOMINANT	H3_SUPPORTED_STABLE	893	85b7b19eaf6d37ebae8bf1bcdb9613874b2e79cdbb79e94ad4bce44ba7b5d612	788	2f08854b5366a558efa4fe6d8a2c1e6480847d484af52dda913519debc25d4c5	105	0.1175811870100783	980	48f40b891bcb6a05d2a565f78721e3d0ef74fa2794f8aa715c491a44ab1eced3	59d7284feb4444d2a10dd620c459d8070eeaf61e973a13841ca3c695501b3142	a75f8167be7da926f423ec6474393e2c7ce455e8918d7ae438d484ca332f42c0	0.9458367961719204	0.9457906674278864	784	4	0	23287	24090.5	24509	0.0080876494023893	PASS	893	0.9820813887852408	0.0092874970596964	0.9913688858449372	0.0093683564133453	7:128617466	ABF_H3_DOMINANT	PASS	788	0.98208471951953	0.0092826565795994	0.9913673760991292	0.0093634880503382	7:128616582	ABF_H3_DOMINANT	PASS	788	0.9820839093209042	0.0092829796909474	0.9913668890118515	0.0093638185759868	7:128616582	ABF_H3_DOMINANT	PASS	788	0.9820818970277158	0.0092855038561348	0.9913674008838506	0.00936635988621	7:128671086	ABF_H3_DOMINANT	PASS	788	0.9820810867858376	0.0092858270125413	0.9913669137983788	0.0093666904586951	7:128671086	ABF_H3_DOMINANT	PASS	788	0.982081071665678	0.0092863364658055	0.9913674081314836	0.0093671996775729	7:128671086	ABF_H3_DOMINANT	PASS	H3_DISTINCT_SIGNAL	ABF_H3_DOMINANT	H3_SUPPORTED_STABLE	STABLE_H3	MATCH		788	0.253582780152393	0.255635811621061	2	H3	H3	H3	H3	H3	H3	H3	False	False	False	False	False	False	H3 -> H3 -> H3 -> H3
R7B1_001928	27	METTL2B	CD4_NC	H3_RESCUE_FALSIFICATION	ABF_H3_DOMINANT	UNINFORMATIVE	839	eff2ac4039c50be4e5d464cf2151348b6a891c970e9b9181aaab824409b360a9	743	6d07f25c6129ec4bc7626f8d9f5d075bf802b1aa56cf36813784d314687e34a2	96	0.1144219308700834	980	fa108b7f2e16669babce26ea9e399a44f1979cb5b80f2313c6d1aa22664f160d	eeded5c54293e8d6eb44768e67817ca7139d81c6fa45126b235a7429e65a28c9	96622cd453afa98411e09ed6ca8fbfbc54ecf40b9b97ba8a5f12b32b1bf23241	0.7465083913250358	0.7464989983654488	739	4	0	23287	24097.0	24509	0.0080876494023893	PASS	839	0.9999589684071386	4.672408073001542e-06	0.9999636408152116	4.672577964127178e-06	7:128617466	ABF_H3_DOMINANT	PASS	743	0.9999589263902936	4.676639280044708e-06	0.9999636030295735	4.676809501741833e-06	7:128616582	ABF_H3_DOMINANT	PASS	743	0.9999589250999726	4.676806241682059e-06	0.9999636019062144	4.676976474710419e-06	7:128616582	ABF_H3_DOMINANT	PASS	743	0.999958925510422	4.677519179477423e-06	0.9999636030296016	4.677689433201257e-06	7:128671086	ABF_H3_DOMINANT	PASS	743	0.9999589242200726	4.677686168266e-06	0.9999636019062408	4.677856433323051e-06	7:128671086	ABF_H3_DOMINANT	PASS	743	0.999958925419988	4.6776096104655215e-06	0.9999636030295984	4.677779867480904e-06	7:128671086	ABF_H3_DOMINANT	PASS	H3_DISTINCT_SIGNAL	ABF_H3_DOMINANT	UNINFORMATIVE	H3_TO_UNINFORMATIVE	NOT_COMPARABLE		743			0	H3	H3	H3	H3	H3	H3	UNINFORMATIVE	False	False	True	False	False	False	H3 -> H3 -> H3 -> UNINFORMATIVE
R7B1_001931	27	METTL2B	CD8_NC	H3_RESCUE_FALSIFICATION	ABF_H3_DOMINANT	UNINFORMATIVE	839	eff2ac4039c50be4e5d464cf2151348b6a891c970e9b9181aaab824409b360a9	743	6d07f25c6129ec4bc7626f8d9f5d075bf802b1aa56cf36813784d314687e34a2	96	0.1144219308700834	980	24ffecd64a3951dba96feaf60179d1140e92d84248dbef6e0444de080030e0fd	3b555bf1628c6896d360600c1031559d75b3ec4711b21675e6a038d7b0376945	a646da1a276ef1359e32fe1679d86b08d476c97fc367e388b729fd0c26b26b93	0.9226522667658452	0.922764588627654	739	4	0	23287	24097.0	24509	0.0080876494023893	PASS	839	0.8249832066404778	0.0081078944938812	0.833091101134359	0.009732302365061	7:128617466	ABF_H3_DOMINANT	PASS	743	0.8236464721068423	0.0081690222185349	0.8318154943253773	0.0098207141779202	7:128616582	ABF_H3_DOMINANT	PASS	743	0.8236686021808269	0.0081672691733107	0.8318358713541377	0.009818366164007	7:128616582	ABF_H3_DOMINANT	PASS	743	0.8236458103658664	0.0081698189197013	0.8318156292855676	0.0098216703702937	7:128671086	ABF_H3_DOMINANT	PASS	743	0.8236679405333975	0.0081680657418879	0.8318360062752854	0.0098193221744055	7:128671086	ABF_H3_DOMINANT	PASS	743	0.8236457150179505	0.0081699337135492	0.8318156487314997	0.009821808144639	7:128671086	ABF_H3_DOMINANT	PASS	H3_DISTINCT_SIGNAL	ABF_H3_DOMINANT	UNINFORMATIVE	H3_TO_UNINFORMATIVE	NOT_COMPARABLE		743			0	H3	H3	H3	H3	H3	H3	UNINFORMATIVE	False	False	True	False	False	False	H3 -> H3 -> H3 -> UNINFORMATIVE
R7B1_001956	27	RP11-212P7.2	CD4_NC	H3_RESCUE_FALSIFICATION	ABF_H3_DOMINANT	H3_SUPPORTED_STABLE	861	89e5ce5c68ae300ff49ec1c6b6330d9f6b2db17aa744e726de5e9c85a4955ce2	758	5316e3991db42a4870ff9c87e8bf10cdb5406ab1349ae0f6c8abec8c433a0894	103	0.1196283391405342	980	fd4b5a4eeecc72f1dd471cbccf9ba8d7354f46d6564916c86352122c50c1d365	eeded5c54293e8d6eb44768e67817ca7139d81c6fa45126b235a7429e65a28c9	96622cd453afa98411e09ed6ca8fbfbc54ecf40b9b97ba8a5f12b32b1bf23241	0.9720008872842832	0.9720654488704036	754	4	0	23287	24091.5	24509	0.0080876494023893	PASS	861	0.9972207970549298	0.0001579656721839	0.9973787627271138	0.0001583808259081	7:128617466	ABF_H3_DOMINANT	PASS	758	0.997220676722987	0.0001579992659492	0.9973786759889364	0.0001584145217388	7:128616582	ABF_H3_DOMINANT	PASS	758	0.9972209682070916	0.000157975940004	0.9973789441470956	0.0001583910919024	7:128616582	ABF_H3_DOMINANT	PASS	758	0.9972206592747715	0.0001580167599791	0.9973786760347508	0.0001584320617394	7:128671086	ABF_H3_DOMINANT	PASS	758	0.9972209507609968	0.0001579934319008	0.9973789441928976	0.0001584086297597	7:128671086	ABF_H3_DOMINANT	PASS	758	0.9972206624361608	0.0001580135902825	0.9973786760264431	0.0001584288837135	7:128671086	ABF_H3_DOMINANT	PASS	H3_DISTINCT_SIGNAL	ABF_H3_DOMINANT	H3_SUPPORTED_STABLE	STABLE_H3	MATCH		758	7.27776431976752e-05	7.29678871809498e-05	2	H3	H3	H3	H3	H3	H3	H3	False	False	False	False	False	False	H3 -> H3 -> H3 -> H3
R7B1_001964	27	RP11-212P7.2	NK	H3_RESCUE_FALSIFICATION	ABF_H3_DOMINANT	H3_SUPPORTED_STABLE	861	89e5ce5c68ae300ff49ec1c6b6330d9f6b2db17aa744e726de5e9c85a4955ce2	758	5316e3991db42a4870ff9c87e8bf10cdb5406ab1349ae0f6c8abec8c433a0894	103	0.1196283391405342	980	7b49632f18f6b3e767424a1a9fc71c738ffbde92772de53161e0de9590ac86ee	59d7284feb4444d2a10dd620c459d8070eeaf61e973a13841ca3c695501b3142	a75f8167be7da926f423ec6474393e2c7ce455e8918d7ae438d484ca332f42c0	0.9985177315397444	0.9985602762207252	754	4	0	23287	24091.5	24509	0.0080876494023893	PASS	861	0.8696572069035403	0.0110065686482018	0.8806637755517421	0.0124980372234637	7:128617466	ABF_H3_DOMINANT	PASS	758	0.8695028474926242	0.011024296463575	0.8805271439561992	0.0125201097311355	7:128616582	ABF_H3_DOMINANT	PASS	758	0.8695067850384627	0.0110237420646552	0.880530527103118	0.0125194320075677	7:128616582	ABF_H3_DOMINANT	PASS	758	0.8695049707164463	0.01102188183654	0.8805268525529863	0.0125173716219821	7:128671086	ABF_H3_DOMINANT	PASS	758	0.8695089082006524	0.0110213275172842	0.8805302357179366	0.0125166939989267	7:128671086	ABF_H3_DOMINANT	PASS	758	0.8695055643800261	0.0110212066952252	0.8805267710752513	0.0125166060331893	7:128671086	ABF_H3_DOMINANT	PASS	H3_DISTINCT_SIGNAL	ABF_H3_DOMINANT	H3_SUPPORTED_STABLE	STABLE_H3	MATCH		758	0.0068829676125371	0.0078578022798725	2	H3	H3	H3	H3	H3	H3	H3	False	False	False	False	False	False	H3 -> H3 -> H3 -> H3
R7B1_001969	27	RP11-274B21.10	CD4_NC	H3_RESCUE_FALSIFICATION	ABF_H3_DOMINANT	H3_SUPPORTED_STABLE	893	85b7b19eaf6d37ebae8bf1bcdb9613874b2e79cdbb79e94ad4bce44ba7b5d612	788	2f08854b5366a558efa4fe6d8a2c1e6480847d484af52dda913519debc25d4c5	105	0.1175811870100783	980	acf1a35db44e1ffd972cde7ffeaf2a665de8eb06a89341ae1b06b6972d8bbd13	eeded5c54293e8d6eb44768e67817ca7139d81c6fa45126b235a7429e65a28c9	96622cd453afa98411e09ed6ca8fbfbc54ecf40b9b97ba8a5f12b32b1bf23241	1.0026721961205165	1.0025597752913191	784	4	0	23287	24090.5	24509	0.0080876494023893	PASS	893	0.9999999999988064	8.627438755563446e-14	0.9999999999988926	8.627438755573002e-14	7:128617466	ABF_H3_DOMINANT	PASS	788	0.9999999999988064	8.625758370708785e-14	0.9999999999988926	8.625758370718337e-14	7:128616582	ABF_H3_DOMINANT	PASS	788	0.9999999999988064	8.636937136925974e-14	0.9999999999988928	8.636937136935536e-14	7:128616582	ABF_H3_DOMINANT	PASS	788	0.9999999999988064	8.625578188169114e-14	0.9999999999988926	8.625578188178666e-14	7:128671086	ABF_H3_DOMINANT	PASS	788	0.9999999999988064	8.636756726576676e-14	0.9999999999988928	8.63675672658624e-14	7:128671086	ABF_H3_DOMINANT	PASS	788	0.9999999999988064	8.625788955090775e-14	0.9999999999988926	8.625788955100327e-14	7:128671086	ABF_H3_DOMINANT	PASS	H3_DISTINCT_SIGNAL	ABF_H3_DOMINANT	H3_SUPPORTED_STABLE	STABLE_H3	MATCH		788	8.727812083727561e-15	8.727812083730831e-15	2	H3	H3	H3	H3	H3	H3	H3	False	False	False	False	False	False	H3 -> H3 -> H3 -> H3
R7B1_001976	27	RP11-448A19.1	CD4_NC	H3_RESCUE_FALSIFICATION	ABF_H3_DOMINANT	H3_SUPPORTED_STABLE	748	7aaa13ffa7c97233ab78fb4c01a5aa8b4f6e7ad62d9dbdeaa229f5b683841759	665	ff30f1e856cad1a2a11d6eaed37027a96bde7ed99703e0671772dba13862d37f	83	0.1109625668449197	980	f87898f1cadf61f94db368c0a674c2cd4a0469bdc55d6ab0af9a391de6140aeb	eeded5c54293e8d6eb44768e67817ca7139d81c6fa45126b235a7429e65a28c9	96622cd453afa98411e09ed6ca8fbfbc54ecf40b9b97ba8a5f12b32b1bf23241	0.9888636609053396	0.9888179413342054	661	4	0	23287	24127.0	24509	0.0080876494023893	PASS	748	0.9999934242546458	2.854699344064159e-07	0.99999370972458	2.854717301022228e-07	7:128617466	ABF_H3_DOMINANT	PASS	665	0.9999934242100524	2.855143184262067e-07	0.9999937097243708	2.855161144012629e-07	7:128616582	ABF_H3_DOMINANT	PASS	665	0.9999934234452292	2.8555755602537255e-07	0.9999937090027852	2.855593524784636e-07	7:128616582	ABF_H3_DOMINANT	PASS	665	0.9999934242378486	2.854865208908226e-07	0.9999937097243696	2.854883166910239e-07	7:128671086	ABF_H3_DOMINANT	PASS	665	0.9999934234730398	2.85529754792558e-07	0.9999937090027946	2.855315510707478e-07	7:128671086	ABF_H3_DOMINANT	PASS	665	0.9999934242437888	2.8548057457625335e-07	0.9999937097243634	2.854823703390522e-07	7:128671086	ABF_H3_DOMINANT	PASS	H3_DISTINCT_SIGNAL	ABF_H3_DOMINANT	H3_SUPPORTED_STABLE	STABLE_H3	MATCH		665	1.38099972084701e-07	1.38101168983624e-07	2	H3	H3	H3	H3	H3	H3	H3	False	False	False	False	False	False	H3 -> H3 -> H3 -> H3
R7B1_001977	27	RP11-448A19.1	CD8_ET	H3_RESCUE_FALSIFICATION	ABF_H3_DOMINANT	H3_SUPPORTED_STABLE	748	7aaa13ffa7c97233ab78fb4c01a5aa8b4f6e7ad62d9dbdeaa229f5b683841759	665	ff30f1e856cad1a2a11d6eaed37027a96bde7ed99703e0671772dba13862d37f	83	0.1109625668449197	980	863d38a53a369b8781bad58f3f484b3020dd839aebac2bb0bfc855cca1b07a56	9cfb60f47e67daf023b20a6842d1ce1361dfa4775559594ca7a4e979e34cfadc	23f83ac8c67c1825bc857c7f25bda75f284f9c0f2aed35bfdcee32f576c44d56	1.0114048343021116	1.01128882609724	661	4	0	23287	24127.0	24509	0.0080876494023893	PASS	748	0.9999689054358568	3.853743696705252e-06	0.9999727591795534	3.853848678705136e-06	7:128617466	ABF_H3_DOMINANT	PASS	665	0.999968907846966	3.851326138939583e-06	0.9999727591731048	3.851431055106254e-06	7:128616582	ABF_H3_DOMINANT	PASS	665	0.9999688995014036	3.852493942954767e-06	0.9999727519953466	3.852598918588029e-06	7:128616582	ABF_H3_DOMINANT	PASS	665	0.9999689071893364	3.851983783756305e-06	0.99997275917312	3.852088717838194e-06	7:128671086	ABF_H3_DOMINANT	PASS	665	0.9999688988436036	3.853151756539964e-06	0.9999727519953602	3.853256750097769e-06	7:128671086	ABF_H3_DOMINANT	PASS	665	0.9999689068812972	3.852291834732821e-06	0.999972759173132	3.852396777206456e-06	7:128671086	ABF_H3_DOMINANT	PASS	H3_DISTINCT_SIGNAL	ABF_H3_DOMINANT	H3_SUPPORTED_STABLE	STABLE_H3	MATCH		665	2.20579781201487e-06	2.20592687242249e-06	2	H3	H3	H3	H3	H3	H3	H3	False	False	False	False	False	False	H3 -> H3 -> H3 -> H3
R7B1_001983	27	RP11-448A19.1	NK	H3_RESCUE_FALSIFICATION	ABF_H3_DOMINANT	H3_SUPPORTED_STABLE	748	7aaa13ffa7c97233ab78fb4c01a5aa8b4f6e7ad62d9dbdeaa229f5b683841759	665	ff30f1e856cad1a2a11d6eaed37027a96bde7ed99703e0671772dba13862d37f	83	0.1109625668449197	980	7b0828a51e2531d18191c20f3c25c71735c6dc586eb81f00d868dd6e19b67525	59d7284feb4444d2a10dd620c459d8070eeaf61e973a13841ca3c695501b3142	a75f8167be7da926f423ec6474393e2c7ce455e8918d7ae438d484ca332f42c0	1.0026262898913485	1.0024799581954014	661	4	0	23287	24127.0	24509	0.0080876494023893	PASS	748	0.999999999924043	3.229502671508804e-12	0.9999999999272724	3.2295026717436778e-12	7:128617466	ABF_H3_DOMINANT	PASS	665	0.999999999924043	3.2295259963319738e-12	0.9999999999272724	3.2295259965668495e-12	7:128616582	ABF_H3_DOMINANT	PASS	665	0.9999999999240003	3.2318530169205957e-12	0.9999999999272322	3.2318530171557707e-12	7:128616582	ABF_H3_DOMINANT	PASS	665	0.999999999924043	3.229533350319356e-12	0.9999999999272724	3.229533350554232e-12	7:128671086	ABF_H3_DOMINANT	PASS	665	0.9999999999240003	3.231860375774866e-12	0.9999999999272322	3.2318603760100414e-12	7:128671086	ABF_H3_DOMINANT	PASS	665	0.999999999924043	3.229530676154967e-12	0.9999999999272724	3.2295306763898426e-12	7:128671086	ABF_H3_DOMINANT	PASS	H3_DISTINCT_SIGNAL	ABF_H3_DOMINANT	H3_SUPPORTED_STABLE	STABLE_H3	MATCH		665	1.43039204460317e-12	1.43039204476706e-12	2	H3	H3	H3	H3	H3	H3	H3	False	False	False	False	False	False	H3 -> H3 -> H3 -> H3
R7B1_002040	28	C7orf55	CD4_NC	H3_RESCUE_FALSIFICATION	ABF_H3_DOMINANT	H3_SUPPORTED_STABLE	711	0c3ceb1a12189d914dad85d5f2ccef8a4a40b9b54981788432c2ffd87d6f771b	648	23ec0ff49ec2cb58019a220077c15c836a6d0277e03b053622e538a6f0bbbd30	63	0.0886075949367088	980	8abba3a114d746bbbfcda31e252cabd943907090f0018b07febb7938d8a3a0ed	e83c223bc95bb9234d4a4ce36bf251d36e020b6dc5334b6eab4cb49e2b024401	c4c0f60aa9d3954da3025af479a2b076312bff8ef236b86bda3973b0c1d2caa6	0.6575950568915873	0.6575350571803203	642	6	0	23285	24131.5	24508	0.0038148893360165	PASS	711	0.9945979237399328	0.0001173551621856	0.9947152789021184	0.0001179786464275	7:139086413	ABF_H3_DOMINANT	PASS	648	0.9935727134803982	0.0001386963402613	0.9937114098206596	0.0001395740643517	7:139086413	ABF_H3_DOMINANT	PASS	648	0.993572618655723	0.0001387005688898	0.9937113192246128	0.0001395783324658	7:139086413	ABF_H3_DOMINANT	PASS	648	0.9934960154038334	0.000134382957595	0.9936303983614284	0.0001352444106144	7:139087697	ABF_H3_DOMINANT	PASS	648	0.9934959206180928	0.0001343871544265	0.9936303077725194	0.0001352486466801	7:139087697	ABF_H3_DOMINANT	PASS	648	0.9935112988946492	0.0001340839914274	0.9936453828860766	0.0001349414929479	7:139087697	ABF_H3_DOMINANT	PASS	H3_DISTINCT_SIGNAL	ABF_H3_DOMINANT	H3_SUPPORTED_STABLE	STABLE_H3	MATCH		648	0.0001704596517076	0.0001715705807965	1	H3	H3	H3	H3	H3	H3	H3	False	False	False	False	False	False	H3 -> H3 -> H3 -> H3
R7B1_002124	28	ZC3HAV1	B_IN	PRIMARY_184_TRIGGER_VERIFICATION	ABF_H4_DOMINANT	H4_SUPPORTED_STABLE	711	0c3ceb1a12189d914dad85d5f2ccef8a4a40b9b54981788432c2ffd87d6f771b	648	23ec0ff49ec2cb58019a220077c15c836a6d0277e03b053622e538a6f0bbbd30	63	0.0886075949367088	975	69c4b001de41b845e5afd584964063b62b446309dcb1237d91504c7aca9a22ea	46ae8e4f88b7653a7221d4364fa95a0f1f0ca4ed996c5b78e76c0e43e82fcac9	dc5c6ff95348c9312924f5695d7285746ea90b9709cdd65aeb47f7388178815f	0.9724998716885696	0.9725277076210505	642	6	0	23285	24131.5	24508	0.0038148893360165	PASS	711	0.0308377803760638	0.9690074503912636	0.9998452307673276	0.9691574461455424	7:138735734	ABF_H4_DOMINANT	PASS	648	0.025780851612756	0.9740618694213912	0.9998427210341472	0.9742150929637308	7:138735734	ABF_H4_DOMINANT	PASS	648	0.025780861131469	0.9740618598467818	0.9998427209782508	0.9742150834420789	7:138735734	ABF_H4_DOMINANT	PASS	648	0.0283282706310756	0.9714970880614086	0.9998253586924842	0.9716667812185502	7:138735734	ABF_H4_DOMINANT	PASS	648	0.0283282744706774	0.971497084198945	0.9998253586696224	0.97166677737763	7:138735734	ABF_H4_DOMINANT	PASS	648	0.0281706382530778	0.9716561012709968	0.9998267395240747	0.971824480042925	7:138735734	ABF_H4_DOMINANT	PASS	ROBUST_H4_TRIGGER	ABF_H4_DOMINANT	H4_SUPPORTED_STABLE	STABLE_H4	MATCH		648	0.971709424155072	0.971883419060818	1	H4	H4	H4	H4	H4	H4	H4	False	False	False	False	False	False	H4 -> H4 -> H4 -> H4
R7B1_002125	28	ZC3HAV1	B_MEM	PRIMARY_184_TRIGGER_VERIFICATION	ABF_H4_DOMINANT	H4_SUPPORTED_STABLE	711	0c3ceb1a12189d914dad85d5f2ccef8a4a40b9b54981788432c2ffd87d6f771b	648	23ec0ff49ec2cb58019a220077c15c836a6d0277e03b053622e538a6f0bbbd30	63	0.0886075949367088	970	9d009df21cda85c24891083c2992acb6792f527249ba776dd28a8fb7fc8da2d5	8a51c8ad2410afde1d87bb120d87cf85b88fe20c4867a701451503e0a37cdaaf	bbbeac8c5e3916368f06b9ae1d7cf994b9e25cdb966f99ef721dbca7a401635e	0.957131510079783	0.9572077038635084	642	6	0	23285	24131.5	24508	0.0038148893360165	PASS	711	0.0314645879217264	0.9683775905777654	0.999842178499492	0.968530445505963	7:138735734	ABF_H4_DOMINANT	PASS	648	0.0260271584867873	0.9738141116355318	0.999841270122319	0.9739687095696667	7:138735734	ABF_H4_DOMINANT	PASS	648	0.0260271896227743	0.973814080317668	0.9998412699404424	0.9739686784240016	7:138735734	ABF_H4_DOMINANT	PASS	648	0.0293969676361395	0.9704220224874306	0.9998189901235702	0.9705977102590276	7:138735734	ABF_H4_DOMINANT	PASS	648	0.0293969955666314	0.9704219943917262	0.9998189899583576	0.9705976823186206	7:138735734	ABF_H4_DOMINANT	PASS	648	0.0293092639472139	0.9705107078919776	0.9998199718391916	0.9706854586098148	7:138735734	ABF_H4_DOMINANT	PASS	ROBUST_H4_TRIGGER	ABF_H4_DOMINANT	H4_SUPPORTED_STABLE	STABLE_H4	MATCH		648	0.970818387858373	0.970997519231839	1	H4	H4	H4	H4	H4	H4	H4	False	False	False	False	False	False	H4 -> H4 -> H4 -> H4
R7B1_002126	28	ZC3HAV1	CD4_ET	PRIMARY_184_TRIGGER_VERIFICATION	ABF_H4_DOMINANT	H4_SUPPORTED_STABLE	711	0c3ceb1a12189d914dad85d5f2ccef8a4a40b9b54981788432c2ffd87d6f771b	648	23ec0ff49ec2cb58019a220077c15c836a6d0277e03b053622e538a6f0bbbd30	63	0.0886075949367088	980	9f600ad2ab109d9fc72659a651cceb6f26ecf656c743586512431515786b03ca	b3b2bda105e6e076c9e4e5bd3ed72e5254757055d208a17d8bea5f77059afb4e	3ea0575e9ba0fcdf6bda3cf5ee9ae26be8841c092839700394dc987e7b3c0d5c	0.9017001811904816	0.9016273094400764	642	6	0	23285	24131.5	24508	0.0038148893360165	PASS	711	0.0289244012709737	0.9709301304874566	0.9998545317584304	0.9710713905350764	7:138735734	ABF_H4_DOMINANT	PASS	648	0.0238981204549942	0.9759556570963543	0.9998537775513489	0.976098384592274	7:138735734	ABF_H4_DOMINANT	PASS	648	0.0238981211869355	0.9759556563601168	0.9998537775470524	0.976098383860123	7:138735734	ABF_H4_DOMINANT	PASS	648	0.0249799895533804	0.97486530649718	0.9998452960505606	0.9750161453456322	7:138735734	ABF_H4_DOMINANT	PASS	648	0.0249800240547286	0.9748652717903936	0.9998452958451224	0.9750161108338125	7:138735734	ABF_H4_DOMINANT	PASS	648	0.0248021358692673	0.9750446103581112	0.9998467462273783	0.9751940625272316	7:138735734	ABF_H4_DOMINANT	PASS	ROBUST_H4_TRIGGER	ABF_H4_DOMINANT	H4_SUPPORTED_STABLE	STABLE_H4	MATCH		648	0.974211768884276	0.974371306963526	1	H4	H4	H4	H4	H4	H4	H4	False	False	False	False	False	False	H4 -> H4 -> H4 -> H4
R7B1_002127	28	ZC3HAV1	CD4_NC	PRIMARY_184_TRIGGER_VERIFICATION	ABF_H4_DOMINANT	H4_SUPPORTED_STABLE	711	0c3ceb1a12189d914dad85d5f2ccef8a4a40b9b54981788432c2ffd87d6f771b	648	23ec0ff49ec2cb58019a220077c15c836a6d0277e03b053622e538a6f0bbbd30	63	0.0886075949367088	980	469baa06d6d5efefea299d455ab5a9a25186a3cae7d887c5e3084e1f4a8ffa2d	e83c223bc95bb9234d4a4ce36bf251d36e020b6dc5334b6eab4cb49e2b024401	c4c0f60aa9d3954da3025af479a2b076312bff8ef236b86bda3973b0c1d2caa6	0.7453244337308446	0.744591540579996	642	6	0	23285	24131.5	24508	0.0038148893360165	PASS	711	0.0689358955378598	0.9307241391955738	0.9996600347334336	0.9310406606819668	7:138730361	ABF_H4_DOMINANT	PASS	648	0.0575943064704448	0.942061587037554	0.9996558935079988	0.9423858681327486	7:138730361	ABF_H4_DOMINANT	PASS	648	0.0575928304592998	0.9420630717167428	0.9996559021760428	0.9423873451515344	7:138730361	ABF_H4_DOMINANT	PASS	648	0.1117881637640694	0.8875402325414229	0.9993283963054924	0.8881367084360364	7:138730361	ABF_H4_DOMINANT	PASS	648	0.1117849702407398	0.8875434450806176	0.9993284153213574	0.8881399062341354	7:138730361	ABF_H4_DOMINANT	PASS	648	0.1118452855604122	0.8874844812339041	0.9993297667943164	0.8880797017393035	7:138730361	ABF_H4_DOMINANT	PASS	ROBUST_H4_TRIGGER	ABF_H4_DOMINANT	H4_SUPPORTED_STABLE	STABLE_H4	MATCH		648	0.912505823970062	0.912999645270205	2	H4	H4	H4	H4	H4	H4	H4	False	False	False	False	False	False	H4 -> H4 -> H4 -> H4
R7B1_002128	28	ZC3HAV1	CD4_SOX4	PRIMARY_184_TRIGGER_VERIFICATION	ABF_H4_DOMINANT	UNINFORMATIVE	711	0c3ceb1a12189d914dad85d5f2ccef8a4a40b9b54981788432c2ffd87d6f771b	648	23ec0ff49ec2cb58019a220077c15c836a6d0277e03b053622e538a6f0bbbd30	63	0.0886075949367088	295	c16c77191bbf2d36de7f55d1bd1a58868c226fcd860960510e568769a4196a82	42bbb7ceaa79446fe5dac2ffacbb3f243ba9feb6b4143b20f01fb44bdff22ff7	c2590635312a5a66a2669ae389d356c6e375e0929e7a0e34ee6ca2a4b6b7710f	1.0025663472250974	1.0023763704118522	642	6	0	23285	24131.5	24508	0.0038148893360165	PASS	711	0.0508090670364802	0.8624503578961128	0.913259424932593	0.9443651325687328	7:138725878	ABF_H4_DOMINANT	PASS	648	0.046715204987561	0.8668662066683346	0.9135814116558956	0.948865854327215	7:138732876	ABF_H4_DOMINANT	PASS	648	0.0467160246280912	0.8668406857939054	0.9135567104219966	0.948863574537686	7:138732876	ABF_H4_DOMINANT	PASS	648	0.0517744322279903	0.8526321783735102	0.9044066106015006	0.9427531470678256	7:138735734	ABF_H4_DOMINANT	PASS	648	0.0517744995483223	0.8526063090377922	0.9043808085861146	0.9427514393751176	7:138735734	ABF_H4_DOMINANT	PASS	648	0.0517533991981303	0.8526935398864584	0.9044469390845888	0.9427789547825643	7:138735734	ABF_H4_DOMINANT	PASS	ROBUST_H4_TRIGGER	ABF_H4_DOMINANT	UNINFORMATIVE	H4_TO_UNINFORMATIVE	NOT_COMPARABLE		648			0	H4	H4	H4	H4	H4	H4	UNINFORMATIVE	False	False	True	False	False	False	H4 -> H4 -> H4 -> UNINFORMATIVE
R7B1_002129	28	ZC3HAV1	CD8_ET	PRIMARY_184_TRIGGER_VERIFICATION	ABF_H4_DOMINANT	H4_SUPPORTED_STABLE	711	0c3ceb1a12189d914dad85d5f2ccef8a4a40b9b54981788432c2ffd87d6f771b	648	23ec0ff49ec2cb58019a220077c15c836a6d0277e03b053622e538a6f0bbbd30	63	0.0886075949367088	980	eefdcf2ec7f9af63360f34ae5e200f5efdb20274602cbb21f9e9b3e9edf7d3b7	9243fdb7d248ebaaff18fce9e573998a950b0a91a95f9d2050925c8f8a534ed4	427683353080d19f05e02535aefe5b4fad8c1a71c9f0ce11a86761f604a08917	0.8909846154482773	0.8906670547797175	642	6	0	23285	24131.5	24508	0.0038148893360165	PASS	711	0.0472996548913095	0.9524655542305036	0.9997652091218132	0.9526892369730916	7:138734838	ABF_H4_DOMINANT	PASS	648	0.0393148602498949	0.9604483810370738	0.9997632412869688	0.9606758294100852	7:138734838	ABF_H4_DOMINANT	PASS	648	0.0393138294361638	0.960449417904345	0.9997632473405088	0.9606768607060288	7:138734838	ABF_H4_DOMINANT	PASS	648	0.0576888325109247	0.9419616985564908	0.9996505310674156	0.94229099998644	7:138734838	ABF_H4_DOMINANT	PASS	648	0.0576860870442878	0.941964460371024	0.9996505474153118	0.9422937473565732	7:138734838	ABF_H4_DOMINANT	PASS	648	0.0575936800316101	0.9420583058502304	0.9996519858818406	0.9423862695768028	7:138734838	ABF_H4_DOMINANT	PASS	ROBUST_H4_TRIGGER	ABF_H4_DOMINANT	H4_SUPPORTED_STABLE	STABLE_H4	MATCH		648	0.956331132582876	0.956592301303681	1	H4	H4	H4	H4	H4	H4	H4	False	False	False	False	False	False	H4 -> H4 -> H4 -> H4
R7B1_002130	28	ZC3HAV1	CD8_NC	PRIMARY_184_TRIGGER_VERIFICATION	ABF_H4_DOMINANT	H4_SUPPORTED_STABLE	711	0c3ceb1a12189d914dad85d5f2ccef8a4a40b9b54981788432c2ffd87d6f771b	648	23ec0ff49ec2cb58019a220077c15c836a6d0277e03b053622e538a6f0bbbd30	63	0.0886075949367088	980	01667a1239933faf48a1b14eeeb9e4e7c0772e0c2f49cf5cfcbbc5d58a281bc7	8b1a8f9073e18f9e79cbf21a457ef6fb13fffda41d046601486f0a72c37f10ec	af4aaaee406b9060d2a64a23b0d9a923e04089012bc3861ba62d9d099d685998	0.8367381517986754	0.8365424857699786	642	6	0	23285	24131.5	24508	0.0038148893360165	PASS	711	0.0637958217909685	0.9358891989888656	0.9996850207798342	0.9361840775195344	7:138730361	ABF_H4_DOMINANT	PASS	648	0.0532392327702177	0.9464422363205094	0.9996814690907272	0.946743803485082	7:138730361	ABF_H4_DOMINANT	PASS	648	0.0532387506159716	0.9464427213062496	0.9996814719222212	0.9467442859437992	7:138730361	ABF_H4_DOMINANT	PASS	648	0.0988684565443722	0.900536870227962	0.9994053267723344	0.901072714047186	7:138730361	ABF_H4_DOMINANT	PASS	648	0.0988668701529219	0.9005384660655993	0.9994053362185212	0.9010743023176088	7:138730361	ABF_H4_DOMINANT	PASS	648	0.098922072470256	0.9004844497654487	0.9994065222357048	0.9010191846167224	7:138730361	ABF_H4_DOMINANT	PASS	ROBUST_H4_TRIGGER	ABF_H4_DOMINANT	H4_SUPPORTED_STABLE	STABLE_H4	MATCH		648	0.919898399189142	0.920354614218296	2	H4	H4	H4	H4	H4	H4	H4	False	False	False	False	False	False	H4 -> H4 -> H4 -> H4
R7B1_002131	28	ZC3HAV1	CD8_S100B	PRIMARY_184_TRIGGER_VERIFICATION	ABF_H4_DOMINANT	H4_SUPPORTED_STABLE	711	0c3ceb1a12189d914dad85d5f2ccef8a4a40b9b54981788432c2ffd87d6f771b	648	23ec0ff49ec2cb58019a220077c15c836a6d0277e03b053622e538a6f0bbbd30	63	0.0886075949367088	959	9691a8159df5ce825595559129e281b20aafe8eb3756280ec6991e953f77e5f6	96aaeb3c408e4cf81c510eebfa67f12d8a2a37d11d7f0abf9b177264816433de	3f9b030001c458ee4d83295d679400ea87d68a26d77f8dc15a3b5d79c16e76d2	0.9499469221831812	0.9497912561396376	642	6	0	23285	24131.5	24508	0.0038148893360165	PASS	711	0.0339350874036532	0.9658950872652288	0.999830174668882	0.966059148580016	7:138735734	ABF_H4_DOMINANT	PASS	648	0.0280921856468954	0.9717369618593834	0.9998291475062788	0.9719030139129656	7:138735734	ABF_H4_DOMINANT	PASS	648	0.0280920508222312	0.9717370974758188	0.99982914829805	0.971903148782919	7:138735734	ABF_H4_DOMINANT	PASS	648	0.0316469670846443	0.9681586304119086	0.9998055974965532	0.9683468794694824	7:138735734	ABF_H4_DOMINANT	PASS	648	0.0316468150618339	0.968158783339942	0.999805598401776	0.9683470315505108	7:138735734	ABF_H4_DOMINANT	PASS	648	0.0314690975864513	0.968338051244616	0.9998071488310672	0.9685248323906828	7:138735734	ABF_H4_DOMINANT	PASS	ROBUST_H4_TRIGGER	ABF_H4_DOMINANT	H4_SUPPORTED_STABLE	STABLE_H4	MATCH		648	0.968679043628398	0.96887044408465	1	H4	H4	H4	H4	H4	H4	H4	False	False	False	False	False	False	H4 -> H4 -> H4 -> H4
R7B1_002132	28	ZC3HAV1	DC	PRIMARY_184_TRIGGER_VERIFICATION	ABF_H4_DOMINANT	H4_SUPPORTED_STABLE	711	0c3ceb1a12189d914dad85d5f2ccef8a4a40b9b54981788432c2ffd87d6f771b	648	23ec0ff49ec2cb58019a220077c15c836a6d0277e03b053622e538a6f0bbbd30	63	0.0886075949367088	726	64e3488a7cd925f809a2c0517a93a2fa6f88473d140d192b48e29e9976a0feca	93472e72b9b0a85d462de3f14e9af9cbe60debeed8118dc45075b556b18d8022	346148a1214d1b02a0223ef80a57b804469236cbc0193870593f600756a9a4f8	0.964666267937486	0.9650987766737792	642	6	0	23285	24131.5	24508	0.0038148893360165	PASS	711	0.0431495332602962	0.9564831647398864	0.9996326980001824	0.9568346120063708	7:138732876	ABF_H4_DOMINANT	PASS	648	0.0357770627469924	0.963878237303296	0.9996553000502884	0.964210600648851	7:138732876	ABF_H4_DOMINANT	PASS	648	0.0357781241572826	0.963877274193808	0.9996553983510904	0.9642095423920104	7:138732876	ABF_H4_DOMINANT	PASS	648	0.0481425429475175	0.9513928230886152	0.9995353660361326	0.9518350779938514	7:138735734	ABF_H4_DOMINANT	PASS	648	0.0481454343261759	0.9513900490332404	0.9995354833594164	0.9518321909249684	7:138735734	ABF_H4_DOMINANT	PASS	648	0.0480768571381004	0.9514598764832012	0.9995367336213016	0.9519008601475616	7:138735734	ABF_H4_DOMINANT	PASS	ROBUST_H4_TRIGGER	ABF_H4_DOMINANT	H4_SUPPORTED_STABLE	STABLE_H4	MATCH		648	0.952488910214557	0.952943059358711	1	H4	H4	H4	H4	H4	H4	H4	False	False	False	False	False	False	H4 -> H4 -> H4 -> H4
R7B1_002135	28	ZC3HAV1	NK	PRIMARY_184_TRIGGER_VERIFICATION	ABF_H4_DOMINANT	H4_SUPPORTED_STABLE	711	0c3ceb1a12189d914dad85d5f2ccef8a4a40b9b54981788432c2ffd87d6f771b	648	23ec0ff49ec2cb58019a220077c15c836a6d0277e03b053622e538a6f0bbbd30	63	0.0886075949367088	980	eadb419e89a530cd50710534241ffbf8d5b4db73e81f8947d3b3dc9951adb9fc	28b790ee8ec5a13e439891cf038a0c64db6b1a94d983f0be8d8d6bf45f6c8e2b	727a679ea0c92206ad7b9817953be2d1bf2c4e7202172f7b2704c9e91a6b10c9	0.915916093780871	0.9156966239474806	642	6	0	23285	24131.5	24508	0.0038148893360165	PASS	711	0.0378941215965437	0.9619168080932764	0.9998109296898202	0.9620987123952528	7:138734838	ABF_H4_DOMINANT	PASS	648	0.0314112981592375	0.96839835754456	0.9998096557037977	0.9685827217410437	7:138734838	ABF_H4_DOMINANT	PASS	648	0.0314107644773367	0.968398894360549	0.999809658837886	0.9685832556230286	7:138734838	ABF_H4_DOMINANT	PASS	648	0.0396039701684484	0.9601542473100682	0.9997582174785166	0.9603864519680236	7:138735734	ABF_H4_DOMINANT	PASS	648	0.039602924203207	0.960155299503518	0.9997582237067252	0.9603874984329966	7:138735734	ABF_H4_DOMINANT	PASS	648	0.0395100165795075	0.9602493744469344	0.9997593910264416	0.9604804746680669	7:138735734	ABF_H4_DOMINANT	PASS	ROBUST_H4_TRIGGER	ABF_H4_DOMINANT	H4_SUPPORTED_STABLE	STABLE_H4	MATCH		648	0.96442041563804	0.964636087636829	1	H4	H4	H4	H4	H4	H4	H4	False	False	False	False	False	False	H4 -> H4 -> H4 -> H4
R7B1_002136	28	ZC3HAV1	NK_R	PRIMARY_184_TRIGGER_VERIFICATION	ABF_H4_DOMINANT	H4_SUPPORTED_STABLE	711	0c3ceb1a12189d914dad85d5f2ccef8a4a40b9b54981788432c2ffd87d6f771b	648	23ec0ff49ec2cb58019a220077c15c836a6d0277e03b053622e538a6f0bbbd30	63	0.0886075949367088	750	cc5e3d2930ff31e27a44eea39f88f6848c6ccec7ca16d94daea15171c6e35bc2	d4ec47d47be14d45c3a283671325dee9a9a412e79f4b722e1e5503225b37fb06	72b8ee8ade854ec7c65cc1c8015345e7135bdc399b8d5fdff7e9133bf4c4acdc	0.994446033185071	0.9944796111041344	642	6	0	23285	24131.5	24508	0.0038148893360165	PASS	711	0.0991983996354802	0.8866130594366106	0.9858114590720908	0.8993738622912213	7:138725878	ABF_H4_DOMINANT	PASS	648	0.1060540471933465	0.8768297777215731	0.9828838249149195	0.892099102147167	7:138701633	ABF_H4_DOMINANT	PASS	648	0.1060542830336575	0.8768300153867715	0.982884298420429	0.892098914181359	7:138701633	ABF_H4_DOMINANT	PASS	648	0.0696595859771023	0.9190363851291934	0.9886959711062956	0.9295439771043498	7:138701633	ABF_H4_DOMINANT	PASS	648	0.0696595965522898	0.9190367103092976	0.9886963068615876	0.9295439903346966	7:138701633	ABF_H4_DOMINANT	PASS	648	0.0699212455009816	0.9187341057651476	0.9886553512661294	0.9292764203304656	7:138701633	ABF_H4_DOMINANT	PASS	ROBUST_H4_TRIGGER	ABF_H4_DOMINANT	H4_SUPPORTED_STABLE	STABLE_H4	MATCH		648	0.92165054420039	0.927249719177697	1	H4	H4	H4	H4	H4	H4	H4	False	False	False	False	False	False	H4 -> H4 -> H4 -> H4
R7B1_002144	30	ANP32B	CD4_ET	PRIMARY_184_TRIGGER_VERIFICATION	ABF_H4_DOMINANT	UNINFORMATIVE	1168	d22a5da17cff5da22e61461d4aa8f2d0dce3c5831d6f9f267487c7e35887a99d	1084	e30cdcbc34270d53de63ea34ee6f302094b184261e63443750012e3dfd9787b6	84	0.071917808219178	980	6706e8f068cd7cd19b037b8419a08eb56ed35c7dfba139048988ffe00ff615b5	e0b2277da96457accce51d2fd53f6ccd37e45fc2c55ab8305db3a82e58eaf64b	85a8ac152acabe6de0d14c642ee06b3b2975040fa078d83060b3d1b47c4521d6	0.7333014293293	0.7336802209882909	1078	6	0	23301	24217.0	24510	0.0024696611505117	PASS	1168	0.010919629752272	0.9393119556504986	0.9502315854027706	0.988508454233666	9:100771440	ABF_H4_DOMINANT	PASS	1084	0.0092033248909132	0.9429848576016486	0.952188182492562	0.9903345524969428	9:100771440	ABF_H4_DOMINANT	PASS	1084	0.0092012813407682	0.9430026223748786	0.9522039037156468	0.9903368582035176	9:100771440	ABF_H4_DOMINANT	PASS	1084	0.0058624689592671	0.9621252482676876	0.9679877172269548	0.99394365356612	9:100780790	ABF_H4_DOMINANT	PASS	1084	0.0058609919911259	0.9621377325999194	0.9679987245910452	0.9939452482299478	9:100780790	ABF_H4_DOMINANT	PASS	1084	0.005858716343516	0.9621465048175808	0.9680052211610968	0.9939476397281324	9:100780790	ABF_H4_DOMINANT	PASS	ROBUST_H4_TRIGGER	ABF_H4_DOMINANT	UNINFORMATIVE	H4_TO_UNINFORMATIVE	NOT_COMPARABLE		1084			0	H4	H4	H4	H4	H4	H4	UNINFORMATIVE	False	False	True	False	False	False	H4 -> H4 -> H4 -> UNINFORMATIVE
R7B1_002145	30	ANP32B	CD4_NC	PRIMARY_184_TRIGGER_VERIFICATION	ABF_AMBIGUOUS	MODEL_SENSITIVE	1168	d22a5da17cff5da22e61461d4aa8f2d0dce3c5831d6f9f267487c7e35887a99d	1084	e30cdcbc34270d53de63ea34ee6f302094b184261e63443750012e3dfd9787b6	84	0.071917808219178	980	0935ecc01274e99130b8a116717385c02e24cf412bea77b8f4463ca28943ecfb	d832620faed826526b337fc039a4fc9895dd873b5433221af060e578ca93d23b	7c13b5f608d1f99dcebae865ace3e7f9979f2fe251704838b721467724f65ede	0.4401559030194921	0.4403849612256036	1078	6	0	23301	24217.0	24510	0.0024696611505117	PASS	1168	0.4151502938039796	0.5207260747879693	0.9358763685919488	0.556404769116476	9:100740124	ABF_AMBIGUOUS	PASS	1084	0.4043680188915767	0.5325993294585601	0.9369673483501368	0.5684289109928858	9:100740124	ABF_AMBIGUOUS	PASS	1084	0.4044262089914695	0.5325594553442076	0.9369856643356772	0.568375243736298	9:100740124	ABF_AMBIGUOUS	PASS	1084	0.3570938283293014	0.5887810000541478	0.9458748283834492	0.6224724269916412	9:100780790	ABF_AMBIGUOUS	PASS	1084	0.357147335458254	0.5887434877662684	0.9458908232245224	0.6224222429384122	9:100780790	ABF_AMBIGUOUS	PASS	1084	0.3570170483626642	0.5888693974382632	0.9458864458009274	0.622558236300383	9:100780790	ABF_AMBIGUOUS	PASS	H3_H4_AMBIGUITY_TRIGGER	ABF_AMBIGUOUS	MODEL_SENSITIVE	AMBIGUITY_REMAINS_MODEL_SENSITIVE	NOT_COMPARABLE		1084	0.579335915751049	0.614069470555931	1	AMBIGUOUS	AMBIGUOUS	AMBIGUOUS	AMBIGUOUS	AMBIGUOUS	AMBIGUOUS	MODEL_SENSITIVE	False	False	True	False	False	False	AMBIGUOUS -> AMBIGUOUS -> AMBIGUOUS -> MODEL_SENSITIVE
R7B1_002147	30	ANP32B	CD8_ET	PRIMARY_184_TRIGGER_VERIFICATION	ABF_H4_DOMINANT	H4_SUPPORTED_STABLE	1168	d22a5da17cff5da22e61461d4aa8f2d0dce3c5831d6f9f267487c7e35887a99d	1084	e30cdcbc34270d53de63ea34ee6f302094b184261e63443750012e3dfd9787b6	84	0.071917808219178	980	a4d89b52af2898cb246208cfac1f1a99f0b85a9ddcc8ca82a596667047830fe1	7b8d34ae04b4ffb437088a2e349d8422260fcdee2efc9618187d3c1f43d104d6	c540f87a00d838b7bebd4d211fcb161901769d61a3d72c8d5dbec541f74b9122	0.6496447306492169	0.6499793209620889	1078	6	0	23301	24217.0	24510	0.0024696611505117	PASS	1168	0.0079006621296578	0.9876327854767766	0.9955334476064344	0.9920638908229016	9:100740124	ABF_H4_DOMINANT	PASS	1084	0.0066923659573821	0.989080232782346	0.9957725987397285	0.9932792226198508	9:100740124	ABF_H4_DOMINANT	PASS	1084	0.0066919387981537	0.989083243397741	0.9957751821958948	0.993279669027906	9:100740124	ABF_H4_DOMINANT	PASS	1084	0.0047032591877887	0.9921955643758492	0.996898823563638	0.9952821098023008	9:100780790	ABF_H4_DOMINANT	PASS	1084	0.0047029407176948	0.9921977909219296	0.9969007316396244	0.9952824382925672	9:100780790	ABF_H4_DOMINANT	PASS	1084	0.0047005923300661	0.992199681359457	0.9969002736895232	0.9952847918150636	9:100780790	ABF_H4_DOMINANT	PASS	ROBUST_H4_TRIGGER	ABF_H4_DOMINANT	H4_SUPPORTED_STABLE	STABLE_H4	MATCH		1084	0.992440054625785	0.995382498933008	1	H4	H4	H4	H4	H4	H4	H4	False	False	False	False	False	False	H4 -> H4 -> H4 -> H4
R7B1_002148	30	ANP32B	CD8_NC	PRIMARY_184_TRIGGER_VERIFICATION	ABF_H4_DOMINANT	H4_SUPPORTED_STABLE	1168	d22a5da17cff5da22e61461d4aa8f2d0dce3c5831d6f9f267487c7e35887a99d	1084	e30cdcbc34270d53de63ea34ee6f302094b184261e63443750012e3dfd9787b6	84	0.071917808219178	980	ba94b125d7d1df0caf61d6569280f087e6c45eea28ae9d1c25bb1b8e075db31f	988fef625701c4c1da95976b8ca6a9b96f087af1a571ee5c83852df7f70b1f00	34192ffee447d75cea5b60946fe27308dfb427c3b3694453cb45e47553cb52e4	0.6513462214730912	0.6516696015052842	1078	6	0	23301	24217.0	24510	0.0024696611505117	PASS	1168	0.0076802868925795	0.9890249885725376	0.9967052754651172	0.9922943250310424	9:100740124	ABF_H4_DOMINANT	PASS	1084	0.0065563524308651	0.9903202573407814	0.9968766097716466	0.9934231053606856	9:100740124	ABF_H4_DOMINANT	PASS	1084	0.0065559470770523	0.9903226350074202	0.9968785820844726	0.9934235249960494	9:100740124	ABF_H4_DOMINANT	PASS	1084	0.0042937608034052	0.9935461024751104	0.9978398632785156	0.9956969440073304	9:100780790	ABF_H4_DOMINANT	PASS	1084	0.0042934686949918	0.993547773456449	0.9978412421514408	0.9956972426939033	9:100780790	ABF_H4_DOMINANT	PASS	1084	0.0042910042405099	0.9935499838725254	0.9978409881130352	0.9956997113852534	9:100780790	ABF_H4_DOMINANT	PASS	ROBUST_H4_TRIGGER	ABF_H4_DOMINANT	H4_SUPPORTED_STABLE	STABLE_H4	PF50_UNINFORMATIVE		1084	0.994530300137325	0.995960898627493	1	H4	H4	H4	H4	H4	H4	H4	False	False	False	False	False	False	H4 -> H4 -> H4 -> H4
R7B1_002156	30	C9orf156	B_IN	H3_RESCUE_FALSIFICATION	ABF_H3_DOMINANT	H3_SUPPORTED_STABLE	1168	d22a5da17cff5da22e61461d4aa8f2d0dce3c5831d6f9f267487c7e35887a99d	1084	e30cdcbc34270d53de63ea34ee6f302094b184261e63443750012e3dfd9787b6	84	0.071917808219178	975	fed8803e959ab6443b059958370b9ab3903acaf75728ca1273a31471a8d55c6a	1be238a18f0d1bcbe9fd3bd1cffa254c31cf5911cec9b5faf377a9f40a32383f	37151d9c70bb0ab07338fc471bc08bd04297926152b386d3852b7510b135acca	0.9611438743342317	0.9614772707113708	1078	6	0	23301	24217.0	24510	0.0024696611505117	PASS	1168	0.9932499832074732	0.0032447350784	0.9964947182858732	0.0032561487972374	9:100707255	ABF_H3_DOMINANT	PASS	1084	0.9927479328021864	0.003486071031382	0.9962340038335686	0.0034992491904185	9:100707255	ABF_H3_DOMINANT	PASS	1084	0.9927479375037932	0.0034860663119599	0.996234003815753	0.0034992444532185	9:100707255	ABF_H3_DOMINANT	PASS	1084	0.9999505529549207	3.651892994264074e-05	0.9999870718848636	3.651940206967541e-05	9:100707255	ABF_H3_DOMINANT	PASS	1084	0.9999505532811718	3.6518603692685405e-05	0.9999870718848644	3.651907581550219e-05	9:100707255	ABF_H3_DOMINANT	PASS	1084	0.9999506245455486	3.647724158071114e-05	0.9999871017871294	3.647771207800656e-05	9:100707255	ABF_H3_DOMINANT	PASS	H3_DISTINCT_SIGNAL	ABF_H3_DOMINANT	H3_SUPPORTED_STABLE	STABLE_H3	MATCH		1084	6.53597305462364e-06	6.53602747666766e-06	1	H3	H3	H3	H3	H3	H3	H3	False	False	False	False	False	False	H3 -> H3 -> H3 -> H3
R7B1_002157	30	C9orf156	B_MEM	H3_RESCUE_FALSIFICATION	ABF_H3_DOMINANT	H3_SUPPORTED_STABLE	1168	d22a5da17cff5da22e61461d4aa8f2d0dce3c5831d6f9f267487c7e35887a99d	1084	e30cdcbc34270d53de63ea34ee6f302094b184261e63443750012e3dfd9787b6	84	0.071917808219178	970	fdbba39dbca694d7a3644d931d4e5fda494a54344e9b22863216065ae5232877	891669e7b04f49f8d8591dbe88753ff814d6b1752f619fb048233399e34e05be	866477b17b98f6a766c262556b7358dd22bb1f07c8ac6a95d15167f6814aa31a	0.9780226297353802	0.978488408203408	1078	6	0	23301	24217.0	24510	0.0024696611505117	PASS	1168	0.9734643666611767	0.0044886690163224	0.9779530356774992	0.0045898615297132	9:100707255	ABF_H3_DOMINANT	PASS	1084	0.9728314017693266	0.0047162550032999	0.9775476567726266	0.0048245780864236	9:100707255	ABF_H3_DOMINANT	PASS	1084	0.9728444003752164	0.0047148536506956	0.977559254025912	0.0048230873282395	9:100707255	ABF_H3_DOMINANT	PASS	1084	0.979363041512247	0.0018076259965868	0.981170667508834	0.001842315568989	9:100780790	ABF_H3_DOMINANT	PASS	1084	0.9793763530604516	0.0018059905067404	0.981182343567192	0.0018406267892821	9:100780790	ABF_H3_DOMINANT	PASS	1084	0.9793630311253751	0.0018076664326519	0.9811706975580272	0.0018423567246259	9:100780790	ABF_H3_DOMINANT	PASS	H3_DISTINCT_SIGNAL	ABF_H3_DOMINANT	H3_SUPPORTED_STABLE	STABLE_H3	MATCH		1084	0.0011415503140146	0.0011631654746697	1	H3	H3	H3	H3	H3	H3	H3	False	False	False	False	False	False	H3 -> H3 -> H3 -> H3
R7B1_002158	30	C9orf156	CD4_ET	H3_RESCUE_FALSIFICATION	ABF_H3_DOMINANT	UNINFORMATIVE	1168	d22a5da17cff5da22e61461d4aa8f2d0dce3c5831d6f9f267487c7e35887a99d	1084	e30cdcbc34270d53de63ea34ee6f302094b184261e63443750012e3dfd9787b6	84	0.071917808219178	980	d8335d631033f677dce555196090f7e06b5507ed1737ef1ebc36502f758f667c	e0b2277da96457accce51d2fd53f6ccd37e45fc2c55ab8305db3a82e58eaf64b	85a8ac152acabe6de0d14c642ee06b3b2975040fa078d83060b3d1b47c4521d6	0.946181674332355	0.9466347742277162	1078	6	0	23301	24217.0	24510	0.0024696611505117	PASS	1168	0.7490772470046052	0.0606892667372126	0.8097665137418179	0.0749466243754339	9:100821275	ABF_H3_DOMINANT	PASS	1084	0.7445128462532975	0.0628884590881111	0.8074013053414086	0.0778899645963773	9:100821275	ABF_H3_DOMINANT	PASS	1084	0.7445870773238903	0.0628645771690209	0.8074516544929112	0.0778555308162698	9:100821275	ABF_H3_DOMINANT	PASS	1084	0.7642052944072925	0.0417305677228099	0.8059358621301024	0.0517790182614722	9:100780790	ABF_H3_DOMINANT	PASS	1084	0.7642773782355612	0.0417112969973989	0.8059886752329601	0.0517517159721169	9:100780790	ABF_H3_DOMINANT	PASS	1084	0.7642299713684638	0.0416996610833056	0.8059296324517695	0.0517410694485181	9:100780790	ABF_H3_DOMINANT	PASS	H3_DISTINCT_SIGNAL	ABF_H3_DOMINANT	UNINFORMATIVE	H3_TO_UNINFORMATIVE	NOT_COMPARABLE		1084			0	H3	H3	H3	H3	H3	H3	UNINFORMATIVE	False	False	True	False	False	False	H3 -> H3 -> H3 -> UNINFORMATIVE
R7B1_002159	30	C9orf156	CD4_NC	H3_RESCUE_FALSIFICATION	ABF_H3_DOMINANT	H3_SUPPORTED_STABLE	1168	d22a5da17cff5da22e61461d4aa8f2d0dce3c5831d6f9f267487c7e35887a99d	1084	e30cdcbc34270d53de63ea34ee6f302094b184261e63443750012e3dfd9787b6	84	0.071917808219178	980	5116daa2eef6c0a4c40dfa2524c4ae1b42f4a8a221de42661256b22cf85848d1	d832620faed826526b337fc039a4fc9895dd873b5433221af060e578ca93d23b	7c13b5f608d1f99dcebae865ace3e7f9979f2fe251704838b721467724f65ede	0.7479665628694623	0.7480556550651085	1078	6	0	23301	24217.0	24510	0.0024696611505117	PASS	1168	0.993223445658648	0.003271366186683	0.9964948118453312	0.0032828732752006	9:100707255	ABF_H3_DOMINANT	PASS	1084	0.9927194362400792	0.0035146755865097	0.996234111826589	0.0035279614949799	9:100707255	ABF_H3_DOMINANT	PASS	1084	0.992719435992664	0.003514675834857	0.996234111827521	0.0035279617442627	9:100707255	ABF_H3_DOMINANT	PASS	1084	0.9999478420544208	3.922986546107872e-05	0.9999870719198818	3.92303726344792e-05	9:100707255	ABF_H3_DOMINANT	PASS	1084	0.9999478421244198	3.9229795456042215e-05	0.9999870719198758	3.923030262853789e-05	9:100707255	ABF_H3_DOMINANT	PASS	1084	0.9999479373629496	3.91644588014544e-05	0.9999871018217512	3.9164963958140645e-05	9:100707255	ABF_H3_DOMINANT	PASS	H3_DISTINCT_SIGNAL	ABF_H3_DOMINANT	H3_SUPPORTED_STABLE	STABLE_H3	MATCH		1084	7.19969496335492e-06	7.19975491186648e-06	1	H3	H3	H3	H3	H3	H3	H3	False	False	False	False	False	False	H3 -> H3 -> H3 -> H3
R7B1_002161	30	C9orf156	CD8_ET	H3_RESCUE_FALSIFICATION	ABF_H3_DOMINANT	H3_SUPPORTED_STABLE	1168	d22a5da17cff5da22e61461d4aa8f2d0dce3c5831d6f9f267487c7e35887a99d	1084	e30cdcbc34270d53de63ea34ee6f302094b184261e63443750012e3dfd9787b6	84	0.071917808219178	980	aa6e54205bafd153b25d9c1a4ff44ffe592aa439e4d2821a0d2179779c5bb312	7b8d34ae04b4ffb437088a2e349d8422260fcdee2efc9618187d3c1f43d104d6	c540f87a00d838b7bebd4d211fcb161901769d61a3d72c8d5dbec541f74b9122	0.9328866281992764	0.9332099392905484	1078	6	0	23301	24217.0	24510	0.0024696611505117	PASS	1168	0.9932626454984338	0.0032320281458963	0.9964946736443302	0.0032433973119759	9:100679836	ABF_H3_DOMINANT	PASS	1084	0.9927615178386568	0.0034724345118927	0.9962339523505496	0.0034855613018405	9:100679836	ABF_H3_DOMINANT	PASS	1084	0.9927615203925274	0.0034724319483471	0.9962339523408744	0.0034855587286378	9:100679836	ABF_H3_DOMINANT	PASS	1084	0.99993731544018	4.975661566378063e-05	0.9999870720558436	4.975725892284536e-05	9:100679836	ABF_H3_DOMINANT	PASS	1084	0.999937315336433	4.975671940557714e-05	0.9999870720558386	4.97573626659833e-05	9:100679836	ABF_H3_DOMINANT	PASS	1084	0.9999374773898588	4.962456668216874e-05	0.9999871019565408	4.962520675024207e-05	9:100679836	ABF_H3_DOMINANT	PASS	H3_DISTINCT_SIGNAL	ABF_H3_DOMINANT	H3_SUPPORTED_STABLE	STABLE_H3	MATCH		1084	8.41323962994142e-06	8.4133096830308e-06	1	H3	H3	H3	H3	H3	H3	H3	False	False	False	False	False	False	H3 -> H3 -> H3 -> H3
R7B1_002162	30	C9orf156	CD8_NC	H3_RESCUE_FALSIFICATION	ABF_H3_DOMINANT	H3_SUPPORTED_STABLE	1168	d22a5da17cff5da22e61461d4aa8f2d0dce3c5831d6f9f267487c7e35887a99d	1084	e30cdcbc34270d53de63ea34ee6f302094b184261e63443750012e3dfd9787b6	84	0.071917808219178	980	809063bfed15335a222ca6f06437afddbe7c72989619ed299aaab90c25e991b0	988fef625701c4c1da95976b8ca6a9b96f087af1a571ee5c83852df7f70b1f00	34192ffee447d75cea5b60946fe27308dfb427c3b3694453cb45e47553cb52e4	0.9242647053558736	0.9246043935662434	1078	6	0	23301	24217.0	24510	0.0024696611505117	PASS	1168	0.9934858429459192	0.0030080438027998	0.9964938867487192	0.0030186274525117	9:100671500	ABF_H3_DOMINANT	PASS	1084	0.9930011440097284	0.0032319002311251	0.9962330442408536	0.0032441206902426	9:100671500	ABF_H3_DOMINANT	PASS	1084	0.9930011552741568	0.0032318889240116	0.9962330441981684	0.0032441093405136	9:100671500	ABF_H3_DOMINANT	PASS	1084	0.9999331214292536	5.395067893225001e-05	0.9999870721081858	5.395137640980746e-05	9:100671500	ABF_H3_DOMINANT	PASS	1084	0.9999331214698656	5.395063832552801e-05	0.9999870721081908	5.3951335802560216e-05	9:100671500	ABF_H3_DOMINANT	PASS	1084	0.9999333131475104	5.378886086857462e-05	0.9999871020083791	5.378955464579973e-05	9:100671500	ABF_H3_DOMINANT	PASS	H3_DISTINCT_SIGNAL	ABF_H3_DOMINANT	H3_SUPPORTED_STABLE	STABLE_H3	MATCH		1084	9.06394215503298e-06	9.06401765133866e-06	1	H3	H3	H3	H3	H3	H3	H3	False	False	False	False	False	False	H3 -> H3 -> H3 -> H3
R7B1_002163	30	C9orf156	CD8_S100B	H3_RESCUE_FALSIFICATION	ABF_H3_DOMINANT	MODEL_SENSITIVE	1168	d22a5da17cff5da22e61461d4aa8f2d0dce3c5831d6f9f267487c7e35887a99d	1084	e30cdcbc34270d53de63ea34ee6f302094b184261e63443750012e3dfd9787b6	84	0.071917808219178	959	de2b9847572ff1e697972c2b93acc4c780815e285464c41e75689f53ee4a303c	38f30bd5bfccbb98f2b0ca33faca31d9d454ebe4fb9f978c6e678c8f480c292c	0cfcfb2886930f1f6d976fc66c79ea6da9a188032f73fed8dcdb632fd3147b56	0.9864618562630032	0.9869721703529892	1078	6	0	23301	24217.0	24510	0.0024696611505117	PASS	1168	0.8444174599204534	0.0443010541271548	0.8887185140476082	0.0498482403898492	9:100821275	ABF_H3_DOMINANT	PASS	1084	0.8421949838477012	0.0447859441886908	0.8869809280363921	0.0504925672842125	9:100821275	ABF_H3_DOMINANT	PASS	1084	0.8422700034443125	0.0447625182082243	0.8870325216525368	0.0504632210382005	9:100821275	ABF_H3_DOMINANT	PASS	1084	0.862833291117986	0.025066700780874	0.88789999189886	0.0282314461195865	9:100780790	ABF_H3_DOMINANT	PASS	1084	0.8629034462439502	0.0250503617060536	0.8879538079500038	0.0282113342853799	9:100780790	ABF_H3_DOMINANT	PASS	1084	0.8628600326785508	0.0250365181133491	0.8878965507919	0.028197562082001	9:100780790	ABF_H3_DOMINANT	PASS	H3_DISTINCT_SIGNAL	ABF_H3_DOMINANT	MODEL_SENSITIVE	H3_TO_MODEL_SENSITIVE	NOT_COMPARABLE		1084	0.0303051002106758	0.0376462150135601	1	H3	H3	H3	H3	H3	H3	MODEL_SENSITIVE	False	False	True	False	False	False	H3 -> H3 -> H3 -> MODEL_SENSITIVE
R7B1_002167	30	C9orf156	NK	H3_RESCUE_FALSIFICATION	ABF_H3_DOMINANT	H3_SUPPORTED_STABLE	1168	d22a5da17cff5da22e61461d4aa8f2d0dce3c5831d6f9f267487c7e35887a99d	1084	e30cdcbc34270d53de63ea34ee6f302094b184261e63443750012e3dfd9787b6	84	0.071917808219178	980	696bb64a8b960137493d159ad1dd19667b40de1760c005e1950fd1ba0728ef0f	7fddf024e7d3502b8479db614d51e00f3b2cce81a1a88f49b048809998d4291e	85e0b56119f7710721daf6e4afa88c5df536bb3793afbec25175fc35ddc01b31	0.9197815926411028	0.9201673345320216	1078	6	0	23301	24217.0	24510	0.0024696611505117	PASS	1168	0.9932120556885478	0.0032827963126272	0.996494852001175	0.0032943434740628	9:100677134	ABF_H3_DOMINANT	PASS	1084	0.992707119564054	0.0035270389387943	0.9962341585028484	0.0035403714163895	9:100677134	ABF_H3_DOMINANT	PASS	1084	0.992707110087094	0.0035270484516709	0.996234158538765	0.0035403809650978	9:100677134	ABF_H3_DOMINANT	PASS	1084	0.99993295746754	5.4114644522488925e-05	0.9999870721120626	5.41153441195934e-05	9:100677134	ABF_H3_DOMINANT	PASS	1084	0.999932957048007	5.411506405878247e-05	0.9999870721120658	5.411576366131055e-05	9:100677134	ABF_H3_DOMINANT	PASS	1084	0.9999331747307412	5.392728117516653e-05	0.9999871020119162	5.392797673756788e-05	9:100677134	ABF_H3_DOMINANT	PASS	H3_DISTINCT_SIGNAL	ABF_H3_DOMINANT	H3_SUPPORTED_STABLE	STABLE_H3	MATCH		1084	8.9855974840611e-06	8.98567230282281e-06	1	H3	H3	H3	H3	H3	H3	H3	False	False	False	False	False	False	H3 -> H3 -> H3 -> H3
R7B1_002183	30	NANS	CD4_NC	PRIMARY_184_TRIGGER_VERIFICATION	ABF_AMBIGUOUS	UNINFORMATIVE	1168	d22a5da17cff5da22e61461d4aa8f2d0dce3c5831d6f9f267487c7e35887a99d	1084	e30cdcbc34270d53de63ea34ee6f302094b184261e63443750012e3dfd9787b6	84	0.071917808219178	980	73a0443ec930ae4c50eed831a460246f41bda065bef0994678eca033d19dfa69	d832620faed826526b337fc039a4fc9895dd873b5433221af060e578ca93d23b	7c13b5f608d1f99dcebae865ace3e7f9979f2fe251704838b721467724f65ede	0.6188675170717428	0.6191612398198905	1078	6	0	23301	24217.0	24510	0.0024696611505117	PASS	1168	0.6427677672181311	0.2239897099824717	0.8667574772006029	0.2584225874876779	9:100740124	ABF_AMBIGUOUS	PASS	1084	0.6344646601725094	0.2300340422138901	0.8644987023863995	0.26608951705641	9:100740124	ABF_AMBIGUOUS	PASS	1084	0.6344974581552735	0.2300164137635953	0.8645138719188687	0.2660644568409903	9:100740124	ABF_AMBIGUOUS	PASS	1084	0.6621136795084901	0.1995157326872358	0.861629412195726	0.2315563162808029	9:100780790	ABF_AMBIGUOUS	PASS	1084	0.6621507173059414	0.1994940069120574	0.8616447242179989	0.2315269870573533	9:100780790	ABF_AMBIGUOUS	PASS	1084	0.6621570748452709	0.1994633060875645	0.8616203809328353	0.2314978968714912	9:100780790	ABF_AMBIGUOUS	PASS	H3_H4_AMBIGUITY_TRIGGER	ABF_AMBIGUOUS	UNINFORMATIVE	AMBIGUITY_TO_UNINFORMATIVE	NOT_COMPARABLE		1084			0	AMBIGUOUS	AMBIGUOUS	AMBIGUOUS	AMBIGUOUS	AMBIGUOUS	AMBIGUOUS	UNINFORMATIVE	False	False	True	False	False	False	AMBIGUOUS -> AMBIGUOUS -> AMBIGUOUS -> UNINFORMATIVE
R7B1_002217	30	TMOD1	B_MEM	H3_RESCUE_FALSIFICATION	ABF_H3_DOMINANT	UNINFORMATIVE	1147	5b88cd4637fd9871f874c54ebea8bb077e190ee8f980d1b69847a235f1fcde11	1067	a7085af0b11c48bd90b422578954b814844d1630328087587213e1ad695afcf6	80	0.06974716652136	970	28ce31daf70a9f1d85a04bff9ffbeaa77846183e1979811c2967f634c340d526	891669e7b04f49f8d8591dbe88753ff814d6b1752f619fb048233399e34e05be	866477b17b98f6a766c262556b7358dd22bb1f07c8ac6a95d15167f6814aa31a	0.8923052394950024	0.892751089525582	1061	6	0	23301	24218.0	24510	0.0024696611505117	PASS	1147	0.9725170151201398	0.0010380629337475	0.9735550780538872	0.0010662600988354	9:100771440	ABF_H3_DOMINANT	PASS	1067	0.9722263420268672	0.0010340331050463	0.9732603751319135	0.0010624424167131	9:100771440	ABF_H3_DOMINANT	PASS	1067	0.9722398576294952	0.0010331467086025	0.9732730043380978	0.0010615178927161	9:100771440	ABF_H3_DOMINANT	PASS	1067	0.9760083941910668	0.000924990926937	0.976933385118004	0.0009468311156398	9:100780790	ABF_H3_DOMINANT	PASS	1067	0.9760219742257628	0.0009240922939616	0.9769460665197244	0.0009458989862701	9:100780790	ABF_H3_DOMINANT	PASS	1067	0.9760084650564016	0.0009249482644504	0.976933413320852	0.0009467874185061	9:100780790	ABF_H3_DOMINANT	PASS	H3_DISTINCT_SIGNAL	ABF_H3_DOMINANT	UNINFORMATIVE	H3_TO_UNINFORMATIVE	NOT_COMPARABLE		1067			0	H3	H3	H3	H3	H3	H3	UNINFORMATIVE	False	False	True	False	False	False	H3 -> H3 -> H3 -> UNINFORMATIVE
R7B1_002218	30	TMOD1	CD4_ET	H3_RESCUE_FALSIFICATION	ABF_H3_DOMINANT	H3_SUPPORTED_STABLE	1147	5b88cd4637fd9871f874c54ebea8bb077e190ee8f980d1b69847a235f1fcde11	1067	a7085af0b11c48bd90b422578954b814844d1630328087587213e1ad695afcf6	80	0.06974716652136	980	26936cff208d0933c2f1f32846667ff918f6f7b96224897952041b83a1762dd2	e0b2277da96457accce51d2fd53f6ccd37e45fc2c55ab8305db3a82e58eaf64b	85a8ac152acabe6de0d14c642ee06b3b2975040fa078d83060b3d1b47c4521d6	0.9953322976406036	0.9958504439207638	1061	6	0	23301	24218.0	24510	0.0024696611505117	PASS	1147	0.9961529159997308	0.0001053496855254	0.9962582656852562	0.0001057453565546	9:100335653	ABF_H3_DOMINANT	PASS	1067	0.9958833451124176	0.0001125534969184	0.995995898609336	0.0001130059843375	9:100335653	ABF_H3_DOMINANT	PASS	1067	0.9958835994606334	0.0001125411958565	0.99599614065649	0.0001129936063631	9:100335653	ABF_H3_DOMINANT	PASS	1067	0.9997518280672356	9.003118840558327e-06	0.9997608311860762	9.005272620930135e-06	9:100780790	ABF_H3_DOMINANT	PASS	1067	0.9997520840025108	8.990217239434824e-06	0.9997610742197502	8.992365747437322e-06	9:100780790	ABF_H3_DOMINANT	PASS	1067	0.9997518592449331	9.001837690509768e-06	0.9997608610826236	9.0039908951445e-06	9:100780790	ABF_H3_DOMINANT	PASS	H3_DISTINCT_SIGNAL	ABF_H3_DOMINANT	H3_SUPPORTED_STABLE	STABLE_H3	MATCH		1067	5.48730428865996e-06	5.48889982237148e-06	1	H3	H3	H3	H3	H3	H3	H3	False	False	False	False	False	False	H3 -> H3 -> H3 -> H3
R7B1_002219	30	TMOD1	CD4_NC	H3_RESCUE_FALSIFICATION	ABF_H3_DOMINANT	H3_SUPPORTED_STABLE	1147	5b88cd4637fd9871f874c54ebea8bb077e190ee8f980d1b69847a235f1fcde11	1067	a7085af0b11c48bd90b422578954b814844d1630328087587213e1ad695afcf6	80	0.06974716652136	980	277b816fdc08d8015e98b2f852f58d05d47d3998f21d8de57b6b75787bae6387	d832620faed826526b337fc039a4fc9895dd873b5433221af060e578ca93d23b	7c13b5f608d1f99dcebae865ace3e7f9979f2fe251704838b721467724f65ede	0.917251279165106	0.9177143900335074	1061	6	0	23301	24218.0	24510	0.0024696611505117	PASS	1147	0.9964484340380994	3.5003551513732575e-05	0.9964834375896132	3.512707807608165e-05	9:100337311	ABF_H3_DOMINANT	PASS	1067	0.9961833646095126	3.761602485588983e-05	0.9962209806343684	3.775871577402123e-05	9:100337311	ABF_H3_DOMINANT	PASS	1067	0.9961833645036424	3.7616131128859805e-05	0.9962209806347712	3.7758822450107e-05	9:100337311	ABF_H3_DOMINANT	PASS	1067	0.9999869394966892	1.3191816626368337e-07	0.9999870714148554	1.319198718009782e-07	9:100337311	ABF_H3_DOMINANT	PASS	1067	0.9999869394969094	1.3191795062202133e-07	0.99998707141486	1.3191965615652756e-07	9:100337311	ABF_H3_DOMINANT	PASS	1067	0.999986969707826	1.3161091221285157e-07	0.9999871013187382	1.3161260984195598e-07	9:100337311	ABF_H3_DOMINANT	PASS	H3_DISTINCT_SIGNAL	ABF_H3_DOMINANT	H3_SUPPORTED_STABLE	STABLE_H3	MATCH		1067	1.3289326244076e-07	1.32894366715067e-07	1	H3	H3	H3	H3	H3	H3	H3	False	False	False	False	False	False	H3 -> H3 -> H3 -> H3
R7B1_002220	30	TMOD1	CD8_ET	H3_RESCUE_FALSIFICATION	ABF_H3_DOMINANT	H3_SUPPORTED_STABLE	1147	5b88cd4637fd9871f874c54ebea8bb077e190ee8f980d1b69847a235f1fcde11	1067	a7085af0b11c48bd90b422578954b814844d1630328087587213e1ad695afcf6	80	0.06974716652136	980	4b05366b97a33b865b6abe4e62ac88b74d774094988779290138934083c63ee8	7b8d34ae04b4ffb437088a2e349d8422260fcdee2efc9618187d3c1f43d104d6	c540f87a00d838b7bebd4d211fcb161901769d61a3d72c8d5dbec541f74b9122	0.9850054723246884	0.9854893523564658	1061	6	0	23301	24218.0	24510	0.0024696611505117	PASS	1147	0.9755076234703786	0.0029010790456906	0.9784087025160692	0.0029650993886606	9:100740124	ABF_H3_DOMINANT	PASS	1067	0.975141906355105	0.0029714557365451	0.97811336209165	0.0030379461642266	9:100740124	ABF_H3_DOMINANT	PASS	1067	0.9751542259913112	0.0029691447555057	0.978123370746817	0.0030355524101614	9:100740124	ABF_H3_DOMINANT	PASS	1067	0.9780379148235496	0.0037766861659954	0.981814600989545	0.0038466388279305	9:100780790	ABF_H3_DOMINANT	PASS	1067	0.9780508849934736	0.0037737517069447	0.9818246367004184	0.003843610728314	9:100780790	ABF_H3_DOMINANT	PASS	1067	0.9780366025332964	0.0037780526225602	0.9818146551558564	0.0038480303820281	9:100780790	ABF_H3_DOMINANT	PASS	H3_DISTINCT_SIGNAL	ABF_H3_DOMINANT	H3_SUPPORTED_STABLE	STABLE_H3	PF50_UNINFORMATIVE		1067	0.0028915798628345	0.0029538023787938	1	H3	H3	H3	H3	H3	H3	H3	False	False	False	False	False	False	H3 -> H3 -> H3 -> H3
R7B1_002221	30	TMOD1	CD8_NC	H3_RESCUE_FALSIFICATION	ABF_H3_DOMINANT	H3_SUPPORTED_STABLE	1147	5b88cd4637fd9871f874c54ebea8bb077e190ee8f980d1b69847a235f1fcde11	1067	a7085af0b11c48bd90b422578954b814844d1630328087587213e1ad695afcf6	80	0.06974716652136	980	dd9b8d84fd021150a72d5393b6f161ee973a57b63f42b490e59f66886e0f262f	988fef625701c4c1da95976b8ca6a9b96f087af1a571ee5c83852df7f70b1f00	34192ffee447d75cea5b60946fe27308dfb427c3b3694453cb45e47553cb52e4	0.9881451639060088	0.9886635661636204	1061	6	0	23301	24218.0	24510	0.0024696611505117	PASS	1147	0.9881686636351992	0.0006079432943686	0.9887766069295676	0.0006148439294659	9:100851420	ABF_H3_DOMINANT	PASS	1067	0.987911065027094	0.0005817563083461	0.9884928213354404	0.0005885286122363	9:100849500	ABF_H3_DOMINANT	PASS	1067	0.9879164539331792	0.0005812401087234	0.9884976940419026	0.0005880035049416	9:100849500	ABF_H3_DOMINANT	PASS	1067	0.991852784498336	0.000373236553734	0.99222602105207	0.0003761608200299	9:100780790	ABF_H3_DOMINANT	PASS	1067	0.9918580656585048	0.0003728505021533	0.992230916160658	0.0003757698899325	9:100780790	ABF_H3_DOMINANT	PASS	1067	0.9918530911649234	0.0003729573788683	0.9922260485437916	0.0003758794474462	9:100780790	ABF_H3_DOMINANT	PASS	H3_DISTINCT_SIGNAL	ABF_H3_DOMINANT	H3_SUPPORTED_STABLE	STABLE_H3	MATCH		1067	0.0002468887108972	0.000249109808365	1	H3	H3	H3	H3	H3	H3	H3	False	False	False	False	False	False	H3 -> H3 -> H3 -> H3
R7B1_002223	30	TMOD1	NK	H3_RESCUE_FALSIFICATION	ABF_H3_DOMINANT	H3_SUPPORTED_STABLE	1147	5b88cd4637fd9871f874c54ebea8bb077e190ee8f980d1b69847a235f1fcde11	1067	a7085af0b11c48bd90b422578954b814844d1630328087587213e1ad695afcf6	80	0.06974716652136	980	5627d424db323b2a18dc49a0f140bf5ccfcc6fdeb0c06956c242bb839f858815	7fddf024e7d3502b8479db614d51e00f3b2cce81a1a88f49b048809998d4291e	85e0b56119f7710721daf6e4afa88c5df536bb3793afbec25175fc35ddc01b31	0.9829422768371496	0.9834513936456204	1061	6	0	23301	24218.0	24510	0.0024696611505117	PASS	1147	0.9964477970854608	3.562827862326092e-05	0.996483425364084	3.575401026890482e-05	9:100337311	ABF_H3_DOMINANT	PASS	1067	0.9961826814749	3.828727723740088e-05	0.9962209687521372	3.843251491218799e-05	9:100337311	ABF_H3_DOMINANT	PASS	1067	0.9961826814563866	3.82873207722046e-05	0.9962209687771588	3.843255861116989e-05	9:100337311	ABF_H3_DOMINANT	PASS	1067	0.9999869246054784	1.3233786350025174e-07	0.9999870569433418	1.3233957637888697e-07	9:100337311	ABF_H3_DOMINANT	PASS	1067	0.999986924632166	1.323361276153496e-07	0.9999870569682936	1.3233784046821473e-07	9:100337311	ABF_H3_DOMINANT	PASS	1067	0.999986954814437	1.320327832932608e-07	0.9999870868472204	1.3203448827478008e-07	9:100337311	ABF_H3_DOMINANT	PASS	H3_DISTINCT_SIGNAL	ABF_H3_DOMINANT	H3_SUPPORTED_STABLE	STABLE_H3	MATCH		1067	1.32253780664095e-07	1.32254883294953e-07	1	H3	H3	H3	H3	H3	H3	H3	False	False	False	False	False	False	H3 -> H3 -> H3 -> H3
R7B1_002227	30	TRIM14	CD4_NC	PRIMARY_184_TRIGGER_VERIFICATION	ABF_H4_DOMINANT	UNINFORMATIVE	1168	d22a5da17cff5da22e61461d4aa8f2d0dce3c5831d6f9f267487c7e35887a99d	1084	e30cdcbc34270d53de63ea34ee6f302094b184261e63443750012e3dfd9787b6	84	0.071917808219178	980	b0fe6bbe63a5c5df753bac4422a2b13e36f6923fa28f468a2e45d94cd54712cb	d832620faed826526b337fc039a4fc9895dd873b5433221af060e578ca93d23b	7c13b5f608d1f99dcebae865ace3e7f9979f2fe251704838b721467724f65ede	0.6547089523206745	0.6550605042994803	1078	6	0	23301	24217.0	24510	0.0024696611505117	PASS	1168	0.0172517933989344	0.9207427247108684	0.9379945181098028	0.9816077886748216	9:100740124	ABF_H4_DOMINANT	PASS	1084	0.0153014586267257	0.925314818853365	0.9406162774800908	0.9837325177194272	9:100740124	ABF_H4_DOMINANT	PASS	1084	0.0152989391797252	0.9253342150237076	0.9406331542034329	0.9837354880472174	9:100740124	ABF_H4_DOMINANT	PASS	1084	0.0154668482623917	0.924833592297097	0.9403004405594888	0.9835511634417732	9:100780790	ABF_H4_DOMINANT	PASS	1084	0.0154646253896206	0.924851622137672	0.9403162475272928	0.983553803914069	9:100780790	ABF_H4_DOMINANT	PASS	1084	0.0154676236111811	0.9248300084064752	0.9402976320176564	0.9835502897332716	9:100780790	ABF_H4_DOMINANT	PASS	ROBUST_H4_TRIGGER	ABF_H4_DOMINANT	UNINFORMATIVE	H4_TO_UNINFORMATIVE	NOT_COMPARABLE		1084			0	H4	H4	H4	H4	H4	H4	UNINFORMATIVE	False	False	True	False	False	False	H4 -> H4 -> H4 -> UNINFORMATIVE
R7B1_002289	31	TNFSF8	CD4_NC	PRIMARY_184_TRIGGER_VERIFICATION	ABF_AMBIGUOUS	MODEL_SENSITIVE	1140	700d626d42ed03a4eadcd5cd269b301aea1421795036dc0d370c336196181e13	1091	0f0f3bc1eab10ac1d94d4bf3d6a70cfbd72485fb2e7a6b843bf5d49176e97539	49	0.0429824561403508	980	48ed2af787d8a8dd5d7afd26cc0a839ec07bef1ca915beb381e3164e66faf71c	9ecc2ac1e8385a01f71bbd6d2f6628059186e776b74fbf570cab32b5cbbe76aa	b8dcdda432e9db8625b3310d5297cf881141a543b0a9528f3f9e9e8a93ce033d	0.8543098281021453	0.8542389727575432	1090	1	0	23293	24246.0	24510	0.0031682991985748	PASS	1140	0.3102461075678859	0.5771509343605322	0.8873970419284181	0.6503863626886962	9:117568766	ABF_AMBIGUOUS	PASS	1091	0.3129481883366072	0.5718367059547323	0.8847848942913397	0.6463002585648117	9:117568766	ABF_AMBIGUOUS	PASS	1091	0.3129394427814926	0.5718486564400824	0.8847880992215751	0.6463114241061644	9:117568766	ABF_AMBIGUOUS	PASS	1091	0.3633971450497042	0.5466940027577665	0.9100911478074708	0.6007024725763175	9:117563687	ABF_AMBIGUOUS	PASS	1091	0.3633833268642125	0.5467112254997333	0.910094552363946	0.6007191495429411	9:117563687	ABF_AMBIGUOUS	PASS	1091	0.3633586373818067	0.5469198308695341	0.9102784682513408	0.6008269446603255	9:117563687	ABF_AMBIGUOUS	PASS	H3_H4_AMBIGUITY_TRIGGER	ABF_AMBIGUOUS	MODEL_SENSITIVE	AMBIGUITY_REMAINS_MODEL_SENSITIVE	NOT_COMPARABLE		1091	0.267932428317161	0.32653051806013	1	AMBIGUOUS	AMBIGUOUS	AMBIGUOUS	AMBIGUOUS	AMBIGUOUS	AMBIGUOUS	MODEL_SENSITIVE	False	False	True	False	False	False	AMBIGUOUS -> AMBIGUOUS -> AMBIGUOUS -> MODEL_SENSITIVE
R7B1_002291	31	TNFSF8	CD8_ET	PRIMARY_184_TRIGGER_VERIFICATION	ABF_H4_DOMINANT	UNINFORMATIVE	1140	700d626d42ed03a4eadcd5cd269b301aea1421795036dc0d370c336196181e13	1091	0f0f3bc1eab10ac1d94d4bf3d6a70cfbd72485fb2e7a6b843bf5d49176e97539	49	0.0429824561403508	980	e00fdfde25d65cd311d8072070c8d350f17655eb7329beaa485e559c2bd07a57	27cc093fe0b0bd75043bdac2ddba7e0a811b26bb284531148c7abd55ecde56f6	fe246bb158d67b469b46ba3770939dd66ccd2b444e0315f9403d351f222789b4	0.9264613059922902	0.9264140192515906	1090	1	0	23293	24246.0	24510	0.0031682991985748	PASS	1140	0.02173551690034	0.8251784595029037	0.8469139764032437	0.9743356261604648	9:117568766	ABF_H4_DOMINANT	PASS	1091	0.0184740486258094	0.8286520638138218	0.8471261124396313	0.9781920916442934	9:117568766	ABF_H4_DOMINANT	PASS	1091	0.0184744183243307	0.8286502782911637	0.8471246966154945	0.9781916187803976	9:117568766	ABF_H4_DOMINANT	PASS	1091	0.023097778417808	0.8063661989525427	0.8294639773703507	0.972153367659154	9:117568766	ABF_H4_DOMINANT	PASS	1091	0.0230982252058061	0.8063642701454344	0.8294624953512406	0.9721527792573368	9:117568766	ABF_H4_DOMINANT	PASS	1091	0.023059568044783	0.8067503554976977	0.8298099235424807	0.9722110240061468	9:117568766	ABF_H4_DOMINANT	PASS	ROBUST_H4_TRIGGER	ABF_H4_DOMINANT	UNINFORMATIVE	H4_TO_UNINFORMATIVE	NOT_COMPARABLE		1091			0	H4	H4	H4	H4	H4	H4	UNINFORMATIVE	False	False	True	False	False	False	H4 -> H4 -> H4 -> UNINFORMATIVE
R7B1_002292	31	TNFSF8	CD8_NC	PRIMARY_184_TRIGGER_VERIFICATION	ABF_AMBIGUOUS	MODEL_SENSITIVE	1140	700d626d42ed03a4eadcd5cd269b301aea1421795036dc0d370c336196181e13	1091	0f0f3bc1eab10ac1d94d4bf3d6a70cfbd72485fb2e7a6b843bf5d49176e97539	49	0.0429824561403508	980	49105eb1b2fdbd9d0c885c0a27d5bbb6e3af26faaece7505c9dce0c0325028ce	2ee931817e5542e69ace8a101fbdaae0492a5dbde04e5697a5137a2dbf2b5491	b80b26cae4b92b59635c2b002c5e255abeede3978825056ea3e42c60cab77c4b	0.976309231339872	0.9761871520651044	1090	1	0	23293	24246.0	24510	0.0031682991985748	PASS	1140	0.480868402271338	0.3378261519939812	0.8186945542653192	0.412640038014104	9:117586409	ABF_AMBIGUOUS	PASS	1091	0.4773666951440458	0.3401285407969754	0.8174952359410212	0.4160618017613918	9:117586409	ABF_AMBIGUOUS	PASS	1091	0.4773633780825204	0.3401306714542103	0.8174940495367307	0.4160650119067661	9:117586409	ABF_AMBIGUOUS	PASS	1091	0.6257178786330918	0.2113445370706757	0.8370624157037676	0.2524836058885596	9:117586409	ABF_AMBIGUOUS	PASS	1091	0.6257149318493682	0.2113453198921326	0.8370602517415009	0.252485193810636	9:117586409	ABF_AMBIGUOUS	PASS	1091	0.6261372742750795	0.211125418003576	0.8372626922786555	0.2521615019403131	9:117586409	ABF_AMBIGUOUS	PASS	H3_H4_AMBIGUITY_TRIGGER	ABF_AMBIGUOUS	MODEL_SENSITIVE	AMBIGUITY_REMAINS_MODEL_SENSITIVE	NOT_COMPARABLE		1091	0.233222090608592	0.285845705253861	1	AMBIGUOUS	AMBIGUOUS	AMBIGUOUS	AMBIGUOUS	AMBIGUOUS	AMBIGUOUS	MODEL_SENSITIVE	False	False	True	False	False	False	AMBIGUOUS -> AMBIGUOUS -> AMBIGUOUS -> MODEL_SENSITIVE
R7B1_002307	32	C10orf128	B_MEM	H3_RESCUE_FALSIFICATION	ABF_H3_DOMINANT	H3_SUPPORTED_STABLE	1343	9ae769719d959f6ed44e59bd03b561f2d79f260c69c31cd20075090fde03e257	1283	270d862597305607b7dfd9484a3cfafc5cab80c9a2da6811175545674db80997	60	0.0446760982874162	970	58a716bde9eaca2686401d5beb94312813ab1a56e8cdc4d203d9eb28b6510284	be82ae104933e139737ad0d22e91e74345b01664f92e2624fe626fef7d2da027	1628f5399da1f9438453962a9b02077abdc71ca21974a79433a49aa1348a6d86	0.8799884909416451	0.8798837233885822	1266	17	0	23285	24291.0	24510	0.0026291793313069	PASS	1343	0.999772189872178	2.673394371601969e-06	0.9997748632665496	2.6739963864136646e-06	10:50412667	ABF_H3_DOMINANT	PASS	1283	0.9997721870051802	2.6734267773563948e-06	0.9997748604319576	2.674028807046946e-06	10:50412667	ABF_H3_DOMINANT	PASS	1283	0.9997721864751048	2.673457929416633e-06	0.999774859933034	2.674059967456777e-06	10:50412667	ABF_H3_DOMINANT	PASS	1283	0.9999756978099668	3.067115573472683e-07	0.9999760045215242	3.067189172144444e-07	10:50415640	ABF_H3_DOMINANT	PASS	1283	0.9999756972798688	3.067426267781254e-07	0.9999760040224954	3.0674998754392604e-07	10:50415640	ABF_H3_DOMINANT	PASS	1283	0.9999755249909504	3.085189197661907e-07	0.9999758335098704	3.085263757658054e-07	10:50415640	ABF_H3_DOMINANT	PASS	H3_DISTINCT_SIGNAL	ABF_H3_DOMINANT	H3_SUPPORTED_STABLE	STABLE_H3	MATCH		1283	3.44953009684636e-07	3.44960503076142e-07	1	H3	H3	H3	H3	H3	H3	H3	False	False	False	False	False	False	H3 -> H3 -> H3 -> H3
R7B1_002308	32	C10orf128	CD4_ET	H3_RESCUE_FALSIFICATION	ABF_H3_DOMINANT	H3_SUPPORTED_STABLE	1343	9ae769719d959f6ed44e59bd03b561f2d79f260c69c31cd20075090fde03e257	1283	270d862597305607b7dfd9484a3cfafc5cab80c9a2da6811175545674db80997	60	0.0446760982874162	980	47467145bbbde42cad48b556503dfc3d21cdd858161ec2a40a03577b1d68458c	5dcc4949f5c31fc16cf455db5746aaeddedc838fa33e787a34e97ae348ff3cb7	da48df349e7246eff1b286fbbacfa6b6c6ebbe0acace8aabe265b504cd34d0cf	0.91948265101246	0.9194212083591212	1266	17	0	23285	24291.0	24510	0.0026291793313069	PASS	1343	0.9997736435814883	2.605010996655784e-06	0.9997762485924852	2.60559400198114e-06	10:50412667	ABF_H3_DOMINANT	PASS	1283	0.9997736407152324	2.6050428345395517e-06	0.999776245758067	2.6056258543773583e-06	10:50412667	ABF_H3_DOMINANT	PASS	1283	0.9997736407152252	2.605042842574643e-06	0.999776245758068	2.6056258624142462e-06	10:50412667	ABF_H3_DOMINANT	PASS	1283	0.9999771511949463	2.389484355425667e-07	0.999977390143382	2.389538382545879e-07	10:50415640	ABF_H3_DOMINANT	PASS	1283	0.9999771511949463	2.389484364423168e-07	0.9999773901433828	2.3895383915435816e-07	10:50415640	ABF_H3_DOMINANT	PASS	1283	0.9999769783760802	2.407553994665887e-07	0.9999772191314796	2.407608842086367e-07	10:50415640	ABF_H3_DOMINANT	PASS	H3_DISTINCT_SIGNAL	ABF_H3_DOMINANT	H3_SUPPORTED_STABLE	STABLE_H3	MATCH		1283	2.99217153788213e-07	2.99223108219077e-07	1	H3	H3	H3	H3	H3	H3	H3	False	False	False	False	False	False	H3 -> H3 -> H3 -> H3
R7B1_002309	32	C10orf128	CD4_NC	H3_RESCUE_FALSIFICATION	ABF_H3_DOMINANT	H3_SUPPORTED_STABLE	1343	9ae769719d959f6ed44e59bd03b561f2d79f260c69c31cd20075090fde03e257	1283	270d862597305607b7dfd9484a3cfafc5cab80c9a2da6811175545674db80997	60	0.0446760982874162	980	f11b2174936ff5007173abdef9225d467956e7072153c8a841c350a94f94e039	e103ef613577bfc34c0c3fdd927a2aa03c5bab9d63a2f66dafda4c44c7efe28c	eccdba46886bb49646933fe8030a5945b8bc82626cff1dcfd3050ced027a4c1d	0.8431892478876724	0.8431605160691142	1266	17	0	23285	24291.0	24510	0.0026291793313069	PASS	1343	0.999773643324458	2.605269879720122e-06	0.9997762485943378	2.6058529429790626e-06	10:50412667	ABF_H3_DOMINANT	PASS	1283	0.9997736404570442	2.605302882483915e-06	0.9997762457599266	2.6058859605167284e-06	10:50412667	ABF_H3_DOMINANT	PASS	1283	0.99977364045703	2.60530289347866e-06	0.9997762457599236	2.605885971513942e-06	10:50412667	ABF_H3_DOMINANT	PASS	1283	0.9999771511703976	2.389747812553528e-07	0.999977390145179	2.389801845626308e-07	10:50415640	ABF_H3_DOMINANT	PASS	1283	0.9999771511703976	2.389747823748866e-07	0.99997739014518	2.389801856821897e-07	10:50415640	ABF_H3_DOMINANT	PASS	1283	0.9999769783513396	2.407819454195485e-07	0.9999772191332852	2.407874307659154e-07	10:50415640	ABF_H3_DOMINANT	PASS	H3_DISTINCT_SIGNAL	ABF_H3_DOMINANT	H3_SUPPORTED_STABLE	STABLE_H3	MATCH		1283	0.0058122143867362	0.0072088399842371	2	H3	H3	H3	H3	H3	H3	H3	False	False	False	False	False	False	H3 -> H3 -> H3 -> H3
R7B1_002310	32	C10orf128	CD8_ET	H3_RESCUE_FALSIFICATION	ABF_H3_DOMINANT	H3_SUPPORTED_STABLE	1343	9ae769719d959f6ed44e59bd03b561f2d79f260c69c31cd20075090fde03e257	1283	270d862597305607b7dfd9484a3cfafc5cab80c9a2da6811175545674db80997	60	0.0446760982874162	980	4dad22fb0a995e1a42841f85c3512a4f0a2aef823e31bfb3adcea05c3970fa20	62d0e0ceb03bb2c911205084c7b2ac0c214f1ee6ba06945f300129dd362eb26c	129076d74d988d963ae0e5facd799d5d3ea2a1f0b91acf0e6c54d7a7641ac1a5	0.8732747432512338	0.873577540369821	1266	17	0	23285	24291.0	24510	0.0026291793313069	PASS	1343	0.9997702941342392	5.95520890751436e-06	0.9997762493431468	5.956541687629541e-06	10:50391910	ABF_H3_DOMINANT	PASS	1283	0.99976964160699	6.605047002151309e-06	0.999776246653992	6.606525234277964e-06	10:50417663	ABF_H3_DOMINANT	PASS	1283	0.9997696414399088	6.605214123349535e-06	0.9997762466540322	6.606692392878222e-06	10:50417663	ABF_H3_DOMINANT	PASS	1283	0.9999769057154102	4.844353111204649e-07	0.9999773901507212	4.84446264377486e-07	10:50417663	ABF_H3_DOMINANT	PASS	1283	0.999976905705946	4.844447881049251e-07	0.999977390150734	4.844557415762181e-07	10:50417663	ABF_H3_DOMINANT	PASS	1283	0.9999767309752312	4.881636769667051e-07	0.9999772191389082	4.881747980089671e-07	10:50417663	ABF_H3_DOMINANT	PASS	H3_DISTINCT_SIGNAL	ABF_H3_DOMINANT	H3_SUPPORTED_STABLE	STABLE_H3	MATCH		1283	5.67996523949598e-07	5.68007827013797e-07	2	H3	H3	H3	H3	H3	H3	H3	False	False	False	False	False	False	H3 -> H3 -> H3 -> H3
R7B1_002311	32	C10orf128	CD8_NC	H3_RESCUE_FALSIFICATION	ABF_H3_DOMINANT	H3_SUPPORTED_STABLE	1343	9ae769719d959f6ed44e59bd03b561f2d79f260c69c31cd20075090fde03e257	1283	270d862597305607b7dfd9484a3cfafc5cab80c9a2da6811175545674db80997	60	0.0446760982874162	980	c6f50a00ed95f4d69440db2db6d2a22a457a0cd95a19587fb0bdc47008dc3f7d	663c631aeb206c830d0e3475c720c16da3a2c8f41c114073aaecf88f05911efa	85411c1795437aea142a7b8cb1b794383ee1aba3bbabae288995d0de084ee779	0.8882595697810659	0.8883314142118038	1266	17	0	23285	24291.0	24510	0.0026291793313069	PASS	1343	0.9997701429762794	6.10640066426319e-06	0.9997762493769436	6.1077672809977964e-06	10:50387841	ABF_H3_DOMINANT	PASS	1283	0.999769834117822	6.412493130657718e-06	0.9997762466109524	6.413928268844979e-06	10:50417663	ABF_H3_DOMINANT	PASS	1283	0.9997698340516856	6.412559282246175e-06	0.999776246610968	6.4139944352382926e-06	10:50417663	ABF_H3_DOMINANT	PASS	1283	0.9999769222371866	4.679131696781709e-07	0.9999773901503562	4.6792374936378886e-07	10:50417663	ABF_H3_DOMINANT	PASS	1283	0.9999769222331224	4.679172304119654e-07	0.9999773901503528	4.6792781018939946e-07	10:50417663	ABF_H3_DOMINANT	PASS	1283	0.9999767476243028	4.715142312228829e-07	0.999977219138534	4.7152497296796994e-07	10:50417663	ABF_H3_DOMINANT	PASS	H3_DISTINCT_SIGNAL	ABF_H3_DOMINANT	H3_SUPPORTED_STABLE	STABLE_H3	MATCH		1283	5.57866089790772e-07	5.5787729832006e-07	2	H3	H3	H3	H3	H3	H3	H3	False	False	False	False	False	False	H3 -> H3 -> H3 -> H3
R7B1_002312	32	C10orf128	CD8_S100B	H3_RESCUE_FALSIFICATION	ABF_H3_DOMINANT	H3_SUPPORTED_STABLE	1343	9ae769719d959f6ed44e59bd03b561f2d79f260c69c31cd20075090fde03e257	1283	270d862597305607b7dfd9484a3cfafc5cab80c9a2da6811175545674db80997	60	0.0446760982874162	959	3868e7bca3c492f29595be3c3be0ad9b512ce89acc911772c21e01b4e90ee50d	7afbe1e00876a5d2852ab771861a5c42c11fe2aa304e46129124fbbf7d4cb6e8	9ccef3f4ca2a3943b291918c023491af6643ff690f0c5c3d52869aac72b0f2f2	0.9315330253669336	0.931510028622852	1266	17	0	23285	24291.0	24510	0.0026291793313069	PASS	1343	0.9997734878573205	2.7607715606963696e-06	0.9997762486288811	2.7613894253664883e-06	10:50417799	ABF_H3_DOMINANT	PASS	1283	0.9997734849882234	2.7608062440358304e-06	0.9997762457944674	2.761424124296901e-06	10:50417799	ABF_H3_DOMINANT	PASS	1283	0.9997734849883084	2.760806157057192e-06	0.9997762457944656	2.761424037298801e-06	10:50417799	ABF_H3_DOMINANT	PASS	1283	0.999977135336812	2.5480851107155945e-07	0.999977390145323	2.548142723852277e-07	10:50417799	ABF_H3_DOMINANT	PASS	1283	0.9999771353368192	2.548085022062505e-07	0.9999773901453212	2.548142635197187e-07	10:50417799	ABF_H3_DOMINANT	PASS	1283	0.9999769623986372	2.567347848591677e-07	0.999977219133422	2.5674063363328765e-07	10:50417799	ABF_H3_DOMINANT	PASS	H3_DISTINCT_SIGNAL	ABF_H3_DOMINANT	H3_SUPPORTED_STABLE	STABLE_H3	MATCH		1283	3.23054222294718e-07	3.23060651037735e-07	1	H3	H3	H3	H3	H3	H3	H3	False	False	False	False	False	False	H3 -> H3 -> H3 -> H3
R7B1_002316	32	C10orf128	NK	H3_RESCUE_FALSIFICATION	ABF_H3_DOMINANT	H3_SUPPORTED_STABLE	1343	9ae769719d959f6ed44e59bd03b561f2d79f260c69c31cd20075090fde03e257	1283	270d862597305607b7dfd9484a3cfafc5cab80c9a2da6811175545674db80997	60	0.0446760982874162	980	db02177840f1eed8f3d94c2320f742ff13ed502e9311b482052623b2765ee5f3	a679cefc837063310e8d4c0578f34bf6e2960be712a3f337778c4acd5a32dca9	a579fd08e4505361284d5e60f16764a95a1dfb9453d8539c279095cff0b65bdc	0.923900167759897	0.9250409517584054	1266	17	0	23285	24291.0	24510	0.0026291793313069	PASS	1343	0.9997706790127088	5.570244383881815e-06	0.9997762492570926	5.5714910091342105e-06	10:50391910	ABF_H3_DOMINANT	PASS	1283	0.9997690487123312	7.198074236956103e-06	0.9997762467865682	7.199685189652985e-06	10:50417663	ABF_H3_DOMINANT	PASS	1283	0.9997690485117772	7.198274812401141e-06	0.9997762467865896	7.1998858099873134e-06	10:50417663	ABF_H3_DOMINANT	PASS	1283	0.9999768711417112	5.1900980762427e-07	0.9999773901515188	5.190215426227071e-07	10:50417663	ABF_H3_DOMINANT	PASS	1283	0.9999768711276428	5.190238537204983e-07	0.9999773901514966	5.190355890365344e-07	10:50417663	ABF_H3_DOMINANT	PASS	1283	0.9999766961198576	5.230198372878565e-07	0.9999772191396948	5.230317524011432e-07	10:50417663	ABF_H3_DOMINANT	PASS	H3_DISTINCT_SIGNAL	ABF_H3_DOMINANT	H3_SUPPORTED_STABLE	STABLE_H3	MATCH		1283	5.49964554665999e-07	5.49975498896269e-07	1	H3	H3	H3	H3	H3	H3	H3	False	False	False	False	False	False	H3 -> H3 -> H3 -> H3
R7B1_002360	33	AP2A2	CD4_NC	H3_RESCUE_FALSIFICATION	ABF_H3_DOMINANT	H3_SUPPORTED_STABLE	635	326ced6a415bd40cc41d9576a38b55cd06fe14229ef6b632598ad12031521609	542	ab35a8d32a8198b52fca8e0030e0e2d4d5ba34aad47704e2dcf06c929d008ee9	93	0.1464566929133858	980	b7955fd239bdafba2822ad1207e807d6201f5bc06440a02fa377ece2e3dac3e8	5243a2fdcfb94f44f3ef2c22e3bb927cdec28ca41b9933b56a5f75fb128d9629	85b609559c4521c0ab8107366a6d7fa59d32e857b87f9184a7fdf439a56e20b6	0.7501496890091915	0.749081184848902	535	7	0	23285	24119.0	24510	0.0028919054801397	PASS	635	0.9843036932532828	0.0006916755783825	0.9849953688316656	0.0007022120106036	11:308180	ABF_H3_DOMINANT	PASS	542	0.9790465850600224	0.0007705770918049	0.9798171621518276	0.0007864498822542	11:308180	ABF_H3_DOMINANT	PASS	542	0.9790213854512314	0.0007726035585696	0.9797939890098012	0.0007885367406167	11:308180	ABF_H3_DOMINANT	PASS	542	0.9879999831980858	0.0019712081249917	0.9899711913230776	0.0019911772607819	11:308180	ABF_H3_DOMINANT	PASS	542	0.9879705511042318	0.0019772748613813	0.9899478259656131	0.0019973525972973	11:308180	ABF_H3_DOMINANT	PASS	542	0.9879977950936484	0.0019646440528601	0.9899624391465084	0.0019845642371583	11:308180	ABF_H3_DOMINANT	PASS	H3_DISTINCT_SIGNAL	ABF_H3_DOMINANT	H3_SUPPORTED_STABLE	STABLE_H3	MATCH		542	0.0016238428387114	0.0016385245645901	1	H3	H3	H3	H3	H3	H3	H3	False	False	False	False	False	False	H3 -> H3 -> H3 -> H3
R7B1_002362	33	AP2A2	CD8_ET	H3_RESCUE_FALSIFICATION	ABF_H3_DOMINANT	H3_SUPPORTED_STABLE	635	326ced6a415bd40cc41d9576a38b55cd06fe14229ef6b632598ad12031521609	542	ab35a8d32a8198b52fca8e0030e0e2d4d5ba34aad47704e2dcf06c929d008ee9	93	0.1464566929133858	980	35184682319b9ef8200e7d596ac07d6ea51d70c446985441eb0470da2176f888	58c0927d5b33c3cc47d30d08a7c3500508be105cd5a014d3f785cb8eab79572b	b45f1177e77834baf4006f1bcfa34051e8a28022f8ac73e0c2d9e6d03cc0faa6	0.8882657591545432	0.8869983668993977	535	7	0	23285	24119.0	24510	0.0028919054801397	PASS	635	0.9577959999037216	0.0014720841051098	0.9592680840088316	0.0015345909341191	11:646232	ABF_H3_DOMINANT	PASS	542	0.952570528694846	0.0016563712142846	0.9542268999091308	0.0017358253204163	11:645569	ABF_H3_DOMINANT	PASS	542	0.95252334461612	0.0016595354252482	0.9541828800413684	0.0017392215475258	11:645569	ABF_H3_DOMINANT	PASS	542	0.962450352286835	0.0016438161422627	0.9640941684290976	0.0017050369103893	11:308180	ABF_H3_DOMINANT	PASS	542	0.962401990248728	0.0016476947013627	0.9640496849500906	0.0017091387789292	11:308180	ABF_H3_DOMINANT	PASS	542	0.9624433362672528	0.0016423166770299	0.9640856529442828	0.0017034966468117	11:308180	ABF_H3_DOMINANT	PASS	H3_DISTINCT_SIGNAL	ABF_H3_DOMINANT	H3_SUPPORTED_STABLE	STABLE_H3	MATCH		542	0.0012604235141526	0.0013151503579194	1	H3	H3	H3	H3	H3	H3	H3	False	False	False	False	False	False	H3 -> H3 -> H3 -> H3
R7B1_002368	33	AP2A2	NK	H3_RESCUE_FALSIFICATION	ABF_H3_DOMINANT	H3_SUPPORTED_STABLE	635	326ced6a415bd40cc41d9576a38b55cd06fe14229ef6b632598ad12031521609	542	ab35a8d32a8198b52fca8e0030e0e2d4d5ba34aad47704e2dcf06c929d008ee9	93	0.1464566929133858	980	86043f00a5b7eddd7dcf8f4c6e38991ac52279a8c0f35ca0898dccc4f4607a2e	669e571ed053098b2c03d3b61cf3880dff960380763313ff4161267a46b65c9a	fa9d745dfd430509fe93c499794f2e7201d4190b2792b906f4c9b6333591b9d8	0.9394867379513075	0.9377105054805952	535	7	0	23285	24119.0	24510	0.0028919054801397	PASS	635	0.9934657301739162	0.0002252393316802	0.9936909695055964	0.0002266693958105	11:973374	ABF_H3_DOMINANT	PASS	542	0.9880537718144148	0.0004117920631129	0.9884655638775276	0.0004165972778025	11:973374	ABF_H3_DOMINANT	PASS	542	0.9880537688842924	0.0004117950274099	0.9884655639117024	0.0004166002766756	11:973374	ABF_H3_DOMINANT	PASS	542	0.9986544413643866	4.5926015331516005e-05	0.998700367379718	4.59857799512097e-05	11:973374	ABF_H3_DOMINANT	PASS	542	0.9986544412007844	4.59261791401892e-05	0.9987003673799246	4.5985943973041526e-05	11:973374	ABF_H3_DOMINANT	PASS	542	0.9986453516992224	4.623620624907079e-05	0.9986915879054716	4.6296781517946615e-05	11:973374	ABF_H3_DOMINANT	PASS	H3_DISTINCT_SIGNAL	ABF_H3_DOMINANT	H3_SUPPORTED_STABLE	STABLE_H3	MATCH		542	2.69756154737637e-05	2.69970941906459e-05	1	H3	H3	H3	H3	H3	H3	H3	False	False	False	False	False	False	H3 -> H3 -> H3 -> H3
R7B1_002373	33	ATHL1	CD4_ET	H3_RESCUE_FALSIFICATION	ABF_H3_DOMINANT	UNINFORMATIVE	635	326ced6a415bd40cc41d9576a38b55cd06fe14229ef6b632598ad12031521609	542	ab35a8d32a8198b52fca8e0030e0e2d4d5ba34aad47704e2dcf06c929d008ee9	93	0.1464566929133858	980	e4e1d661e9db66f9402d0f588c62248963eaf527b799bd589ebe0f8e2e38aee9	aae97342eddda3ce6258b829832df41fec0ef14c79f826ee6cfc44588f93583b	f0dd3b38ca62129c918051020308c152a84398836c70add3921a7b7f2501dbf5	0.97469795015323	0.9734618684779722	535	7	0	23285	24119.0	24510	0.0028919054801397	PASS	635	0.8330644452681566	0.0392895394016616	0.8723539846698183	0.0450385280426415	11:646232	ABF_H3_DOMINANT	PASS	542	0.8088956291626137	0.0464602339558212	0.855355863118435	0.0543168474773034	11:645569	ABF_H3_DOMINANT	PASS	542	0.8087412306101056	0.0465205180396766	0.8552617486497822	0.0543933107181742	11:645569	ABF_H3_DOMINANT	PASS	542	0.8413244510461012	0.0184064857700344	0.8597309368161357	0.0214095887234204	11:308180	ABF_H3_DOMINANT	PASS	542	0.8411942930591224	0.0184330465758457	0.8596273396349682	0.0214430669267373	11:308180	ABF_H3_DOMINANT	PASS	542	0.841209727520062	0.0185316862341417	0.8597414137542038	0.0215549535449503	11:308180	ABF_H3_DOMINANT	PASS	H3_DISTINCT_SIGNAL	ABF_H3_DOMINANT	UNINFORMATIVE	H3_TO_UNINFORMATIVE	NOT_COMPARABLE		542			0	H3	H3	H3	H3	H3	H3	UNINFORMATIVE	False	False	True	False	False	False	H3 -> H3 -> H3 -> UNINFORMATIVE
R7B1_002374	33	ATHL1	CD4_NC	H3_RESCUE_FALSIFICATION	ABF_H3_DOMINANT	H3_SUPPORTED_STABLE	635	326ced6a415bd40cc41d9576a38b55cd06fe14229ef6b632598ad12031521609	542	ab35a8d32a8198b52fca8e0030e0e2d4d5ba34aad47704e2dcf06c929d008ee9	93	0.1464566929133858	980	3f8ba984c340d3e77e26cb7e000ff0eab986af64cbf443e352c61cb59f94f54c	5243a2fdcfb94f44f3ef2c22e3bb927cdec28ca41b9933b56a5f75fb128d9629	85b609559c4521c0ab8107366a6d7fa59d32e857b87f9184a7fdf439a56e20b6	0.8484961808761875	0.84711217396507	535	7	0	23285	24119.0	24510	0.0028919054801397	PASS	635	0.9934927127628538	0.0001980855615727	0.9936907983244264	0.0001993432583926	11:290233	ABF_H3_DOMINANT	PASS	542	0.988102835164968	0.000362156531837	0.9884649916968048	0.0003663827600159	11:290233	ABF_H3_DOMINANT	PASS	542	0.988102835164968	0.000362156531837	0.9884649916968048	0.0003663827600159	11:290233	ABF_H3_DOMINANT	PASS	542	0.9986532028627616	4.716612709913042e-05	0.9987003689898608	4.722750542971841e-05	11:290233	ABF_H3_DOMINANT	PASS	542	0.9986532028627616	4.716612709913042e-05	0.9987003689898608	4.722750542971841e-05	11:290233	ABF_H3_DOMINANT	PASS	542	0.998644105713392	4.748382292144618e-05	0.9986915895363137	4.7546032648069695e-05	11:290233	ABF_H3_DOMINANT	PASS	H3_DISTINCT_SIGNAL	ABF_H3_DOMINANT	H3_SUPPORTED_STABLE	STABLE_H3	MATCH		542	4.0240264779727e-05	4.02723047453244e-05	1	H3	H3	H3	H3	H3	H3	H3	False	False	False	False	False	False	H3 -> H3 -> H3 -> H3
R7B1_002376	33	ATHL1	CD8_ET	H3_RESCUE_FALSIFICATION	ABF_H3_DOMINANT	H3_SUPPORTED_STABLE	635	326ced6a415bd40cc41d9576a38b55cd06fe14229ef6b632598ad12031521609	542	ab35a8d32a8198b52fca8e0030e0e2d4d5ba34aad47704e2dcf06c929d008ee9	93	0.1464566929133858	980	87058a5ebc24c9baad0e13842f53cbaaaef3881522bcf789b6ce713db61a1f05	58c0927d5b33c3cc47d30d08a7c3500508be105cd5a014d3f785cb8eab79572b	b45f1177e77834baf4006f1bcfa34051e8a28022f8ac73e0c2d9e6d03cc0faa6	0.9089272601801164	0.9077283998323944	535	7	0	23285	24119.0	24510	0.0028919054801397	PASS	635	0.9934927127628538	0.0001980855615727	0.9936907983244264	0.0001993432583926	11:290233	ABF_H3_DOMINANT	PASS	542	0.9881028351649608	0.000362156531837	0.988464991696798	0.0003663827600159	11:290233	ABF_H3_DOMINANT	PASS	542	0.9881028351649608	0.000362156531837	0.988464991696798	0.0003663827600159	11:290233	ABF_H3_DOMINANT	PASS	542	0.9986532028627688	4.716612709913009e-05	0.9987003689898678	4.722750542971774e-05	11:290233	ABF_H3_DOMINANT	PASS	542	0.9986532028627688	4.716612709912975e-05	0.9987003689898678	4.72275054297174e-05	11:290233	ABF_H3_DOMINANT	PASS	542	0.998644105713392	4.748382292144584e-05	0.9986915895363137	4.754603264806936e-05	11:290233	ABF_H3_DOMINANT	PASS	H3_DISTINCT_SIGNAL	ABF_H3_DOMINANT	H3_SUPPORTED_STABLE	STABLE_H3	MATCH		542	4.02402647797272e-05	4.02723047453244e-05	1	H3	H3	H3	H3	H3	H3	H3	False	False	False	False	False	False	H3 -> H3 -> H3 -> H3
R7B1_002377	33	ATHL1	CD8_NC	H3_RESCUE_FALSIFICATION	ABF_H3_DOMINANT	H3_SUPPORTED_STABLE	635	326ced6a415bd40cc41d9576a38b55cd06fe14229ef6b632598ad12031521609	542	ab35a8d32a8198b52fca8e0030e0e2d4d5ba34aad47704e2dcf06c929d008ee9	93	0.1464566929133858	980	9eee66b2bc723cfacc3a31c4a3a4ceb57ba8904b82d29304550f651b6638ba27	9050c2fcb7bcb13affdc924271ecb4387f257c6931850b6cb075ee7b5325922f	4efc24dd8328182b4ed2f6c83be44f1fe98a325e7610c5b15d6ceb3684eb9ada	0.9129080066691838	0.911722887860055	535	7	0	23285	24119.0	24510	0.0028919054801397	PASS	635	0.9934927127616324	0.0001980855616396	0.9936907983232722	0.0001993432584601	11:290233	ABF_H3_DOMINANT	PASS	542	0.9881028351637428	0.0003621565319067	0.9884649916956496	0.0003663827600869	11:290233	ABF_H3_DOMINANT	PASS	542	0.9881028351637358	0.0003621565319072	0.9884649916956432	0.0003663827600874	11:290233	ABF_H3_DOMINANT	PASS	542	0.9986532028613848	4.716612732391619e-05	0.9987003689887088	4.722750565485116e-05	11:290233	ABF_H3_DOMINANT	PASS	542	0.9986532028613708	4.7166127325497024e-05	0.9987003689886964	4.7227505656434646e-05	11:290233	ABF_H3_DOMINANT	PASS	542	0.9986441057120083	4.7483823145432864e-05	0.998691589535154	4.754603287240504e-05	11:290233	ABF_H3_DOMINANT	PASS	H3_DISTINCT_SIGNAL	ABF_H3_DOMINANT	H3_SUPPORTED_STABLE	STABLE_H3	MATCH		542	4.02402652635775e-05	4.02723052297355e-05	1	H3	H3	H3	H3	H3	H3	H3	False	False	False	False	False	False	H3 -> H3 -> H3 -> H3
R7B1_002378	33	ATHL1	CD8_S100B	H3_RESCUE_FALSIFICATION	ABF_H3_DOMINANT	H3_SUPPORTED_STABLE	635	326ced6a415bd40cc41d9576a38b55cd06fe14229ef6b632598ad12031521609	542	ab35a8d32a8198b52fca8e0030e0e2d4d5ba34aad47704e2dcf06c929d008ee9	93	0.1464566929133858	959	4b173b580a722e4fee4d54b3d8b1e1262cea6283c9830f44b34415a7cdee48ed	c874dd0ea16ebe4a533b3d2f4f376efb087d87d4661c437a9070aec36709e387	d34eba97fea01b31a41818537d833d33ab9628706dcc03eb22bbf47b46fb089a	0.9828826392010728	0.9814883840024692	535	7	0	23285	24119.0	24510	0.0028919054801397	PASS	635	0.9709175153353404	0.0008933492377428	0.9718108645730832	0.0009192624514804	11:290233	ABF_H3_DOMINANT	PASS	542	0.9656514595116724	0.0010500625972598	0.9667015221089325	0.0010862324856684	11:290233	ABF_H3_DOMINANT	PASS	542	0.9656059071375512	0.0010523415971154	0.9666582487346668	0.0010886387184849	11:290233	ABF_H3_DOMINANT	PASS	542	0.9758042531274114	0.0008969203441705	0.976701173471582	0.000918316030053	11:308180	ABF_H3_DOMINANT	PASS	542	0.9757577920544168	0.0008996397599794	0.9766574318143963	0.000921141569883	11:308180	ABF_H3_DOMINANT	PASS	542	0.9757956584307128	0.0008969364205426	0.9766925948512556	0.0009183405559446	11:308180	ABF_H3_DOMINANT	PASS	H3_DISTINCT_SIGNAL	ABF_H3_DOMINANT	H3_SUPPORTED_STABLE	STABLE_H3	MATCH		542	0.0035419268755227	0.0042469998771196	1	H3	H3	H3	H3	H3	H3	H3	False	False	False	False	False	False	H3 -> H3 -> H3 -> H3
R7B1_002382	33	ATHL1	NK	H3_RESCUE_FALSIFICATION	ABF_H3_DOMINANT	H3_SUPPORTED_STABLE	635	326ced6a415bd40cc41d9576a38b55cd06fe14229ef6b632598ad12031521609	542	ab35a8d32a8198b52fca8e0030e0e2d4d5ba34aad47704e2dcf06c929d008ee9	93	0.1464566929133858	980	2e3a118daa15fe8a331306e2f843af7967ca8316ad25572286ca87b2a32a3a82	669e571ed053098b2c03d3b61cf3880dff960380763313ff4161267a46b65c9a	fa9d745dfd430509fe93c499794f2e7201d4190b2792b906f4c9b6333591b9d8	0.9502882353854436	0.948900206143621	535	7	0	23285	24119.0	24510	0.0028919054801397	PASS	635	0.9934927127628538	0.0001980855615727	0.9936907983244264	0.0001993432583926	11:290233	ABF_H3_DOMINANT	PASS	542	0.988102835164968	0.000362156531837	0.9884649916968048	0.0003663827600159	11:290233	ABF_H3_DOMINANT	PASS	542	0.988102835164968	0.000362156531837	0.9884649916968048	0.0003663827600159	11:290233	ABF_H3_DOMINANT	PASS	542	0.9986532028627616	4.716612709913042e-05	0.9987003689898608	4.722750542971841e-05	11:290233	ABF_H3_DOMINANT	PASS	542	0.9986532028627616	4.716612709913042e-05	0.9987003689898608	4.722750542971841e-05	11:290233	ABF_H3_DOMINANT	PASS	542	0.998644105713392	4.748382292144618e-05	0.9986915895363137	4.7546032648069695e-05	11:290233	ABF_H3_DOMINANT	PASS	H3_DISTINCT_SIGNAL	ABF_H3_DOMINANT	H3_SUPPORTED_STABLE	STABLE_H3	MATCH		542	4.0240264779727e-05	4.02723047453244e-05	1	H3	H3	H3	H3	H3	H3	H3	False	False	False	False	False	False	H3 -> H3 -> H3 -> H3
R7B1_002401	33	CD151	CD4_ET	H3_RESCUE_FALSIFICATION	ABF_H3_DOMINANT	H3_SUPPORTED_STABLE	635	326ced6a415bd40cc41d9576a38b55cd06fe14229ef6b632598ad12031521609	542	ab35a8d32a8198b52fca8e0030e0e2d4d5ba34aad47704e2dcf06c929d008ee9	93	0.1464566929133858	980	534cf9c48d4f4014abfa1059c5a22ac8514501c134f271781cd9bfb9f16b8f39	aae97342eddda3ce6258b829832df41fec0ef14c79f826ee6cfc44588f93583b	f0dd3b38ca62129c918051020308c152a84398836c70add3921a7b7f2501dbf5	0.925719208188424	0.9247759522593982	535	7	0	23285	24119.0	24510	0.0028919054801397	PASS	635	0.9935900880192008	0.0001000924241656	0.9936901804433664	0.0001007279996678	11:831809	ABF_H3_DOMINANT	PASS	542	0.9882719430101526	0.0001910761990176	0.9884630192091703	0.0001933063709055	11:835719	ABF_H3_DOMINANT	PASS	542	0.9882719418482312	0.0001910773725692	0.9884630192208004	0.0001933075581521	11:835719	ABF_H3_DOMINANT	PASS	542	0.9986800856321228	2.0248069545560144e-05	0.9987003337016684	2.027441952533546e-05	11:835719	ABF_H3_DOMINANT	PASS	542	0.9986800856047108	2.0248095075577843e-05	0.9987003336997864	2.027444508861505e-05	11:835719	ABF_H3_DOMINANT	PASS	542	0.9986711705749408	2.0383198421195383e-05	0.998691553773362	2.0409903682655e-05	11:835719	ABF_H3_DOMINANT	PASS	H3_DISTINCT_SIGNAL	ABF_H3_DOMINANT	H3_SUPPORTED_STABLE	STABLE_H3	MATCH		542	1.5866143115732e-05	1.58787763157186e-05	1	H3	H3	H3	H3	H3	H3	H3	False	False	False	False	False	False	H3 -> H3 -> H3 -> H3
R7B1_002402	33	CD151	CD4_NC	H3_RESCUE_FALSIFICATION	ABF_H3_DOMINANT	H3_SUPPORTED_STABLE	635	326ced6a415bd40cc41d9576a38b55cd06fe14229ef6b632598ad12031521609	542	ab35a8d32a8198b52fca8e0030e0e2d4d5ba34aad47704e2dcf06c929d008ee9	93	0.1464566929133858	980	885e64a152919040c350a4784997406f650353e07dcdb4b58e269d6046f1b0b4	5243a2fdcfb94f44f3ef2c22e3bb927cdec28ca41b9933b56a5f75fb128d9629	85b609559c4521c0ab8107366a6d7fa59d32e857b87f9184a7fdf439a56e20b6	0.7916454556734535	0.7908106441650452	535	7	0	23285	24119.0	24510	0.0028919054801397	PASS	635	0.9935840459308766	0.0001061729636554	0.993690218894532	0.0001068471457568	11:833262	ABF_H3_DOMINANT	PASS	542	0.988262223174429	0.0002009097266019	0.988463132901031	0.0002032546484686	11:833262	ABF_H3_DOMINANT	PASS	542	0.98826222370238	0.0002009091924896	0.9884631328948698	0.0002032541081236	11:833262	ABF_H3_DOMINANT	PASS	542	0.9986799066532152	2.0427619555856447e-05	0.998700334272771	2.0454203182710797e-05	11:833262	ABF_H3_DOMINANT	PASS	542	0.998679906663029	2.0427609733265854e-05	0.9987003342727624	2.0454193347337684e-05	11:833262	ABF_H3_DOMINANT	PASS	542	0.998670990121613	2.056422635413725e-05	0.9986915543479672	2.059116877939693e-05	11:833262	ABF_H3_DOMINANT	PASS	H3_DISTINCT_SIGNAL	ABF_H3_DOMINANT	H3_SUPPORTED_STABLE	STABLE_H3	MATCH		542	0.0001584321057629	0.0001593174724766	2	H3	H3	H3	H3	H3	H3	H3	False	False	False	False	False	False	H3 -> H3 -> H3 -> H3
R7B1_002404	33	CD151	CD8_ET	H3_RESCUE_FALSIFICATION	ABF_H3_DOMINANT	H3_SUPPORTED_STABLE	635	326ced6a415bd40cc41d9576a38b55cd06fe14229ef6b632598ad12031521609	542	ab35a8d32a8198b52fca8e0030e0e2d4d5ba34aad47704e2dcf06c929d008ee9	93	0.1464566929133858	980	ef473cfaa01833a87daaffd07f13df94e28ec5f3022a489cbd23e298eeec36fd	58c0927d5b33c3cc47d30d08a7c3500508be105cd5a014d3f785cb8eab79572b	b45f1177e77834baf4006f1bcfa34051e8a28022f8ac73e0c2d9e6d03cc0faa6	0.8589940693117125	0.8580190451705169	535	7	0	23285	24119.0	24510	0.0028919054801397	PASS	635	0.9935793649305498	0.0001058192991364	0.9936851842296862	0.000106491775077	11:833262	ABF_H3_DOMINANT	PASS	542	0.9882598494216768	0.000196438816985	0.9884562882386616	0.0001987329326773	11:833262	ABF_H3_DOMINANT	PASS	542	0.9882598223665484	0.0001964382076896	0.9884562605742382	0.0001987323218283	11:833262	ABF_H3_DOMINANT	PASS	542	0.9986728675586932	2.060224147407181e-05	0.9986934698001672	2.0629194139212903e-05	11:833262	ABF_H3_DOMINANT	PASS	542	0.9986728385127216	2.0603340070816013e-05	0.9986934418527924	2.0630294750501578e-05	11:833262	ABF_H3_DOMINANT	PASS	542	0.998663951824144	2.0738113074563632e-05	0.9986846899372186	2.076542604840304e-05	11:833262	ABF_H3_DOMINANT	PASS	H3_DISTINCT_SIGNAL	ABF_H3_DOMINANT	H3_SUPPORTED_STABLE	STABLE_H3	MATCH		542	0.004384633472466	0.0055274069163744	2	H3	H3	H3	H3	H3	H3	H3	False	False	False	False	False	False	H3 -> H3 -> H3 -> H3
R7B1_002405	33	CD151	CD8_NC	H3_RESCUE_FALSIFICATION	ABF_H3_DOMINANT	H3_SUPPORTED_STABLE	635	326ced6a415bd40cc41d9576a38b55cd06fe14229ef6b632598ad12031521609	542	ab35a8d32a8198b52fca8e0030e0e2d4d5ba34aad47704e2dcf06c929d008ee9	93	0.1464566929133858	980	5b185e609e051f6fb80766da761240d60eeb1419bc59644bc630a98edc82a87b	9050c2fcb7bcb13affdc924271ecb4387f257c6931850b6cb075ee7b5325922f	4efc24dd8328182b4ed2f6c83be44f1fe98a325e7610c5b15d6ceb3684eb9ada	0.879499130311434	0.8784526445170417	535	7	0	23285	24119.0	24510	0.0028919054801397	PASS	635	0.9875634841023442	0.0004125224093839	0.987976006511728	0.0004175429430117	11:641548	ABF_H3_DOMINANT	PASS	542	0.9784765070969604	0.0005942377324348	0.9790707448293952	0.0006069405459953	11:645569	ABF_H3_DOMINANT	PASS	542	0.978451464151708	0.0005954702896062	0.9790469344413144	0.0006082142425031	11:645569	ABF_H3_DOMINANT	PASS	542	0.9887759808769114	0.0004290510871589	0.9892050319640704	0.0004337332234421	11:308180	ABF_H3_DOMINANT	PASS	542	0.9887504809096372	0.0004304793986831	0.9891809603083204	0.0004351877118105	11:308180	ABF_H3_DOMINANT	PASS	542	0.9887669765378646	0.0004293657896704	0.9891963423275352	0.0004340551731723	11:308180	ABF_H3_DOMINANT	PASS	H3_DISTINCT_SIGNAL	ABF_H3_DOMINANT	H3_SUPPORTED_STABLE	STABLE_H3	MATCH		542	0.0015088175245528	0.0016183875678589	2	H3	H3	H3	H3	H3	H3	H3	False	False	False	False	False	False	H3 -> H3 -> H3 -> H3
R7B1_002406	33	CD151	CD8_S100B	H3_RESCUE_FALSIFICATION	ABF_H3_DOMINANT	H3_SUPPORTED_STABLE	635	326ced6a415bd40cc41d9576a38b55cd06fe14229ef6b632598ad12031521609	542	ab35a8d32a8198b52fca8e0030e0e2d4d5ba34aad47704e2dcf06c929d008ee9	93	0.1464566929133858	959	2ca136bb508276a4ffb86ee169175de9b63ade4bde6e672f9d41722ce8dbf1cd	c874dd0ea16ebe4a533b3d2f4f376efb087d87d4661c437a9070aec36709e387	d34eba97fea01b31a41818537d833d33ab9628706dcc03eb22bbf47b46fb089a	0.9341482524187766	0.9329974174360514	535	7	0	23285	24119.0	24510	0.0028919054801397	PASS	635	0.9849458844117592	0.0003919127956659	0.9853377972074252	0.0003977446077646	11:646232	ABF_H3_DOMINANT	PASS	542	0.977980575100923	0.000539227652815	0.978519802753738	0.0005510646297576	11:645569	ABF_H3_DOMINANT	PASS	542	0.9779551531791691	0.0005404050450523	0.9784955582242216	0.0005522815515208	11:645569	ABF_H3_DOMINANT	PASS	542	0.9882595137409652	0.0003895221067885	0.988649035847754	0.0003939943222162	11:308180	ABF_H3_DOMINANT	PASS	542	0.9882337116449827	0.0003908139712232	0.988624525616206	0.000395310819322	11:308180	ABF_H3_DOMINANT	PASS	542	0.9882508210672444	0.0003895263349575	0.988640347402202	0.000394002061499	11:308180	ABF_H3_DOMINANT	PASS	H3_DISTINCT_SIGNAL	ABF_H3_DOMINANT	H3_SUPPORTED_STABLE	STABLE_H3	MATCH		542	0.0001857264132892	0.0001875830508869	1	H3	H3	H3	H3	H3	H3	H3	False	False	False	False	False	False	H3 -> H3 -> H3 -> H3
R7B1_002407	33	CD151	DC	H3_RESCUE_FALSIFICATION	ABF_H3_DOMINANT	H3_SUPPORTED_STABLE	635	326ced6a415bd40cc41d9576a38b55cd06fe14229ef6b632598ad12031521609	542	ab35a8d32a8198b52fca8e0030e0e2d4d5ba34aad47704e2dcf06c929d008ee9	93	0.1464566929133858	726	e5785d87e177ef82f049d916ac0bef11b18278e5295e905c94ab1b06b99c4405	aa69f0f2caf086772554fb20d94f24a0f6434c1dca396c82ed160006e42c0600	4257ade7d6c8d0cb6c6cdeb04ea72d8c0423119c2769ff1fe1ccf67113fc6d53	0.9900006971823004	0.9891903691193308	535	7	0	23285	24119.0	24510	0.0028919054801397	PASS	635	0.9788291364996066	0.0018454471147316	0.9806745836143382	0.0018818139529324	11:646232	ABF_H3_DOMINANT	PASS	542	0.95798388164649	0.003513047810854	0.961496929457344	0.0036537275400731	11:645569	ABF_H3_DOMINANT	PASS	542	0.9579323035607088	0.0035199631515006	0.9614522667122096	0.0036610898672458	11:645569	ABF_H3_DOMINANT	PASS	542	0.9692649204894892	0.0021157917718719	0.9713807122613612	0.0021781282510194	11:308180	ABF_H3_DOMINANT	PASS	542	0.9692150225664032	0.0021203618320902	0.9713353843984937	0.0021829348195765	11:308180	ABF_H3_DOMINANT	PASS	542	0.9692515478239054	0.0021207860587193	0.9713723338826248	0.0021832885133164	11:308180	ABF_H3_DOMINANT	PASS	H3_DISTINCT_SIGNAL	ABF_H3_DOMINANT	H3_SUPPORTED_STABLE	STABLE_H3	MATCH		542	0.000732899847804	0.0007501758651538	1	H3	H3	H3	H3	H3	H3	H3	False	False	False	False	False	False	H3 -> H3 -> H3 -> H3
R7B1_002408	33	CD151	Mono_C	H3_RESCUE_FALSIFICATION	ABF_H3_DOMINANT	H3_SUPPORTED_STABLE	635	326ced6a415bd40cc41d9576a38b55cd06fe14229ef6b632598ad12031521609	542	ab35a8d32a8198b52fca8e0030e0e2d4d5ba34aad47704e2dcf06c929d008ee9	93	0.1464566929133858	851	6d4ca7b7db56fb897f10056d0a090137cc91c4f32c092fe4931c4a15d633fb8a	4a3de09fa003d4883cb0d1ffd7899e58c9ed7e5e5bf0682cae33e1aa108cb44a	9f8a4c394a7980f237a91e99ffefe6d90db8561c8d1a30ffc32cd60f72993b46	0.92591173010432	0.9251481202199848	535	7	0	23285	24119.0	24510	0.0028919054801397	PASS	635	0.993534912962809	0.0001556176378796	0.9936905306006888	0.0001566057369849	11:834098	ABF_H3_DOMINANT	PASS	542	0.9881798633711744	0.0002842300165032	0.9884640933876776	0.0002875471333805	11:834098	ABF_H3_DOMINANT	PASS	542	0.9881798606897848	0.0002842327291645	0.9884640934189493	0.000287549877691	11:834098	ABF_H3_DOMINANT	PASS	542	0.9986690201296812	3.132829646706134e-05	0.9987003484261484	3.136906532217756e-05	11:834098	ABF_H3_DOMINANT	PASS	542	0.9986690197755994	3.1328651005296256e-05	0.9987003484266048	3.1369420321773945e-05	11:834098	ABF_H3_DOMINANT	PASS	542	0.9986600360848338	3.15326006167301e-05	0.9986915686854504	3.157391291310847e-05	11:834098	ABF_H3_DOMINANT	PASS	H3_DISTINCT_SIGNAL	ABF_H3_DOMINANT	H3_SUPPORTED_STABLE	STABLE_H3	MATCH		542	2.59394588595074e-05	2.59601125817793e-05	1	H3	H3	H3	H3	H3	H3	H3	False	False	False	False	False	False	H3 -> H3 -> H3 -> H3
R7B1_002409	33	CD151	Mono_NC	H3_RESCUE_FALSIFICATION	ABF_H3_DOMINANT	H3_SUPPORTED_STABLE	635	326ced6a415bd40cc41d9576a38b55cd06fe14229ef6b632598ad12031521609	542	ab35a8d32a8198b52fca8e0030e0e2d4d5ba34aad47704e2dcf06c929d008ee9	93	0.1464566929133858	690	609a10d49aaee1c657be2d43d020362a890c7e28b7e680b514e8abd72779f405	3c4059fe8db3f3f417cc50aed4ea7eeae5179035e1ad5f9816cc19ea63d659b1	20be8cf2b7ed683bc44182ce19ebd34d8ddadeb03a888fc3cf47a1dd63dd8687	0.9472703506492562	0.9472644115358716	535	7	0	23285	24119.0	24510	0.0028919054801397	PASS	635	0.9935325906770902	0.0001579546564888	0.993690545333579	0.0001589575922107	11:834098	ABF_H3_DOMINANT	PASS	542	0.9881753505871164	0.0002887954290073	0.9884641460161236	0.0002921658111437	11:834098	ABF_H3_DOMINANT	PASS	542	0.9881753505861331	0.0002887954300082	0.9884641460161416	0.0002921658121563	11:834098	ABF_H3_DOMINANT	PASS	542	0.9986684549639238	3.1894196978259404e-05	0.998700349160902	3.193570224047342e-05	11:834098	ABF_H3_DOMINANT	PASS	542	0.9986684549638812	3.189419702950768e-05	0.9987003491609108	3.1935702291788104e-05	11:834098	ABF_H3_DOMINANT	PASS	542	0.9986594670843478	3.210234585750638e-05	0.9986915694302052	3.214440457910553e-05	11:834098	ABF_H3_DOMINANT	PASS	H3_DISTINCT_SIGNAL	ABF_H3_DOMINANT	H3_SUPPORTED_STABLE	STABLE_H3	MATCH		542	2.70797034393251e-05	2.71012650316255e-05	1	H3	H3	H3	H3	H3	H3	H3	False	False	False	False	False	False	H3 -> H3 -> H3 -> H3
R7B1_002410	33	CD151	NK	H3_RESCUE_FALSIFICATION	ABF_H3_DOMINANT	H3_SUPPORTED_STABLE	635	326ced6a415bd40cc41d9576a38b55cd06fe14229ef6b632598ad12031521609	542	ab35a8d32a8198b52fca8e0030e0e2d4d5ba34aad47704e2dcf06c929d008ee9	93	0.1464566929133858	980	bc528549b88de07524a341601d7d674322e832af80be2a55781b489ce05bd4fd	669e571ed053098b2c03d3b61cf3880dff960380763313ff4161267a46b65c9a	fa9d745dfd430509fe93c499794f2e7201d4190b2792b906f4c9b6333591b9d8	0.8537566675268808	0.8528707225808844	535	7	0	23285	24119.0	24510	0.0028919054801397	PASS	635	0.9935800939968736	0.0001101499692707	0.9936902439661444	0.0001108494019535	11:833262	ABF_H3_DOMINANT	PASS	542	0.9882595415304252	0.0002036226441662	0.9884631641745916	0.0002059992233866	11:833262	ABF_H3_DOMINANT	PASS	542	0.9882595418511976	0.0002036223196495	0.9884631641708472	0.0002059988950831	11:833262	ABF_H3_DOMINANT	PASS	542	0.9986798568259416	2.047751162406588e-05	0.9987003343375656	2.050416017698497e-05	11:833262	ABF_H3_DOMINANT	PASS	542	0.9986798568319022	2.047750565600642e-05	0.9987003343375582	2.050415420115908e-05	11:833262	ABF_H3_DOMINANT	PASS	542	0.9986709398860768	2.061452765639189e-05	0.9986915544137333	2.0641535983042672e-05	11:833262	ABF_H3_DOMINANT	PASS	H3_DISTINCT_SIGNAL	ABF_H3_DOMINANT	H3_SUPPORTED_STABLE	STABLE_H3	MATCH		542	5.95489079679517e-05	5.95963294948401e-05	2	H3	H3	H3	H3	H3	H3	H3	False	False	False	False	False	False	H3 -> H3 -> H3 -> H3
R7B1_002430	33	DEAF1	CD4_NC	H3_RESCUE_FALSIFICATION	ABF_H3_DOMINANT	H3_SUPPORTED_STABLE	635	326ced6a415bd40cc41d9576a38b55cd06fe14229ef6b632598ad12031521609	542	ab35a8d32a8198b52fca8e0030e0e2d4d5ba34aad47704e2dcf06c929d008ee9	93	0.1464566929133858	980	15298b42cb1c72ffccbf6e66c200e171edc03c577f815d8b92362843d2329524	5243a2fdcfb94f44f3ef2c22e3bb927cdec28ca41b9933b56a5f75fb128d9629	85b609559c4521c0ab8107366a6d7fa59d32e857b87f9184a7fdf439a56e20b6	0.6527846023739252	0.6524367983149527	535	7	0	23285	24119.0	24510	0.0028919054801397	PASS	635	0.987870904158468	0.0058555596747231	0.993726463833191	0.0058925266537995	11:684697	ABF_H3_DOMINANT	PASS	542	0.9778546396574994	0.0107298673176238	0.9885845069751232	0.0108537684354927	11:684697	ABF_H3_DOMINANT	PASS	542	0.9778545705568036	0.0107299372241754	0.988584507780979	0.0108538391404295	11:684697	ABF_H3_DOMINANT	PASS	542	0.9968857044257952	0.0018169624544495	0.9987026668802448	0.0018193227220724	11:684697	ABF_H3_DOMINANT	PASS	542	0.996885670363288	0.001816996561243	0.9987026669245308	0.0018193568730905	11:684697	ABF_H3_DOMINANT	PASS	542	0.9968644453546048	0.0018294735346127	0.9986939188892174	0.0018318661003238	11:684697	ABF_H3_DOMINANT	PASS	H3_DISTINCT_SIGNAL	ABF_H3_DOMINANT	H3_SUPPORTED_STABLE	STABLE_H3	MATCH		542	1.32654400585107e-05	1.32760025065588e-05	1	H3	H3	H3	H3	H3	H3	H3	False	False	False	False	False	False	H3 -> H3 -> H3 -> H3
R7B1_002433	33	DEAF1	CD8_NC	H3_RESCUE_FALSIFICATION	ABF_H3_DOMINANT	H3_SUPPORTED_STABLE	635	326ced6a415bd40cc41d9576a38b55cd06fe14229ef6b632598ad12031521609	542	ab35a8d32a8198b52fca8e0030e0e2d4d5ba34aad47704e2dcf06c929d008ee9	93	0.1464566929133858	980	16c9883c886604b3bb109e4c90cca609bd784b3e042f62754800a6196fe56272	9050c2fcb7bcb13affdc924271ecb4387f257c6931850b6cb075ee7b5325922f	4efc24dd8328182b4ed2f6c83be44f1fe98a325e7610c5b15d6ceb3684eb9ada	0.8673076422131194	0.8664606540550034	535	7	0	23285	24119.0	24510	0.0028919054801397	PASS	635	0.847271351397252	0.1303966152351468	0.9776679666323989	0.1333751536161107	11:646232	ABF_H3_DOMINANT	PASS	542	0.797145403357886	0.1744975941971894	0.9716429975550752	0.179590234928131	11:645569	ABF_H3_DOMINANT	PASS	542	0.7969882653119758	0.1746383384925331	0.9716266038045088	0.1797381193647002	11:645569	ABF_H3_DOMINANT	PASS	542	0.9192034430919532	0.0578628813213019	0.9770663244132552	0.0592210373804967	11:645569	ABF_H3_DOMINANT	PASS	542	0.9191251741593282	0.0579180198839754	0.9770431940433036	0.0592788734797823	11:645569	ABF_H3_DOMINANT	PASS	542	0.9186253964033748	0.0584470561364208	0.9770724525397956	0.0598185487519313	11:645569	ABF_H3_DOMINANT	PASS	H3_DISTINCT_SIGNAL	ABF_H3_DOMINANT	H3_SUPPORTED_STABLE	STABLE_H3	MATCH		542	0.0007576548523263	0.0007769637886574	1	H3	H3	H3	H3	H3	H3	H3	False	False	False	False	False	False	H3 -> H3 -> H3 -> H3
R7B1_002454	33	EPS8L2	CD4_NC	H3_RESCUE_FALSIFICATION	ABF_H3_DOMINANT	H3_SUPPORTED_STABLE	635	326ced6a415bd40cc41d9576a38b55cd06fe14229ef6b632598ad12031521609	542	ab35a8d32a8198b52fca8e0030e0e2d4d5ba34aad47704e2dcf06c929d008ee9	93	0.1464566929133858	980	a7adef0425a185f90731818941ea67111ff215238fa2eaad3447b30d085b6aff	5243a2fdcfb94f44f3ef2c22e3bb927cdec28ca41b9933b56a5f75fb128d9629	85b609559c4521c0ab8107366a6d7fa59d32e857b87f9184a7fdf439a56e20b6	0.7124976959532957	0.7114730071011215	535	7	0	23285	24119.0	24510	0.0028919054801397	PASS	635	0.993532381579336	0.0001581650801499	0.993690546659486	0.000159169351748	11:771034	ABF_H3_DOMINANT	PASS	542	0.9881749704257315	0.0002891800232226	0.9884641504489544	0.0002925548924473	11:771034	ABF_H3_DOMINANT	PASS	542	0.9881749689949658	0.000289181470669	0.9884641504656348	0.0002925563567811	11:771034	ABF_H3_DOMINANT	PASS	542	0.9986640887798552	3.626605679654218e-05	0.9987003548366516	3.631325113774881e-05	11:771034	ABF_H3_DOMINANT	PASS	542	0.9986640885662604	3.626627066901738e-05	0.9987003548369294	3.631346528853396e-05	11:771034	ABF_H3_DOMINANT	PASS	542	0.9986550670367792	3.6508151889219074e-05	0.9986915751886684	3.6555982643912974e-05	11:771034	ABF_H3_DOMINANT	PASS	H3_DISTINCT_SIGNAL	ABF_H3_DOMINANT	H3_SUPPORTED_STABLE	STABLE_H3	MATCH		542	7.37445210616667e-05	7.38032357047288e-05	1	H3	H3	H3	H3	H3	H3	H3	False	False	False	False	False	False	H3 -> H3 -> H3 -> H3
R7B1_002456	33	EPS8L2	CD8_ET	H3_RESCUE_FALSIFICATION	ABF_H3_DOMINANT	H3_SUPPORTED_STABLE	635	326ced6a415bd40cc41d9576a38b55cd06fe14229ef6b632598ad12031521609	542	ab35a8d32a8198b52fca8e0030e0e2d4d5ba34aad47704e2dcf06c929d008ee9	93	0.1464566929133858	980	d491217ab3e6273f0f49f83bc3328ddb4893ad16bc1a131f81b8d82e555e790d	58c0927d5b33c3cc47d30d08a7c3500508be105cd5a014d3f785cb8eab79572b	b45f1177e77834baf4006f1bcfa34051e8a28022f8ac73e0c2d9e6d03cc0faa6	0.8875109302281171	0.8864158363008244	535	7	0	23285	24119.0	24510	0.0028919054801397	PASS	635	0.993511079751381	0.0001699363725996	0.9936810161239806	0.0001710170264322	11:775423	ABF_H3_DOMINANT	PASS	542	0.9881451937462764	0.0003096376981516	0.988454831444428	0.0003132542715171	11:775423	ABF_H3_DOMINANT	PASS	542	0.9881451522688904	0.0003096524911236	0.988454804760014	0.0003132692457283	11:775423	ABF_H3_DOMINANT	PASS	542	0.9986492037653316	4.1501470110190245e-05	0.9986907052354416	4.155587900500812e-05	11:775423	ABF_H3_DOMINANT	PASS	542	0.998649170416094	4.150768693335904e-05	0.9986906781030276	4.156210510766077e-05	11:775423	ABF_H3_DOMINANT	PASS	542	0.9986401561996628	4.176955517130272e-05	0.998681925754834	4.182468320905279e-05	11:775423	ABF_H3_DOMINANT	PASS	H3_DISTINCT_SIGNAL	ABF_H3_DOMINANT	H3_SUPPORTED_STABLE	STABLE_H3	MATCH		542	8.31081908955228e-05	8.31754367519283e-05	1	H3	H3	H3	H3	H3	H3	H3	False	False	False	False	False	False	H3 -> H3 -> H3 -> H3
R7B1_002484	33	IFITM1	CD8_ET	H3_RESCUE_FALSIFICATION	ABF_H3_DOMINANT	H3_SUPPORTED_STABLE	635	326ced6a415bd40cc41d9576a38b55cd06fe14229ef6b632598ad12031521609	542	ab35a8d32a8198b52fca8e0030e0e2d4d5ba34aad47704e2dcf06c929d008ee9	93	0.1464566929133858	980	8bcbd6acb6d996d0660338ea9139d873f32883933309b0505b812688128e704f	58c0927d5b33c3cc47d30d08a7c3500508be105cd5a014d3f785cb8eab79572b	b45f1177e77834baf4006f1bcfa34051e8a28022f8ac73e0c2d9e6d03cc0faa6	0.9205161726021224	0.9194063659800532	535	7	0	23285	24119.0	24510	0.0028919054801397	PASS	635	0.8625690859435082	0.0060899599204869	0.8686590458639952	0.0070107598021151	11:308180	ABF_H3_DOMINANT	PASS	542	0.8574427378598779	0.0063079544182882	0.8637506922781661	0.0073029804487343	11:308180	ABF_H3_DOMINANT	PASS	542	0.8572488513296281	0.0063220679669537	0.8635709192965819	0.007320843981295	11:308180	ABF_H3_DOMINANT	PASS	542	0.8579097097754612	0.0159591167121745	0.8738688264876359	0.0182625998644664	11:308180	ABF_H3_DOMINANT	PASS	542	0.8577001173025575	0.0159909860375215	0.8736911033400789	0.0183027914286739	11:308180	ABF_H3_DOMINANT	PASS	542	0.8579446124835136	0.0159104378387386	0.8738550503222523	0.0182071818808752	11:308180	ABF_H3_DOMINANT	PASS	H3_DISTINCT_SIGNAL	ABF_H3_DOMINANT	H3_SUPPORTED_STABLE	STABLE_H3	MATCH		542	0.0132796433915094	0.0157079421637529	1	H3	H3	H3	H3	H3	H3	H3	False	False	False	False	False	False	H3 -> H3 -> H3 -> H3
R7B1_002490	33	IFITM1	NK	H3_RESCUE_FALSIFICATION	ABF_H3_DOMINANT	H3_SUPPORTED_STABLE	635	326ced6a415bd40cc41d9576a38b55cd06fe14229ef6b632598ad12031521609	542	ab35a8d32a8198b52fca8e0030e0e2d4d5ba34aad47704e2dcf06c929d008ee9	93	0.1464566929133858	980	fdee5ae8f91b5d88b361cd97572dd82df464763609add041ec49e649eae34f57	669e571ed053098b2c03d3b61cf3880dff960380763313ff4161267a46b65c9a	fa9d745dfd430509fe93c499794f2e7201d4190b2792b906f4c9b6333591b9d8	0.8585045576189333	0.8574672502035257	535	7	0	23285	24119.0	24510	0.0028919054801397	PASS	635	0.9936064174874802	8.365947866865004e-05	0.9936900769661487	8.419071560427788e-05	11:349122	ABF_H3_DOMINANT	PASS	542	0.9883096125252236	0.0001529677171735	0.9884625802423972	0.0001547531694483	11:349122	ABF_H3_DOMINANT	PASS	542	0.9883096125252306	0.0001529677171648	0.9884625802423954	0.0001547531694394	11:349122	ABF_H3_DOMINANT	PASS	542	0.9986858161909108	1.451039876759308e-05	0.9987003265896784	1.4529282089195469e-05	11:349122	ABF_H3_DOMINANT	PASS	542	0.9986858161909108	1.4510398767918988e-05	0.9987003265896788	1.4529282089521797e-05	11:349122	ABF_H3_DOMINANT	PASS	542	0.9986769381412548	1.460842128485284e-05	0.9986915465625396	1.4627560767020109e-05	11:349122	ABF_H3_DOMINANT	PASS	H3_DISTINCT_SIGNAL	ABF_H3_DOMINANT	H3_SUPPORTED_STABLE	STABLE_H3	MATCH		542	1.33581247955736e-05	1.33687610417578e-05	1	H3	H3	H3	H3	H3	H3	H3	False	False	False	False	False	False	H3 -> H3 -> H3 -> H3
R7B1_002495	33	IFITM2	CD4_ET	PRIMARY_184_TRIGGER_VERIFICATION	ABF_H4_DOMINANT	H4_SUPPORTED_STABLE	635	326ced6a415bd40cc41d9576a38b55cd06fe14229ef6b632598ad12031521609	542	ab35a8d32a8198b52fca8e0030e0e2d4d5ba34aad47704e2dcf06c929d008ee9	93	0.1464566929133858	980	9c404d31be96f03621d6a4a719582059fb8acf18f4944b41ed279f6b7733d398	aae97342eddda3ce6258b829832df41fec0ef14c79f826ee6cfc44588f93583b	f0dd3b38ca62129c918051020308c152a84398836c70add3921a7b7f2501dbf5	0.9193553797133168	0.9183264390511896	535	7	0	23285	24119.0	24510	0.0028919054801397	PASS	635	0.016176917342955	0.9837141036361622	0.9998910209791172	0.9838213195202872	11:308180	ABF_H4_DOMINANT	PASS	542	0.0082485786545505	0.9916435520053186	0.9998921306598691	0.991750531480724	11:308180	ABF_H4_DOMINANT	PASS	542	0.0082485786545505	0.9916435520053186	0.9998921306598691	0.991750531480724	11:308180	ABF_H4_DOMINANT	PASS	542	0.0004911660966906	0.9995068939658556	0.999998060062546	0.999508832950476	11:308180	ABF_H4_DOMINANT	PASS	542	0.0004911660966906	0.9995068939658556	0.999998060062546	0.999508832950476	11:308180	ABF_H4_DOMINANT	PASS	542	0.00049760557996	0.9995004329313946	0.9999980385113546	0.9995023934439904	11:308180	ABF_H4_DOMINANT	PASS	ROBUST_H4_TRIGGER	ABF_H4_DOMINANT	H4_SUPPORTED_STABLE	STABLE_H4	MATCH		542	0.999999185089157	0.999999981351948	2	H4	H4	H4	H4	H4	H4	H4	False	False	False	False	False	False	H4 -> H4 -> H4 -> H4
R7B1_002496	33	IFITM2	CD4_NC	PRIMARY_184_TRIGGER_VERIFICATION	ABF_H4_DOMINANT	H4_SUPPORTED_STABLE	635	326ced6a415bd40cc41d9576a38b55cd06fe14229ef6b632598ad12031521609	542	ab35a8d32a8198b52fca8e0030e0e2d4d5ba34aad47704e2dcf06c929d008ee9	93	0.1464566929133858	980	654c0eb5b54cb52eb8de754e59fd14d2c61781917b32a7412c818f7c0693f5b3	5243a2fdcfb94f44f3ef2c22e3bb927cdec28ca41b9933b56a5f75fb128d9629	85b609559c4521c0ab8107366a6d7fa59d32e857b87f9184a7fdf439a56e20b6	0.7537049595452207	0.7528718378121956	535	7	0	23285	24119.0	24510	0.0028919054801397	PASS	635	0.0158718809461241	0.9840210752248664	0.9998929561709904	0.9841264198850804	11:308180	ABF_H4_DOMINANT	PASS	542	0.0082485786545505	0.9916435520053116	0.999892130659862	0.9917505314807238	11:308180	ABF_H4_DOMINANT	PASS	542	0.0082485786545507	0.9916435520053116	0.9998921306598624	0.9917505314807236	11:308180	ABF_H4_DOMINANT	PASS	542	0.0004911660966906	0.9995068939658556	0.999998060062546	0.999508832950476	11:308180	ABF_H4_DOMINANT	PASS	542	0.0004911660966906	0.9995068939658556	0.999998060062546	0.999508832950476	11:308180	ABF_H4_DOMINANT	PASS	542	0.00049760557996	0.9995004329313804	0.9999980385113404	0.9995023934439904	11:308180	ABF_H4_DOMINANT	PASS	ROBUST_H4_TRIGGER	ABF_H4_DOMINANT	H4_SUPPORTED_STABLE	STABLE_H4	MATCH		542	0.999999185089157	0.999999981351948	2	H4	H4	H4	H4	H4	H4	H4	False	False	False	False	False	False	H4 -> H4 -> H4 -> H4
R7B1_002498	33	IFITM2	CD8_ET	PRIMARY_184_TRIGGER_VERIFICATION	ABF_H4_DOMINANT	H4_SUPPORTED_STABLE	635	326ced6a415bd40cc41d9576a38b55cd06fe14229ef6b632598ad12031521609	542	ab35a8d32a8198b52fca8e0030e0e2d4d5ba34aad47704e2dcf06c929d008ee9	93	0.1464566929133858	980	4abfaac2743da8dc3fff09d2c8665b0e86c34ad150b0587dca32a34ede3137b8	58c0927d5b33c3cc47d30d08a7c3500508be105cd5a014d3f785cb8eab79572b	b45f1177e77834baf4006f1bcfa34051e8a28022f8ac73e0c2d9e6d03cc0faa6	0.8056974858829732	0.8047586893543871	535	7	0	23285	24119.0	24510	0.0028919054801397	PASS	635	0.0184651128543472	0.9814113915051556	0.9998765043595028	0.9815326065030644	11:309508	ABF_H4_DOMINANT	PASS	542	0.0082485786552938	0.9916435520045648	0.9998921306598584	0.9917505314799804	11:308180	ABF_H4_DOMINANT	PASS	542	0.0082485786553002	0.9916435520045576	0.9998921306598578	0.991750531479974	11:308180	ABF_H4_DOMINANT	PASS	542	0.0004911660968115	0.9995068939657348	0.9999980600625462	0.9995088329503552	11:308180	ABF_H4_DOMINANT	PASS	542	0.0004911660968125	0.9995068939657348	0.9999980600625472	0.999508832950354	11:308180	ABF_H4_DOMINANT	PASS	542	0.0004976055800814	0.9995004329312668	0.999998038511348	0.999502393443869	11:308180	ABF_H4_DOMINANT	PASS	ROBUST_H4_TRIGGER	ABF_H4_DOMINANT	H4_SUPPORTED_STABLE	STABLE_H4	MATCH		542	0.999999185089157	0.999999981351948	2	H4	H4	H4	H4	H4	H4	H4	False	False	False	False	False	False	H4 -> H4 -> H4 -> H4
R7B1_002499	33	IFITM2	CD8_NC	PRIMARY_184_TRIGGER_VERIFICATION	ABF_H4_DOMINANT	H4_SUPPORTED_STABLE	635	326ced6a415bd40cc41d9576a38b55cd06fe14229ef6b632598ad12031521609	542	ab35a8d32a8198b52fca8e0030e0e2d4d5ba34aad47704e2dcf06c929d008ee9	93	0.1464566929133858	980	947b76a45bb68bd986bc74ea73c95a0b92ebec2de95bb24d60fa7eeaeac0c537	9050c2fcb7bcb13affdc924271ecb4387f257c6931850b6cb075ee7b5325922f	4efc24dd8328182b4ed2f6c83be44f1fe98a325e7610c5b15d6ceb3684eb9ada	0.8103314423280924	0.8094509629501871	535	7	0	23285	24119.0	24510	0.0028919054801397	PASS	635	0.0166414821302509	0.9832465915874752	0.9998880737177264	0.9833566550420232	11:308180	ABF_H4_DOMINANT	PASS	542	0.0082485786545505	0.9916435520053256	0.999892130659876	0.991750531480724	11:308180	ABF_H4_DOMINANT	PASS	542	0.0082485786545505	0.9916435520053256	0.999892130659876	0.991750531480724	11:308180	ABF_H4_DOMINANT	PASS	542	0.0004911660966906	0.9995068939658556	0.999998060062546	0.999508832950476	11:308180	ABF_H4_DOMINANT	PASS	542	0.0004911660966906	0.9995068939658556	0.999998060062546	0.999508832950476	11:308180	ABF_H4_DOMINANT	PASS	542	0.00049760557996	0.9995004329313946	0.9999980385113546	0.9995023934439904	11:308180	ABF_H4_DOMINANT	PASS	ROBUST_H4_TRIGGER	ABF_H4_DOMINANT	H4_SUPPORTED_STABLE	STABLE_H4	MATCH		542	0.999999185089157	0.999999981351948	2	H4	H4	H4	H4	H4	H4	H4	False	False	False	False	False	False	H4 -> H4 -> H4 -> H4
R7B1_002500	33	IFITM2	CD8_S100B	PRIMARY_184_TRIGGER_VERIFICATION	ABF_H4_DOMINANT	H4_SUPPORTED_STABLE	635	326ced6a415bd40cc41d9576a38b55cd06fe14229ef6b632598ad12031521609	542	ab35a8d32a8198b52fca8e0030e0e2d4d5ba34aad47704e2dcf06c929d008ee9	93	0.1464566929133858	959	7ca27d2ecd59e9415b14cdbd362de94da23325783ac75b2a1fb2752686ac039c	c874dd0ea16ebe4a533b3d2f4f376efb087d87d4661c437a9070aec36709e387	d34eba97fea01b31a41818537d833d33ab9628706dcc03eb22bbf47b46fb089a	0.884837782426102	0.883717771837287	535	7	0	23285	24119.0	24510	0.0028919054801397	PASS	635	0.0159831275621381	0.9839091228453748	0.9998922504075128	0.9840151500767966	11:308180	ABF_H4_DOMINANT	PASS	542	0.0082485786545506	0.9916435520053186	0.9998921306598691	0.9917505314807238	11:308180	ABF_H4_DOMINANT	PASS	542	0.0082485786545506	0.9916435520053186	0.9998921306598691	0.9917505314807238	11:308180	ABF_H4_DOMINANT	PASS	542	0.0004911660966906	0.9995068939658556	0.999998060062546	0.999508832950476	11:308180	ABF_H4_DOMINANT	PASS	542	0.0004911660966906	0.9995068939658556	0.999998060062546	0.999508832950476	11:308180	ABF_H4_DOMINANT	PASS	542	0.00049760557996	0.9995004329313876	0.9999980385113476	0.9995023934439904	11:308180	ABF_H4_DOMINANT	PASS	ROBUST_H4_TRIGGER	ABF_H4_DOMINANT	H4_SUPPORTED_STABLE	STABLE_H4	MATCH		542	0.999999185089157	0.999999981351948	1	H4	H4	H4	H4	H4	H4	H4	False	False	False	False	False	False	H4 -> H4 -> H4 -> H4
R7B1_002504	33	IFITM2	NK	H3_RESCUE_FALSIFICATION	ABF_H3_DOMINANT	H4_SUPPORTED_STABLE	635	326ced6a415bd40cc41d9576a38b55cd06fe14229ef6b632598ad12031521609	542	ab35a8d32a8198b52fca8e0030e0e2d4d5ba34aad47704e2dcf06c929d008ee9	93	0.1464566929133858	980	39cb0aa61f6d263300b2ef01a13ac50a005a3ed5ed411d0d9b16790361e3c7fd	669e571ed053098b2c03d3b61cf3880dff960380763313ff4161267a46b65c9a	fa9d745dfd430509fe93c499794f2e7201d4190b2792b906f4c9b6333591b9d8	0.8420081964705456	0.8410783863155569	535	7	0	23285	24119.0	24510	0.0028919054801397	PASS	635	0.9935611848105758	0.0001291791179879	0.9936903639285636	0.0001299993666812	11:349122	ABF_H3_DOMINANT	PASS	542	0.988239959569312	0.0002234329716794	0.9884633925409916	0.0002260407146743	11:349122	ABF_H3_DOMINANT	PASS	542	0.9882402570391764	0.0002231320326968	0.9884633890718733	0.0002257362641486	11:349122	ABF_H3_DOMINANT	PASS	542	0.998241619775252	0.0004592843057864	0.9987009040810384	0.0004598817362732	11:308180	ABF_H3_DOMINANT	PASS	542	0.9982435161176164	0.0004573854980358	0.9987009016156524	0.0004579804597111	11:308180	ABF_H3_DOMINANT	PASS	542	0.9982346602963168	0.0004574651528497	0.9986921254491664	0.0004580642434163	11:308180	ABF_H3_DOMINANT	PASS	H3_DISTINCT_SIGNAL	ABF_H3_DOMINANT	H4_SUPPORTED_STABLE	H3_TO_H4	MATCH		542	0.999999185089157	0.999999981351948	2	H3	H3	H3	H3	H3	H3	H4	False	False	True	False	False	False	H3 -> H3 -> H3 -> H4
R7B1_002505	33	IFITM2	NK_R	PRIMARY_184_TRIGGER_VERIFICATION	ABF_H4_DOMINANT	H4_SUPPORTED_STABLE	635	326ced6a415bd40cc41d9576a38b55cd06fe14229ef6b632598ad12031521609	542	ab35a8d32a8198b52fca8e0030e0e2d4d5ba34aad47704e2dcf06c929d008ee9	93	0.1464566929133858	750	520fa15fc85e392e8ffcd2a425e10a068d6a4e4f280b8ee97085c487703c6e46	a69dbc436b2d850ec143884c6aad328e5fa52639b1babb6a50d8024f92d28b42	96f0bc2b7b433ee9b460c57915df99ebbb9e943e4af54d6f1f6fa9ab1a091c78	0.9228854885802524	0.921698970425594	535	7	0	23285	24119.0	24510	0.0028919054801397	PASS	635	0.0182079403388793	0.981669550895702	0.9998774912345816	0.9817898287555232	11:308180	ABF_H4_DOMINANT	PASS	542	0.0082486114848239	0.9916428621596904	0.9998914736445144	0.9917504932262714	11:308180	ABF_H4_DOMINANT	PASS	542	0.0082486117339096	0.9916428572409476	0.9998914689748574	0.991750492938632	11:308180	ABF_H4_DOMINANT	PASS	542	0.0004911722985591	0.9995067829100422	0.9999979552086014	0.999508826697094	11:308180	ABF_H4_DOMINANT	PASS	542	0.0004911723452359	0.9995067821181528	0.9999979544633888	0.9995088266500508	11:308180	ABF_H4_DOMINANT	PASS	542	0.0004976118078464	0.9995003213960808	0.9999979332039274	0.9995023871636892	11:308180	ABF_H4_DOMINANT	PASS	ROBUST_H4_TRIGGER	ABF_H4_DOMINANT	H4_SUPPORTED_STABLE	STABLE_H4	MATCH		542	0.999999156757294	0.999999980538283	1	H4	H4	H4	H4	H4	H4	H4	False	False	False	False	False	False	H4 -> H4 -> H4 -> H4
R7B1_002509	33	IFITM3	CD4_ET	PRIMARY_184_TRIGGER_VERIFICATION	ABF_H4_DOMINANT	H4_SUPPORTED_STABLE	635	326ced6a415bd40cc41d9576a38b55cd06fe14229ef6b632598ad12031521609	542	ab35a8d32a8198b52fca8e0030e0e2d4d5ba34aad47704e2dcf06c929d008ee9	93	0.1464566929133858	980	cd298595bfdf202f4268f7e4a2459601a9d1f177e6db1f007563c33e6d756dd8	aae97342eddda3ce6258b829832df41fec0ef14c79f826ee6cfc44588f93583b	f0dd3b38ca62129c918051020308c152a84398836c70add3921a7b7f2501dbf5	0.9853496871993508	0.9842047578324172	535	7	0	23285	24119.0	24510	0.0028919054801397	PASS	635	0.0190533261936322	0.9808194449980484	0.9998727711916808	0.980944249365923	11:309508	ABF_H4_DOMINANT	PASS	542	0.0082485788255155	0.9916435496817528	0.9998921285072684	0.9917505312919808	11:308180	ABF_H4_DOMINANT	PASS	542	0.0082485788267086	0.9916435496659908	0.9998921284926994	0.9917505312906671	11:308180	ABF_H4_DOMINANT	PASS	542	0.0004911661274308	0.9995068935916834	0.9999980597191144	0.999508832919567	11:308180	ABF_H4_DOMINANT	PASS	542	0.0004911661276449	0.9995068935891446	0.9999980597167896	0.9995088329193518	11:308180	ABF_H4_DOMINANT	PASS	542	0.0004976056108302	0.9995004325556022	0.9999980381664324	0.9995023934129484	11:308180	ABF_H4_DOMINANT	PASS	ROBUST_H4_TRIGGER	ABF_H4_DOMINANT	H4_SUPPORTED_STABLE	STABLE_H4	MATCH		542	0.999999184970358	0.999999981346294	1	H4	H4	H4	H4	H4	H4	H4	False	False	False	False	False	False	H4 -> H4 -> H4 -> H4
R7B1_002510	33	IFITM3	CD4_NC	PRIMARY_184_TRIGGER_VERIFICATION	ABF_H4_DOMINANT	H4_SUPPORTED_STABLE	635	326ced6a415bd40cc41d9576a38b55cd06fe14229ef6b632598ad12031521609	542	ab35a8d32a8198b52fca8e0030e0e2d4d5ba34aad47704e2dcf06c929d008ee9	93	0.1464566929133858	980	9492cfbaca6108eda0db377fec2df4dfc9f057975581c2141f57e4199ef73831	5243a2fdcfb94f44f3ef2c22e3bb927cdec28ca41b9933b56a5f75fb128d9629	85b609559c4521c0ab8107366a6d7fa59d32e857b87f9184a7fdf439a56e20b6	0.939670976538866	0.9386090487622772	535	7	0	23285	24119.0	24510	0.0028919054801397	PASS	635	0.0202494031900242	0.9796157813919673	0.9998651845819916	0.9797478665101336	11:309508	ABF_H4_DOMINANT	PASS	542	0.0082485786545505	0.9916435520053256	0.999892130659876	0.991750531480724	11:308180	ABF_H4_DOMINANT	PASS	542	0.0082485786545505	0.9916435520053256	0.999892130659876	0.991750531480724	11:308180	ABF_H4_DOMINANT	PASS	542	0.0004911660966906	0.9995068939658556	0.999998060062546	0.999508832950476	11:308180	ABF_H4_DOMINANT	PASS	542	0.0004911660966906	0.9995068939658556	0.999998060062546	0.999508832950476	11:308180	ABF_H4_DOMINANT	PASS	542	0.00049760557996	0.9995004329313946	0.9999980385113546	0.9995023934439904	11:308180	ABF_H4_DOMINANT	PASS	ROBUST_H4_TRIGGER	ABF_H4_DOMINANT	H4_SUPPORTED_STABLE	STABLE_H4	MATCH		542	0.999999185089157	0.999999981351948	1	H4	H4	H4	H4	H4	H4	H4	False	False	False	False	False	False	H4 -> H4 -> H4 -> H4
R7B1_002512	33	IFITM3	CD8_ET	PRIMARY_184_TRIGGER_VERIFICATION	ABF_H4_DOMINANT	H4_SUPPORTED_STABLE	635	326ced6a415bd40cc41d9576a38b55cd06fe14229ef6b632598ad12031521609	542	ab35a8d32a8198b52fca8e0030e0e2d4d5ba34aad47704e2dcf06c929d008ee9	93	0.1464566929133858	980	00781d741dd298468793b6b4aca2abade7527d6692557e3810a654aef2514ae0	58c0927d5b33c3cc47d30d08a7c3500508be105cd5a014d3f785cb8eab79572b	b45f1177e77834baf4006f1bcfa34051e8a28022f8ac73e0c2d9e6d03cc0faa6	0.9635320081770716	0.9623971708164438	535	7	0	23285	24119.0	24510	0.0028919054801397	PASS	635	0.0207190012609131	0.9791432041278442	0.9998622053887574	0.9792781433789096	11:309508	ABF_H4_DOMINANT	PASS	542	0.0082488758345881	0.991643251359448	0.999892127194036	0.9917502342400308	11:308180	ABF_H4_DOMINANT	PASS	542	0.0082488773658024	0.991643249810374	0.9998921271761764	0.991750232708504	11:308180	ABF_H4_DOMINANT	PASS	542	0.0004912144188156	0.9995068455808912	0.9999980599997068	0.9995087846282265	11:308180	ABF_H4_DOMINANT	PASS	542	0.0004912146677945	0.9995068453315852	0.99999805999938	0.9995087843792468	11:308180	ABF_H4_DOMINANT	PASS	542	0.0004976541103066	0.9995003843375077	0.999998038447814	0.999502344913517	11:308180	ABF_H4_DOMINANT	PASS	ROBUST_H4_TRIGGER	ABF_H4_DOMINANT	H4_SUPPORTED_STABLE	STABLE_H4	MATCH		542	0.999999185088475	0.999999981351936	2	H4	H4	H4	H4	H4	H4	H4	False	False	False	False	False	False	H4 -> H4 -> H4 -> H4
R7B1_002513	33	IFITM3	CD8_NC	PRIMARY_184_TRIGGER_VERIFICATION	ABF_H4_DOMINANT	H4_SUPPORTED_STABLE	635	326ced6a415bd40cc41d9576a38b55cd06fe14229ef6b632598ad12031521609	542	ab35a8d32a8198b52fca8e0030e0e2d4d5ba34aad47704e2dcf06c929d008ee9	93	0.1464566929133858	980	6c26053b9ce0d6cd496cf3662e31a50b97ea5c00a7101ccb76cc43f6df192a37	9050c2fcb7bcb13affdc924271ecb4387f257c6931850b6cb075ee7b5325922f	4efc24dd8328182b4ed2f6c83be44f1fe98a325e7610c5b15d6ceb3684eb9ada	0.9375285078213834	0.9364597438842016	535	7	0	23285	24119.0	24510	0.0028919054801397	PASS	635	0.0189907541857969	0.9808824154215792	0.9998731696073762	0.9810068369038704	11:309508	ABF_H4_DOMINANT	PASS	542	0.0082485786588378	0.9916435519825844	0.9998921306414223	0.991750531476284	11:308180	ABF_H4_DOMINANT	PASS	542	0.0082485786588721	0.9916435519824048	0.9998921306412768	0.9917505314762484	11:308180	ABF_H4_DOMINANT	PASS	542	0.0004911660974216	0.9995068939621836	0.9999980600596056	0.9995088329497436	11:308180	ABF_H4_DOMINANT	PASS	542	0.0004911660974275	0.9995068939621552	0.9999980600595828	0.9995088329497376	11:308180	ABF_H4_DOMINANT	PASS	542	0.0004976055806942	0.9995004329277016	0.9999980385083956	0.9995023934432546	11:308180	ABF_H4_DOMINANT	PASS	ROBUST_H4_TRIGGER	ABF_H4_DOMINANT	H4_SUPPORTED_STABLE	STABLE_H4	MATCH		542	0.999999185086862	0.999999981351866	1	H4	H4	H4	H4	H4	H4	H4	False	False	False	False	False	False	H4 -> H4 -> H4 -> H4
R7B1_002514	33	IFITM3	CD8_S100B	PRIMARY_184_TRIGGER_VERIFICATION	ABF_H4_DOMINANT	H4_SUPPORTED_STABLE	635	326ced6a415bd40cc41d9576a38b55cd06fe14229ef6b632598ad12031521609	542	ab35a8d32a8198b52fca8e0030e0e2d4d5ba34aad47704e2dcf06c929d008ee9	93	0.1464566929133858	959	ec58aa6852f7c60532d908157fea812ab38b48d905d31997c8c565e502901f62	c874dd0ea16ebe4a533b3d2f4f376efb087d87d4661c437a9070aec36709e387	d34eba97fea01b31a41818537d833d33ab9628706dcc03eb22bbf47b46fb089a	0.9758555437596476	0.974565646306374	535	7	0	23285	24119.0	24510	0.0028919054801397	PASS	635	0.016672360849111	0.9832155169697095	0.9998878778188208	0.983325769599807	11:308180	ABF_H4_DOMINANT	PASS	542	0.0082485786545593	0.9916435520052058	0.9998921306597652	0.9917505314807142	11:308180	ABF_H4_DOMINANT	PASS	542	0.0082485786545593	0.9916435520052058	0.9998921306597652	0.991750531480714	11:308180	ABF_H4_DOMINANT	PASS	542	0.0004911660966922	0.999506893965834	0.9999980600625265	0.9995088329504744	11:308180	ABF_H4_DOMINANT	PASS	542	0.0004911660966922	0.999506893965834	0.9999980600625265	0.9995088329504744	11:308180	ABF_H4_DOMINANT	PASS	542	0.0004976055799616	0.9995004329313733	0.9999980385113348	0.9995023934439888	11:308180	ABF_H4_DOMINANT	PASS	ROBUST_H4_TRIGGER	ABF_H4_DOMINANT	H4_SUPPORTED_STABLE	STABLE_H4	MATCH		542	0.99999918508915	0.999999981351948	1	H4	H4	H4	H4	H4	H4	H4	False	False	False	False	False	False	H4 -> H4 -> H4 -> H4
R7B1_002516	33	IFITM3	Mono_C	PRIMARY_184_TRIGGER_VERIFICATION	ABF_H4_DOMINANT	H4_SUPPORTED_STABLE	635	326ced6a415bd40cc41d9576a38b55cd06fe14229ef6b632598ad12031521609	542	ab35a8d32a8198b52fca8e0030e0e2d4d5ba34aad47704e2dcf06c929d008ee9	93	0.1464566929133858	851	2bb5ccb877272142c3e4159191c599d95ce8a36ed3463306b52ef86806a9294a	4a3de09fa003d4883cb0d1ffd7899e58c9ed7e5e5bf0682cae33e1aa108cb44a	9f8a4c394a7980f237a91e99ffefe6d90db8561c8d1a30ffc32cd60f72993b46	0.8064718940511508	0.8054733784983026	535	7	0	23285	24119.0	24510	0.0028919054801397	PASS	635	0.0194072032336397	0.9804570480311828	0.9998642512648228	0.980590161905389	11:309508	ABF_H4_DOMINANT	PASS	542	0.00824921398207	0.9916315894669944	0.9998808034490644	0.991749802622858	11:308180	ABF_H4_DOMINANT	PASS	542	0.0082492177829334	0.9916315249324756	0.999880742715409	0.991749798320417	11:308180	ABF_H4_DOMINANT	PASS	542	0.00049128938006	0.9995049630417236	0.9999962524217836	0.9995087087787876	11:308180	ABF_H4_DOMINANT	PASS	542	0.0004912901079695	0.9995049526222064	0.9999962427301758	0.999508708046114	11:308180	ABF_H4_DOMINANT	PASS	542	0.0004977293793822	0.999498493673311	0.9999962230526932	0.999502268740713	11:308180	ABF_H4_DOMINANT	PASS	ROBUST_H4_TRIGGER	ABF_H4_DOMINANT	H4_SUPPORTED_STABLE	STABLE_H4	MATCH		542	0.999998445046004	0.999999962949127	1	H4	H4	H4	H4	H4	H4	H4	False	False	False	False	False	False	H4 -> H4 -> H4 -> H4
R7B1_002517	33	IFITM3	Mono_NC	PRIMARY_184_TRIGGER_VERIFICATION	ABF_H4_DOMINANT	H4_SUPPORTED_STABLE	635	326ced6a415bd40cc41d9576a38b55cd06fe14229ef6b632598ad12031521609	542	ab35a8d32a8198b52fca8e0030e0e2d4d5ba34aad47704e2dcf06c929d008ee9	93	0.1464566929133858	690	fd5061b5b3411202dc2d518d146236d8d488756f2cea9f6c2ebb0eb3d7c48feb	3c4059fe8db3f3f417cc50aed4ea7eeae5179035e1ad5f9816cc19ea63d659b1	20be8cf2b7ed683bc44182ce19ebd34d8ddadeb03a888fc3cf47a1dd63dd8687	0.886952870275094	0.8856440079546731	535	7	0	23285	24119.0	24510	0.0028919054801397	PASS	635	0.0201724199175678	0.9796932530269508	0.9998656729445188	0.9798248700166275	11:309508	ABF_H4_DOMINANT	PASS	542	0.008248578665645	0.9916435518886676	0.9998921305543128	0.9917505314687572	11:308180	ABF_H4_DOMINANT	PASS	542	0.008248578665793	0.9916435518871246	0.9998921305529176	0.9917505314685976	11:308180	ABF_H4_DOMINANT	PASS	542	0.0004911660986412	0.9995068939470672	0.9999980600457086	0.9995088329485172	11:308180	ABF_H4_DOMINANT	PASS	542	0.0004911660986672	0.9995068939468188	0.999998060045486	0.999508832948491	11:308180	ABF_H4_DOMINANT	PASS	542	0.0004976055819189	0.9995004329125212	0.99999803849444	0.9995023934420232	11:308180	ABF_H4_DOMINANT	PASS	ROBUST_H4_TRIGGER	ABF_H4_DOMINANT	H4_SUPPORTED_STABLE	STABLE_H4	MATCH		542	0.999999185087324	0.999999981351906	1	H4	H4	H4	H4	H4	H4	H4	False	False	False	False	False	False	H4 -> H4 -> H4 -> H4
R7B1_002518	33	IFITM3	NK	H3_RESCUE_FALSIFICATION	ABF_H3_DOMINANT	H4_SUPPORTED_STABLE	635	326ced6a415bd40cc41d9576a38b55cd06fe14229ef6b632598ad12031521609	542	ab35a8d32a8198b52fca8e0030e0e2d4d5ba34aad47704e2dcf06c929d008ee9	93	0.1464566929133858	980	04ffcd292203a2be3b525a0181aeba0d9b07179c8e4dd95b83147f04a1981bcc	669e571ed053098b2c03d3b61cf3880dff960380763313ff4161267a46b65c9a	fa9d745dfd430509fe93c499794f2e7201d4190b2792b906f4c9b6333591b9d8	0.954384073795199	0.9532254543861304	535	7	0	23285	24119.0	24510	0.0028919054801397	PASS	635	0.993606417472732	8.365949375167304e-05	0.9936900769664836	8.419073078304958e-05	11:349122	ABF_H3_DOMINANT	PASS	542	0.9883096125209612	0.0001529677217155	0.9884625802426766	0.0001547531740432	11:349122	ABF_H3_DOMINANT	PASS	542	0.9883096125209612	0.0001529677217208	0.988462580242682	0.0001547531740486	11:349122	ABF_H3_DOMINANT	PASS	542	0.9986858161778328	1.4510412098718514e-05	0.9987003265899316	1.4529295437665876e-05	11:349122	ABF_H3_DOMINANT	PASS	542	0.9986858161778044	1.4510412131972633e-05	0.9987003265899363	1.4529295470963202e-05	11:349122	ABF_H3_DOMINANT	PASS	542	0.9986769381282266	1.4608434560701247e-05	0.9986915465627872	1.462757406025848e-05	11:349122	ABF_H3_DOMINANT	PASS	H3_DISTINCT_SIGNAL	ABF_H3_DOMINANT	H4_SUPPORTED_STABLE	H3_TO_H4	MATCH		542	0.999999185089157	0.999999981351948	3	H3	H3	H3	H3	H3	H3	H4	False	False	True	False	False	False	H3 -> H3 -> H3 -> H4
R7B1_002519	33	IFITM3	NK_R	PRIMARY_184_TRIGGER_VERIFICATION	ABF_H4_DOMINANT	H4_SUPPORTED_STABLE	635	326ced6a415bd40cc41d9576a38b55cd06fe14229ef6b632598ad12031521609	542	ab35a8d32a8198b52fca8e0030e0e2d4d5ba34aad47704e2dcf06c929d008ee9	93	0.1464566929133858	750	0beeed73c7431357778014a1b6e92085ef36092904760a7704b06110b7451b67	a69dbc436b2d850ec143884c6aad328e5fa52639b1babb6a50d8024f92d28b42	96f0bc2b7b433ee9b460c57915df99ebbb9e943e4af54d6f1f6fa9ab1a091c78	0.963581769017122	0.9623468454724982	535	7	0	23285	24119.0	24510	0.0028919054801397	PASS	635	0.0194966272847311	0.9793510671391056	0.9988476944238368	0.9804808807252868	11:309508	ABF_H4_DOMINANT	PASS	542	0.0083287753061511	0.98965692399413	0.997985699300281	0.991654414174481	11:308180	ABF_H4_DOMINANT	PASS	542	0.0083291140582132	0.9896492241924316	0.997978338250645	0.991654013179471	11:308180	ABF_H4_DOMINANT	PASS	542	0.0005067358335435	0.9991865168943018	0.9996932527278454	0.9994931086789264	11:308180	ABF_H4_DOMINANT	PASS	542	0.0005068009023311	0.999185272863788	0.9996920737661192	0.9994930429923068	11:308180	ABF_H4_DOMINANT	PASS	542	0.0005132403354059	0.9991786730571472	0.9996919133925533	0.99948660149339	11:308180	ABF_H4_DOMINANT	PASS	ROBUST_H4_TRIGGER	ABF_H4_DOMINANT	H4_SUPPORTED_STABLE	STABLE_H4	MATCH		542	0.999879369219543	0.99999611288205	1	H4	H4	H4	H4	H4	H4	H4	False	False	False	False	False	False	H4 -> H4 -> H4 -> H4
R7B1_002523	33	IRF7	CD4_ET	PRIMARY_184_TRIGGER_VERIFICATION	ABF_H4_DOMINANT	UNINFORMATIVE	635	326ced6a415bd40cc41d9576a38b55cd06fe14229ef6b632598ad12031521609	542	ab35a8d32a8198b52fca8e0030e0e2d4d5ba34aad47704e2dcf06c929d008ee9	93	0.1464566929133858	980	c5ab31158b953c973c0ccd016e54d5d9792ee2fb28a625ea493e63778e662178	aae97342eddda3ce6258b829832df41fec0ef14c79f826ee6cfc44588f93583b	f0dd3b38ca62129c918051020308c152a84398836c70add3921a7b7f2501dbf5	0.9054410306247248	0.9044448365154292	535	7	0	23285	24119.0	24510	0.0028919054801397	PASS	635	0.0680782845073853	0.8132387505341676	0.8813170350415529	0.9227539219139508	11:646232	ABF_H4_DOMINANT	PASS	542	0.0545229345220463	0.8257041188702453	0.8802270533922917	0.9380581018137066	11:645569	ABF_H4_DOMINANT	PASS	542	0.0545155937587861	0.8257033132546812	0.8802189070134673	0.9380658682466224	11:645569	ABF_H4_DOMINANT	PASS	542	0.1216126881326998	0.6178488723279082	0.7394615604606081	0.8355388641744301	11:645569	ABF_UNINFORMATIVE_OR_NO_TRIGGER	PASS	542	0.1215999377699521	0.6178362953925709	0.739436233162523	0.8355504743798168	11:645569	ABF_UNINFORMATIVE_OR_NO_TRIGGER	PASS	542	0.1209582513705093	0.6198905635384813	0.7408488149089907	0.8367301817370546	11:645569	ABF_UNINFORMATIVE_OR_NO_TRIGGER	PASS	ROBUST_H4_TRIGGER	ABF_H4_DOMINANT	UNINFORMATIVE	H4_TO_UNINFORMATIVE	NOT_COMPARABLE		542			0	H4	H4	H4	UNINFORMATIVE	UNINFORMATIVE	UNINFORMATIVE	UNINFORMATIVE	False	True	False	False	False	False	H4 -> H4 -> UNINFORMATIVE -> UNINFORMATIVE
R7B1_002524	33	IRF7	CD4_NC	PRIMARY_184_TRIGGER_VERIFICATION	ABF_AMBIGUOUS	H3_SUPPORTED_STABLE	635	326ced6a415bd40cc41d9576a38b55cd06fe14229ef6b632598ad12031521609	542	ab35a8d32a8198b52fca8e0030e0e2d4d5ba34aad47704e2dcf06c929d008ee9	93	0.1464566929133858	980	1340286bcece2b2ac4a0057d32b4f2e75b98f42d995e6523d83882ab9f848eab	5243a2fdcfb94f44f3ef2c22e3bb927cdec28ca41b9933b56a5f75fb128d9629	85b609559c4521c0ab8107366a6d7fa59d32e857b87f9184a7fdf439a56e20b6	0.7499253422519759	0.7490660250359699	535	7	0	23285	24119.0	24510	0.0028919054801397	PASS	635	0.5383032570119707	0.4566200560643239	0.9949233130762948	0.458950001535755	11:590648	ABF_AMBIGUOUS	PASS	542	0.441346548987538	0.5510798029255866	0.9924263519131248	0.5552853386684629	11:590648	ABF_AMBIGUOUS	PASS	542	0.4413280069331509	0.5510939569576392	0.99242196389079	0.5553020559894457	11:590648	ABF_AMBIGUOUS	PASS	542	0.4159969091167884	0.5812076928437638	0.9972046019605524	0.5828369541226359	11:590648	ABF_AMBIGUOUS	PASS	542	0.4159658274063966	0.5812345926136661	0.9972004200200626	0.5828663736442994	11:590648	ABF_AMBIGUOUS	PASS	542	0.4142038724388928	0.5830090782051027	0.9972129506439956	0.5846384945448193	11:590648	ABF_AMBIGUOUS	PASS	H3_H4_AMBIGUITY_TRIGGER	ABF_AMBIGUOUS	H3_SUPPORTED_STABLE	AMBIGUITY_TO_H3	MATCH		542	0.0001564565115755	0.0001575437641225	1	AMBIGUOUS	AMBIGUOUS	AMBIGUOUS	AMBIGUOUS	AMBIGUOUS	AMBIGUOUS	H3	False	False	True	False	False	False	AMBIGUOUS -> AMBIGUOUS -> AMBIGUOUS -> H3
R7B1_002527	33	IRF7	CD8_NC	PRIMARY_184_TRIGGER_VERIFICATION	ABF_AMBIGUOUS	H3_SUPPORTED_STABLE	635	326ced6a415bd40cc41d9576a38b55cd06fe14229ef6b632598ad12031521609	542	ab35a8d32a8198b52fca8e0030e0e2d4d5ba34aad47704e2dcf06c929d008ee9	93	0.1464566929133858	980	9fbabf16607c7d939a857a0fe495d565c1864612c63bc3618da453f68b1694c5	9050c2fcb7bcb13affdc924271ecb4387f257c6931850b6cb075ee7b5325922f	4efc24dd8328182b4ed2f6c83be44f1fe98a325e7610c5b15d6ceb3684eb9ada	0.8660967598985503	0.8651434499362085	535	7	0	23285	24119.0	24510	0.0028919054801397	PASS	635	0.5988016772139504	0.3359665494033423	0.9347682266172928	0.3594116058256778	11:589564	ABF_AMBIGUOUS	PASS	542	0.501521883767764	0.4362534950816491	0.9377753788494132	0.4652004146418331	11:589564	ABF_AMBIGUOUS	PASS	542	0.50139922127636	0.4363172531798825	0.9377164744562424	0.4652976300036656	11:589564	ABF_AMBIGUOUS	PASS	542	0.4880216831739135	0.457053781290863	0.9450754644647764	0.4836161750847121	11:589564	ABF_AMBIGUOUS	PASS	542	0.4879176067288898	0.4570981799372537	0.9450157866661436	0.4836936973823676	11:589564	ABF_AMBIGUOUS	PASS	542	0.486510793753488	0.4587296039211911	0.9452403976746792	0.4853046960854406	11:589564	ABF_AMBIGUOUS	PASS	H3_H4_AMBIGUITY_TRIGGER	ABF_AMBIGUOUS	H3_SUPPORTED_STABLE	AMBIGUITY_TO_H3	PF50_UNINFORMATIVE		542	0.0025605519204984	0.0028670860820605	1	AMBIGUOUS	AMBIGUOUS	AMBIGUOUS	AMBIGUOUS	AMBIGUOUS	AMBIGUOUS	H3	False	False	True	False	False	False	AMBIGUOUS -> AMBIGUOUS -> AMBIGUOUS -> H3
R7B1_002528	33	IRF7	CD8_S100B	PRIMARY_184_TRIGGER_VERIFICATION	ABF_AMBIGUOUS	UNINFORMATIVE	635	326ced6a415bd40cc41d9576a38b55cd06fe14229ef6b632598ad12031521609	542	ab35a8d32a8198b52fca8e0030e0e2d4d5ba34aad47704e2dcf06c929d008ee9	93	0.1464566929133858	959	84755b4c9b2e276b147d75ee211a668836dc60c31db4bb38dbbc5048e123ec91	c874dd0ea16ebe4a533b3d2f4f376efb087d87d4661c437a9070aec36709e387	d34eba97fea01b31a41818537d833d33ab9628706dcc03eb22bbf47b46fb089a	0.9450045893442144	0.9438608011308828	535	7	0	23285	24119.0	24510	0.0028919054801397	PASS	635	0.3245621487434899	0.5053460675701187	0.8299082163136086	0.6089180196514126	11:646232	ABF_AMBIGUOUS	PASS	542	0.2469719612884909	0.5834285628830336	0.8304005241715244	0.7025869395555954	11:645569	ABF_AMBIGUOUS	PASS	542	0.2468507392713501	0.5834866501241605	0.8303373893955106	0.7027103170061285	11:645569	ABF_AMBIGUOUS	PASS	542	0.2748159747053758	0.5412949077605155	0.8161108824658913	0.6632614751135101	11:589564	ABF_AMBIGUOUS	PASS	542	0.2747288423137611	0.5412793215307936	0.8160081638445547	0.6633258654920817	11:589564	ABF_AMBIGUOUS	PASS	542	0.2738261037438984	0.5429407122330647	0.8167668159769632	0.6647438431783427	11:589564	ABF_AMBIGUOUS	PASS	H3_H4_AMBIGUITY_TRIGGER	ABF_AMBIGUOUS	UNINFORMATIVE	AMBIGUITY_TO_UNINFORMATIVE	NOT_COMPARABLE		542			0	AMBIGUOUS	AMBIGUOUS	AMBIGUOUS	AMBIGUOUS	AMBIGUOUS	AMBIGUOUS	UNINFORMATIVE	False	False	True	False	False	False	AMBIGUOUS -> AMBIGUOUS -> AMBIGUOUS -> UNINFORMATIVE
R7B1_002557	33	PHRF1	B_MEM	H3_RESCUE_FALSIFICATION	ABF_H3_DOMINANT	UNINFORMATIVE	635	326ced6a415bd40cc41d9576a38b55cd06fe14229ef6b632598ad12031521609	542	ab35a8d32a8198b52fca8e0030e0e2d4d5ba34aad47704e2dcf06c929d008ee9	93	0.1464566929133858	970	99b87276d70c212d91e5be8c7805dd5a9203a30d69a7670e8c3b8596927913d5	3b3cf6d29be45a1ad1d59fb61484a1ee1678033b463ad48bb3789c2040c5ac8b	2179900a2fbe537f4196bee22e294b84337ee029b1af12aa22f73b9022b72418	0.9864072825480852	0.9849600806140204	535	7	0	23285	24119.0	24510	0.0028919054801397	PASS	635	0.8140933083717147	0.0059286405167559	0.8200219488884707	0.0072298558895797	11:646232	ABF_H3_DOMINANT	PASS	542	0.8095156897639749	0.0060297963065507	0.8155454860705257	0.0073935744965048	11:645569	ABF_H3_DOMINANT	PASS	542	0.8093419260864735	0.0060429048945686	0.8153848309810421	0.0074111078167814	11:645569	ABF_H3_DOMINANT	PASS	542	0.8166968761282252	0.0074934769171172	0.8241903530453425	0.0090919250503591	11:308180	ABF_H3_DOMINANT	PASS	542	0.8165192290754849	0.0075094120412269	0.8240286411167118	0.0091130473705989	11:308180	ABF_H3_DOMINANT	PASS	542	0.8166956655293415	0.0074862237213991	0.8241818892507407	0.0090832179389489	11:308180	ABF_H3_DOMINANT	PASS	H3_DISTINCT_SIGNAL	ABF_H3_DOMINANT	UNINFORMATIVE	H3_TO_UNINFORMATIVE	NOT_COMPARABLE		542			0	H3	H3	H3	H3	H3	H3	UNINFORMATIVE	False	False	True	False	False	False	H3 -> H3 -> H3 -> UNINFORMATIVE
R7B1_002593	33	POLR2L	Mono_C	H3_RESCUE_FALSIFICATION	ABF_H3_DOMINANT	H3_SUPPORTED_STABLE	635	326ced6a415bd40cc41d9576a38b55cd06fe14229ef6b632598ad12031521609	542	ab35a8d32a8198b52fca8e0030e0e2d4d5ba34aad47704e2dcf06c929d008ee9	93	0.1464566929133858	851	c815abf24f5b748cd32bf769f818d67c8bf312c1561410e5409d834e738f4478	4a3de09fa003d4883cb0d1ffd7899e58c9ed7e5e5bf0682cae33e1aa108cb44a	9f8a4c394a7980f237a91e99ffefe6d90db8561c8d1a30ffc32cd60f72993b46	0.9632767609730304	0.9624092772611956	535	7	0	23285	24119.0	24510	0.0028919054801397	PASS	635	0.9935120099579297	0.0001786659424756	0.9936906759004052	0.0001798003612278	11:837582	ABF_H3_DOMINANT	PASS	542	0.988209075035091	0.0002546776836273	0.9884637527187184	0.000257649997713	11:833975	ABF_H3_DOMINANT	PASS	542	0.988209054561862	0.0002546983956163	0.9884637529574783	0.000257670951367	11:833975	ABF_H3_DOMINANT	PASS	542	0.9986723337988644	2.8010319054459875e-05	0.9987003441179187	2.8046770204329312e-05	11:833872	ABF_H3_DOMINANT	PASS	542	0.9986723314912328	2.8012629680124227e-05	0.998700344120913	2.804908383683577e-05	11:833872	ABF_H3_DOMINANT	PASS	542	0.9986633709360776	2.8193384277026116e-05	0.9986915643203548	2.8230321837365995e-05	11:833872	ABF_H3_DOMINANT	PASS	H3_DISTINCT_SIGNAL	ABF_H3_DOMINANT	H3_SUPPORTED_STABLE	STABLE_H3	MATCH		542	2.22275212567086e-05	2.22452194961875e-05	1	H3	H3	H3	H3	H3	H3	H3	False	False	False	False	False	False	H3 -> H3 -> H3 -> H3
R7B1_002594	33	POLR2L	Mono_NC	H3_RESCUE_FALSIFICATION	ABF_H3_DOMINANT	H3_SUPPORTED_STABLE	635	326ced6a415bd40cc41d9576a38b55cd06fe14229ef6b632598ad12031521609	542	ab35a8d32a8198b52fca8e0030e0e2d4d5ba34aad47704e2dcf06c929d008ee9	93	0.1464566929133858	690	4d8a98c5d592c0bd3ad38b1064c78b53c45bc9c2173628d611deebed46c2d210	3c4059fe8db3f3f417cc50aed4ea7eeae5179035e1ad5f9816cc19ea63d659b1	20be8cf2b7ed683bc44182ce19ebd34d8ddadeb03a888fc3cf47a1dd63dd8687	0.9253988284585356	0.9241178872605712	535	7	0	23285	24119.0	24510	0.0028919054801397	PASS	635	0.9934972664481966	0.0001672789062766	0.9936645453544732	0.0001683454512478	11:837582	ABF_H3_DOMINANT	PASS	542	0.9881365109926532	0.0002856282458394	0.9884221392384926	0.0002889739459493	11:833668	ABF_H3_DOMINANT	PASS	542	0.988136287107735	0.0002856374536638	0.9884219245613988	0.0002889833243941	11:833668	ABF_H3_DOMINANT	PASS	542	0.998624533098896	3.340229355684615e-05	0.9986579353924528	3.344718183581019e-05	11:833668	ABF_H3_DOMINANT	PASS	542	0.9986243035780492	3.341476786100945e-05	0.9986577183459104	3.345968017586122e-05	11:833668	ABF_H3_DOMINANT	PASS	542	0.9986155523141927	3.360373345394985e-05	0.9986491560476468	3.364918825640761e-05	11:833668	ABF_H3_DOMINANT	PASS	H3_DISTINCT_SIGNAL	ABF_H3_DOMINANT	H3_SUPPORTED_STABLE	STABLE_H3	MATCH		542	2.75430237588689e-05	2.75662934921028e-05	1	H3	H3	H3	H3	H3	H3	H3	False	False	False	False	False	False	H3 -> H3 -> H3 -> H3
R7B1_002595	33	POLR2L	NK	H3_RESCUE_FALSIFICATION	ABF_H3_DOMINANT	H3_SUPPORTED_STABLE	635	326ced6a415bd40cc41d9576a38b55cd06fe14229ef6b632598ad12031521609	542	ab35a8d32a8198b52fca8e0030e0e2d4d5ba34aad47704e2dcf06c929d008ee9	93	0.1464566929133858	980	1f4fed1c62b24142d6047fc38e1899cd4db5e86016aab68ace82a59bdddf09b2	669e571ed053098b2c03d3b61cf3880dff960380763313ff4161267a46b65c9a	fa9d745dfd430509fe93c499794f2e7201d4190b2792b906f4c9b6333591b9d8	0.8831277847670272	0.8820914045366095	535	7	0	23285	24119.0	24510	0.0028919054801397	PASS	635	0.9195819151237644	0.0049517063139185	0.9245336214376828	0.0053558964207471	11:646232	ABF_H3_DOMINANT	PASS	542	0.912611816701446	0.0050421902465948	0.917654006948041	0.0054946528957731	11:645569	ABF_H3_DOMINANT	PASS	542	0.912102029629114	0.0050697362544129	0.9171717658835268	0.0055275755785277	11:645569	ABF_H3_DOMINANT	PASS	542	0.9238442827803164	0.003123090586007	0.9269673733663236	0.0033691483387009	11:308180	ABF_H3_DOMINANT	PASS	542	0.9233320453027256	0.0031465629321306	0.9264786082348564	0.0033962607492098	11:308180	ABF_H3_DOMINANT	PASS	542	0.923832835169034	0.0031266786304534	0.9269595137994876	0.0033730476724248	11:308180	ABF_H3_DOMINANT	PASS	H3_DISTINCT_SIGNAL	ABF_H3_DOMINANT	H3_SUPPORTED_STABLE	STABLE_H3	MATCH		542	0.0001239697216107	0.0001245334562356	1	H3	H3	H3	H3	H3	H3	H3	False	False	False	False	False	False	H3 -> H3 -> H3 -> H3
R7B1_002601	33	RIC8A	CD4_NC	H3_RESCUE_FALSIFICATION	ABF_H3_DOMINANT	H3_SUPPORTED_STABLE	635	326ced6a415bd40cc41d9576a38b55cd06fe14229ef6b632598ad12031521609	542	ab35a8d32a8198b52fca8e0030e0e2d4d5ba34aad47704e2dcf06c929d008ee9	93	0.1464566929133858	980	cd160bb26bb90d93e6e6399e83250624d4fd711bf8bcf5bbd7b059380c506b99	5243a2fdcfb94f44f3ef2c22e3bb927cdec28ca41b9933b56a5f75fb128d9629	85b609559c4521c0ab8107366a6d7fa59d32e857b87f9184a7fdf439a56e20b6	0.5335589414546738	0.532783022543547	535	7	0	23285	24119.0	24510	0.0028919054801397	PASS	635	0.9057907059196114	0.0038960101110196	0.9096867160306312	0.0042828042251949	11:308180	ABF_H3_DOMINANT	PASS	542	0.9008732551118668	0.0039760980214838	0.9048493531333504	0.0043942099397156	11:308180	ABF_H3_DOMINANT	PASS	542	0.900759316827285	0.003985124293784	0.9047444411210692	0.004404696080637	11:308180	ABF_H3_DOMINANT	PASS	542	0.9059082663838626	0.0086780119830867	0.9145862783669492	0.0094884563527258	11:308180	ABF_H3_DOMINANT	PASS	542	0.905785713572731	0.008695725238326	0.914481438811057	0.0095089138710476	11:308180	ABF_H3_DOMINANT	PASS	542	0.9059220400722576	0.0086542261953882	0.914576266267646	0.0094625527849152	11:308180	ABF_H3_DOMINANT	PASS	H3_DISTINCT_SIGNAL	ABF_H3_DOMINANT	H3_SUPPORTED_STABLE	STABLE_H3	MATCH		542	0.0079817913836576	0.008730353635299	1	H3	H3	H3	H3	H3	H3	H3	False	False	False	False	False	False	H3 -> H3 -> H3 -> H3
R7B1_002603	33	RIC8A	CD8_ET	H3_RESCUE_FALSIFICATION	ABF_H3_DOMINANT	H3_SUPPORTED_STABLE	635	326ced6a415bd40cc41d9576a38b55cd06fe14229ef6b632598ad12031521609	542	ab35a8d32a8198b52fca8e0030e0e2d4d5ba34aad47704e2dcf06c929d008ee9	93	0.1464566929133858	980	f76ec33a15160c0c89b1e002bc27aba92c19fcc99de324b0097ef9147fbab9f8	58c0927d5b33c3cc47d30d08a7c3500508be105cd5a014d3f785cb8eab79572b	b45f1177e77834baf4006f1bcfa34051e8a28022f8ac73e0c2d9e6d03cc0faa6	0.735092911712072	0.7340413130988046	535	7	0	23285	24119.0	24510	0.0028919054801397	PASS	635	0.9868248214273312	0.0003565028279449	0.987181324255276	0.0003611320627585	11:646232	ABF_H3_DOMINANT	PASS	542	0.9815601194747424	0.0004297013702374	0.98198982084498	0.0004375823059628	11:645569	ABF_H3_DOMINANT	PASS	542	0.9815456202002328	0.0004305469978128	0.9819761671980456	0.0004384495389958	11:645569	ABF_H3_DOMINANT	PASS	542	0.9916928580326556	0.0004652522641482	0.9921581102968038	0.0004689295580208	11:308180	ABF_H3_DOMINANT	PASS	542	0.9916776671999864	0.0004666440390559	0.9921443112390425	0.0004703388748691	11:308180	ABF_H3_DOMINANT	PASS	542	0.9916847048940468	0.0004646822510214	0.9921493871450684	0.0004683591574435	11:308180	ABF_H3_DOMINANT	PASS	H3_DISTINCT_SIGNAL	ABF_H3_DOMINANT	H3_SUPPORTED_STABLE	STABLE_H3	MATCH		542	0.0003030132336302	0.000305203814481	1	H3	H3	H3	H3	H3	H3	H3	False	False	False	False	False	False	H3 -> H3 -> H3 -> H3
R7B1_002613	33	RNH1	B_MEM	H3_RESCUE_FALSIFICATION	ABF_H3_DOMINANT	MODEL_SENSITIVE	635	326ced6a415bd40cc41d9576a38b55cd06fe14229ef6b632598ad12031521609	542	ab35a8d32a8198b52fca8e0030e0e2d4d5ba34aad47704e2dcf06c929d008ee9	93	0.1464566929133858	970	ce1956795fc0725ff8d3c9c6107f6da813b9204f48f05eabff2e5b3ddb32c781	3b3cf6d29be45a1ad1d59fb61484a1ee1678033b463ad48bb3789c2040c5ac8b	2179900a2fbe537f4196bee22e294b84337ee029b1af12aa22f73b9022b72418	0.871256422153617	0.8701667964664354	535	7	0	23285	24119.0	24510	0.0028919054801397	PASS	635	0.8111806364424021	0.0221602810729369	0.8333409175153391	0.0265920952723758	11:646232	ABF_H3_DOMINANT	PASS	542	0.7314078331193086	0.0320348117221324	0.763442644841441	0.0419609933222759	11:645569	ABF_UNINFORMATIVE_OR_NO_TRIGGER	PASS	542	0.7310273794306928	0.0320884209531805	0.7631158003838734	0.0420492157770013	11:645569	ABF_UNINFORMATIVE_OR_NO_TRIGGER	PASS	542	0.7371671619528136	0.0344149465364118	0.7715821084892255	0.0446030904005759	11:308180	ABF_UNINFORMATIVE_OR_NO_TRIGGER	PASS	542	0.7367740433904694	0.0344810902881483	0.7712551336786178	0.0447077611317614	11:308180	ABF_UNINFORMATIVE_OR_NO_TRIGGER	PASS	542	0.7371685309861329	0.0344046669649259	0.7715731979510588	0.0445902826281275	11:308180	ABF_UNINFORMATIVE_OR_NO_TRIGGER	PASS	H3_DISTINCT_SIGNAL	ABF_H3_DOMINANT	MODEL_SENSITIVE	H3_TO_MODEL_SENSITIVE	NOT_COMPARABLE		542	0.0189705808006555	0.0234229438274269	1	H3	UNINFORMATIVE	UNINFORMATIVE	UNINFORMATIVE	UNINFORMATIVE	UNINFORMATIVE	MODEL_SENSITIVE	True	False	True	False	False	False	H3 -> UNINFORMATIVE -> UNINFORMATIVE -> MODEL_SENSITIVE
R7B1_002615	33	RNH1	CD4_NC	H3_RESCUE_FALSIFICATION	ABF_H3_DOMINANT	H3_SUPPORTED_STABLE	635	326ced6a415bd40cc41d9576a38b55cd06fe14229ef6b632598ad12031521609	542	ab35a8d32a8198b52fca8e0030e0e2d4d5ba34aad47704e2dcf06c929d008ee9	93	0.1464566929133858	980	37d9719e4458df1a6adced8fa5ee7f5ad8a6cfbd7696084531f24109a9b80106	5243a2fdcfb94f44f3ef2c22e3bb927cdec28ca41b9933b56a5f75fb128d9629	85b609559c4521c0ab8107366a6d7fa59d32e857b87f9184a7fdf439a56e20b6	0.5114874810350225	0.5108855879134928	535	7	0	23285	24119.0	24510	0.0028919054801397	PASS	635	0.9862963291328556	0.0072815183788618	0.9935778475117176	0.0073285836606537	11:464667	ABF_H3_DOMINANT	PASS	542	0.9753633385267524	0.0130754700139809	0.9884388085407332	0.0132284061501841	11:464667	ABF_H3_DOMINANT	PASS	542	0.9753485649048156	0.0130896006484892	0.9884381655533048	0.0132427106769617	11:464667	ABF_H3_DOMINANT	PASS	542	0.9940472948954931	0.0044827881869336	0.9985300830824267	0.0044893872131478	11:481603	ABF_H3_DOMINANT	PASS	542	0.9940409330857491	0.0044883343419136	0.9985292674276628	0.0044949452042364	11:481603	ABF_H3_DOMINANT	PASS	542	0.9940088309088464	0.00451255693109	0.9985213878399364	0.0045192391330264	11:481603	ABF_H3_DOMINANT	PASS	H3_DISTINCT_SIGNAL	ABF_H3_DOMINANT	H3_SUPPORTED_STABLE	STABLE_H3	MATCH		542	2.64728832096551e-05	2.64958656798779e-05	1	H3	H3	H3	H3	H3	H3	H3	False	False	False	False	False	False	H3 -> H3 -> H3 -> H3
R7B1_002617	33	RNH1	CD8_ET	H3_RESCUE_FALSIFICATION	ABF_H3_DOMINANT	H3_SUPPORTED_STABLE	635	326ced6a415bd40cc41d9576a38b55cd06fe14229ef6b632598ad12031521609	542	ab35a8d32a8198b52fca8e0030e0e2d4d5ba34aad47704e2dcf06c929d008ee9	93	0.1464566929133858	980	4261ed6556c562d276dda7a63392862526026f52dc3152e830e309ad97697ed0	58c0927d5b33c3cc47d30d08a7c3500508be105cd5a014d3f785cb8eab79572b	b45f1177e77834baf4006f1bcfa34051e8a28022f8ac73e0c2d9e6d03cc0faa6	0.7287327575260151	0.7278674849379894	535	7	0	23285	24119.0	24510	0.0028919054801397	PASS	635	0.9637413711220172	0.0063751677127447	0.970116538834762	0.0065715483218152	11:526478	ABF_H3_DOMINANT	PASS	542	0.9498655973229312	0.0093592026014848	0.959224799924416	0.0097570481937314	11:645569	ABF_H3_DOMINANT	PASS	542	0.9497861215970428	0.0093628926385118	0.9591490142355544	0.0097616663308298	11:645569	ABF_H3_DOMINANT	PASS	542	0.96514697218234	0.0037423834769654	0.9688893556593056	0.0038625498929326	11:308180	ABF_H3_DOMINANT	PASS	542	0.9650659924294536	0.0037463276570377	0.9688123200864912	0.0038669281752149	11:308180	ABF_H3_DOMINANT	PASS	542	0.9651219701305712	0.0037594322044199	0.9688814023349912	0.003880177899338	11:308180	ABF_H3_DOMINANT	PASS	H3_DISTINCT_SIGNAL	ABF_H3_DOMINANT	H3_SUPPORTED_STABLE	STABLE_H3	MATCH		542	0.0003796185376743	0.0003862945702976	1	H3	H3	H3	H3	H3	H3	H3	False	False	False	False	False	False	H3 -> H3 -> H3 -> H3
R7B1_002621	33	RNH1	Mono_C	H3_RESCUE_FALSIFICATION	ABF_H3_DOMINANT	H3_SUPPORTED_STABLE	635	326ced6a415bd40cc41d9576a38b55cd06fe14229ef6b632598ad12031521609	542	ab35a8d32a8198b52fca8e0030e0e2d4d5ba34aad47704e2dcf06c929d008ee9	93	0.1464566929133858	851	6996bb509b3951cec8aa166141060b77752cbe0a854020065de2d15101b06133	4a3de09fa003d4883cb0d1ffd7899e58c9ed7e5e5bf0682cae33e1aa108cb44a	9f8a4c394a7980f237a91e99ffefe6d90db8561c8d1a30ffc32cd60f72993b46	0.8398776210821788	0.8388784600327097	535	7	0	23285	24119.0	24510	0.0028919054801397	PASS	635	0.9798699100859248	0.0051384338659869	0.9850083439519116	0.005216639937659	11:517369	ABF_H3_DOMINANT	PASS	542	0.9702006338523284	0.0087708094466594	0.978971443298988	0.0089592086742624	11:494510	ABF_H3_DOMINANT	PASS	542	0.970164390242396	0.0087719784169019	0.978936368659298	0.0089607237995618	11:494510	ABF_H3_DOMINANT	PASS	542	0.9858391958878874	0.0031201519986782	0.9889593478865656	0.0031549850914965	11:308180	ABF_H3_DOMINANT	PASS	542	0.985801719060919	0.0031219841520728	0.9889237032129918	0.0031569514836479	11:308180	ABF_H3_DOMINANT	PASS	542	0.9858136446198912	0.003137225074327	0.9889508696942184	0.0031722759648283	11:308180	ABF_H3_DOMINANT	PASS	H3_DISTINCT_SIGNAL	ABF_H3_DOMINANT	H3_SUPPORTED_STABLE	STABLE_H3	MATCH		542	0.0001332527463955	0.0001339840324431	1	H3	H3	H3	H3	H3	H3	H3	False	False	False	False	False	False	H3 -> H3 -> H3 -> H3
R7B1_002623	33	RNH1	NK	H3_RESCUE_FALSIFICATION	ABF_H3_DOMINANT	H3_SUPPORTED_STABLE	635	326ced6a415bd40cc41d9576a38b55cd06fe14229ef6b632598ad12031521609	542	ab35a8d32a8198b52fca8e0030e0e2d4d5ba34aad47704e2dcf06c929d008ee9	93	0.1464566929133858	980	0da81b4807a532f8611f0f1b5191907344e7cde78bd130ad2a17853016c5554d	669e571ed053098b2c03d3b61cf3880dff960380763313ff4161267a46b65c9a	fa9d745dfd430509fe93c499794f2e7201d4190b2792b906f4c9b6333591b9d8	0.767449103106494	0.7665887338799524	535	7	0	23285	24119.0	24510	0.0028919054801397	PASS	635	0.963084947918097	0.0088150495671389	0.971899997485236	0.0090699141783595	11:646232	ABF_H3_DOMINANT	PASS	542	0.9454947223740005	0.0124185527577878	0.9579132751317884	0.0129641723109843	11:645569	ABF_H3_DOMINANT	PASS	542	0.9454104857513232	0.0124318639192851	0.9578423496706084	0.0129790292980471	11:645569	ABF_H3_DOMINANT	PASS	542	0.959863826940587	0.007689505808963	0.96755333274955	0.0079473715284628	11:308180	ABF_H3_DOMINANT	PASS	542	0.9597764691537188	0.0077047845359208	0.9674812536896396	0.0079637558934992	11:308180	ABF_H3_DOMINANT	PASS	542	0.9598377213692764	0.0077077692007186	0.9675454905699952	0.0079663119469224	11:308180	ABF_H3_DOMINANT	PASS	H3_DISTINCT_SIGNAL	ABF_H3_DOMINANT	H3_SUPPORTED_STABLE	STABLE_H3	MATCH		542	0.0031614255851898	0.0032803064856016	1	H3	H3	H3	H3	H3	H3	H3	False	False	False	False	False	False	H3 -> H3 -> H3 -> H3
R7B1_002628	33	RP11-326C3.11	CD4_ET	PRIMARY_184_TRIGGER_VERIFICATION	ABF_H4_DOMINANT	H4_SUPPORTED_STABLE	635	326ced6a415bd40cc41d9576a38b55cd06fe14229ef6b632598ad12031521609	542	ab35a8d32a8198b52fca8e0030e0e2d4d5ba34aad47704e2dcf06c929d008ee9	93	0.1464566929133858	980	b943aca841403e8a479b48b75534a03f596de5281a95b2920a1bb439b8509d0b	aae97342eddda3ce6258b829832df41fec0ef14c79f826ee6cfc44588f93583b	f0dd3b38ca62129c918051020308c152a84398836c70add3921a7b7f2501dbf5	0.9652046365315328	0.9641099088645384	535	7	0	23285	24119.0	24510	0.0028919054801397	PASS	635	0.019830782448568	0.9800370579196211	0.9998678403681892	0.9801665963761116	11:309508	ABF_H4_DOMINANT	PASS	542	0.0082485786545513	0.9916435520053116	0.9998921306598628	0.991750531480723	11:308180	ABF_H4_DOMINANT	PASS	542	0.0082485786545513	0.9916435520053116	0.9998921306598628	0.991750531480723	11:308180	ABF_H4_DOMINANT	PASS	542	0.0004911660966908	0.9995068939658556	0.9999980600625464	0.9995088329504758	11:308180	ABF_H4_DOMINANT	PASS	542	0.0004911660966908	0.9995068939658556	0.9999980600625464	0.9995088329504758	11:308180	ABF_H4_DOMINANT	PASS	542	0.0004976055799601	0.9995004329313876	0.9999980385113476	0.9995023934439904	11:308180	ABF_H4_DOMINANT	PASS	ROBUST_H4_TRIGGER	ABF_H4_DOMINANT	H4_SUPPORTED_STABLE	STABLE_H4	MATCH		542	0.999999185089157	0.999999981351948	1	H4	H4	H4	H4	H4	H4	H4	False	False	False	False	False	False	H4 -> H4 -> H4 -> H4
R7B1_002629	33	RP11-326C3.11	CD4_NC	PRIMARY_184_TRIGGER_VERIFICATION	ABF_H4_DOMINANT	H4_SUPPORTED_STABLE	635	326ced6a415bd40cc41d9576a38b55cd06fe14229ef6b632598ad12031521609	542	ab35a8d32a8198b52fca8e0030e0e2d4d5ba34aad47704e2dcf06c929d008ee9	93	0.1464566929133858	980	960e5f771ba8289fbdc28501429b8f76036380427acbe04952b1ace075f1baed	5243a2fdcfb94f44f3ef2c22e3bb927cdec28ca41b9933b56a5f75fb128d9629	85b609559c4521c0ab8107366a6d7fa59d32e857b87f9184a7fdf439a56e20b6	0.9254761386782672	0.9243228169941772	535	7	0	23285	24119.0	24510	0.0028919054801397	PASS	635	0.0209190249534779	0.9789419114581218	0.9998609364115998	0.9790780655672436	11:309508	ABF_H4_DOMINANT	PASS	542	0.0082485786545505	0.9916435520053186	0.9998921306598691	0.991750531480724	11:308180	ABF_H4_DOMINANT	PASS	542	0.0082485786545506	0.9916435520053186	0.9998921306598691	0.9917505314807238	11:308180	ABF_H4_DOMINANT	PASS	542	0.0004911660966906	0.9995068939658556	0.999998060062546	0.999508832950476	11:308180	ABF_H4_DOMINANT	PASS	542	0.0004911660966906	0.9995068939658556	0.999998060062546	0.999508832950476	11:308180	ABF_H4_DOMINANT	PASS	542	0.00049760557996	0.9995004329313876	0.9999980385113476	0.9995023934439904	11:308180	ABF_H4_DOMINANT	PASS	ROBUST_H4_TRIGGER	ABF_H4_DOMINANT	H4_SUPPORTED_STABLE	STABLE_H4	MATCH		542	0.999999185089157	0.999999981351948	1	H4	H4	H4	H4	H4	H4	H4	False	False	False	False	False	False	H4 -> H4 -> H4 -> H4
R7B1_002631	33	RP11-326C3.11	CD8_ET	PRIMARY_184_TRIGGER_VERIFICATION	ABF_H4_DOMINANT	H4_SUPPORTED_STABLE	635	326ced6a415bd40cc41d9576a38b55cd06fe14229ef6b632598ad12031521609	542	ab35a8d32a8198b52fca8e0030e0e2d4d5ba34aad47704e2dcf06c929d008ee9	93	0.1464566929133858	980	f01e2df0f84084c5be5150387252c38c80f2d8b5b77ccc1d735f35b2e960d6f9	58c0927d5b33c3cc47d30d08a7c3500508be105cd5a014d3f785cb8eab79572b	b45f1177e77834baf4006f1bcfa34051e8a28022f8ac73e0c2d9e6d03cc0faa6	0.9610633209959164	0.9598217194630672	535	7	0	23285	24119.0	24510	0.0028919054801397	PASS	635	0.0189806870320615	0.980892546449948	0.9998732334820096	0.9810169065472808	11:309508	ABF_H4_DOMINANT	PASS	542	0.0082485792594555	0.991643551385333	0.9998921306447884	0.9917505308756293	11:308180	ABF_H4_DOMINANT	PASS	542	0.0082485792636824	0.9916435513809786	0.9998921306446612	0.9917505308714007	11:308180	ABF_H4_DOMINANT	PASS	542	0.00049116619506	0.9995068938660734	0.9999980600611336	0.9995088328521056	11:308180	ABF_H4_DOMINANT	PASS	542	0.0004911661957474	0.9995068938653774	0.9999980600611248	0.9995088328514182	11:308180	ABF_H4_DOMINANT	PASS	542	0.0004976056787532	0.99950043283118	0.9999980385099332	0.9995023933451962	11:308180	ABF_H4_DOMINANT	PASS	ROBUST_H4_TRIGGER	ABF_H4_DOMINANT	H4_SUPPORTED_STABLE	STABLE_H4	MATCH		542	0.999999185084816	0.999999981351866	2	H4	H4	H4	H4	H4	H4	H4	False	False	False	False	False	False	H4 -> H4 -> H4 -> H4
R7B1_002632	33	RP11-326C3.11	CD8_NC	PRIMARY_184_TRIGGER_VERIFICATION	ABF_H4_DOMINANT	H4_SUPPORTED_STABLE	635	326ced6a415bd40cc41d9576a38b55cd06fe14229ef6b632598ad12031521609	542	ab35a8d32a8198b52fca8e0030e0e2d4d5ba34aad47704e2dcf06c929d008ee9	93	0.1464566929133858	980	1874aa1ad072f2adea9773f453f9a1eccffa6dc91bbb345a75df01800f872244	9050c2fcb7bcb13affdc924271ecb4387f257c6931850b6cb075ee7b5325922f	4efc24dd8328182b4ed2f6c83be44f1fe98a325e7610c5b15d6ceb3684eb9ada	0.947057978087514	0.9460014740680776	535	7	0	23285	24119.0	24510	0.0028919054801397	PASS	635	0.0198789670269752	0.9799885671257924	0.9998675341527676	0.980118399339949	11:309508	ABF_H4_DOMINANT	PASS	542	0.008248578758742	0.9916435505379468	0.9998921292966888	0.9917505313652744	11:308180	ABF_H4_DOMINANT	PASS	542	0.0082485787594664	0.9916435505282056	0.999892129287672	0.9917505313644756	11:308180	ABF_H4_DOMINANT	PASS	542	0.0004911661191473	0.9995068937258992	0.9999980598450464	0.9995088329279124	11:308180	ABF_H4_DOMINANT	PASS	542	0.0004911661193022	0.9995068937243085	0.9999980598436106	0.9995088329277568	11:308180	ABF_H4_DOMINANT	PASS	542	0.0004976056025094	0.9995004326904028	0.9999980382929125	0.9995023934213322	11:308180	ABF_H4_DOMINANT	PASS	ROBUST_H4_TRIGGER	ABF_H4_DOMINANT	H4_SUPPORTED_STABLE	STABLE_H4	MATCH		542	0.99999918497816	0.999999981348788	1	H4	H4	H4	H4	H4	H4	H4	False	False	False	False	False	False	H4 -> H4 -> H4 -> H4
R7B1_002633	33	RP11-326C3.11	CD8_S100B	PRIMARY_184_TRIGGER_VERIFICATION	ABF_H4_DOMINANT	H4_SUPPORTED_STABLE	635	326ced6a415bd40cc41d9576a38b55cd06fe14229ef6b632598ad12031521609	542	ab35a8d32a8198b52fca8e0030e0e2d4d5ba34aad47704e2dcf06c929d008ee9	93	0.1464566929133858	959	260c3fc8a8b25e1db66cf2c6286e5e008320db803dafa2fd9b36755d11fe56e4	c874dd0ea16ebe4a533b3d2f4f376efb087d87d4661c437a9070aec36709e387	d34eba97fea01b31a41818537d833d33ab9628706dcc03eb22bbf47b46fb089a	0.971098690547894	0.969896045125379	535	7	0	23285	24119.0	24510	0.0028919054801397	PASS	635	0.0207605128519764	0.9791014291067532	0.9998619419587296	0.9792366205965328	11:309508	ABF_H4_DOMINANT	PASS	542	0.0082485786948654	0.9916435509240704	0.9998921296189358	0.9917505314318164	11:308180	ABF_H4_DOMINANT	PASS	542	0.0082485786952083	0.9916435509157278	0.999892129610936	0.9917505314314076	11:308180	ABF_H4_DOMINANT	PASS	542	0.0004911661050907	0.9995068937913114	0.999998059896402	0.9995088329419944	11:308180	ABF_H4_DOMINANT	PASS	542	0.0004911661051609	0.999506893789962	0.999998059895123	0.9995088329419234	11:308180	ABF_H4_DOMINANT	PASS	542	0.0004976055883948	0.9995004327560918	0.9999980383444866	0.9995023934354724	11:308180	ABF_H4_DOMINANT	PASS	ROBUST_H4_TRIGGER	ABF_H4_DOMINANT	H4_SUPPORTED_STABLE	STABLE_H4	MATCH		542	0.999999185033745	0.999999981350859	1	H4	H4	H4	H4	H4	H4	H4	False	False	False	False	False	False	H4 -> H4 -> H4 -> H4
R7B1_002637	33	RP11-326C3.11	NK	PRIMARY_184_TRIGGER_VERIFICATION	ABF_H4_DOMINANT	H4_SUPPORTED_STABLE	635	326ced6a415bd40cc41d9576a38b55cd06fe14229ef6b632598ad12031521609	542	ab35a8d32a8198b52fca8e0030e0e2d4d5ba34aad47704e2dcf06c929d008ee9	93	0.1464566929133858	980	448b52437e435857f05a64a5b1deaf4c45514ada47877fcfc49f976246851059	669e571ed053098b2c03d3b61cf3880dff960380763313ff4161267a46b65c9a	fa9d745dfd430509fe93c499794f2e7201d4190b2792b906f4c9b6333591b9d8	0.9831107097779987	0.982024054676914	535	7	0	23285	24119.0	24510	0.0028919054801397	PASS	635	0.0208603501914903	0.9790009584606296	0.99986130865212	0.9791367562571138	11:309508	ABF_H4_DOMINANT	PASS	542	0.0082485789883894	0.9916435516663648	0.9998921306547542	0.9917505311468068	11:308180	ABF_H4_DOMINANT	PASS	542	0.008248578990413	0.9916435516643072	0.9998921306547204	0.9917505311447826	11:308180	ABF_H4_DOMINANT	PASS	542	0.0004911661509751	0.9995068939113056	0.9999980600622808	0.9995088328961912	11:308180	ABF_H4_DOMINANT	PASS	542	0.0004911661513042	0.9995068939109718	0.999998060062276	0.999508832895862	11:308180	ABF_H4_DOMINANT	PASS	542	0.0004976056344784	0.9995004328766036	0.999998038511082	0.9995023933894716	11:308180	ABF_H4_DOMINANT	PASS	ROBUST_H4_TRIGGER	ABF_H4_DOMINANT	H4_SUPPORTED_STABLE	STABLE_H4	MATCH		542	0.999999185087906	0.99999998135187	2	H4	H4	H4	H4	H4	H4	H4	False	False	False	False	False	False	H4 -> H4 -> H4 -> H4
R7B1_002638	33	RP11-326C3.11	NK_R	PRIMARY_184_TRIGGER_VERIFICATION	ABF_H4_DOMINANT	UNINFORMATIVE	635	326ced6a415bd40cc41d9576a38b55cd06fe14229ef6b632598ad12031521609	542	ab35a8d32a8198b52fca8e0030e0e2d4d5ba34aad47704e2dcf06c929d008ee9	93	0.1464566929133858	750	05b368b78ce08df740fe5d8d73d6cd841bea3a801fb583b2658fd3739ee6e0b7	a69dbc436b2d850ec143884c6aad328e5fa52639b1babb6a50d8024f92d28b42	96f0bc2b7b433ee9b460c57915df99ebbb9e943e4af54d6f1f6fa9ab1a091c78	0.9955815646816208	0.9942715321740068	535	7	0	23285	24119.0	24510	0.0028919054801397	PASS	635	0.0206078227044658	0.9057267391203616	0.9263345618248274	0.9777533695127714	11:309508	ABF_H4_DOMINANT	PASS	542	0.0110610738783433	0.8944072492903437	0.905468323168687	0.9877841404328368	11:308180	ABF_H4_DOMINANT	PASS	542	0.0110693239927416	0.8942069472678678	0.9052762712606094	0.9877724355048793	11:308180	ABF_H4_DOMINANT	PASS	542	0.0011256609343473	0.9823984796611662	0.9835241405955136	0.998855482150478	11:308180	ABF_H4_DOMINANT	PASS	542	0.0011275301177231	0.982359890327374	0.9834874204450972	0.9988535388513532	11:308180	ABF_H4_DOMINANT	PASS	542	0.0011346754134808	0.9823194646231465	0.9834541400366272	0.998846234544868	11:308180	ABF_H4_DOMINANT	PASS	ROBUST_H4_TRIGGER	ABF_H4_DOMINANT	UNINFORMATIVE	H4_TO_UNINFORMATIVE	NOT_COMPARABLE		542			0	H4	H4	H4	H4	H4	H4	UNINFORMATIVE	False	False	True	False	False	False	H4 -> H4 -> H4 -> UNINFORMATIVE
R7B1_002642	33	RP11-326C3.12	CD4_NC	H3_RESCUE_FALSIFICATION	ABF_H3_DOMINANT	H4_SUPPORTED_STABLE	635	326ced6a415bd40cc41d9576a38b55cd06fe14229ef6b632598ad12031521609	542	ab35a8d32a8198b52fca8e0030e0e2d4d5ba34aad47704e2dcf06c929d008ee9	93	0.1464566929133858	980	3ea41d33f052ded02ddf813c8970c76fac6df83a7ab387fdb386e2500ce920b6	5243a2fdcfb94f44f3ef2c22e3bb927cdec28ca41b9933b56a5f75fb128d9629	85b609559c4521c0ab8107366a6d7fa59d32e857b87f9184a7fdf439a56e20b6	0.981366215402184	0.9801182091620798	535	7	0	23285	24119.0	24510	0.0028919054801397	PASS	635	0.9936045784972376	8.551013594907132e-05	0.9936900886331868	8.605312353139183e-05	11:331326	ABF_H3_DOMINANT	PASS	542	0.9883062683221646	0.0001563509208325	0.9884626192429972	0.0001581758559087	11:331326	ABF_H3_DOMINANT	PASS	542	0.9883062676663764	0.0001563515842656	0.9884626192506422	0.0001581765270842	11:331326	ABF_H3_DOMINANT	PASS	542	0.9986807625174684	1.9570642624080415e-05	0.9987003331600924	1.959611103978998e-05	11:331326	ABF_H3_DOMINANT	PASS	542	0.9986807624768292	1.9570683319766958e-05	0.9987003331601492	1.959615178843507e-05	11:331326	ABF_H3_DOMINANT	PASS	542	0.9986718516028544	1.9701617556864868e-05	0.9986915532204113	1.972742984892025e-05	11:331326	ABF_H3_DOMINANT	PASS	H3_DISTINCT_SIGNAL	ABF_H3_DOMINANT	H4_SUPPORTED_STABLE	H3_TO_H4	MATCH		542	0.999903840488393	0.999997236984436	2	H3	H3	H3	H3	H3	H3	H4	False	False	True	False	False	False	H3 -> H3 -> H3 -> H4
R7B1_002645	33	RP11-326C3.12	CD8_NC	H3_RESCUE_FALSIFICATION	ABF_H3_DOMINANT	H3_SUPPORTED_STABLE	635	326ced6a415bd40cc41d9576a38b55cd06fe14229ef6b632598ad12031521609	542	ab35a8d32a8198b52fca8e0030e0e2d4d5ba34aad47704e2dcf06c929d008ee9	93	0.1464566929133858	980	17eb1f9eb0d13c966642316b1a0e7c15d690f9eea26b269a7806bc7ed7f5cbab	9050c2fcb7bcb13affdc924271ecb4387f257c6931850b6cb075ee7b5325922f	4efc24dd8328182b4ed2f6c83be44f1fe98a325e7610c5b15d6ceb3684eb9ada	0.9539060457922192	0.952754950277295	535	7	0	23285	24119.0	24510	0.0028919054801397	PASS	635	0.9936029367059404	8.716209190304303e-05	0.9936900987978436	8.7715568474005e-05	11:332210	ABF_H3_DOMINANT	PASS	542	0.9883032829563126	0.0001593708511923	0.988462653807505	0.0001612310293954	11:332210	ABF_H3_DOMINANT	PASS	542	0.98830328320735	0.0001593705945825	0.9884626538019324	0.0001612307697913	11:332210	ABF_H3_DOMINANT	PASS	542	0.9986809328602722	1.939982726051353e-05	0.9987003326875328	1.9425073393445267e-05	11:332094	ABF_H3_DOMINANT	PASS	542	0.99868093273139	1.9399953665301668e-05	0.9987003326850554	1.9425199962779555e-05	11:332094	ABF_H3_DOMINANT	PASS	542	0.9986720230849254	1.9529659935976057e-05	0.9986915527448614	1.9555246945165012e-05	11:332094	ABF_H3_DOMINANT	PASS	H3_DISTINCT_SIGNAL	ABF_H3_DOMINANT	H3_SUPPORTED_STABLE	STABLE_H3	MATCH		542	1.5987406692207e-05	1.60001364400826e-05	1	H3	H3	H3	H3	H3	H3	H3	False	False	False	False	False	False	H3 -> H3 -> H3 -> H3
R7B1_002663	33	RPLP2	B_IN	H3_RESCUE_FALSIFICATION	ABF_H3_DOMINANT	H3_SUPPORTED_STABLE	635	326ced6a415bd40cc41d9576a38b55cd06fe14229ef6b632598ad12031521609	542	ab35a8d32a8198b52fca8e0030e0e2d4d5ba34aad47704e2dcf06c929d008ee9	93	0.1464566929133858	975	129a655889250753ecaeff26b53aa37703ff7995945aab2ab8d02b0e9386aa63	720d3d1d4899bbe6e2e74d0cbb7cc9a7fcff33ad1c4f3a2a15533a239239ee86	5297c9fdc157b3669fc7853c0878b237bcde2a4b32a85e8fb1f279395838f6cd	0.8683670081249281	0.8674455245207486	535	7	0	23285	24119.0	24510	0.0028919054801397	PASS	635	0.993586406495826	0.0001037974229789	0.9936902039188048	0.0001044565223342	11:766069	ABF_H3_DOMINANT	PASS	542	0.9883116861954604	0.0001508698638629	0.9884625560593236	0.0001526308335486	11:766069	ABF_H3_DOMINANT	PASS	542	0.9883116603808592	0.000150895979512	0.9884625563603712	0.0001526572539759	11:766069	ABF_H3_DOMINANT	PASS	542	0.9986817619055732	1.8569955238094216e-05	0.9987003318608114	1.8594121425286863e-05	11:766069	ABF_H3_DOMINANT	PASS	542	0.998681754181866	1.8577688986714705e-05	0.9987003318708528	1.8601865238107365e-05	11:766069	ABF_H3_DOMINANT	PASS	542	0.9986728620280124	1.8689869876818285e-05	0.9986915518978892	1.871435664124775e-05	11:766069	ABF_H3_DOMINANT	PASS	H3_DISTINCT_SIGNAL	ABF_H3_DOMINANT	H3_SUPPORTED_STABLE	STABLE_H3	MATCH		542	3.66233615644205e-05	3.66525217971978e-05	2	H3	H3	H3	H3	H3	H3	H3	False	False	False	False	False	False	H3 -> H3 -> H3 -> H3
R7B1_002664	33	RPLP2	B_MEM	H3_RESCUE_FALSIFICATION	ABF_H3_DOMINANT	H3_SUPPORTED_STABLE	635	326ced6a415bd40cc41d9576a38b55cd06fe14229ef6b632598ad12031521609	542	ab35a8d32a8198b52fca8e0030e0e2d4d5ba34aad47704e2dcf06c929d008ee9	93	0.1464566929133858	970	64a33d3f7c45e6cc5a907be18d0bd6e127f3d2788ed405038c25374e40541cc2	3b3cf6d29be45a1ad1d59fb61484a1ee1678033b463ad48bb3789c2040c5ac8b	2179900a2fbe537f4196bee22e294b84337ee029b1af12aa22f73b9022b72418	0.7987112363816847	0.7978217517589514	535	7	0	23285	24119.0	24510	0.0028919054801397	PASS	635	0.9921998011490398	0.0014991995802954	0.9936990007293351	0.0015087059352933	11:801776	ABF_H3_DOMINANT	PASS	542	0.984886017865545	0.0036164886127198	0.9885025064782648	0.0036585527998348	11:803017	ABF_H3_DOMINANT	PASS	542	0.9848856398527248	0.0036168710339542	0.9885025108866792	0.0036589396527783	11:803017	ABF_H3_DOMINANT	PASS	542	0.9977323112024232	0.0009692550208038	0.998701566223227	0.000970515170482	11:803017	ABF_H3_DOMINANT	PASS	542	0.9977322096020176	0.0009693567532924	0.99870156635531	0.0009706170351069	11:803017	ABF_H3_DOMINANT	PASS	542	0.9977189947052788	0.0009738056856786	0.9986928003909576	0.000975080310279	11:803017	ABF_H3_DOMINANT	PASS	H3_DISTINCT_SIGNAL	ABF_H3_DOMINANT	H3_SUPPORTED_STABLE	STABLE_H3	MATCH		542	3.72870676297732e-05	3.73167562985271e-05	2	H3	H3	H3	H3	H3	H3	H3	False	False	False	False	False	False	H3 -> H3 -> H3 -> H3
R7B1_002665	33	RPLP2	CD4_ET	H3_RESCUE_FALSIFICATION	ABF_H3_DOMINANT	H3_SUPPORTED_STABLE	635	326ced6a415bd40cc41d9576a38b55cd06fe14229ef6b632598ad12031521609	542	ab35a8d32a8198b52fca8e0030e0e2d4d5ba34aad47704e2dcf06c929d008ee9	93	0.1464566929133858	980	76ee9a65fb749ef246597ef1d8d8894660daf47dd3069007787f425afd66a6b9	aae97342eddda3ce6258b829832df41fec0ef14c79f826ee6cfc44588f93583b	f0dd3b38ca62129c918051020308c152a84398836c70add3921a7b7f2501dbf5	0.695814965636813	0.6951443617464621	535	7	0	23285	24119.0	24510	0.0028919054801397	PASS	635	0.9922630533815237	0.0014355460671569	0.9936985994486806	0.0014446493815663	11:801776	ABF_H3_DOMINANT	PASS	542	0.9857143915110836	0.0027784544072568	0.9884928459183404	0.0028107987010017	11:803017	ABF_H3_DOMINANT	PASS	542	0.9857129790700728	0.0027798833202649	0.9884928623903376	0.0028122442012811	11:803017	ABF_H3_DOMINANT	PASS	542	0.997970536564672	0.0007307199463868	0.9987012565110588	0.0007316701982928	11:803017	ABF_H3_DOMINANT	PASS	542	0.997970146185198	0.0007311108333853	0.9987012570185833	0.0007320615932415	11:803017	ABF_H3_DOMINANT	PASS	542	0.9979581690497732	0.0007343182918741	0.9986924873416472	0.0007352796793623	11:803017	ABF_H3_DOMINANT	PASS	H3_DISTINCT_SIGNAL	ABF_H3_DOMINANT	H3_SUPPORTED_STABLE	STABLE_H3	MATCH		542	3.58137107298397e-05	3.58422263259593e-05	2	H3	H3	H3	H3	H3	H3	H3	False	False	False	False	False	False	H3 -> H3 -> H3 -> H3
R7B1_002666	33	RPLP2	CD4_NC	H3_RESCUE_FALSIFICATION	ABF_H3_DOMINANT	H3_SUPPORTED_STABLE	635	326ced6a415bd40cc41d9576a38b55cd06fe14229ef6b632598ad12031521609	542	ab35a8d32a8198b52fca8e0030e0e2d4d5ba34aad47704e2dcf06c929d008ee9	93	0.1464566929133858	980	b569b9ebba945f2c7639df460e7902a12be1f1b54071ba4a90590af4941e7a50	5243a2fdcfb94f44f3ef2c22e3bb927cdec28ca41b9933b56a5f75fb128d9629	85b609559c4521c0ab8107366a6d7fa59d32e857b87f9184a7fdf439a56e20b6	0.6680674802397876	0.6674702239444364	535	7	0	23285	24119.0	24510	0.0028919054801397	PASS	635	0.992264334927789	0.0014342563905931	0.993698591318382	0.0014433515385085	11:801776	ABF_H3_DOMINANT	PASS	542	0.9850673527510316	0.0034330389852425	0.9885003917362742	0.0034729768586257	11:803017	ABF_H3_DOMINANT	PASS	542	0.9850673588285171	0.0034330328368817	0.9885003916653988	0.0034729706389877	11:803017	ABF_H3_DOMINANT	PASS	542	0.9977822601864142	0.0009192410991096	0.998701501285524	0.0009204362844417	11:803017	ABF_H3_DOMINANT	PASS	542	0.9977822634798492	0.0009192378013839	0.9987015012812333	0.0009204329824323	11:803017	ABF_H3_DOMINANT	PASS	542	0.9977688841292546	0.0009238509626934	0.998692735091948	0.0009250602615111	11:803017	ABF_H3_DOMINANT	PASS	H3_DISTINCT_SIGNAL	ABF_H3_DOMINANT	H3_SUPPORTED_STABLE	STABLE_H3	MATCH		542	0.0011014659087603	0.0011023419836232	4	H3	H3	H3	H3	H3	H3	H3	False	False	False	False	False	False	H3 -> H3 -> H3 -> H3
R7B1_002668	33	RPLP2	CD8_ET	H3_RESCUE_FALSIFICATION	ABF_H3_DOMINANT	H3_SUPPORTED_STABLE	635	326ced6a415bd40cc41d9576a38b55cd06fe14229ef6b632598ad12031521609	542	ab35a8d32a8198b52fca8e0030e0e2d4d5ba34aad47704e2dcf06c929d008ee9	93	0.1464566929133858	980	b930fe6c017331703107906bcd96704b16b5266e2b9571a70fa40fb14e3df947	58c0927d5b33c3cc47d30d08a7c3500508be105cd5a014d3f785cb8eab79572b	b45f1177e77834baf4006f1bcfa34051e8a28022f8ac73e0c2d9e6d03cc0faa6	0.5978940304518867	0.5972262044891851	535	7	0	23285	24119.0	24510	0.0028919054801397	PASS	635	0.9934173965870318	0.0001404845266086	0.9935578811136404	0.000141395412667	11:801776	ABF_H3_DOMINANT	PASS	542	0.9880519640527312	0.0002235267759501	0.9882754908286814	0.0002261786091272	11:803017	ABF_H3_DOMINANT	PASS	542	0.9880513341787268	0.0002236516946445	0.9882749858733714	0.0002263051254372	11:803017	ABF_H3_DOMINANT	PASS	542	0.9984650037949716	4.5479946272375097e-05	0.998510483741244	4.554779044679601e-05	11:803017	ABF_H3_DOMINANT	PASS	542	0.9984644381879056	4.5533877741495e-05	0.9985099720656472	4.560182573569868e-05	11:803017	ABF_H3_DOMINANT	PASS	542	0.9984560003220032	4.570554269938811e-05	0.9985017058647024	4.577412580362806e-05	11:803017	ABF_H3_DOMINANT	PASS	H3_DISTINCT_SIGNAL	ABF_H3_DOMINANT	H3_SUPPORTED_STABLE	STABLE_H3	MATCH		542	5.17473295639205e-05	5.19024576100292e-05	2	H3	H3	H3	H3	H3	H3	H3	False	False	False	False	False	False	H3 -> H3 -> H3 -> H3
R7B1_002669	33	RPLP2	CD8_NC	H3_RESCUE_FALSIFICATION	ABF_H3_DOMINANT	H3_SUPPORTED_STABLE	635	326ced6a415bd40cc41d9576a38b55cd06fe14229ef6b632598ad12031521609	542	ab35a8d32a8198b52fca8e0030e0e2d4d5ba34aad47704e2dcf06c929d008ee9	93	0.1464566929133858	980	6634cf3bc6851528ab5b5d8fabad0f2fdd3699703b28dc9bcb336f9bd991eb5b	9050c2fcb7bcb13affdc924271ecb4387f257c6931850b6cb075ee7b5325922f	4efc24dd8328182b4ed2f6c83be44f1fe98a325e7610c5b15d6ceb3684eb9ada	0.6022318503455821	0.6017110749398633	535	7	0	23285	24119.0	24510	0.0028919054801397	PASS	635	0.992265781951426	0.0014328001868329	0.9936985821382588	0.0014418861137447	11:801776	ABF_H3_DOMINANT	PASS	542	0.9861723853574672	0.0023151193998838	0.988487504757351	0.0023420826148451	11:803017	ABF_H3_DOMINANT	PASS	542	0.9861712123106138	0.0023163061269039	0.9884875184375176	0.0023432831307422	11:803017	ABF_H3_DOMINANT	PASS	542	0.9980973026583508	0.0006037890465688	0.9987010917049196	0.0006045743331852	11:803017	ABF_H3_DOMINANT	PASS	542	0.9980969835292848	0.0006041085905305	0.9987010921198152	0.0006048942924937	11:803017	ABF_H3_DOMINANT	PASS	542	0.9980851633823256	0.0006071577396215	0.9986923211219472	0.0006079527465871	11:803017	ABF_H3_DOMINANT	PASS	H3_DISTINCT_SIGNAL	ABF_H3_DOMINANT	H3_SUPPORTED_STABLE	STABLE_H3	MATCH		542	0.0062565501758164	0.0080198097921525	3	H3	H3	H3	H3	H3	H3	H3	False	False	False	False	False	False	H3 -> H3 -> H3 -> H3
R7B1_002670	33	RPLP2	CD8_S100B	H3_RESCUE_FALSIFICATION	ABF_H3_DOMINANT	H3_SUPPORTED_STABLE	635	326ced6a415bd40cc41d9576a38b55cd06fe14229ef6b632598ad12031521609	542	ab35a8d32a8198b52fca8e0030e0e2d4d5ba34aad47704e2dcf06c929d008ee9	93	0.1464566929133858	959	2e1de13148025867a1e8bd6bc150a185273a4677e951166679ffd7f3a67e74e2	c874dd0ea16ebe4a533b3d2f4f376efb087d87d4661c437a9070aec36709e387	d34eba97fea01b31a41818537d833d33ab9628706dcc03eb22bbf47b46fb089a	0.603835647290736	0.6031278369843577	535	7	0	23285	24119.0	24510	0.0028919054801397	PASS	635	0.993399242532353	0.0002921487778272	0.9936913913101802	0.0002940035310581	11:801776	ABF_H3_DOMINANT	PASS	542	0.9881203333947132	0.0003444542339109	0.9884647876286242	0.0003484739549876	11:803017	ABF_H3_DOMINANT	PASS	542	0.9881199541518362	0.000344837899532	0.9884647920513684	0.0003488620963589	11:803017	ABF_H3_DOMINANT	PASS	542	0.9986292118292144	7.118834851432414e-05	0.9987004001777284	7.128098527011251e-05	11:803017	ABF_H3_DOMINANT	PASS	542	0.9986291072036012	7.129311013049408e-05	0.9987004003137316	7.138588320190726e-05	11:803017	ABF_H3_DOMINANT	PASS	542	0.9986200488011122	7.15722202786951e-05	0.9986916210213908	7.166598654897707e-05	11:803017	ABF_H3_DOMINANT	PASS	H3_DISTINCT_SIGNAL	ABF_H3_DOMINANT	H3_SUPPORTED_STABLE	STABLE_H3	MATCH		542	8.45484350002981e-05	8.46157508829244e-05	2	H3	H3	H3	H3	H3	H3	H3	False	False	False	False	False	False	H3 -> H3 -> H3 -> H3
R7B1_002672	33	RPLP2	Mono_C	H3_RESCUE_FALSIFICATION	ABF_H3_DOMINANT	H3_SUPPORTED_STABLE	635	326ced6a415bd40cc41d9576a38b55cd06fe14229ef6b632598ad12031521609	542	ab35a8d32a8198b52fca8e0030e0e2d4d5ba34aad47704e2dcf06c929d008ee9	93	0.1464566929133858	851	14078e644a4bde44f32416eb5039b6bd694bc5147fcfee3d6f10901eedf78441	4a3de09fa003d4883cb0d1ffd7899e58c9ed7e5e5bf0682cae33e1aa108cb44a	9f8a4c394a7980f237a91e99ffefe6d90db8561c8d1a30ffc32cd60f72993b46	0.6457006698418658	0.6449794471344699	535	7	0	23285	24119.0	24510	0.0028919054801397	PASS	635	0.8355835451424634	0.0302008658355434	0.8657844109780068	0.0348826629962394	11:646232	ABF_H3_DOMINANT	PASS	542	0.8012515126022516	0.0363470147976603	0.8375985273999119	0.0433943155445716	11:645569	ABF_H3_DOMINANT	PASS	542	0.8010175722173903	0.0364079042343077	0.8374254764516981	0.0434759930980051	11:645569	ABF_H3_DOMINANT	PASS	542	0.8247016319464999	0.0183172498203731	0.843018881766873	0.0217281607998888	11:308180	ABF_H3_DOMINANT	PASS	542	0.8244857191883543	0.0183496745480679	0.8428353937364224	0.0217713621003989	11:308180	ABF_H3_DOMINANT	PASS	542	0.8246133432455245	0.0184136954716444	0.8430270387171689	0.0218423545461418	11:308180	ABF_H3_DOMINANT	PASS	H3_DISTINCT_SIGNAL	ABF_H3_DOMINANT	H3_SUPPORTED_STABLE	STABLE_H3	MATCH		542	0.0041099473055919	0.0050441826529747	1	H3	H3	H3	H3	H3	H3	H3	False	False	False	False	False	False	H3 -> H3 -> H3 -> H3
R7B1_002675	33	RPLP2	NK_R	H3_RESCUE_FALSIFICATION	ABF_H3_DOMINANT	H3_SUPPORTED_STABLE	635	326ced6a415bd40cc41d9576a38b55cd06fe14229ef6b632598ad12031521609	542	ab35a8d32a8198b52fca8e0030e0e2d4d5ba34aad47704e2dcf06c929d008ee9	93	0.1464566929133858	750	2cbbd7eaf987fcc45640e4ccb5ea87fa955993bc6ff42dbd89d2a30f2b835bb3	a69dbc436b2d850ec143884c6aad328e5fa52639b1babb6a50d8024f92d28b42	96f0bc2b7b433ee9b460c57915df99ebbb9e943e4af54d6f1f6fa9ab1a091c78	0.8035419737934062	0.8024785614344102	535	7	0	23285	24119.0	24510	0.0028919054801397	PASS	635	0.9930825541357048	0.0001224981589963	0.993205052294701	0.0001233362221761	11:785219	ABF_H3_DOMINANT	PASS	542	0.98772861763931	0.0002037795840503	0.9879323972233602	0.000206268753432	11:785219	ABF_H3_DOMINANT	PASS	542	0.9877263359982418	0.0002039073676254	0.9879302433658672	0.0002063985478678	11:785219	ABF_H3_DOMINANT	PASS	542	0.9981206054062044	4.340575901389686e-05	0.9981640111652184	4.34855980864574e-05	11:308180	ABF_H3_DOMINANT	PASS	542	0.9981183069274332	4.3526383920055926e-05	0.9981618333113532	4.360654000930817e-05	11:308180	ABF_H3_DOMINANT	PASS	542	0.9981116873282996	4.354891439509083e-05	0.9981552362426948	4.3629400331575485e-05	11:308180	ABF_H3_DOMINANT	PASS	H3_DISTINCT_SIGNAL	ABF_H3_DOMINANT	H3_SUPPORTED_STABLE	STABLE_H3	MATCH		542	6.97318585277755e-05	6.97996383889315e-05	1	H3	H3	H3	H3	H3	H3	H3	False	False	False	False	False	False	H3 -> H3 -> H3 -> H3
R7B1_002691	33	TMEM80	B_IN	H3_RESCUE_FALSIFICATION	ABF_H3_DOMINANT	H3_SUPPORTED_STABLE	635	326ced6a415bd40cc41d9576a38b55cd06fe14229ef6b632598ad12031521609	542	ab35a8d32a8198b52fca8e0030e0e2d4d5ba34aad47704e2dcf06c929d008ee9	93	0.1464566929133858	975	04f9e394da5e5ce756e7c906845a2208c59245ebdb2401ca411b7a96c9d4fa32	720d3d1d4899bbe6e2e74d0cbb7cc9a7fcff33ad1c4f3a2a15533a239239ee86	5297c9fdc157b3669fc7853c0878b237bcde2a4b32a85e8fb1f279395838f6cd	0.8722136691873025	0.8713561692740326	535	7	0	23285	24119.0	24510	0.0028919054801397	PASS	635	0.8394064950115402	0.1542079635444032	0.9936144585559434	0.1551989931472207	11:641548	ABF_H3_DOMINANT	PASS	542	0.910978729647956	0.0772248920425366	0.9882036216904924	0.0781467405578114	11:684489	ABF_H3_DOMINANT	PASS	542	0.910792768830138	0.0774090277529894	0.9882017965831276	0.0783332190051101	11:684489	ABF_H3_DOMINANT	PASS	542	0.839852884782582	0.1579946224491903	0.9978475072317724	0.1583354383351609	11:684489	ABF_H3_DOMINANT	PASS	542	0.8395077565551726	0.158336774320103	0.9978445308752756	0.1586788015776519	11:684489	ABF_H3_DOMINANT	PASS	542	0.8390922301750967	0.1587498268446766	0.9978420570197734	0.1590931407710056	11:684489	ABF_H3_DOMINANT	PASS	H3_DISTINCT_SIGNAL	ABF_H3_DOMINANT	H3_SUPPORTED_STABLE	STABLE_H3	MATCH		542	2.70403424325462e-05	2.70740043630229e-05	1	H3	H3	H3	H3	H3	H3	H3	False	False	False	False	False	False	H3 -> H3 -> H3 -> H3
R7B1_002692	33	TMEM80	B_MEM	PRIMARY_184_TRIGGER_VERIFICATION	ABF_AMBIGUOUS	H3_SUPPORTED_STABLE	635	326ced6a415bd40cc41d9576a38b55cd06fe14229ef6b632598ad12031521609	542	ab35a8d32a8198b52fca8e0030e0e2d4d5ba34aad47704e2dcf06c929d008ee9	93	0.1464566929133858	970	63c8bc1129f1d9a22f957eeb2ab654e88a6482ce27976b773528d83c998027e2	3b3cf6d29be45a1ad1d59fb61484a1ee1678033b463ad48bb3789c2040c5ac8b	2179900a2fbe537f4196bee22e294b84337ee029b1af12aa22f73b9022b72418	0.9311249035182368	0.9300978918629412	535	7	0	23285	24119.0	24510	0.0028919054801397	PASS	635	0.2972552386229003	0.6977985647575237	0.995053803380424	0.7012671700635115	11:654091	ABF_AMBIGUOUS	PASS	542	0.227828830005643	0.7659216320244271	0.99375046203007	0.7707383908630081	11:677200	ABF_AMBIGUOUS	PASS	542	0.227824416732335	0.765921050402269	0.993745467134604	0.7707416795678567	11:677200	ABF_AMBIGUOUS	PASS	542	0.1080224455470926	0.8901471888597732	0.9981696344068658	0.8917794713207421	11:677200	ABF_H4_DOMINANT	PASS	542	0.1080234364038226	0.8901437690484804	0.9981672054523032	0.8917782152992357	11:677200	ABF_H4_DOMINANT	PASS	542	0.1075931981469043	0.8905826730014312	0.9981758711483356	0.8922101793312981	11:677200	ABF_H4_DOMINANT	PASS	H3_H4_AMBIGUITY_TRIGGER	ABF_AMBIGUOUS	H3_SUPPORTED_STABLE	AMBIGUITY_TO_H3	MATCH		542	0.0021415576182751	0.0022303574624545	1	AMBIGUOUS	AMBIGUOUS	AMBIGUOUS	H4	H4	H4	H3	False	True	True	False	False	False	AMBIGUOUS -> AMBIGUOUS -> H4 -> H3
R7B1_002694	33	TMEM80	CD4_NC	PRIMARY_184_TRIGGER_VERIFICATION	ABF_AMBIGUOUS	H3_SUPPORTED_STABLE	635	326ced6a415bd40cc41d9576a38b55cd06fe14229ef6b632598ad12031521609	542	ab35a8d32a8198b52fca8e0030e0e2d4d5ba34aad47704e2dcf06c929d008ee9	93	0.1464566929133858	980	7d11fad8c55b96f196e7a245c3242bd655cf956ee7c83192052a0de327f0b8f0	5243a2fdcfb94f44f3ef2c22e3bb927cdec28ca41b9933b56a5f75fb128d9629	85b609559c4521c0ab8107366a6d7fa59d32e857b87f9184a7fdf439a56e20b6	0.744806736953585	0.7448201819635294	535	7	0	23285	24119.0	24510	0.0028919054801397	PASS	635	0.3519068960935962	0.6458542088134996	0.997761104907096	0.6473034533387998	11:679915	ABF_AMBIGUOUS	PASS	542	0.220754735670526	0.7766591311347	0.997413866805226	0.778672882925103	11:679915	ABF_AMBIGUOUS	PASS	542	0.2207547272705284	0.7766591396326525	0.9974138669031808	0.7786728913686167	11:679915	ABF_AMBIGUOUS	PASS	542	0.1011112482567608	0.898755997591711	0.9998672458484718	0.8988753270230796	11:679915	ABF_H4_DOMINANT	PASS	542	0.1011112363720795	0.8987560094918514	0.9998672458639308	0.8988753389109023	11:679915	ABF_H4_DOMINANT	PASS	542	0.1005236638518132	0.899343453055051	0.9998671169068644	0.8994629764775265	11:679915	ABF_H4_DOMINANT	PASS	H3_H4_AMBIGUITY_TRIGGER	ABF_AMBIGUOUS	H3_SUPPORTED_STABLE	AMBIGUITY_TO_H3	MATCH		542	2.74154614754557e-05	2.74372904000578e-05	2	AMBIGUOUS	AMBIGUOUS	AMBIGUOUS	H4	H4	H4	H3	False	True	True	False	False	False	AMBIGUOUS -> AMBIGUOUS -> H4 -> H3
R7B1_002696	33	TMEM80	CD8_ET	PRIMARY_184_TRIGGER_VERIFICATION	ABF_AMBIGUOUS	H3_SUPPORTED_STABLE	635	326ced6a415bd40cc41d9576a38b55cd06fe14229ef6b632598ad12031521609	542	ab35a8d32a8198b52fca8e0030e0e2d4d5ba34aad47704e2dcf06c929d008ee9	93	0.1464566929133858	980	3782d34a2f3064f9be0f42bfab81728bfe53b7df5ad556fc0e57db252580ed9b	58c0927d5b33c3cc47d30d08a7c3500508be105cd5a014d3f785cb8eab79572b	b45f1177e77834baf4006f1bcfa34051e8a28022f8ac73e0c2d9e6d03cc0faa6	0.8498430549363817	0.849289298775903	535	7	0	23285	24119.0	24510	0.0028919054801397	PASS	635	0.3359682158375712	0.6618940033507315	0.9978622191883026	0.6633120190572402	11:654091	ABF_AMBIGUOUS	PASS	542	0.2154570180684052	0.7820186286004311	0.9974756466688364	0.7839977158460518	11:684489	ABF_AMBIGUOUS	PASS	542	0.2154538805172377	0.7820218027359279	0.9974756832531656	0.7840008692597329	11:684489	ABF_AMBIGUOUS	PASS	542	0.1001229668591633	0.8997455626583533	0.9998685295175168	0.8998638681952742	11:684489	ABF_H4_DOMINANT	PASS	542	0.1001234778635264	0.8997450509868281	0.9998685288503544	0.8998633570569042	11:684489	ABF_H4_DOMINANT	PASS	542	0.0996633706470102	0.9002048711050333	0.9998682417520436	0.9003234961514802	11:684489	ABF_H4_DOMINANT	PASS	H3_H4_AMBIGUITY_TRIGGER	ABF_AMBIGUOUS	H3_SUPPORTED_STABLE	AMBIGUITY_TO_H3	MATCH		542	2.76274057319042e-05	2.76494083868414e-05	1	AMBIGUOUS	AMBIGUOUS	AMBIGUOUS	H4	H4	H4	H3	False	True	True	False	False	False	AMBIGUOUS -> AMBIGUOUS -> H4 -> H3
R7B1_002697	33	TMEM80	CD8_NC	PRIMARY_184_TRIGGER_VERIFICATION	ABF_AMBIGUOUS	H3_SUPPORTED_STABLE	635	326ced6a415bd40cc41d9576a38b55cd06fe14229ef6b632598ad12031521609	542	ab35a8d32a8198b52fca8e0030e0e2d4d5ba34aad47704e2dcf06c929d008ee9	93	0.1464566929133858	980	ccded4894e5dc3581d852700d41332465354bb649df6474bef277d0b24b7da39	9050c2fcb7bcb13affdc924271ecb4387f257c6931850b6cb075ee7b5325922f	4efc24dd8328182b4ed2f6c83be44f1fe98a325e7610c5b15d6ceb3684eb9ada	0.8996394801431218	0.8990767816587399	535	7	0	23285	24119.0	24510	0.0028919054801397	PASS	635	0.3641946118510047	0.6334885381371482	0.997683149988153	0.6349596443967913	11:679915	ABF_AMBIGUOUS	PASS	542	0.2272148222226716	0.7701237065348195	0.9973385287574912	0.7721788383070476	11:679915	ABF_AMBIGUOUS	PASS	542	0.2272152205597562	0.770123303552296	0.9973385241120524	0.7721784378458157	11:679915	ABF_AMBIGUOUS	PASS	542	0.1032594881440071	0.896604964819527	0.999864452963534	0.8967265134409443	11:679915	ABF_H4_DOMINANT	PASS	542	0.1032601593391343	0.8966042927517938	0.999864452090928	0.8967258420646964	11:679915	ABF_H4_DOMINANT	PASS	542	0.1027321267213162	0.8971320995837704	0.9998642263050866	0.8972539230641803	11:679915	ABF_H4_DOMINANT	PASS	H3_H4_AMBIGUITY_TRIGGER	ABF_AMBIGUOUS	H3_SUPPORTED_STABLE	AMBIGUITY_TO_H3	MATCH		542	0.0002009369106611	0.0002030300373478	2	AMBIGUOUS	AMBIGUOUS	AMBIGUOUS	H4	H4	H4	H3	False	True	True	False	False	False	AMBIGUOUS -> AMBIGUOUS -> H4 -> H3
R7B1_002702	33	TMEM80	NK	PRIMARY_184_TRIGGER_VERIFICATION	ABF_AMBIGUOUS	H3_SUPPORTED_STABLE	635	326ced6a415bd40cc41d9576a38b55cd06fe14229ef6b632598ad12031521609	542	ab35a8d32a8198b52fca8e0030e0e2d4d5ba34aad47704e2dcf06c929d008ee9	93	0.1464566929133858	980	b1d3ae243359b1d3b273d3f51844343df1ee992d6318c3e5abe1365a4b7182ed	669e571ed053098b2c03d3b61cf3880dff960380763313ff4161267a46b65c9a	fa9d745dfd430509fe93c499794f2e7201d4190b2792b906f4c9b6333591b9d8	0.8606853860262939	0.8601496853314354	535	7	0	23285	24119.0	24510	0.0028919054801397	PASS	635	0.3434616120485029	0.6543530708609069	0.99781468290941	0.655786171589454	11:680647	ABF_AMBIGUOUS	PASS	542	0.2212973510278668	0.7761101877441332	0.997407538772	0.7781274529964689	11:680647	ABF_AMBIGUOUS	PASS	542	0.2212976925801468	0.7761098422086156	0.9974075347887624	0.7781271096703568	11:680647	ABF_AMBIGUOUS	PASS	542	0.0991174942932886	0.9007523435917968	0.9998698378850854	0.9008696026845444	11:677200	ABF_H4_DOMINANT	PASS	542	0.0991180581999953	0.9007517789519532	0.9998698371519484	0.900869038631743	11:677200	ABF_H4_DOMINANT	PASS	542	0.0987816734133918	0.9010877235369934	0.9998693969503852	0.9012054237136596	11:677200	ABF_H4_DOMINANT	PASS	H3_H4_AMBIGUITY_TRIGGER	ABF_AMBIGUOUS	H3_SUPPORTED_STABLE	AMBIGUITY_TO_H3	MATCH		542	0.0062343627449974	0.0069835680823035	2	AMBIGUOUS	AMBIGUOUS	AMBIGUOUS	H4	H4	H4	H3	False	True	True	False	False	False	AMBIGUOUS -> AMBIGUOUS -> H4 -> H3
R7B1_002757	33	TSPAN4	Mono_C	H3_RESCUE_FALSIFICATION	ABF_H3_DOMINANT	H3_SUPPORTED_STABLE	635	326ced6a415bd40cc41d9576a38b55cd06fe14229ef6b632598ad12031521609	542	ab35a8d32a8198b52fca8e0030e0e2d4d5ba34aad47704e2dcf06c929d008ee9	93	0.1464566929133858	851	0f17355058b21f6d60d22f98df1a2db1600f35f359702d565f4e2275ce3d5e10	4a3de09fa003d4883cb0d1ffd7899e58c9ed7e5e5bf0682cae33e1aa108cb44a	9f8a4c394a7980f237a91e99ffefe6d90db8561c8d1a30ffc32cd60f72993b46	0.9613783083743154	0.960268793880589	535	7	0	23285	24119.0	24510	0.0028919054801397	PASS	635	0.9935291771256836	0.0001604747709341	0.9936896518966176	0.0001614938533654	11:833975	ABF_H3_DOMINANT	PASS	542	0.9881756012647884	0.0002875368731879	0.9884631381379764	0.0002908928639763	11:833975	ABF_H3_DOMINANT	PASS	542	0.9881755966348988	0.0002875371080422	0.9884631337429411	0.0002908931028651	11:833975	ABF_H3_DOMINANT	PASS	542	0.9986675322857368	3.1812852762662635e-05	0.9986993451384996	3.185428419225691e-05	11:833872	ABF_H3_DOMINANT	PASS	542	0.9986675275596684	3.1813134765139364e-05	0.9986993406944334	3.185456670374738e-05	11:833872	ABF_H3_DOMINANT	PASS	542	0.9986585465502232	3.2018863092134794e-05	0.9986905654133154	3.206084467102536e-05	11:833872	ABF_H3_DOMINANT	PASS	H3_DISTINCT_SIGNAL	ABF_H3_DOMINANT	H3_SUPPORTED_STABLE	STABLE_H3	MATCH		542	2.70395366244013e-05	2.70610970344073e-05	1	H3	H3	H3	H3	H3	H3	H3	False	False	False	False	False	False	H3 -> H3 -> H3 -> H3
R7B1_002765	34	AP001462.6	CD4_NC	H3_RESCUE_FALSIFICATION	ABF_H3_DOMINANT	H3_SUPPORTED_STABLE	675	409de8c68eb1a0c103cd5a50e35f7212ea5f9a0fea9b3638d1b799fba431f434	640	8ef0c689de040f40a1121171e40925e5d7ba7948681a06b2315e455924ec48d0	35	0.0518518518518518	980	8a03114e7c0c5d9515b3797f4d7e1bb8dd8af9a8bdb7b0dba83f04013c887dff	b75d70ab078a04399c3b0446e65f730392e8733a642eb0892abe652b7ed03e0e	80ce8b7547a9a0cecbfbb6da47c4a1fc5c36b8b306328d11839815eada4c31d4	0.9650566184614956	0.9651370391845508	640	0	0	23291	24203.5	24510	0.0042642059252067	PASS	675	0.9986565332071398	4.563413869737568e-05	0.9987021673458372	4.5693441137364814e-05	11:64052447	ABF_H3_DOMINANT	PASS	640	0.9986211314195756	4.684201935658233e-05	0.9986679734389322	4.690449739294327e-05	11:64052447	ABF_H3_DOMINANT	PASS	640	0.998621688439504	4.6819693990899016e-05	0.998668508133495	4.688211714856687e-05	11:64052447	ABF_H3_DOMINANT	PASS	640	0.998639129071988	4.651768305715113e-05	0.9986856467550452	4.657890419102104e-05	11:64110668	ABF_H3_DOMINANT	PASS	640	0.9986396861174276	4.649534219044511e-05	0.998686181459618	4.655650899513838e-05	11:64110668	ABF_H3_DOMINANT	PASS	640	0.9986391299185048	4.651776705956093e-05	0.9986856476855644	4.6578988260585305e-05	11:64110668	ABF_H3_DOMINANT	PASS	H3_DISTINCT_SIGNAL	ABF_H3_DOMINANT	H3_SUPPORTED_STABLE	STABLE_H3	MATCH		640	3.07389486023019e-06	3.07439559198323e-06	1	H3	H3	H3	H3	H3	H3	H3	False	False	False	False	False	False	H3 -> H3 -> H3 -> H3
R7B1_002774	34	AP003774.1	B_IN	PRIMARY_184_TRIGGER_VERIFICATION	ABF_H4_DOMINANT	H4_SUPPORTED_STABLE	675	409de8c68eb1a0c103cd5a50e35f7212ea5f9a0fea9b3638d1b799fba431f434	640	8ef0c689de040f40a1121171e40925e5d7ba7948681a06b2315e455924ec48d0	35	0.0518518518518518	975	6bc9a9bd316415508d5f74a9b6be50a78cc09fb77dee51106951ea5507ef8c27	818c82d38ee01ed9d27f6907a9bcd8a560319b3bb6c0cf4480c8bd66dbd661c3	fcb91b77138a2a3bc81fd43495a284c73786cf73ab105754181e24fb8d61afaa	0.9614480939184596	0.9613380911086732	640	0	0	23291	24203.5	24510	0.0042642059252067	PASS	675	0.0217292281469645	0.978270358697031	0.9999995868439956	0.9782707628754708	11:64087642	ABF_H4_DOMINANT	PASS	640	0.0217291585003948	0.9782704283435704	0.9999995868439652	0.9782708325220684	11:64087642	ABF_H4_DOMINANT	PASS	640	0.0217285913267673	0.9782709955275048	0.999999586854272	0.9782713996961542	11:64087642	ABF_H4_DOMINANT	PASS	640	0.0239538524305366	0.9760461351893118	0.9999999876198484	0.9760461472729112	11:64087642	ABF_H4_DOMINANT	PASS	640	0.0239532640931073	0.976046723527033	0.9999999876201404	0.9760467356103546	11:64087642	ABF_H4_DOMINANT	PASS	640	0.0238835046967312	0.9761164829811788	0.99999998767791	0.976116495008974	11:64087642	ABF_H4_DOMINANT	PASS	ROBUST_H4_TRIGGER	ABF_H4_DOMINANT	H4_SUPPORTED_STABLE	STABLE_H4	MATCH		640	0.976494467753177	0.976494485223693	1	H4	H4	H4	H4	H4	H4	H4	False	False	False	False	False	False	H4 -> H4 -> H4 -> H4
R7B1_002775	34	AP003774.1	B_MEM	PRIMARY_184_TRIGGER_VERIFICATION	ABF_H4_DOMINANT	H4_SUPPORTED_STABLE	675	409de8c68eb1a0c103cd5a50e35f7212ea5f9a0fea9b3638d1b799fba431f434	640	8ef0c689de040f40a1121171e40925e5d7ba7948681a06b2315e455924ec48d0	35	0.0518518518518518	970	c653dfb3197fb68a67722ee9d255c0c10ad2f1f1e4b203e40d753219ac76dca3	5cf6389de37e06b82d110938d28b9cc7cc843dc2f4559fda711ee861b10f74ce	26ae041c91954333007c04c0820314025c2c125ef5057dada9ad74b965d0192d	0.9952157695562296	0.9952475455440696	640	0	0	23291	24203.5	24510	0.0042642059252067	PASS	675	0.0137920723567501	0.986207658460046	0.999999730816796	0.9862079239306548	11:64106317	ABF_H4_DOMINANT	PASS	640	0.0137920266599304	0.986207704156858	0.9999997308167884	0.9862079696274864	11:64106317	ABF_H4_DOMINANT	PASS	640	0.0137920342591126	0.9862076965575696	0.9999997308166824	0.9862079620283009	11:64106317	ABF_H4_DOMINANT	PASS	640	0.0138815467237759	0.9861184455942686	0.9999999923180446	0.9861184531695866	11:64105929	ABF_H4_DOMINANT	PASS	640	0.0138815534679874	0.9861184388500832	0.9999999923180708	0.9861184464253754	11:64105929	ABF_H4_DOMINANT	PASS	640	0.0138492029947459	0.9861507893538162	0.9999999923485622	0.9861507968992876	11:64105929	ABF_H4_DOMINANT	PASS	ROBUST_H4_TRIGGER	ABF_H4_DOMINANT	H4_SUPPORTED_STABLE	STABLE_H4	MATCH		640	0.985774873918009	0.985774885318561	1	H4	H4	H4	H4	H4	H4	H4	False	False	False	False	False	False	H4 -> H4 -> H4 -> H4
R7B1_002776	34	AP003774.1	CD4_ET	PRIMARY_184_TRIGGER_VERIFICATION	ABF_H4_DOMINANT	H4_SUPPORTED_STABLE	675	409de8c68eb1a0c103cd5a50e35f7212ea5f9a0fea9b3638d1b799fba431f434	640	8ef0c689de040f40a1121171e40925e5d7ba7948681a06b2315e455924ec48d0	35	0.0518518518518518	980	1807b7cb95a6dc22d1fe1428350e0e4d5f8cf45b3acd960b38a2956a4bed6ea7	719909ff93728bdf6340f29f2d8722cfcdd4bb6ad55e0bac43cdccb82dcb54f7	8c6344417410c85651bea0780d1176de32cd6f48338b4b7f102a0ec221f566ba	0.9850492587079666	0.9850558062488184	640	0	0	23291	24203.5	24510	0.0042642059252067	PASS	675	0.0452343761242673	0.9547647834784122	0.9999991596026796	0.9547655858608524	11:64107477	ABF_H4_DOMINANT	PASS	640	0.0452342378606075	0.9547649217419492	0.9999991596025568	0.9547657241246228	11:64107477	ABF_H4_DOMINANT	PASS	640	0.0452343332693577	0.9547648263314624	0.99999915960082	0.9547656287157136	11:64107477	ABF_H4_DOMINANT	PASS	640	0.0425373878188652	0.9574625905816586	0.999999978400524	0.9574626112623494	11:64107477	ABF_H4_DOMINANT	PASS	640	0.0425374625383759	0.957462515862115	0.9999999784004908	0.9574625365428356	11:64107477	ABF_H4_DOMINANT	PASS	640	0.0422346902958372	0.9577652882950992	0.9999999785909364	0.9577653087999576	11:64107477	ABF_H4_DOMINANT	PASS	ROBUST_H4_TRIGGER	ABF_H4_DOMINANT	H4_SUPPORTED_STABLE	STABLE_H4	MATCH		640	0.962460297330558	0.962460324411053	1	H4	H4	H4	H4	H4	H4	H4	False	False	False	False	False	False	H4 -> H4 -> H4 -> H4
R7B1_002777	34	AP003774.1	CD4_NC	PRIMARY_184_TRIGGER_VERIFICATION	ABF_H4_DOMINANT	H4_SUPPORTED_STABLE	675	409de8c68eb1a0c103cd5a50e35f7212ea5f9a0fea9b3638d1b799fba431f434	640	8ef0c689de040f40a1121171e40925e5d7ba7948681a06b2315e455924ec48d0	35	0.0518518518518518	980	195b665be942a8ae20ebc70574acac725f07f53082237901fc6619d05b825e6a	b75d70ab078a04399c3b0446e65f730392e8733a642eb0892abe652b7ed03e0e	80ce8b7547a9a0cecbfbb6da47c4a1fc5c36b8b306328d11839815eada4c31d4	0.8702821456304434	0.86940020793926	640	0	0	23291	24203.5	24510	0.0042642059252067	PASS	675	0.0104031718194533	0.9895966208926146	0.999999792712068	0.9895968260240942	11:64106317	ABF_H4_DOMINANT	PASS	640	0.0104031364719365	0.9895966562401128	0.9999997927120494	0.9895968613716182	11:64106317	ABF_H4_DOMINANT	PASS	640	0.0104027869671481	0.9895970057512504	0.9999997927183988	0.9895972108765452	11:64106317	ABF_H4_DOMINANT	PASS	640	0.0108759339994318	0.9891240601083986	0.9999999941078304	0.9891240659364852	11:64105929	ABF_H4_DOMINANT	PASS	640	0.0108756112899604	0.9891243828180364	0.9999999941079968	0.9891243886459604	11:64105929	ABF_H4_DOMINANT	PASS	640	0.0108211032758357	0.989178890870189	0.9999999941460248	0.9891788966608178	11:64105929	ABF_H4_DOMINANT	PASS	ROBUST_H4_TRIGGER	ABF_H4_DOMINANT	H4_SUPPORTED_STABLE	STABLE_H4	MATCH		640	0.970671161391766	0.970671182884723	2	H4	H4	H4	H4	H4	H4	H4	False	False	False	False	False	False	H4 -> H4 -> H4 -> H4
R7B1_002779	34	AP003774.1	CD8_ET	PRIMARY_184_TRIGGER_VERIFICATION	ABF_H4_DOMINANT	H4_SUPPORTED_STABLE	675	409de8c68eb1a0c103cd5a50e35f7212ea5f9a0fea9b3638d1b799fba431f434	640	8ef0c689de040f40a1121171e40925e5d7ba7948681a06b2315e455924ec48d0	35	0.0518518518518518	980	7bfc1563e5cc19a69b3d1cfdc0980158a9305ff310cc27756702691cd9e721da	7191834336171d0fc06aef83faf9491fd12699f75ae11a71d5f0fdc34d1bb269	943f08f888328fb37f11e325e775099c47b6e1d7f1d0145d5e60a9cc665416c0	0.952128023444032	0.951753626128466	640	0	0	23291	24203.5	24510	0.0042642059252067	PASS	675	0.0751388376167656	0.9248597784274868	0.9999986160442524	0.9248610583942642	11:64107477	ABF_H4_DOMINANT	PASS	640	0.0751386170574494	0.924859998986468	0.9999986160439176	0.9248612789538606	11:64107477	ABF_H4_DOMINANT	PASS	640	0.075138139945501	0.924860476107077	0.999998616052578	0.92486175606712	11:64107477	ABF_H4_DOMINANT	PASS	640	0.0636357519988662	0.9363642159347122	0.9999999679335784	0.9363642459605628	11:64107477	ABF_H4_DOMINANT	PASS	640	0.0636354844433262	0.936364483490384	0.9999999679337104	0.9363645135161198	11:64107477	ABF_H4_DOMINANT	PASS	640	0.0630976802095906	0.936902288050603	0.9999999682601936	0.9369023177877012	11:64107477	ABF_H4_DOMINANT	PASS	ROBUST_H4_TRIGGER	ABF_H4_DOMINANT	H4_SUPPORTED_STABLE	STABLE_H4	MATCH		640	0.941683008295474	0.941683049075291	1	H4	H4	H4	H4	H4	H4	H4	False	False	False	False	False	False	H4 -> H4 -> H4 -> H4
R7B1_002780	34	AP003774.1	CD8_NC	PRIMARY_184_TRIGGER_VERIFICATION	ABF_H4_DOMINANT	H4_SUPPORTED_STABLE	675	409de8c68eb1a0c103cd5a50e35f7212ea5f9a0fea9b3638d1b799fba431f434	640	8ef0c689de040f40a1121171e40925e5d7ba7948681a06b2315e455924ec48d0	35	0.0518518518518518	980	496fc0085403c7aacd206cd1a6fb0b3ff2282afb0426a997af893bda4f0c5dcd	71102a91ffa3d42902e0350140ef8d3fcaea4ce71d4217c0b89a3c405369d48a	45cf7eadfa588afc5767008441640c667182b15d64f822928298ae2b2ed1c5e0	0.9687684651016362	0.968510868379578	640	0	0	23291	24203.5	24510	0.0042642059252067	PASS	675	0.0495465729393924	0.9504525082826496	0.999999081222042	0.9504533815382666	11:64107735	ABF_H4_DOMINANT	PASS	640	0.0495464224631162	0.9504526587587676	0.999999081221884	0.9504535320146732	11:64107735	ABF_H4_DOMINANT	PASS	640	0.0495407075171126	0.9504583738086614	0.999999081325774	0.9504592469710744	11:64107735	ABF_H4_DOMINANT	PASS	640	0.0457325732801381	0.9542674035352444	0.9999999768153824	0.9542674256595696	11:64107735	ABF_H4_DOMINANT	PASS	640	0.0457281907753464	0.9542717860422172	0.9999999768175636	0.9542718081645626	11:64107735	ABF_H4_DOMINANT	PASS	640	0.0454682423296921	0.9545317346600888	0.999999976989781	0.9545317566240736	11:64107735	ABF_H4_DOMINANT	PASS	ROBUST_H4_TRIGGER	ABF_H4_DOMINANT	H4_SUPPORTED_STABLE	STABLE_H4	MATCH		640	0.960516822202448	0.960516850591079	1	H4	H4	H4	H4	H4	H4	H4	False	False	False	False	False	False	H4 -> H4 -> H4 -> H4
R7B1_002781	34	AP003774.1	CD8_S100B	PRIMARY_184_TRIGGER_VERIFICATION	ABF_H4_DOMINANT	H4_SUPPORTED_STABLE	675	409de8c68eb1a0c103cd5a50e35f7212ea5f9a0fea9b3638d1b799fba431f434	640	8ef0c689de040f40a1121171e40925e5d7ba7948681a06b2315e455924ec48d0	35	0.0518518518518518	959	4c191f0640cd1335ebf482caa0f06031ba15aa6c533c755f91ab027802f4464d	d39771fb5a0b35c8d21cbb1c8833ecda2f5a9d189492dd8ca14cfda3b604b141	d0e73ec998842798681d14618010fd974322178cb899052c2e5754d24fb24f84	0.9883623533006844	0.9883159602251308	640	0	0	23291	24203.5	24510	0.0042642059252067	PASS	675	0.011989093410018	0.9880106691913658	0.999999762601384	0.9880109037437872	11:64087642	ABF_H4_DOMINANT	PASS	640	0.0119890531979889	0.988010709403392	0.9999997626013808	0.9880109439558256	11:64087642	ABF_H4_DOMINANT	PASS	640	0.0119890618235764	0.9880107007774532	0.9999997626010296	0.988010935330232	11:64087642	ABF_H4_DOMINANT	PASS	640	0.0126940354822962	0.9873059563697396	0.999999991852036	0.9873059644142732	11:64105929	ABF_H4_DOMINANT	PASS	640	0.0126940402729743	0.9873059515788564	0.9999999918518306	0.9873059596235924	11:64105929	ABF_H4_DOMINANT	PASS	640	0.0126877013448426	0.9873122905237024	0.9999999918685452	0.987312298551988	11:64105929	ABF_H4_DOMINANT	PASS	ROBUST_H4_TRIGGER	ABF_H4_DOMINANT	H4_SUPPORTED_STABLE	STABLE_H4	MATCH		640	0.986210299311576	0.986210458697235	1	H4	H4	H4	H4	H4	H4	H4	False	False	False	False	False	False	H4 -> H4 -> H4 -> H4
R7B1_002782	34	AP003774.1	DC	PRIMARY_184_TRIGGER_VERIFICATION	ABF_H4_DOMINANT	UNINFORMATIVE	675	409de8c68eb1a0c103cd5a50e35f7212ea5f9a0fea9b3638d1b799fba431f434	640	8ef0c689de040f40a1121171e40925e5d7ba7948681a06b2315e455924ec48d0	35	0.0518518518518518	726	c3d412bfafd946ea4c1ac13f3ea2442ab965977ecd92fd50c5e380e3210b852a	c5d55b766a3fb4e5c2f112379ad97f42d536f932e63b8396c4fd0b1d6bfec461	6e7fa2ef027c250d5ba0b6340980ca7c0c49add9a179d2659a7b40dc8ce97a2b	1.012918024022912	1.0130512713196649	640	0	0	23291	24203.5	24510	0.0042642059252067	PASS	675	0.0213005573664855	0.8353709629252292	0.8566715202917147	0.975135677022119	11:64110668	ABF_H4_DOMINANT	PASS	640	0.0206952595641631	0.835888007100197	0.8565832666643601	0.97583975735978	11:64110668	ABF_H4_DOMINANT	PASS	640	0.0206944909523441	0.835893156051445	0.8565876470037892	0.9758407782032226	11:64110668	ABF_H4_DOMINANT	PASS	640	0.0203591403648236	0.8384487981410125	0.8588079385058361	0.9762937212710856	11:64110668	ABF_H4_DOMINANT	PASS	640	0.0203583670029077	0.8384539940003863	0.8588123610032941	0.9762947438493732	11:64110668	ABF_H4_DOMINANT	PASS	640	0.0203818236624932	0.8382761767745387	0.8586580004370319	0.9762631645519876	11:64110668	ABF_H4_DOMINANT	PASS	ROBUST_H4_TRIGGER	ABF_H4_DOMINANT	UNINFORMATIVE	H4_TO_UNINFORMATIVE	NOT_COMPARABLE		640			0	H4	H4	H4	H4	H4	H4	UNINFORMATIVE	False	False	True	False	False	False	H4 -> H4 -> H4 -> UNINFORMATIVE
R7B1_002783	34	AP003774.1	Mono_C	PRIMARY_184_TRIGGER_VERIFICATION	ABF_H4_DOMINANT	H4_SUPPORTED_STABLE	675	409de8c68eb1a0c103cd5a50e35f7212ea5f9a0fea9b3638d1b799fba431f434	640	8ef0c689de040f40a1121171e40925e5d7ba7948681a06b2315e455924ec48d0	35	0.0518518518518518	851	e6bacbe7d2c6cbf9e5f9e3574bf8aa8e3b178020c151f2525068a3882f1d796c	bdf61221044418c27d1bde452759c8d5143d3459f22935be698a9e76d5882e3c	7a284e529efd931296653e97eace4026c5ebe509ddb25dc3cddf430ceca0f178	1.015439228750506	1.0155973909109226	640	0	0	23291	24203.5	24510	0.0042642059252067	PASS	675	0.0130571385346845	0.9824602085742192	0.9955173471089036	0.9868840672916408	11:64106317	ABF_H4_DOMINANT	PASS	640	0.0130285919691255	0.982488639856022	0.9955172318251476	0.9869127408822052	11:64106317	ABF_H4_DOMINANT	PASS	640	0.0130284671661043	0.982489357738724	0.9955178249048284	0.9869128740438676	11:64106317	ABF_H4_DOMINANT	PASS	640	0.013784593909153	0.98149142324558	0.9952760171547332	0.9861499788284258	11:64105929	ABF_H4_DOMINANT	PASS	640	0.0137844757099353	0.981492162211884	0.9952766379218194	0.9861501062270306	11:64105929	ABF_H4_DOMINANT	PASS	640	0.0137578433676707	0.9815267205765366	0.9952845639442072	0.9861769750420424	11:64105929	ABF_H4_DOMINANT	PASS	ROBUST_H4_TRIGGER	ABF_H4_DOMINANT	H4_SUPPORTED_STABLE	STABLE_H4	MATCH		640	0.98112663357958	0.986125094380569	1	H4	H4	H4	H4	H4	H4	H4	False	False	False	False	False	False	H4 -> H4 -> H4 -> H4
R7B1_002785	34	AP003774.1	NK	PRIMARY_184_TRIGGER_VERIFICATION	ABF_H4_DOMINANT	H4_SUPPORTED_STABLE	675	409de8c68eb1a0c103cd5a50e35f7212ea5f9a0fea9b3638d1b799fba431f434	640	8ef0c689de040f40a1121171e40925e5d7ba7948681a06b2315e455924ec48d0	35	0.0518518518518518	980	9e25640e788ac204ed8407f7efc835ec16368ba63f60ed2e7babf0f4c8be6552	480bb4b596ada77882480e97f9303d085c15f17e366bcb8ece20b804a4a5d69f	286e689f047511b8f6ae6c3415aa367fef0a3f415bea218afe2b9a018ed73f54	0.9374607231926088	0.936973306256166	640	0	0	23291	24203.5	24510	0.0042642059252067	PASS	675	0.009269795054849	0.9907300182580406	0.9999998133128896	0.9907302032145994	11:64052447	ABF_H4_DOMINANT	PASS	640	0.0092697631838019	0.9907300501290583	0.9999998133128604	0.9907302350856522	11:64052447	ABF_H4_DOMINANT	PASS	640	0.0092698182820509	0.9907299950298294	0.9999998133118804	0.9907301799873838	11:64052447	ABF_H4_DOMINANT	PASS	640	0.0107951689395421	0.9892048252083442	0.9999999941478864	0.9892048309972832	11:64052447	ABF_H4_DOMINANT	PASS	640	0.0107952030588155	0.9892047910890676	0.9999999941478832	0.9892047968780096	11:64052447	ABF_H4_DOMINANT	PASS	640	0.0108541130268124	0.9891458811028846	0.9999999941296972	0.9891458869094706	11:64052447	ABF_H4_DOMINANT	PASS	ROBUST_H4_TRIGGER	ABF_H4_DOMINANT	H4_SUPPORTED_STABLE	STABLE_H4	MATCH		640	0.988725855957223	0.988725864817689	1	H4	H4	H4	H4	H4	H4	H4	False	False	False	False	False	False	H4 -> H4 -> H4 -> H4
R7B1_002786	34	AP003774.1	NK_R	PRIMARY_184_TRIGGER_VERIFICATION	ABF_H4_DOMINANT	H4_SUPPORTED_STABLE	675	409de8c68eb1a0c103cd5a50e35f7212ea5f9a0fea9b3638d1b799fba431f434	640	8ef0c689de040f40a1121171e40925e5d7ba7948681a06b2315e455924ec48d0	35	0.0518518518518518	750	c5d66fcba839dd146f8fa06e7770d18fab1df5cbb5258bf0eb9ae219d2c618fb	99008a3c4cbc42d5bd43d8513c1d9e35b42e85d21d48ee2ad654066ffbd53cab	b9ba5fed03192d81687096888a3fec2a61a4247c4923f88b606623d402de0873	1.0032056330034924	1.0031863721654417	640	0	0	23291	24203.5	24510	0.0042642059252067	PASS	675	0.0176982820103957	0.9822992294210048	0.9999975114314004	0.9823016739461056	11:64110668	ABF_H4_DOMINANT	PASS	640	0.0176982125456397	0.9822992988925436	0.9999975114381836	0.9823017434111548	11:64110668	ABF_H4_DOMINANT	PASS	640	0.017698232523557	0.9822992788079896	0.9999975113315468	0.9823017234313004	11:64110668	ABF_H4_DOMINANT	PASS	640	0.0170629026858388	0.9829350127164684	0.9999979154023072	0.9829370617447994	11:64110668	ABF_H4_DOMINANT	PASS	640	0.017062925125558	0.9829349901737188	0.9999979152992768	0.9829370393032756	11:64110668	ABF_H4_DOMINANT	PASS	640	0.0170901919775458	0.9829077202923832	0.9999979122699292	0.982909772342672	11:64110668	ABF_H4_DOMINANT	PASS	ROBUST_H4_TRIGGER	ABF_H4_DOMINANT	H4_SUPPORTED_STABLE	STABLE_H4	MATCH		640	0.982594100185722	0.982596314177414	1	H4	H4	H4	H4	H4	H4	H4	False	False	False	False	False	False	H4 -> H4 -> H4 -> H4
R7B1_002789	34	AP003774.6	Mono_C	H3_RESCUE_FALSIFICATION	ABF_H3_DOMINANT	H3_SUPPORTED_STABLE	675	409de8c68eb1a0c103cd5a50e35f7212ea5f9a0fea9b3638d1b799fba431f434	640	8ef0c689de040f40a1121171e40925e5d7ba7948681a06b2315e455924ec48d0	35	0.0518518518518518	851	0f33d8539e8ab87a3cc5bbe020a86db63b59e88f7ae2f794a9c2fe09cd6d2cd6	bdf61221044418c27d1bde452759c8d5143d3459f22935be698a9e76d5882e3c	7a284e529efd931296653e97eace4026c5ebe509ddb25dc3cddf430ceca0f178	0.9659879797712876	0.9662443300970236	640	0	0	23291	24203.5	24510	0.0042642059252067	PASS	675	0.984174149825329	0.001758941466119	0.985933091291448	0.001784037356749	11:64158950	ABF_H3_DOMINANT	PASS	640	0.98243654638465	0.0016411853830977	0.9840777317677476	0.0016677395800325	11:64106317	ABF_H3_DOMINANT	PASS	640	0.9824431508781408	0.001640312606287	0.984083463484428	0.0016668429733379	11:64106317	ABF_H3_DOMINANT	PASS	640	0.9824303023928068	0.0016651988845742	0.9840955012773812	0.0016921110628112	11:64110668	ABF_H3_DOMINANT	PASS	640	0.9824369213522576	0.0016643113864049	0.9841012327386628	0.0016911993716066	11:64110668	ABF_H3_DOMINANT	PASS	640	0.9824284926113764	0.0016670388647274	0.984095531476104	0.0016939807278943	11:64110668	ABF_H3_DOMINANT	PASS	H3_DISTINCT_SIGNAL	ABF_H3_DOMINANT	H3_SUPPORTED_STABLE	STABLE_H3	MATCH		640	0.0011988535470199	0.0012188730890305	1	H3	H3	H3	H3	H3	H3	H3	False	False	False	False	False	False	H3 -> H3 -> H3 -> H3
R7B1_002804	34	C11orf85	CD4_NC	H3_RESCUE_FALSIFICATION	ABF_H3_DOMINANT	H3_SUPPORTED_STABLE	640	da032f2ee461c43ad95a92c7efeaf071f2e675c70eb54bda0e2ef6d80c39c6d0	605	d0a92db5d0fc4118bcc445357be2f163829a3192519a2d427c4476838964a53e	35	0.0546875	980	cc8a27f13525d17fd707793c79309f5985f79254add01a9c0bd67b2912f3f3ae	b75d70ab078a04399c3b0446e65f730392e8733a642eb0892abe652b7ed03e0e	80ce8b7547a9a0cecbfbb6da47c4a1fc5c36b8b306328d11839815eada4c31d4	1.0141125082361662	1.014234505026526	605	0	0	23291	24196.0	24510	0.0042642059252067	PASS	640	0.8581410636469685	0.0053618657031573	0.8635029293501258	0.0062094354528625	11:64106317	ABF_H3_DOMINANT	PASS	605	0.8510413637393509	0.0056302266597989	0.8566715903991499	0.0065722112451233	11:64106317	ABF_H3_DOMINANT	PASS	605	0.851109919400173	0.0056270731822965	0.8567369925824696	0.0065680287311218	11:64106317	ABF_H3_DOMINANT	PASS	605	0.8510780737410358	0.0056049374783564	0.8566830112193923	0.0065426037460208	11:64110668	ABF_H3_DOMINANT	PASS	605	0.8511466208652129	0.0056017973442725	0.8567484182094854	0.0065384390857467	11:64110668	ABF_H3_DOMINANT	PASS	605	0.8510766696792074	0.0056065786252197	0.8566832483044271	0.0065445176339287	11:64110668	ABF_H3_DOMINANT	PASS	H3_DISTINCT_SIGNAL	ABF_H3_DOMINANT	H3_SUPPORTED_STABLE	STABLE_H3	PF50_UNINFORMATIVE		605	0.000938091962731	0.0009696765942269	1	H3	H3	H3	H3	H3	H3	H3	False	False	False	False	False	False	H3 -> H3 -> H3 -> H3
R7B1_002833	34	CCDC88B	B_IN	PRIMARY_184_TRIGGER_VERIFICATION	ABF_H4_DOMINANT	UNINFORMATIVE	675	409de8c68eb1a0c103cd5a50e35f7212ea5f9a0fea9b3638d1b799fba431f434	640	8ef0c689de040f40a1121171e40925e5d7ba7948681a06b2315e455924ec48d0	35	0.0518518518518518	975	a0bf81683388f50e840a1585cade37cd759c023b71c7a361964142991aff9404	818c82d38ee01ed9d27f6907a9bcd8a560319b3bb6c0cf4480c8bd66dbd661c3	fcb91b77138a2a3bc81fd43495a284c73786cf73ab105754181e24fb8d61afaa	0.966753504351177	0.9668275837637258	640	0	0	23291	24203.5	24510	0.0042642059252067	PASS	675	0.0339051199313192	0.955740785012571	0.9896459049438904	0.9657401503285749	11:64052447	ABF_H4_DOMINANT	PASS	640	0.033832412840619	0.9558127458695144	0.9896451587101334	0.965813592333726	11:64052447	ABF_H4_DOMINANT	PASS	640	0.0338327748139673	0.9558127660405406	0.9896455408545078	0.9658132397739554	11:64052447	ABF_H4_DOMINANT	PASS	640	0.0347708691136667	0.9545961372759556	0.9893670063896224	0.9648554389937138	11:64110668	ABF_H4_DOMINANT	PASS	640	0.0347712540791845	0.9545961408145326	0.9893673948937172	0.9648550636915624	11:64110668	ABF_H4_DOMINANT	PASS	640	0.0348360829760135	0.954511538991378	0.9893476219673916	0.9647888343767992	11:64110668	ABF_H4_DOMINANT	PASS	ROBUST_H4_TRIGGER	ABF_H4_DOMINANT	UNINFORMATIVE	H4_TO_UNINFORMATIVE	NOT_COMPARABLE		640			0	H4	H4	H4	H4	H4	H4	UNINFORMATIVE	False	False	True	False	False	False	H4 -> H4 -> H4 -> UNINFORMATIVE
R7B1_002836	34	CCDC88B	CD4_NC	PRIMARY_184_TRIGGER_VERIFICATION	ABF_H4_DOMINANT	H4_SUPPORTED_STABLE	675	409de8c68eb1a0c103cd5a50e35f7212ea5f9a0fea9b3638d1b799fba431f434	640	8ef0c689de040f40a1121171e40925e5d7ba7948681a06b2315e455924ec48d0	35	0.0518518518518518	980	3a521e6d2aa4e84aa426621e18081e3a002341a2d1a900b2c79493b7551bdd96	b75d70ab078a04399c3b0446e65f730392e8733a642eb0892abe652b7ed03e0e	80ce8b7547a9a0cecbfbb6da47c4a1fc5c36b8b306328d11839815eada4c31d4	0.7992009213249207	0.7991407995694719	640	0	0	23291	24203.5	24510	0.0042642059252067	PASS	675	0.0280600437688948	0.9719394280030343	0.9999994717719292	0.9719399414089944	11:64110668	ABF_H4_DOMINANT	PASS	640	0.0280599553006309	0.9719395164712498	0.9999994717718806	0.971940029877304	11:64110668	ABF_H4_DOMINANT	PASS	640	0.0280599329283988	0.9719395388438892	0.999999471772288	0.971940052249559	11:64110668	ABF_H4_DOMINANT	PASS	640	0.0258094586704851	0.974190528028798	0.9999999866992834	0.9741905409862304	11:64110668	ABF_H4_DOMINANT	PASS	640	0.0258094571476508	0.9741905295516332	0.999999986699284	0.9741905425090648	11:64110668	ABF_H4_DOMINANT	PASS	640	0.0259362169805357	0.974063769680929	0.9999999866614648	0.9740637826735132	11:64110668	ABF_H4_DOMINANT	PASS	ROBUST_H4_TRIGGER	ABF_H4_DOMINANT	H4_SUPPORTED_STABLE	STABLE_H4	MATCH		640	0.97471554795565	0.974715566660206	1	H4	H4	H4	H4	H4	H4	H4	False	False	False	False	False	False	H4 -> H4 -> H4 -> H4
R7B1_002838	34	CCDC88B	CD8_ET	PRIMARY_184_TRIGGER_VERIFICATION	ABF_H4_DOMINANT	UNINFORMATIVE	675	409de8c68eb1a0c103cd5a50e35f7212ea5f9a0fea9b3638d1b799fba431f434	640	8ef0c689de040f40a1121171e40925e5d7ba7948681a06b2315e455924ec48d0	35	0.0518518518518518	980	d9820585f894748e01e41e5a967f17aab0ea0c631d1e7a63af2ac5629e5c106a	7191834336171d0fc06aef83faf9491fd12699f75ae11a71d5f0fdc34d1bb269	943f08f888328fb37f11e325e775099c47b6e1d7f1d0145d5e60a9cc665416c0	0.8734569063601969	0.8735132620829361	640	0	0	23291	24203.5	24510	0.0042642059252067	PASS	675	0.1940723166519367	0.8058440753964636	0.9999163920484004	0.8059114560024707	11:64110668	ABF_H4_DOMINANT	PASS	640	0.1940705599400895	0.8058458322055867	0.9999163921456762	0.8059132128800868	11:64110668	ABF_H4_DOMINANT	PASS	640	0.1940760647916516	0.8058403343851445	0.999916399176796	0.8059077089330376	11:64110668	ABF_H4_DOMINANT	PASS	640	0.1839078897379798	0.8160161287514186	0.9999240184893984	0.8160781356009306	11:64110668	ABF_H4_DOMINANT	PASS	640	0.1839130800055124	0.8160109452522636	0.999924025257776	0.8160729461839857	11:64110668	ABF_H4_DOMINANT	PASS	640	0.1842395676584066	0.8156843147126269	0.9999238823710336	0.8157464073949957	11:64110668	ABF_H4_DOMINANT	PASS	ROBUST_H4_TRIGGER	ABF_H4_DOMINANT	UNINFORMATIVE	H4_TO_UNINFORMATIVE	NOT_COMPARABLE		640			0	H4	H4	H4	H4	H4	H4	UNINFORMATIVE	False	False	True	False	False	False	H4 -> H4 -> H4 -> UNINFORMATIVE
R7B1_002839	34	CCDC88B	CD8_NC	PRIMARY_184_TRIGGER_VERIFICATION	ABF_H4_DOMINANT	H4_SUPPORTED_STABLE	675	409de8c68eb1a0c103cd5a50e35f7212ea5f9a0fea9b3638d1b799fba431f434	640	8ef0c689de040f40a1121171e40925e5d7ba7948681a06b2315e455924ec48d0	35	0.0518518518518518	980	75d55890b847780767998d2ab47c31b96a501f57482689cc06db96baf5fda7b6	71102a91ffa3d42902e0350140ef8d3fcaea4ce71d4217c0b89a3c405369d48a	45cf7eadfa588afc5767008441640c667182b15d64f822928298ae2b2ed1c5e0	0.9281551866476924	0.9282148576343696	640	0	0	23291	24203.5	24510	0.0042642059252067	PASS	675	0.0413841645629026	0.9575221516635836	0.998906316226486	0.958570524692208	11:64106317	ABF_H4_DOMINANT	PASS	640	0.0413804525085208	0.957525862973014	0.9989063154815347	0.9585742407799546	11:64106317	ABF_H4_DOMINANT	PASS	640	0.0413805937643683	0.9575257815858876	0.9989063753502558	0.9585741018522796	11:64106317	ABF_H4_DOMINANT	PASS	640	0.0397315728399056	0.9592180319143244	0.99894960475423	0.9602266494217386	11:64110668	ABF_H4_DOMINANT	PASS	640	0.0397316965352032	0.9592179660710024	0.9989496626062055	0.9602265278997688	11:64110668	ABF_H4_DOMINANT	PASS	640	0.0396738025770861	0.9592772919722996	0.9989510945493856	0.9602845396600898	11:64105929	ABF_H4_DOMINANT	PASS	ROBUST_H4_TRIGGER	ABF_H4_DOMINANT	H4_SUPPORTED_STABLE	STABLE_H4	MATCH		640	0.959134231257126	0.96025138965764	1	H4	H4	H4	H4	H4	H4	H4	False	False	False	False	False	False	H4 -> H4 -> H4 -> H4
R7B1_002844	34	CCDC88B	NK	PRIMARY_184_TRIGGER_VERIFICATION	ABF_AMBIGUOUS	MODEL_SENSITIVE	675	409de8c68eb1a0c103cd5a50e35f7212ea5f9a0fea9b3638d1b799fba431f434	640	8ef0c689de040f40a1121171e40925e5d7ba7948681a06b2315e455924ec48d0	35	0.0518518518518518	980	f17a0792f8911225f73194c30774aab02bb7f8cb5163b2d917ee6d584d60baf8	480bb4b596ada77882480e97f9303d085c15f17e366bcb8ece20b804a4a5d69f	286e689f047511b8f6ae6c3415aa367fef0a3f415bea218afe2b9a018ed73f54	0.8935306778385043	0.8936271983372185	640	0	0	23291	24203.5	24510	0.0042642059252067	PASS	675	0.3074700740085748	0.6925126282136442	0.999982702222219	0.6925246073504101	11:64133552	ABF_AMBIGUOUS	PASS	640	0.307469158530762	0.6925135437117141	0.999982702242476	0.6925255228502876	11:64133552	ABF_AMBIGUOUS	PASS	640	0.3074706838391112	0.6925120208961789	0.9999827047352902	0.6925239982820471	11:64133552	ABF_AMBIGUOUS	PASS	640	0.2488994947847016	0.7510909103290878	0.9999904051137894	0.7510981170300537	11:64133552	ABF_AMBIGUOUS	PASS	640	0.2489005800970753	0.7510898270638007	0.999990407160876	0.7510970322167972	11:64133552	ABF_AMBIGUOUS	PASS	640	0.2493504270756847	0.750639960957661	0.9999903880333456	0.7506471761532874	11:64133552	ABF_AMBIGUOUS	PASS	H3_H4_AMBIGUITY_TRIGGER	ABF_AMBIGUOUS	MODEL_SENSITIVE	AMBIGUITY_REMAINS_MODEL_SENSITIVE	NOT_COMPARABLE		640	0.774569619642456	0.77458506543883	1	AMBIGUOUS	AMBIGUOUS	AMBIGUOUS	AMBIGUOUS	AMBIGUOUS	AMBIGUOUS	MODEL_SENSITIVE	False	False	True	False	False	False	AMBIGUOUS -> AMBIGUOUS -> AMBIGUOUS -> MODEL_SENSITIVE
R7B1_003012	34	NAA40	NK	H3_RESCUE_FALSIFICATION	ABF_H3_DOMINANT	H3_SUPPORTED_STABLE	675	409de8c68eb1a0c103cd5a50e35f7212ea5f9a0fea9b3638d1b799fba431f434	640	8ef0c689de040f40a1121171e40925e5d7ba7948681a06b2315e455924ec48d0	35	0.0518518518518518	980	18c869652324ccbeaddb02ab8b36edaad2328b029e5705fb9a8ccea3e8bfb177	480bb4b596ada77882480e97f9303d085c15f17e366bcb8ece20b804a4a5d69f	286e689f047511b8f6ae6c3415aa367fef0a3f415bea218afe2b9a018ed73f54	0.986402754232598	0.9865208436159918	640	0	0	23291	24203.5	24510	0.0042642059252067	PASS	675	0.9968570184964012	0.0002166687971336	0.9970736872935348	0.0002173046986344	11:64052447	ABF_H3_DOMINANT	PASS	640	0.9968569971798372	0.000216670600855	0.9970736677806924	0.0002173065119022	11:64052447	ABF_H3_DOMINANT	PASS	640	0.9968574949754532	0.0002166181265056	0.9970741131019588	0.0002172537865131	11:64052447	ABF_H3_DOMINANT	PASS	640	0.9968787803847984	0.0002125178493973	0.9970912982341956	0.0002131378037033	11:64052447	ABF_H3_DOMINANT	PASS	640	0.9968792773376716	0.0002124662309356	0.9970917435686072	0.0002130859394896	11:64052447	ABF_H3_DOMINANT	PASS	640	0.996878686977818	0.0002126124601251	0.9970912994379432	0.0002132326901708	11:64052447	ABF_H3_DOMINANT	PASS	H3_DISTINCT_SIGNAL	ABF_H3_DOMINANT	H3_SUPPORTED_STABLE	STABLE_H3	MATCH		640	0.0001622388318153	0.0001627927648979	1	H3	H3	H3	H3	H3	H3	H3	False	False	False	False	False	False	H3 -> H3 -> H3 -> H3
R7B1_003057	34	PRDX5	B_MEM	PRIMARY_184_TRIGGER_VERIFICATION	ABF_H4_DOMINANT	UNINFORMATIVE	675	409de8c68eb1a0c103cd5a50e35f7212ea5f9a0fea9b3638d1b799fba431f434	640	8ef0c689de040f40a1121171e40925e5d7ba7948681a06b2315e455924ec48d0	35	0.0518518518518518	970	ada36e91833edb081737d0e636e5d2e1eae47491af32018469a9fdd64b842055	5cf6389de37e06b82d110938d28b9cc7cc843dc2f4559fda711ee861b10f74ce	26ae041c91954333007c04c0820314025c2c125ef5057dada9ad74b965d0192d	0.9083308717290502	0.9084298563858124	640	0	0	23291	24203.5	24510	0.0042642059252067	PASS	675	0.0290362653743908	0.9479682348898308	0.9770045002642216	0.9702803156315676	11:64110668	ABF_H4_DOMINANT	PASS	640	0.0263193137393837	0.95062095810062	0.9769402718400036	0.97305944437134	11:64110668	ABF_H4_DOMINANT	PASS	640	0.0263228256001293	0.9506183786731756	0.976941204273305	0.973055875333143	11:64110668	ABF_H4_DOMINANT	PASS	640	0.0266831459964722	0.9499509348325248	0.9766340808289972	0.9726784611347756	11:64110668	ABF_H4_DOMINANT	PASS	640	0.0266867044366519	0.949948321448912	0.976635025885564	0.9726748440007528	11:64110668	ABF_H4_DOMINANT	PASS	640	0.0267212883416238	0.949880599707952	0.9766018880495758	0.9726385043193082	11:64110668	ABF_H4_DOMINANT	PASS	ROBUST_H4_TRIGGER	ABF_H4_DOMINANT	UNINFORMATIVE	H4_TO_UNINFORMATIVE	NOT_COMPARABLE		640			0	H4	H4	H4	H4	H4	H4	UNINFORMATIVE	False	False	True	False	False	False	H4 -> H4 -> H4 -> UNINFORMATIVE
R7B1_003058	34	PRDX5	CD4_ET	PRIMARY_184_TRIGGER_VERIFICATION	ABF_H4_DOMINANT	UNINFORMATIVE	675	409de8c68eb1a0c103cd5a50e35f7212ea5f9a0fea9b3638d1b799fba431f434	640	8ef0c689de040f40a1121171e40925e5d7ba7948681a06b2315e455924ec48d0	35	0.0518518518518518	980	c9bb56a400ca145899b9a494bf7e6dda09b1c0959cdf66e5cedfa39e90caf892	719909ff93728bdf6340f29f2d8722cfcdd4bb6ad55e0bac43cdccb82dcb54f7	8c6344417410c85651bea0780d1176de32cd6f48338b4b7f102a0ec221f566ba	0.9195496796645044	0.9196640768565626	640	0	0	23291	24203.5	24510	0.0042642059252067	PASS	675	0.0363354342018179	0.9013151990310476	0.9376506332328656	0.9612484299439554	11:64110668	ABF_H4_DOMINANT	PASS	640	0.0350574283753772	0.9025106319723896	0.9375680603477669	0.9626081242972658	11:64110668	ABF_H4_DOMINANT	PASS	640	0.0350586072897526	0.902510711085736	0.9375693183754888	0.9626069170538792	11:64110668	ABF_H4_DOMINANT	PASS	640	0.0349902297287432	0.9026959141201968	0.93768614384894	0.9626844974107028	11:64110668	ABF_H4_DOMINANT	PASS	640	0.0349913990532903	0.902696013276608	0.9376874123298984	0.9626833008599888	11:64110668	ABF_H4_DOMINANT	PASS	640	0.0349661592179392	0.9027616594946412	0.9377278187125804	0.962711824774544	11:64110668	ABF_H4_DOMINANT	PASS	ROBUST_H4_TRIGGER	ABF_H4_DOMINANT	UNINFORMATIVE	H4_TO_UNINFORMATIVE	NOT_COMPARABLE		640			0	H4	H4	H4	H4	H4	H4	UNINFORMATIVE	False	False	True	False	False	False	H4 -> H4 -> H4 -> UNINFORMATIVE
R7B1_003059	34	PRDX5	CD4_NC	H3_RESCUE_FALSIFICATION	ABF_H3_DOMINANT	H3_SUPPORTED_STABLE	675	409de8c68eb1a0c103cd5a50e35f7212ea5f9a0fea9b3638d1b799fba431f434	640	8ef0c689de040f40a1121171e40925e5d7ba7948681a06b2315e455924ec48d0	35	0.0518518518518518	980	bbacff26839b13c94fa33c1934312ddd7cef09d416484bdb1fb2f98e8531fdd6	b75d70ab078a04399c3b0446e65f730392e8733a642eb0892abe652b7ed03e0e	80ce8b7547a9a0cecbfbb6da47c4a1fc5c36b8b306328d11839815eada4c31d4	0.6445034777561183	0.6445430492623128	640	0	0	23291	24203.5	24510	0.0042642059252067	PASS	675	0.9999694578791732	1.216420381563981e-05	0.9999816220829888	1.2164427372476547e-05	11:64105454	ABF_H3_DOMINANT	PASS	640	0.9999699605592288	1.1654046844428709e-05	0.9999816146060734	1.1654261112610187e-05	11:64105454	ABF_H3_DOMINANT	PASS	640	0.9999699610235226	1.1653737574379644e-05	0.999981614761097	1.1653951835068297e-05	11:64105454	ABF_H3_DOMINANT	PASS	640	0.9999986867152932	6.254963544247072e-07	0.9999993122116476	6.254967846341102e-07	11:64078943	ABF_H3_DOMINANT	PASS	640	0.9999986871344844	6.252321915655701e-07	0.999999312366676	6.252326214963559e-07	11:64078943	ABF_H3_DOMINANT	PASS	640	0.9999986878591092	6.252842139658568e-07	0.9999993131433232	6.252846434467891e-07	11:64078943	ABF_H3_DOMINANT	PASS	H3_DISTINCT_SIGNAL	ABF_H3_DOMINANT	H3_SUPPORTED_STABLE	STABLE_H3	MATCH		640	2.08788496882295e-07	2.08788649615768e-07	1	H3	H3	H3	H3	H3	H3	H3	False	False	False	False	False	False	H3 -> H3 -> H3 -> H3
R7B1_003061	34	PRDX5	CD8_ET	H3_RESCUE_FALSIFICATION	ABF_H3_DOMINANT	H3_SUPPORTED_STABLE	675	409de8c68eb1a0c103cd5a50e35f7212ea5f9a0fea9b3638d1b799fba431f434	640	8ef0c689de040f40a1121171e40925e5d7ba7948681a06b2315e455924ec48d0	35	0.0518518518518518	980	ffe1ef3e6ad869cdd35b0982566d4652b11278fc0c2bc8c9b85b379378aa559e	7191834336171d0fc06aef83faf9491fd12699f75ae11a71d5f0fdc34d1bb269	943f08f888328fb37f11e325e775099c47b6e1d7f1d0145d5e60a9cc665416c0	0.7892838102397023	0.7895457933819824	640	0	0	23291	24203.5	24510	0.0042642059252067	PASS	675	0.9999315154532968	5.0291097074899575e-05	0.9999818065503716	5.0292012060087696e-05	11:64070940	ABF_H3_DOMINANT	PASS	640	0.9999315152387988	5.029125452834645e-05	0.9999818064933272	5.029216951926819e-05	11:64070940	ABF_H3_DOMINANT	PASS	640	0.99993151554505	5.029094828300263e-05	0.9999818064933332	5.029186326835229e-05	11:64070940	ABF_H3_DOMINANT	PASS	640	0.999996079920076	3.4234834300682007e-06	0.9999995034035062	3.423485130158913e-06	11:64070940	ABF_H3_DOMINANT	PASS	640	0.9999960799457124	3.4234577932893693e-06	0.9999995034035056	3.4234594933673525e-06	11:64070940	ABF_H3_DOMINANT	PASS	640	0.9999960834217876	3.420913389440348e-06	0.999999504335177	3.4209150850676183e-06	11:64070940	ABF_H3_DOMINANT	PASS	H3_DISTINCT_SIGNAL	ABF_H3_DOMINANT	H3_SUPPORTED_STABLE	STABLE_H3	MATCH		640	4.86711919797279e-06	4.86712275476764e-06	1	H3	H3	H3	H3	H3	H3	H3	False	False	False	False	False	False	H3 -> H3 -> H3 -> H3
R7B1_003067	34	PRDX5	NK	H3_RESCUE_FALSIFICATION	ABF_H3_DOMINANT	H3_SUPPORTED_STABLE	675	409de8c68eb1a0c103cd5a50e35f7212ea5f9a0fea9b3638d1b799fba431f434	640	8ef0c689de040f40a1121171e40925e5d7ba7948681a06b2315e455924ec48d0	35	0.0518518518518518	980	6cdb72dab5cf76d050c4e26d3527de2acd846fb3e452308c28ac9023a9592e6b	480bb4b596ada77882480e97f9303d085c15f17e366bcb8ece20b804a4a5d69f	286e689f047511b8f6ae6c3415aa367fef0a3f415bea218afe2b9a018ed73f54	0.745644794570277	0.7460675647411776	640	0	0	23291	24203.5	24510	0.0042642059252067	PASS	675	0.999940852188162	4.09541924951334e-05	0.9999818063806571	4.095493761367855e-05	11:64070940	ABF_H3_DOMINANT	PASS	640	0.9999408520027212	4.095432088932558e-05	0.9999818063236108	4.095506601254311e-05	11:64070940	ABF_H3_DOMINANT	PASS	640	0.9999408519732212	4.0954350390630594e-05	0.999981806323612	4.095509551438483e-05	11:64070940	ABF_H3_DOMINANT	PASS	640	0.9999968111002856	2.6923028533216867e-06	0.999999503403139	2.692304190311497e-06	11:64070940	ABF_H3_DOMINANT	PASS	640	0.9999968110976992	2.6923054298342467e-06	0.9999995034031292	2.6923067668253623e-06	11:64070940	ABF_H3_DOMINANT	PASS	640	0.9999968178600268	2.686474788631285e-06	0.9999995043348152	2.686476120223967e-06	11:64070940	ABF_H3_DOMINANT	PASS	H3_DISTINCT_SIGNAL	ABF_H3_DOMINANT	H3_SUPPORTED_STABLE	STABLE_H3	MATCH		640	3.76590986874421e-06	3.76591262079995e-06	1	H3	H3	H3	H3	H3	H3	H3	False	False	False	False	False	False	H3 -> H3 -> H3 -> H3
R7B1_003105	34	SF1	B_IN	H3_RESCUE_FALSIFICATION	ABF_H3_DOMINANT	H3_SUPPORTED_STABLE	675	409de8c68eb1a0c103cd5a50e35f7212ea5f9a0fea9b3638d1b799fba431f434	640	8ef0c689de040f40a1121171e40925e5d7ba7948681a06b2315e455924ec48d0	35	0.0518518518518518	975	ab3095610e314e1ab08abc337ae4f2fbaf165c4a25fe2b5ece28371492f4aac8	818c82d38ee01ed9d27f6907a9bcd8a560319b3bb6c0cf4480c8bd66dbd661c3	fcb91b77138a2a3bc81fd43495a284c73786cf73ab105754181e24fb8d61afaa	0.7839231379614241	0.7839814633658273	640	0	0	23291	24203.5	24510	0.0042642059252067	PASS	675	0.9999814373865328	3.682563125413128e-07	0.9999818056428452	3.6826301285009546e-07	11:64525464	ABF_H3_DOMINANT	PASS	640	0.9999814393253404	3.6626042540179596e-07	0.999981805585766	3.6626708941694105e-07	11:64525464	ABF_H3_DOMINANT	PASS	640	0.999981439324232	3.662615308428171e-07	0.9999818055857628	3.6626819487807657e-07	11:64525464	ABF_H3_DOMINANT	PASS	640	0.9999994935843124	9.81737308534026e-09	0.9999995034016854	9.81737796063361e-09	11:64525464	ABF_H3_DOMINANT	PASS	640	0.9999994935842624	9.817426165358356e-09	0.9999995034016887	9.817431040678032e-09	11:64525464	ABF_H3_DOMINANT	PASS	640	0.9999994945342862	9.7990801899053e-09	0.9999995043333664	9.799085046984796e-09	11:64525464	ABF_H3_DOMINANT	PASS	H3_DISTINCT_SIGNAL	ABF_H3_DOMINANT	H3_SUPPORTED_STABLE	STABLE_H3	MATCH		640	0.0174470392629943	0.0350099987261858	2	H3	H3	H3	H3	H3	H3	H3	False	False	False	False	False	False	H3 -> H3 -> H3 -> H3
R7B1_003106	34	SF1	B_MEM	H3_RESCUE_FALSIFICATION	ABF_H3_DOMINANT	H3_SUPPORTED_STABLE	675	409de8c68eb1a0c103cd5a50e35f7212ea5f9a0fea9b3638d1b799fba431f434	640	8ef0c689de040f40a1121171e40925e5d7ba7948681a06b2315e455924ec48d0	35	0.0518518518518518	970	2739084fa5f0f8da7b7b6e98adc7452f4e71e02bc6b891fd13ee3f9be73bd868	5cf6389de37e06b82d110938d28b9cc7cc843dc2f4559fda711ee861b10f74ce	26ae041c91954333007c04c0820314025c2c125ef5057dada9ad74b965d0192d	0.8868904752763365	0.8869792125358842	640	0	0	23291	24203.5	24510	0.0042642059252067	PASS	675	0.9999814665412444	3.390994542240102e-07	0.9999818056406984	3.391056240335751e-07	11:64488291	ABF_H3_DOMINANT	PASS	640	0.9999814667445908	3.3883905168403785e-07	0.9999818055836426	3.388452167749926e-07	11:64488291	ABF_H3_DOMINANT	PASS	640	0.999981466745081	3.38838562937528e-07	0.999981805583644	3.388447280195897e-07	11:64488291	ABF_H3_DOMINANT	PASS	640	0.9999994948570712	8.542993400687945e-09	0.9999995034000648	8.542997643140022e-09	11:64488291	ABF_H3_DOMINANT	PASS	640	0.9999994948570784	8.54298780785724e-09	0.9999995034000662	8.542992050306527e-09	11:64488291	ABF_H3_DOMINANT	PASS	640	0.9999994958047784	8.526966985946713e-09	0.9999995043317456	8.52697121249565e-09	11:64488291	ABF_H3_DOMINANT	PASS	H3_DISTINCT_SIGNAL	ABF_H3_DOMINANT	H3_SUPPORTED_STABLE	STABLE_H3	MATCH		640	1.10166675725979e-08	1.10166756234007e-08	1	H3	H3	H3	H3	H3	H3	H3	False	False	False	False	False	False	H3 -> H3 -> H3 -> H3
R7B1_003107	34	SF1	CD4_ET	H3_RESCUE_FALSIFICATION	ABF_H3_DOMINANT	H3_SUPPORTED_STABLE	675	409de8c68eb1a0c103cd5a50e35f7212ea5f9a0fea9b3638d1b799fba431f434	640	8ef0c689de040f40a1121171e40925e5d7ba7948681a06b2315e455924ec48d0	35	0.0518518518518518	980	cf61ee821d71e45ca955db56aacc8421e470023162a366e406f532e1ba71a917	719909ff93728bdf6340f29f2d8722cfcdd4bb6ad55e0bac43cdccb82dcb54f7	8c6344417410c85651bea0780d1176de32cd6f48338b4b7f102a0ec221f566ba	0.7951148995001872	0.7952056326745897	640	0	0	23291	24203.5	24510	0.0042642059252067	PASS	675	0.999981458460008	3.471824769450973e-07	0.999981805642485	3.471887938221373e-07	11:64506539	ABF_H3_DOMINANT	PASS	640	0.9999814598652008	3.4572021045100774e-07	0.9999818055854114	3.457265007422965e-07	11:64506539	ABF_H3_DOMINANT	PASS	640	0.99998145986481	3.457206040162336e-07	0.9999818055854142	3.457268943146822e-07	11:64506539	ABF_H3_DOMINANT	PASS	640	0.9999994943787128	9.022995947217024e-09	0.9999995034017088	9.023000428023618e-09	11:64506539	ABF_H3_DOMINANT	PASS	640	0.9999994943786916	9.02301791254488e-09	0.9999995034017094	9.023022393362377e-09	11:64506539	ABF_H3_DOMINANT	PASS	640	0.9999994953272728	9.0061195381445e-09	0.9999995043333922	9.006124002179434e-09	11:64506539	ABF_H3_DOMINANT	PASS	H3_DISTINCT_SIGNAL	ABF_H3_DOMINANT	H3_SUPPORTED_STABLE	STABLE_H3	MATCH		640	1.19758163656922e-08	1.19758251174254e-08	1	H3	H3	H3	H3	H3	H3	H3	False	False	False	False	False	False	H3 -> H3 -> H3 -> H3
R7B1_003108	34	SF1	CD4_NC	H3_RESCUE_FALSIFICATION	ABF_H3_DOMINANT	H3_SUPPORTED_STABLE	675	409de8c68eb1a0c103cd5a50e35f7212ea5f9a0fea9b3638d1b799fba431f434	640	8ef0c689de040f40a1121171e40925e5d7ba7948681a06b2315e455924ec48d0	35	0.0518518518518518	980	c76ebeae9159259ac55ddd014bfd2ea01298d05537a7d444dd375dc63f1dc9c6	b75d70ab078a04399c3b0446e65f730392e8733a642eb0892abe652b7ed03e0e	80ce8b7547a9a0cecbfbb6da47c4a1fc5c36b8b306328d11839815eada4c31d4	0.5213445442401256	0.5213389622952608	640	0	0	23291	24203.5	24510	0.0042642059252067	PASS	675	0.9999814471014468	3.58541344726472e-07	0.9999818056427916	3.5854786827446365e-07	11:64530431	ABF_H3_DOMINANT	PASS	640	0.999981447043283	3.5854245912519693e-07	0.999981805585742	3.585489827139202e-07	11:64530431	ABF_H3_DOMINANT	PASS	640	0.9999814470433256	3.585424211027664e-07	0.9999818055857468	3.585489446907962e-07	11:64530431	ABF_H3_DOMINANT	PASS	640	0.999999495160068	8.241747342157727e-09	0.9999995034018152	8.241751434996528e-09	11:64546391	ABF_H3_DOMINANT	PASS	640	0.999999495160068	8.241747455294917e-09	0.9999995034018154	8.241751548133774e-09	11:64546391	ABF_H3_DOMINANT	PASS	640	0.9999994961072208	8.226261346468602e-09	0.9999995043334824	8.226265423952941e-09	11:64546391	ABF_H3_DOMINANT	PASS	H3_DISTINCT_SIGNAL	ABF_H3_DOMINANT	H3_SUPPORTED_STABLE	STABLE_H3	MATCH		640	1.07955549083926e-08	1.07955627976098e-08	1	H3	H3	H3	H3	H3	H3	H3	False	False	False	False	False	False	H3 -> H3 -> H3 -> H3
R7B1_003110	34	SF1	CD8_ET	H3_RESCUE_FALSIFICATION	ABF_H3_DOMINANT	H3_SUPPORTED_STABLE	675	409de8c68eb1a0c103cd5a50e35f7212ea5f9a0fea9b3638d1b799fba431f434	640	8ef0c689de040f40a1121171e40925e5d7ba7948681a06b2315e455924ec48d0	35	0.0518518518518518	980	37bc995c83ea84c9063ebd1a5d876ab106106490883b110805f8347d49cf71fd	7191834336171d0fc06aef83faf9491fd12699f75ae11a71d5f0fdc34d1bb269	943f08f888328fb37f11e325e775099c47b6e1d7f1d0145d5e60a9cc665416c0	0.6847919599347712	0.6848687602602117	640	0	0	23291	24203.5	24510	0.0042642059252067	PASS	675	0.9999814823551032	3.2328703923584085e-07	0.9999818056421425	3.2329292134294457e-07	11:64525464	ABF_H3_DOMINANT	PASS	640	0.9999814837965474	3.217885311266164e-07	0.9999818055850784	3.2179438598719445e-07	11:64525464	ABF_H3_DOMINANT	PASS	640	0.9999814837972012	3.217878776061132e-07	0.9999818055850788	3.217937324548006e-07	11:64525464	ABF_H3_DOMINANT	PASS	640	0.9999994949988388	8.402968906859375e-09	0.9999995034018077	8.402973079760616e-09	11:64525464	ABF_H3_DOMINANT	PASS	640	0.999999494998846	8.40296473592931e-09	0.9999995034018108	8.402968908828457e-09	11:64525464	ABF_H3_DOMINANT	PASS	640	0.999999495946276	8.387209516910348e-09	0.9999995043334854	8.387213674171316e-09	11:64525464	ABF_H3_DOMINANT	PASS	H3_DISTINCT_SIGNAL	ABF_H3_DOMINANT	H3_SUPPORTED_STABLE	STABLE_H3	MATCH		640	1.10690595650502e-08	1.10690676541401e-08	1	H3	H3	H3	H3	H3	H3	H3	False	False	False	False	False	False	H3 -> H3 -> H3 -> H3
R7B1_003111	34	SF1	CD8_NC	H3_RESCUE_FALSIFICATION	ABF_H3_DOMINANT	H3_SUPPORTED_STABLE	675	409de8c68eb1a0c103cd5a50e35f7212ea5f9a0fea9b3638d1b799fba431f434	640	8ef0c689de040f40a1121171e40925e5d7ba7948681a06b2315e455924ec48d0	35	0.0518518518518518	980	f2937a73180604f3dc3e94b1d2895b1da3a3e3eaef2947184999b075348bc2e8	71102a91ffa3d42902e0350140ef8d3fcaea4ce71d4217c0b89a3c405369d48a	45cf7eadfa588afc5767008441640c667182b15d64f822928298ae2b2ed1c5e0	0.6837819684610433	0.683812593581262	640	0	0	23291	24203.5	24510	0.0042642059252067	PASS	675	0.9999814565733388	3.49069185477754e-07	0.9999818056425244	3.490755366828545e-07	11:64530431	ABF_H3_DOMINANT	PASS	640	0.9999814566371584	3.489483172641789e-07	0.9999818055854758	3.489546662900275e-07	11:64530431	ABF_H3_DOMINANT	PASS	640	0.9999814566369596	3.489485206769434e-07	0.9999818055854802	3.489548697064915e-07	11:64530431	ABF_H3_DOMINANT	PASS	640	0.9999994949653652	8.436350952972074e-09	0.999999503401716	8.43635514245156e-09	11:64546391	ABF_H3_DOMINANT	PASS	640	0.9999994949653722	8.436348391995941e-09	0.9999995034017206	8.436352581474117e-09	11:64546391	ABF_H3_DOMINANT	PASS	640	0.9999994959128876	8.420512463734336e-09	0.9999995043334	8.420516637503187e-09	11:64546391	ABF_H3_DOMINANT	PASS	H3_DISTINCT_SIGNAL	ABF_H3_DOMINANT	H3_SUPPORTED_STABLE	STABLE_H3	MATCH		640	1.09204714274868e-08	1.09204794079909e-08	1	H3	H3	H3	H3	H3	H3	H3	False	False	False	False	False	False	H3 -> H3 -> H3 -> H3
R7B1_003112	34	SF1	CD8_S100B	H3_RESCUE_FALSIFICATION	ABF_H3_DOMINANT	H3_SUPPORTED_STABLE	675	409de8c68eb1a0c103cd5a50e35f7212ea5f9a0fea9b3638d1b799fba431f434	640	8ef0c689de040f40a1121171e40925e5d7ba7948681a06b2315e455924ec48d0	35	0.0518518518518518	959	34f15f7cbd32a9e8cc3193dd5d20a232a453c4ef57e8c18ddad4a5e1d545b8a4	d39771fb5a0b35c8d21cbb1c8833ecda2f5a9d189492dd8ca14cfda3b604b141	d0e73ec998842798681d14618010fd974322178cb899052c2e5754d24fb24f84	0.907433592438018	0.9075118420225606	640	0	0	23291	24203.5	24510	0.0042642059252067	PASS	675	0.961001851950412	0.0014965131038915	0.9624983650543034	0.0015548214503274	11:64110668	ABF_H3_DOMINANT	PASS	640	0.9604154464258838	0.0015190198779993	0.9619344663038832	0.0015791303162636	11:64110668	ABF_H3_DOMINANT	PASS	640	0.9604278847010244	0.0015184343949281	0.9619463190959524	0.0015785022145052	11:64110668	ABF_H3_DOMINANT	PASS	640	0.9604183973760344	0.001533622419455	0.9619520197954896	0.0015942816147744	11:64110668	ABF_H3_DOMINANT	PASS	640	0.9604308410381968	0.001533031384708	0.9619638724229048	0.0015936475668746	11:64110668	ABF_H3_DOMINANT	PASS	640	0.960418259955919	0.0015337662081579	0.9619520261640768	0.0015944310801798	11:64110668	ABF_H3_DOMINANT	PASS	H3_DISTINCT_SIGNAL	ABF_H3_DOMINANT	H3_SUPPORTED_STABLE	STABLE_H3	MATCH		640	0.0003069946974208	0.00031058037892	1	H3	H3	H3	H3	H3	H3	H3	False	False	False	False	False	False	H3 -> H3 -> H3 -> H3
R7B1_003116	34	SF1	NK	H3_RESCUE_FALSIFICATION	ABF_H3_DOMINANT	H3_SUPPORTED_STABLE	675	409de8c68eb1a0c103cd5a50e35f7212ea5f9a0fea9b3638d1b799fba431f434	640	8ef0c689de040f40a1121171e40925e5d7ba7948681a06b2315e455924ec48d0	35	0.0518518518518518	980	b9f1aca5a410e18cb9f52880890809228958f58ff5733be5f07c31051744e8ae	480bb4b596ada77882480e97f9303d085c15f17e366bcb8ece20b804a4a5d69f	286e689f047511b8f6ae6c3415aa367fef0a3f415bea218afe2b9a018ed73f54	0.8460157507511274	0.8461246256463187	640	0	0	23291	24203.5	24510	0.0042642059252067	PASS	675	0.9999814212693992	3.8435854686454345e-07	0.999981805627946	3.843655401541857e-07	11:64548581	ABF_H3_DOMINANT	PASS	640	0.9999814213085352	3.842623117655029e-07	0.999981805570847	3.842693033261179e-07	11:64548581	ABF_H3_DOMINANT	PASS	640	0.9999814213073274	3.842635492088302e-07	0.9999818055708766	3.842705407919489e-07	11:64548581	ABF_H3_DOMINANT	PASS	640	0.999999494419896	8.966549115477451e-09	0.999999503386445	8.966553568389493e-09	11:64548581	ABF_H3_DOMINANT	PASS	640	0.9999994944199314	8.966543771633601e-09	0.9999995033864753	8.966548224542722e-09	11:64548581	ABF_H3_DOMINANT	PASS	640	0.9999994953682924	8.949830399110122e-09	0.9999995043181228	8.949834835381054e-09	11:64548581	ABF_H3_DOMINANT	PASS	H3_DISTINCT_SIGNAL	ABF_H3_DOMINANT	H3_SUPPORTED_STABLE	STABLE_H3	MATCH		640	1.18014603959193e-08	1.18014690202415e-08	1	H3	H3	H3	H3	H3	H3	H3	False	False	False	False	False	False	H3 -> H3 -> H3 -> H3
R7B1_003117	34	SF1	NK_R	H3_RESCUE_FALSIFICATION	ABF_H3_DOMINANT	H3_SUPPORTED_STABLE	675	409de8c68eb1a0c103cd5a50e35f7212ea5f9a0fea9b3638d1b799fba431f434	640	8ef0c689de040f40a1121171e40925e5d7ba7948681a06b2315e455924ec48d0	35	0.0518518518518518	750	dd5cfe0ba43ac1a4ebd6ca0be0d93e7c51ca908133c54d9ea4ea62c9f22025b2	99008a3c4cbc42d5bd43d8513c1d9e35b42e85d21d48ee2ad654066ffbd53cab	b9ba5fed03192d81687096888a3fec2a61a4247c4923f88b606623d402de0873	0.9801244008712192	0.9802084694864208	640	0	0	23291	24203.5	24510	0.0042642059252067	PASS	675	0.9594678791359535	0.0020204782610198	0.9614883573969736	0.0021014068922163	11:64052447	ABF_H3_DOMINANT	PASS	640	0.9581057687601878	0.0020883920472942	0.960194160807482	0.0021749684933909	11:64052447	ABF_H3_DOMINANT	PASS	640	0.9581208829983436	0.0020875041508361	0.9602083871491798	0.0021740115778762	11:64052447	ABF_H3_DOMINANT	PASS	640	0.958138675387606	0.0020717804758975	0.9602104558635036	0.0021576316559003	11:64110668	ABF_H3_DOMINANT	PASS	640	0.9581537837879992	0.0020708991848685	0.9602246829728676	0.0021566818908019	11:64110668	ABF_H3_DOMINANT	PASS	640	0.9581394749985142	0.0020709486231489	0.9602104236216632	0.0021567654049597	11:64110668	ABF_H3_DOMINANT	PASS	H3_DISTINCT_SIGNAL	ABF_H3_DOMINANT	H3_SUPPORTED_STABLE	STABLE_H3	MATCH		640	0.0002684614665606	0.0002707756891362	1	H3	H3	H3	H3	H3	H3	H3	False	False	False	False	False	False	H3 -> H3 -> H3 -> H3
R7B1_003175	34	TRMT112	B_IN	H3_RESCUE_FALSIFICATION	ABF_H3_DOMINANT	H3_SUPPORTED_STABLE	675	409de8c68eb1a0c103cd5a50e35f7212ea5f9a0fea9b3638d1b799fba431f434	640	8ef0c689de040f40a1121171e40925e5d7ba7948681a06b2315e455924ec48d0	35	0.0518518518518518	975	1a10ce0456fd8dd87ea37818804dc7656431224006f9173b789760a351e4a24e	818c82d38ee01ed9d27f6907a9bcd8a560319b3bb6c0cf4480c8bd66dbd661c3	fcb91b77138a2a3bc81fd43495a284c73786cf73ab105754181e24fb8d61afaa	0.7726402374211935	0.7727094824758343	640	0	0	23291	24203.5	24510	0.0042642059252067	PASS	675	0.999965573888772	1.6169418560663956e-05	0.9999817433073328	1.6169713766158703e-05	11:64153749	ABF_H3_DOMINANT	PASS	640	0.999969443848319	1.228882941821371e-05	0.9999817326777372	1.2289053906321722e-05	11:64105454	ABF_H3_DOMINANT	PASS	640	0.9999694445996382	1.2288163163527938e-05	0.9999817327628018	1.2288387638419712e-05	11:64105454	ABF_H3_DOMINANT	PASS	640	0.99999848373235	9.465429478570263e-07	0.999999430275298	9.465434871262324e-07	11:64105454	ABF_H3_DOMINANT	PASS	640	0.9999984845811526	9.457792212791864e-07	0.999999430360374	9.457797600328152e-07	11:64105454	ABF_H3_DOMINANT	PASS	640	0.9999984834881298	9.477188472264996e-07	0.999999431206977	9.477193862826742e-07	11:64105454	ABF_H3_DOMINANT	PASS	H3_DISTINCT_SIGNAL	ABF_H3_DOMINANT	H3_SUPPORTED_STABLE	STABLE_H3	MATCH		640	2.13282653223448e-07	2.1328280915258e-07	1	H3	H3	H3	H3	H3	H3	H3	False	False	False	False	False	False	H3 -> H3 -> H3 -> H3
R7B1_003176	34	TRMT112	B_MEM	H3_RESCUE_FALSIFICATION	ABF_H3_DOMINANT	H3_SUPPORTED_STABLE	675	409de8c68eb1a0c103cd5a50e35f7212ea5f9a0fea9b3638d1b799fba431f434	640	8ef0c689de040f40a1121171e40925e5d7ba7948681a06b2315e455924ec48d0	35	0.0518518518518518	970	464b2ce33f4a90c1b5e4a0bc8b2c3ddf2ffa10079d1a055a1d0e85f99a0a1976	5cf6389de37e06b82d110938d28b9cc7cc843dc2f4559fda711ee861b10f74ce	26ae041c91954333007c04c0820314025c2c125ef5057dada9ad74b965d0192d	0.8689572949381985	0.8690815049989953	640	0	0	23291	24203.5	24510	0.0042642059252067	PASS	675	0.98604565328948	0.0004525045729889	0.9864981578624692	0.0004586978387972	11:64106317	ABF_H3_DOMINANT	PASS	640	0.9851642566003892	0.0004801386294183	0.9856443952298076	0.0004871316995683	11:64106317	ABF_H3_DOMINANT	PASS	640	0.9851739323012996	0.0004797733072514	0.985653705608551	0.0004867564587049	11:64106317	ABF_H3_DOMINANT	PASS	640	0.9851930296614568	0.0004686363201019	0.9856616659815588	0.0004754535316489	11:64110668	ABF_H3_DOMINANT	PASS	640	0.9852027043082338	0.0004682723497621	0.985670976657996	0.0004750797790048	11:64110668	ABF_H3_DOMINANT	PASS	640	0.9851929317515512	0.0004687365847571	0.9856616683363082	0.0004755552537092	11:64110668	ABF_H3_DOMINANT	PASS	H3_DISTINCT_SIGNAL	ABF_H3_DOMINANT	H3_SUPPORTED_STABLE	STABLE_H3	MATCH		640	4.61801198365739e-05	4.62847852881683e-05	1	H3	H3	H3	H3	H3	H3	H3	False	False	False	False	False	False	H3 -> H3 -> H3 -> H3
R7B1_003177	34	TRMT112	CD4_ET	H3_RESCUE_FALSIFICATION	ABF_H3_DOMINANT	H3_SUPPORTED_STABLE	675	409de8c68eb1a0c103cd5a50e35f7212ea5f9a0fea9b3638d1b799fba431f434	640	8ef0c689de040f40a1121171e40925e5d7ba7948681a06b2315e455924ec48d0	35	0.0518518518518518	980	4b852b2c90651d5210480a96fa580c75f721a3fdb1afaeef4678caebab4616ac	719909ff93728bdf6340f29f2d8722cfcdd4bb6ad55e0bac43cdccb82dcb54f7	8c6344417410c85651bea0780d1176de32cd6f48338b4b7f102a0ec221f566ba	0.8534452606491079	0.8535346678851328	640	0	0	23291	24203.5	24510	0.0042642059252067	PASS	675	0.9999741487954392	7.656297917451153e-06	0.9999818050933568	7.656437225611692e-06	11:64033748	ABF_H3_DOMINANT	PASS	640	0.9999743148512008	7.490179265885147e-06	0.9999818050304666	7.49031555194841e-06	11:64033748	ABF_H3_DOMINANT	PASS	640	0.999974314901122	7.490130348143635e-06	0.9999818050314704	7.490266633309307e-06	11:64033748	ABF_H3_DOMINANT	PASS	640	0.9999993336168788	1.691000852951186e-07	0.999999502716964	1.6910016938576417e-07	11:64033748	ABF_H3_DOMINANT	PASS	640	0.9999993337038918	1.690140798440911e-07	0.9999995027179716	1.690141638917973e-07	11:64033748	ABF_H3_DOMINANT	PASS	640	0.9999993347551532	1.6889349272651846e-07	0.999999503648646	1.6889357655707385e-07	11:64033748	ABF_H3_DOMINANT	PASS	H3_DISTINCT_SIGNAL	ABF_H3_DOMINANT	H3_SUPPORTED_STABLE	STABLE_H3	MATCH		640	9.3588401881355e-08	9.35884702746594e-08	1	H3	H3	H3	H3	H3	H3	H3	False	False	False	False	False	False	H3 -> H3 -> H3 -> H3
R7B1_003178	34	TRMT112	CD4_NC	H3_RESCUE_FALSIFICATION	ABF_H3_DOMINANT	H3_SUPPORTED_STABLE	675	409de8c68eb1a0c103cd5a50e35f7212ea5f9a0fea9b3638d1b799fba431f434	640	8ef0c689de040f40a1121171e40925e5d7ba7948681a06b2315e455924ec48d0	35	0.0518518518518518	980	9f9ef8031dff079aaada6c52d9eecd0f2ea47abf0ec615333c9c2cef12913fd9	b75d70ab078a04399c3b0446e65f730392e8733a642eb0892abe652b7ed03e0e	80ce8b7547a9a0cecbfbb6da47c4a1fc5c36b8b306328d11839815eada4c31d4	0.5571394649730487	0.5571648887722067	640	0	0	23291	24203.5	24510	0.0042642059252067	PASS	675	0.999968167685224	1.3638198942583258e-05	0.9999818058841669	1.3638447082069256e-05	11:64078943	ABF_H3_DOMINANT	PASS	640	0.9999707246402244	1.1081140421017903e-05	0.9999818057806452	1.1081342037385678e-05	11:64078943	ABF_H3_DOMINANT	PASS	640	0.9999707246904298	1.1081090212496352e-05	0.9999818057806424	1.1081291827950635e-05	11:64078943	ABF_H3_DOMINANT	PASS	640	0.9999992015562984	3.01845658692506e-07	0.9999995034019572	3.0184580858854375e-07	11:64078943	ABF_H3_DOMINANT	PASS	640	0.9999992015572364	3.018447228644182e-07	0.9999995034019592	3.0184487275999057e-07	11:64078943	ABF_H3_DOMINANT	PASS	640	0.9999992029450248	3.013886135079997e-07	0.9999995043336384	3.013887628962713e-07	11:64078943	ABF_H3_DOMINANT	PASS	H3_DISTINCT_SIGNAL	ABF_H3_DOMINANT	H3_SUPPORTED_STABLE	STABLE_H3	MATCH		640	2.09720304457764e-07	2.09720457717944e-07	1	H3	H3	H3	H3	H3	H3	H3	False	False	False	False	False	False	H3 -> H3 -> H3 -> H3
R7B1_003180	34	TRMT112	CD8_ET	H3_RESCUE_FALSIFICATION	ABF_H3_DOMINANT	H3_SUPPORTED_STABLE	675	409de8c68eb1a0c103cd5a50e35f7212ea5f9a0fea9b3638d1b799fba431f434	640	8ef0c689de040f40a1121171e40925e5d7ba7948681a06b2315e455924ec48d0	35	0.0518518518518518	980	16acc70476e5e91e5dd17d48de0a5b5560abc03a7ffe739e6dc085f67fc9a6ad	7191834336171d0fc06aef83faf9491fd12699f75ae11a71d5f0fdc34d1bb269	943f08f888328fb37f11e325e775099c47b6e1d7f1d0145d5e60a9cc665416c0	0.7467209892734713	0.7467488587850928	640	0	0	23291	24203.5	24510	0.0042642059252067	PASS	675	0.9999701342125016	1.1671635911628552e-05	0.9999818058484132	1.1671848271005291e-05	11:64033748	ABF_H3_DOMINANT	PASS	640	0.9999701397304545	1.1666060823758527e-05	0.9999818057912782	1.1666273082365994e-05	11:64033748	ABF_H3_DOMINANT	PASS	640	0.9999701397397764	1.1666051499010244e-05	0.9999818057912756	1.1666263757448082e-05	11:64033748	ABF_H3_DOMINANT	PASS	640	0.9999992710488882	2.323530299761244e-07	0.999999503401918	2.323531453622507e-07	11:64033748	ABF_H3_DOMINANT	PASS	640	0.9999992710472256	2.3235469240312258e-07	0.999999503401918	2.323548077900745e-07	11:64033748	ABF_H3_DOMINANT	PASS	640	0.9999992725386962	2.3179490463940107e-07	0.9999995043336009	2.317950195324037e-07	11:64033748	ABF_H3_DOMINANT	PASS	H3_DISTINCT_SIGNAL	ABF_H3_DOMINANT	H3_SUPPORTED_STABLE	STABLE_H3	MATCH		640	7.79632353696575e-06	7.79632923434871e-06	2	H3	H3	H3	H3	H3	H3	H3	False	False	False	False	False	False	H3 -> H3 -> H3 -> H3
R7B1_003181	34	TRMT112	CD8_NC	H3_RESCUE_FALSIFICATION	ABF_H3_DOMINANT	H3_SUPPORTED_STABLE	675	409de8c68eb1a0c103cd5a50e35f7212ea5f9a0fea9b3638d1b799fba431f434	640	8ef0c689de040f40a1121171e40925e5d7ba7948681a06b2315e455924ec48d0	35	0.0518518518518518	980	706203b8346f89dbbb0ca0c80c202f38da3d6402dfb5a3789491e1f4a4881a50	71102a91ffa3d42902e0350140ef8d3fcaea4ce71d4217c0b89a3c405369d48a	45cf7eadfa588afc5767008441640c667182b15d64f822928298ae2b2ed1c5e0	0.7472267549898783	0.7472906222540936	640	0	0	23291	24203.5	24510	0.0042642059252067	PASS	675	0.9999714287012612	1.0377123625380966e-05	0.9999818058248864	1.0377312432020562e-05	11:64078943	ABF_H3_DOMINANT	PASS	640	0.9999715640375976	1.024172778533198e-05	0.999981805765383	1.0241914129120572e-05	11:64078943	ABF_H3_DOMINANT	PASS	640	0.9999715641285304	1.02416368472517e-05	0.9999818057653777	1.024182318938577e-05	11:64078943	ABF_H3_DOMINANT	PASS	640	0.9999992176899402	2.857120045041036e-07	0.9999995034019448	2.857121463881999e-07	11:64078943	ABF_H3_DOMINANT	PASS	640	0.9999992176914252	2.857105183159215e-07	0.9999995034019435	2.8571066019928e-07	11:64078943	ABF_H3_DOMINANT	PASS	640	0.999999219027344	2.8530628119720744e-07	0.9999995043336252	2.853064226140077e-07	11:64078943	ABF_H3_DOMINANT	PASS	H3_DISTINCT_SIGNAL	ABF_H3_DOMINANT	H3_SUPPORTED_STABLE	STABLE_H3	MATCH		640	1.96253191978482e-07	1.96253335397117e-07	1	H3	H3	H3	H3	H3	H3	H3	False	False	False	False	False	False	H3 -> H3 -> H3 -> H3
R7B1_003182	34	TRMT112	CD8_S100B	H3_RESCUE_FALSIFICATION	ABF_H3_DOMINANT	H3_SUPPORTED_STABLE	675	409de8c68eb1a0c103cd5a50e35f7212ea5f9a0fea9b3638d1b799fba431f434	640	8ef0c689de040f40a1121171e40925e5d7ba7948681a06b2315e455924ec48d0	35	0.0518518518518518	959	e612d93e8a807a690bad6445d39b80216f698770676ace9d217af1334a9b8e74	d39771fb5a0b35c8d21cbb1c8833ecda2f5a9d189492dd8ca14cfda3b604b141	d0e73ec998842798681d14618010fd974322178cb899052c2e5754d24fb24f84	0.9252679355917	0.9253664205757466	640	0	0	23291	24203.5	24510	0.0042642059252067	PASS	675	0.9875621795240798	0.0041025061724603	0.99166468569654	0.0041369892783655	11:64052447	ABF_H3_DOMINANT	PASS	640	0.9875050752987028	0.004120582460118	0.9916256577588208	0.0041553810431155	11:64052447	ABF_H3_DOMINANT	PASS	640	0.98751273630236	0.0041179422659204	0.9916306785682804	0.0041526975263269	11:64052447	ABF_H3_DOMINANT	PASS	640	0.9875372402080752	0.0041057704620473	0.9916430106701226	0.0041403715025156	11:64105929	ABF_H3_DOMINANT	PASS	640	0.9875448961565084	0.0041031355780308	0.9916480317345392	0.004137693462522	11:64105929	ABF_H3_DOMINANT	PASS	640	0.9875308618689678	0.0041122036507468	0.9916430655197148	0.0041468586770096	11:64105929	ABF_H3_DOMINANT	PASS	H3_DISTINCT_SIGNAL	ABF_H3_DOMINANT	H3_SUPPORTED_STABLE	STABLE_H3	MATCH		640	1.66720590778859e-05	1.66746840493256e-05	1	H3	H3	H3	H3	H3	H3	H3	False	False	False	False	False	False	H3 -> H3 -> H3 -> H3
R7B1_003185	34	TRMT112	Mono_NC	H3_RESCUE_FALSIFICATION	ABF_H3_DOMINANT	H3_SUPPORTED_STABLE	675	409de8c68eb1a0c103cd5a50e35f7212ea5f9a0fea9b3638d1b799fba431f434	640	8ef0c689de040f40a1121171e40925e5d7ba7948681a06b2315e455924ec48d0	35	0.0518518518518518	690	da4a974e9fcf75809872c914465270333b61d5a299c8382ac9cd1ac58e7fde78	69dbf4c8fe99dc136bd2addacdbaeceb3195e3c83c834962c46f05aaa599470a	e1262075765af16ce4a23480ffc665f6d84f83f85b53e78763a596f47260a625	1.0077062333813849	1.0080243913146003	640	0	0	23291	24203.5	24510	0.0042642059252067	PASS	675	0.9958166941465384	0.000966662641819	0.9967833567883574	0.0009697820847788	11:64106317	ABF_H3_DOMINANT	PASS	640	0.9955852299182192	0.0010181904721322	0.9966034203903515	0.0010216606237749	11:64106317	ABF_H3_DOMINANT	PASS	640	0.9955971124985776	0.0010153759912793	0.9966124884898568	0.0010188272804186	11:64106317	ABF_H3_DOMINANT	PASS	640	0.9956064527150328	0.001014575489595	0.9966210282046278	0.0010180153346982	11:64110668	ABF_H3_DOMINANT	PASS	640	0.9956183589955112	0.0010117374723722	0.9966300964678834	0.001015158458447	11:64110668	ABF_H3_DOMINANT	PASS	640	0.995606128721979	0.00101490151187	0.996621030233849	0.0010183424602547	11:64110668	ABF_H3_DOMINANT	PASS	H3_DISTINCT_SIGNAL	ABF_H3_DOMINANT	H3_SUPPORTED_STABLE	STABLE_H3	MATCH		640	5.96627746582886e-06	5.9664851307726e-06	1	H3	H3	H3	H3	H3	H3	H3	False	False	False	False	False	False	H3 -> H3 -> H3 -> H3
R7B1_003186	34	TRMT112	NK	H3_RESCUE_FALSIFICATION	ABF_H3_DOMINANT	H3_SUPPORTED_STABLE	675	409de8c68eb1a0c103cd5a50e35f7212ea5f9a0fea9b3638d1b799fba431f434	640	8ef0c689de040f40a1121171e40925e5d7ba7948681a06b2315e455924ec48d0	35	0.0518518518518518	980	1ea1d95d02ae74aa850be2151785435fa108c20d9ab236f0088316453d36d6b3	480bb4b596ada77882480e97f9303d085c15f17e366bcb8ece20b804a4a5d69f	286e689f047511b8f6ae6c3415aa367fef0a3f415bea218afe2b9a018ed73f54	0.8031336339453664	0.8033485578688923	640	0	0	23291	24203.5	24510	0.0042642059252067	PASS	675	0.9999325541516254	4.925237986181199e-05	0.9999818065314872	4.925327594973713e-05	11:64085148	ABF_H3_DOMINANT	PASS	640	0.9999325539402674	4.925253417766017e-05	0.999981806474445	4.925343027120248e-05	11:64085148	ABF_H3_DOMINANT	PASS	640	0.9999325545169192	4.925195752147775e-05	0.9999818064744408	4.925285360452867e-05	11:64085148	ABF_H3_DOMINANT	PASS	640	0.9999957726697738	3.73073387710556e-06	0.999999503403651	3.730735729775302e-06	11:64108539	ABF_H3_DOMINANT	PASS	640	0.9999957727419078	3.730661746902696e-06	0.9999995034036546	3.730663599536605e-06	11:64108539	ABF_H3_DOMINANT	PASS	640	0.9999957755540536	3.728781274312526e-06	0.9999995043353278	3.7287831225385903e-06	11:64108539	ABF_H3_DOMINANT	PASS	H3_DISTINCT_SIGNAL	ABF_H3_DOMINANT	H3_SUPPORTED_STABLE	STABLE_H3	MATCH		640	6.08671463094909e-06	6.08671907899483e-06	2	H3	H3	H3	H3	H3	H3	H3	False	False	False	False	False	False	H3 -> H3 -> H3 -> H3
R7B1_003219	35	COLCA2	B_IN	PRIMARY_184_TRIGGER_VERIFICATION	ABF_H4_DOMINANT	H3_SUPPORTED_STABLE	988	5136b246f7bb673aa31c1f340a4a925499604cd7f46c4210bc51581bcb1447e9	919	55e2edfafbc219bb0eb6113c464eafe9740463718fc3ba133a1ecf3d170d05a1	69	0.0698380566801619	975	bd735c23d851426fcad014f4e7567ca128ec03ec4189509ecc8215cd61dfdf15	24368aa5bd60b09e46ee48d9dca80b8e3949d57e76f26e492d7e289c9ff85b02	7f7607270fdbfbe3b074537d390cfcdb0f0ac11722324dbbebf69c8850f30017	0.9993441390466172	0.9992332608860012	918	1	0	23293	24177.0	24510	0.0032127455678008	PASS	988	0.1882368908406143	0.8084196288174718	0.996656519658086	0.8111316314820365	11:111239349	ABF_H4_DOMINANT	PASS	919	0.1264787787274449	0.8701784297634868	0.9966572084909318	0.8730970110385794	11:111239349	ABF_H4_DOMINANT	PASS	919	0.1264697807182289	0.8701872022329078	0.9966569829511368	0.8731060105115127	11:111239349	ABF_H4_DOMINANT	PASS	919	0.1348639325686798	0.8619770586495729	0.9968409912182528	0.8647086809663987	11:111239349	ABF_H4_DOMINANT	PASS	919	0.1348543209613848	0.8619864033181593	0.9968407242795442	0.8647182868067019	11:111239349	ABF_H4_DOMINANT	PASS	919	0.1349678505913064	0.8618708573239438	0.9968387079152502	0.8646041234959937	11:111239349	ABF_H4_DOMINANT	PASS	ROBUST_H4_TRIGGER	ABF_H4_DOMINANT	H3_SUPPORTED_STABLE	H4_TO_H3	MATCH		919	0.599373527237967	0.610409040883305	2	H4	H4	H4	H4	H4	H4	H3	False	False	True	False	False	False	H4 -> H4 -> H4 -> H3
R7B1_003220	35	COLCA2	B_MEM	H3_RESCUE_FALSIFICATION	ABF_H3_DOMINANT	H3_SUPPORTED_STABLE	988	5136b246f7bb673aa31c1f340a4a925499604cd7f46c4210bc51581bcb1447e9	919	55e2edfafbc219bb0eb6113c464eafe9740463718fc3ba133a1ecf3d170d05a1	69	0.0698380566801619	970	e5dac53b617f3b5a3e4bbb3ba2425caf9b0bbe49004c277f1b5e276af326b741	53d96db19f518c8fb321c0776d72cdd1af81799b2acbe7a35ffa42e77a8072a3	c7cabed73bebba09c8832c7479cb977007d765318f33eeb41b2e66d7f69eaf40	1.0026506117312262	1.0024572102930254	918	1	0	23293	24177.0	24510	0.0032127455678008	PASS	988	0.9308663359255076	0.0659609153641234	0.9968272512896312	0.0661708588712712	11:111239349	ABF_H3_DOMINANT	PASS	919	0.9308510706147168	0.0659755506450058	0.9968266212597228	0.0661855825656325	11:111239349	ABF_H3_DOMINANT	PASS	919	0.9308356741018896	0.0659909787843217	0.9968266528862112	0.0662010577197665	11:111239349	ABF_H3_DOMINANT	PASS	919	0.9353523568912036	0.0641790823532981	0.9995314392445018	0.064209168249683	11:111239349	ABF_H3_DOMINANT	PASS	919	0.9353371526968864	0.0641942733102925	0.999531426007179	0.0642243671784577	11:111239349	ABF_H3_DOMINANT	PASS	919	0.9353630259648704	0.0641693028761553	0.9995323288410258	0.064199327049842	11:111239349	ABF_H3_DOMINANT	PASS	H3_DISTINCT_SIGNAL	ABF_H3_DOMINANT	H3_SUPPORTED_STABLE	STABLE_H3	MATCH		919	0.0360437463340106	0.0360528935813973	2	H3	H3	H3	H3	H3	H3	H3	False	False	False	False	False	False	H3 -> H3 -> H3 -> H3
R7B1_003222	35	DIXDC1	CD4_NC	H3_RESCUE_FALSIFICATION	ABF_H3_DOMINANT	H3_SUPPORTED_STABLE	729	089bec04d92e7bd9f43de5efb42e728f9e25bf2d04963de79bbc8ee9a844f6db	686	4053f05b00020398eb4bc6129aa74239ca000f281a3d091c1ef8a3495661acfb	43	0.0589849108367626	980	62c5b2b87a24c66e0f3e7a0772a0ace1db9eef901587854858c955a8f4966800	27d850433bd0c9c2cbdb12fde9ce8bdcd67adc7e62da8393fd2788c17ebaf95a	2d0c9ee29825b4e8552f86d25c675771a4a5d9fea89064ecc2b4763bc38edc48	0.9864695795960834	0.986495817687547	685	1	0	23308	24209.0	24510	0.0032127455678008	PASS	729	0.9963245411221096	0.0003305820896882	0.9966551232117976	0.0003316915570783	11:111816143	ABF_H3_DOMINANT	PASS	686	0.9963238282669932	0.0003305748916942	0.9966544031586874	0.0003316845745592	11:111816143	ABF_H3_DOMINANT	PASS	686	0.996323828235352	0.0003305749307857	0.9966544031661378	0.0003316846137794	11:111816143	ABF_H3_DOMINANT	PASS	686	0.9994907716016276	5.939894637040458e-05	0.999550170547998	5.942567779047993e-05	11:111816143	ABF_H3_DOMINANT	PASS	686	0.9994907715948168	5.939896052898298e-05	0.9995501705553458	5.942569195499329e-05	11:111816143	ABF_H3_DOMINANT	PASS	686	0.9994918990287388	5.922719588188644e-05	0.9995511262246208	5.925379335581561e-05	11:111816143	ABF_H3_DOMINANT	PASS	H3_DISTINCT_SIGNAL	ABF_H3_DOMINANT	H3_SUPPORTED_STABLE	STABLE_H3	MATCH		686	0.0021029885652429	0.0021527461117428	2	H3	H3	H3	H3	H3	H3	H3	False	False	False	False	False	False	H3 -> H3 -> H3 -> H3
R7B1_003224	35	DIXDC1	CD8_NC	H3_RESCUE_FALSIFICATION	ABF_H3_DOMINANT	H3_SUPPORTED_STABLE	729	089bec04d92e7bd9f43de5efb42e728f9e25bf2d04963de79bbc8ee9a844f6db	686	4053f05b00020398eb4bc6129aa74239ca000f281a3d091c1ef8a3495661acfb	43	0.0589849108367626	980	0a03819adef900c25b95f6141922096800bac7a0325c6545393414e3d8a13695	6b9bc77e1d53f941453953445da5ed3b6acffc26aa367e477be74c871b93bffa	69b6a425f5780fcbe3794c2ee604719ff2d10172b01b1b8d62265da7f821f5e5	0.987166692382782	0.9873401154669632	685	1	0	23308	24209.0	24510	0.0032127455678008	PASS	729	0.9963124283019072	0.0003428158101138	0.9966552441120208	0.0003439662933989	11:111816143	ABF_H3_DOMINANT	PASS	686	0.9963116350147804	0.0003428893509174	0.9966545243656978	0.0003440403294569	11:111816143	ABF_H3_DOMINANT	PASS	686	0.9963116346761104	0.0003428896907239	0.9966545243668344	0.0003440406704035	11:111816143	ABF_H3_DOMINANT	PASS	686	0.9994897298262216	6.052151694077467e-05	0.9995502513431624	6.054874865915732e-05	11:111816143	ABF_H3_DOMINANT	PASS	686	0.9994897297600256	6.052158316846041e-05	0.9995502513431942	6.054881491664036e-05	11:111816143	ABF_H3_DOMINANT	PASS	686	0.9994908869279542	6.032007753543796e-05	0.9995512070054896	6.034716091849677e-05	11:111816143	ABF_H3_DOMINANT	PASS	H3_DISTINCT_SIGNAL	ABF_H3_DOMINANT	H3_SUPPORTED_STABLE	STABLE_H3	MATCH		686	0.0021475596434195	0.0021983693538833	2	H3	H3	H3	H3	H3	H3	H3	False	False	False	False	False	False	H3 -> H3 -> H3 -> H3
R7B1_003255	36	AMICA1	CD4_NC	H3_RESCUE_FALSIFICATION	ABF_H3_DOMINANT	H3_SUPPORTED_STABLE	707	3c3bc36de73408616bc96f31f0ed0443317f1e9d70b456b3fc0177d737972596	634	2dc18cd38c08a339fc32adf486d065a07f81b7523635c3375d91e9804f4c4014	73	0.1032531824611032	980	7b6d256648aeca371420573ab50a691cdb8162f2b58703298032812b81969db3	47bd5f1a83046f0f425919880e35dce87bd9d6bc9eb5323daaf131426dd672ac	6ff852c98fe7e5734c70fcbd9c4eb1d64086c37070e38e75208b842332335a85	0.6417802411129067	0.6418097408801922	634	0	0	23289	24077.5	24510	0.0072986167615933	PASS	707	0.9999999990594688	3.311295387514576e-11	0.9999999990925816	3.311295390519306e-11	11:118740864	ABF_H3_DOMINANT	PASS	634	0.9999999990594688	3.311441923316052e-11	0.9999999990925832	3.3114419263209104e-11	11:118740864	ABF_H3_DOMINANT	PASS	634	0.9999999990597388	3.310377416331097e-11	0.9999999990928424	3.3103774193341295e-11	11:118740864	ABF_H3_DOMINANT	PASS	634	0.9999999990597814	3.280538164374283e-11	0.9999999990925869	3.280538167351086e-11	11:118734000	ABF_H3_DOMINANT	PASS	634	0.9999999990600514	3.2794832436118837e-11	0.9999999990928464	3.279483246586879e-11	11:118734000	ABF_H3_DOMINANT	PASS	634	0.9999999990597672	3.2813515691753014e-11	0.9999999990925807	3.281351572152863e-11	11:118734000	ABF_H3_DOMINANT	PASS	H3_DISTINCT_SIGNAL	ABF_H3_DOMINANT	H3_SUPPORTED_STABLE	STABLE_H3	MATCH		634	0.0002598084212437	0.0002630735884499	2	H3	H3	H3	H3	H3	H3	H3	False	False	False	False	False	False	H3 -> H3 -> H3 -> H3
R7B1_003258	36	AMICA1	CD8_NC	H3_RESCUE_FALSIFICATION	ABF_H3_DOMINANT	H3_SUPPORTED_STABLE	707	3c3bc36de73408616bc96f31f0ed0443317f1e9d70b456b3fc0177d737972596	634	2dc18cd38c08a339fc32adf486d065a07f81b7523635c3375d91e9804f4c4014	73	0.1032531824611032	980	4483431227c55c258f951330fa690129e62a233768bfb81aeb7f73a933c6669b	a24dd0b5aa4e6236194c1cea6ddc319e144206606284eb0238b2ed8832a67a71	5c8f151b1de3e59dbdd0d1250aa3280d625e290f60493d146974b312a0401a36	0.7552484196611026	0.7553055199081706	634	0	0	23289	24077.5	24510	0.0072986167615933	PASS	707	0.9096090119259388	0.0034737872518887	0.9130827991778276	0.0038044602910236	11:118740864	ABF_H3_DOMINANT	PASS	634	0.9095370421892566	0.0034768183222104	0.913013860511467	0.0038080674046533	11:118740864	ABF_H3_DOMINANT	PASS	634	0.909547924505226	0.0034761866451597	0.913024111150386	0.0038073327995466	11:118740864	ABF_H3_DOMINANT	PASS	634	0.9095022166815456	0.0035149708039998	0.9130171874855454	0.0038498407830416	11:118734000	ABF_H3_DOMINANT	PASS	634	0.9095131042360514	0.0035143329562151	0.9130274371922664	0.0038490989570065	11:118734000	ABF_H3_DOMINANT	PASS	634	0.909502677526026	0.003514465933818	0.9130171434598442	0.0038492879996756	11:118734000	ABF_H3_DOMINANT	PASS	H3_DISTINCT_SIGNAL	ABF_H3_DOMINANT	H3_SUPPORTED_STABLE	STABLE_H3	PF50_UNINFORMATIVE		634	0.0009026550415557	0.0009417044569381	1	H3	H3	H3	H3	H3	H3	H3	False	False	False	False	False	False	H3 -> H3 -> H3 -> H3
R7B1_003263	36	AMICA1	NK	H3_RESCUE_FALSIFICATION	ABF_H3_DOMINANT	H3_SUPPORTED_STABLE	707	3c3bc36de73408616bc96f31f0ed0443317f1e9d70b456b3fc0177d737972596	634	2dc18cd38c08a339fc32adf486d065a07f81b7523635c3375d91e9804f4c4014	73	0.1032531824611032	980	7c46f1af596e26168867dad9fd75ff1d044ec17320fdcb9c82d22ad40f01b34d	5ae228d7c33d052288c1019019c8537c6f3909d596553f4e4fd085ba9675ef7e	3b73690a56ee69d07a23dc551ec6c2a74a79b4fba6b6d36d6be1425a9bf99470	0.9498410071731928	0.9499041820444728	634	0	0	23289	24077.5	24510	0.0072986167615933	PASS	707	0.9997573995665356	9.43724532377742e-06	0.9997668368118592	9.439446255160556e-06	11:118740864	ABF_H3_DOMINANT	PASS	634	0.9997573937004391	9.436018579971858e-06	0.9997668297190192	9.438219292216185e-06	11:118740864	ABF_H3_DOMINANT	PASS	634	0.9997574471126052	9.4334337192023e-06	0.9997668805463242	9.43563334889368e-06	11:118740864	ABF_H3_DOMINANT	PASS	634	0.9997572873140452	9.542429772723444e-06	0.999766829743818	9.544655302445484e-06	11:118734000	ABF_H3_DOMINANT	PASS	634	0.9997573407534835	9.539817606603002e-06	0.9997668805710902	9.542042041994465e-06	11:118734000	ABF_H3_DOMINANT	PASS	634	0.9997572894951235	9.540248172777142e-06	0.9997668297432964	9.542473193701304e-06	11:118734000	ABF_H3_DOMINANT	PASS	H3_DISTINCT_SIGNAL	ABF_H3_DOMINANT	H3_SUPPORTED_STABLE	STABLE_H3	MATCH		634	3.10223011639825e-06	3.10273046689802e-06	1	H3	H3	H3	H3	H3	H3	H3	False	False	False	False	False	False	H3 -> H3 -> H3 -> H3
R7B1_003283	36	CD3D	CD4_NC	H3_RESCUE_FALSIFICATION	ABF_H3_DOMINANT	H3_SUPPORTED_STABLE	740	579de96708cd419526badd5683e447175e1081d3e6a4fee22f7ae1b2418c7e02	665	2eae14b4d8f2842f923f0429a66e93bc5aeaaa617e3c5cc656c5ae1610954bed	75	0.1013513513513513	980	3e95011743da3f7a62ad4370522efc19f3528a7fcdc4d217682526bcad5cbf66	47bd5f1a83046f0f425919880e35dce87bd9d6bc9eb5323daaf131426dd672ac	6ff852c98fe7e5734c70fcbd9c4eb1d64086c37070e38e75208b842332335a85	0.6406823867869734	0.640682967600837	665	0	0	23289	24071.0	24510	0.0072986167615933	PASS	740	0.9999746467521424	8.842004936277882e-07	0.999975530952636	8.842221297009601e-07	11:118740864	ABF_H3_DOMINANT	PASS	665	0.9999700083012903	1.0459811526786532e-06	0.999971054282443	1.046011430230074e-06	11:118740864	ABF_H3_DOMINANT	PASS	665	0.9999700083680224	1.0459780294710126e-06	0.999971054346052	1.04600830686549e-06	11:118740864	ABF_H3_DOMINANT	PASS	665	0.999970010616084	1.04366628556591e-06	0.9999710542823697	1.0436964961099782e-06	11:118734000	ABF_H3_DOMINANT	PASS	665	0.999970010682816	1.043663168773305e-06	0.9999710543459848	1.043693379160756e-06	11:118734000	ABF_H3_DOMINANT	PASS	665	0.9999700104336078	1.043848774134965e-06	0.999971054282382	1.043878989961436e-06	11:118734000	ABF_H3_DOMINANT	PASS	H3_DISTINCT_SIGNAL	ABF_H3_DOMINANT	H3_SUPPORTED_STABLE	STABLE_H3	MATCH		665	5.13147441435089e-07	5.13163414530379e-07	1	H3	H3	H3	H3	H3	H3	H3	False	False	False	False	False	False	H3 -> H3 -> H3 -> H3
R7B1_003286	36	CD3D	CD8_NC	H3_RESCUE_FALSIFICATION	ABF_H3_DOMINANT	UNINFORMATIVE	740	579de96708cd419526badd5683e447175e1081d3e6a4fee22f7ae1b2418c7e02	665	2eae14b4d8f2842f923f0429a66e93bc5aeaaa617e3c5cc656c5ae1610954bed	75	0.1013513513513513	980	394a2219b171d9f30b0ec4732e78f3d62aa032e2f837ecb7254e072016d16abf	a24dd0b5aa4e6236194c1cea6ddc319e144206606284eb0238b2ed8832a67a71	5c8f151b1de3e59dbdd0d1250aa3280d625e290f60493d146974b312a0401a36	0.767337201917309	0.7673306954729603	665	0	0	23289	24071.0	24510	0.0072986167615933	PASS	740	0.9438350068750572	0.0019319670158555	0.9457669738909128	0.002042751617671	11:118740864	ABF_H3_DOMINANT	PASS	665	0.9368241041193232	0.0021730965414826	0.9389972006608056	0.0023142737166344	11:118740864	ABF_H3_DOMINANT	PASS	665	0.9368236998674164	0.0021731259819548	0.9389968258493712	0.0023143059935151	11:118740864	ABF_H3_DOMINANT	PASS	665	0.9368164945355943	0.0021812011065214	0.9389976956421158	0.0023229035775533	11:118734000	ABF_H3_DOMINANT	PASS	665	0.9368160902000378	0.0021812306393569	0.9389973208393948	0.0023229359562038	11:118734000	ABF_H3_DOMINANT	PASS	665	0.9368167542115124	0.0021809245394472	0.9389976787509596	0.0023226090849854	11:118734000	ABF_H3_DOMINANT	PASS	H3_DISTINCT_SIGNAL	ABF_H3_DOMINANT	UNINFORMATIVE	H3_TO_UNINFORMATIVE	NOT_COMPARABLE		665			0	H3	H3	H3	H3	H3	H3	UNINFORMATIVE	False	False	True	False	False	False	H3 -> H3 -> H3 -> UNINFORMATIVE
R7B1_003297	36	CD3E	CD4_NC	H3_RESCUE_FALSIFICATION	ABF_H3_DOMINANT	H3_SUPPORTED_STABLE	735	10c2e07350a61c4a9b275b378dc186418559aac95c349b1590b7274ca5225fa4	660	8d90587624f95b21f3226179f647f9e0f796b55ae336f62b67b4e402480f4af9	75	0.1020408163265306	980	9a111a695ca666d9bf0b597328adbbf7f96164fcee458027a14587e7391b5a25	47bd5f1a83046f0f425919880e35dce87bd9d6bc9eb5323daaf131426dd672ac	6ff852c98fe7e5734c70fcbd9c4eb1d64086c37070e38e75208b842332335a85	0.5041146021342732	0.5040324982546952	660	0	0	23289	24068.5	24510	0.0072986167615933	PASS	735	0.9999999970557524	1.012125395209868e-10	0.9999999971569652	1.0121253980873758e-10	11:118740864	ABF_H3_DOMINANT	PASS	660	0.999999997022556	1.0235292002808208e-10	0.9999999971249088	1.0235292032235604e-10	11:118740864	ABF_H3_DOMINANT	PASS	660	0.9999999970207228	1.0243025398205708e-10	0.999999997123153	1.0243025427673323e-10	11:118740864	ABF_H3_DOMINANT	PASS	660	0.9999999970221154	1.0279102218548673e-10	0.9999999971249064	1.0279102248102055e-10	11:118734000	ABF_H3_DOMINANT	PASS	660	0.9999999970202822	1.0286866921577327e-10	0.9999999971231508	1.0286866951171091e-10	11:118734000	ABF_H3_DOMINANT	PASS	660	0.9999999970221438	1.0277411115332267e-10	0.999999997124918	1.0277411144880668e-10	11:118734000	ABF_H3_DOMINANT	PASS	H3_DISTINCT_SIGNAL	ABF_H3_DOMINANT	H3_SUPPORTED_STABLE	STABLE_H3	MATCH		660	5.2664113409052e-11	5.26641136104964e-11	1	H3	H3	H3	H3	H3	H3	H3	False	False	False	False	False	False	H3 -> H3 -> H3 -> H3
R7B1_003299	36	CD3E	CD8_ET	H3_RESCUE_FALSIFICATION	ABF_H3_DOMINANT	H3_SUPPORTED_STABLE	735	10c2e07350a61c4a9b275b378dc186418559aac95c349b1590b7274ca5225fa4	660	8d90587624f95b21f3226179f647f9e0f796b55ae336f62b67b4e402480f4af9	75	0.1020408163265306	980	e68e9981cd046e87bef070ea902b8abf09d868bd974521c583d8f42eb9e60752	e74cecc5126afb52f52b0884f06ec88cae8a54a55e370404963a5faa989bdbf8	f7512c5aed5007ba44c66c10e7a1fb558d020cf837f32c93bd4cd9bfe725636a	0.7279169916304861	0.7279415958364788	660	0	0	23289	24068.5	24510	0.0072986167615933	PASS	735	0.9999997510490058	8.473947269409887e-09	0.9999997595229532	8.473949307200191e-09	11:118740864	ABF_H3_DOMINANT	PASS	660	0.99999971176119	9.81083110979782e-09	0.9999997215720212	9.810833841408456e-09	11:118740864	ABF_H3_DOMINANT	PASS	660	0.9999997117931076	9.809464293812622e-09	0.999999721602572	9.809467024743014e-09	11:118740864	ABF_H3_DOMINANT	PASS	660	0.9999997117470218	9.824999235383738e-09	0.9999997215720212	9.82500197093918e-09	11:118734000	ABF_H3_DOMINANT	PASS	660	0.9999997117789394	9.823630564604853e-09	0.99999972160257	9.823633299479114e-09	11:118734000	ABF_H3_DOMINANT	PASS	660	0.999999711747505	9.824516371830341e-09	0.9999997215720214	9.824519107251334e-09	11:118734000	ABF_H3_DOMINANT	PASS	H3_DISTINCT_SIGNAL	ABF_H3_DOMINANT	H3_SUPPORTED_STABLE	STABLE_H3	MATCH		660	1.61379806254565e-09	1.61379824612199e-09	1	H3	H3	H3	H3	H3	H3	H3	False	False	False	False	False	False	H3 -> H3 -> H3 -> H3
R7B1_003300	36	CD3E	CD8_NC	H3_RESCUE_FALSIFICATION	ABF_H3_DOMINANT	H3_SUPPORTED_STABLE	735	10c2e07350a61c4a9b275b378dc186418559aac95c349b1590b7274ca5225fa4	660	8d90587624f95b21f3226179f647f9e0f796b55ae336f62b67b4e402480f4af9	75	0.1020408163265306	980	d6ae233d32aac62e19bef6969e9879096e5357f6b4311fa0ef666103ce01e354	a24dd0b5aa4e6236194c1cea6ddc319e144206606284eb0238b2ed8832a67a71	5c8f151b1de3e59dbdd0d1250aa3280d625e290f60493d146974b312a0401a36	0.7221531349375256	0.7221159362941705	660	0	0	23289	24068.5	24510	0.0072986167615933	PASS	735	0.9883358043110344	0.000451683862389	0.9887874881734232	0.000456805802856	11:118740864	ABF_H3_DOMINANT	PASS	660	0.9866848893013448	0.0005156645224067	0.9872005538237514	0.0005223503171765	11:118740864	ABF_H3_DOMINANT	PASS	660	0.9866841349386888	0.000515715253239	0.9871998501919278	0.0005224020780987	11:118740864	ABF_H3_DOMINANT	PASS	660	0.9866817387903132	0.0005188558609921	0.9872005946513052	0.0005255830109942	11:118734000	ABF_H3_DOMINANT	PASS	660	0.986680984162408	0.0005189068627864	0.9871998910251945	0.0005256350486906	11:118734000	ABF_H3_DOMINANT	PASS	660	0.986681851126636	0.0005187420689079	0.987200593195544	0.0005254677443302	11:118734000	ABF_H3_DOMINANT	PASS	H3_DISTINCT_SIGNAL	ABF_H3_DOMINANT	H3_SUPPORTED_STABLE	STABLE_H3	MATCH		660	0.0003927013371785	0.0003991439849514	1	H3	H3	H3	H3	H3	H3	H3	False	False	False	False	False	False	H3 -> H3 -> H3 -> H3
R7B1_003305	36	CD3E	NK	H3_RESCUE_FALSIFICATION	ABF_H3_DOMINANT	H3_SUPPORTED_STABLE	735	10c2e07350a61c4a9b275b378dc186418559aac95c349b1590b7274ca5225fa4	660	8d90587624f95b21f3226179f647f9e0f796b55ae336f62b67b4e402480f4af9	75	0.1020408163265306	980	e7856b9d737940e58acb36c028c2cd49cfa7e23a72fe5c7001241aaa4ff5fb55	5ae228d7c33d052288c1019019c8537c6f3909d596553f4e4fd085ba9675ef7e	3b73690a56ee69d07a23dc551ec6c2a74a79b4fba6b6d36d6be1425a9bf99470	0.8444213642555906	0.8455852111811452	660	0	0	23289	24068.5	24510	0.0072986167615933	PASS	735	1.0	1.0945460792274232e-30	1.0	1.0945460792274232e-30	11:118185140	ABF_H3_DOMINANT	PASS	660	1.0	1.096792025699632e-30	1.0	1.096792025699632e-30	11:118185140	ABF_H3_DOMINANT	PASS	660	1.0	1.0967920247042252e-30	1.0	1.0967920247042252e-30	11:118185140	ABF_H3_DOMINANT	PASS	660	1.0	1.6019726372303922e-37	1.0	1.6019726372303922e-37	11:118175439	ABF_H3_DOMINANT	PASS	660	1.0	1.6019726369987316e-37	1.0	1.6019726369987316e-37	11:118175439	ABF_H3_DOMINANT	PASS	660	1.0	1.6409612523148854e-37	1.0	1.6409612523148854e-37	11:118175439	ABF_H3_DOMINANT	PASS	H3_DISTINCT_SIGNAL	ABF_H3_DOMINANT	H3_SUPPORTED_STABLE	STABLE_H3	MATCH		660	4.07081213707467e-38	4.07081213707467e-38	1	H3	H3	H3	H3	H3	H3	H3	False	False	False	False	False	False	H3 -> H3 -> H3 -> H3
R7B1_003306	36	CD3E	NK_R	H3_RESCUE_FALSIFICATION	ABF_H3_DOMINANT	H3_SUPPORTED_STABLE	735	10c2e07350a61c4a9b275b378dc186418559aac95c349b1590b7274ca5225fa4	660	8d90587624f95b21f3226179f647f9e0f796b55ae336f62b67b4e402480f4af9	75	0.1020408163265306	750	5e93ea3dc884bc8d8cfcb4644bebddfe6bd587eae6464a1c6d108eb299e441bd	b8fd6268c7d2da5b359d843bf4eac05fcf36f8fe6700960f995f25dd38be0ecb	3daf3e59f8a7bfd69ad9b2c37fddbee46da35f14b8a7ccc19977a8017759f5ee	0.977623323329924	0.9778716955718078	660	0	0	23289	24068.5	24510	0.0072986167615933	PASS	735	1.0	1.1271278944253827e-30	1.0	1.1271278944253827e-30	11:118185140	ABF_H3_DOMINANT	PASS	660	1.0	1.1292376721242437e-30	1.0	1.1292376721242437e-30	11:118185140	ABF_H3_DOMINANT	PASS	660	1.0	1.1292372163429111e-30	1.0	1.1292372163429111e-30	11:118185140	ABF_H3_DOMINANT	PASS	660	1.0	1.6168550428814658e-37	1.0	1.6168550428814658e-37	11:118175439	ABF_H3_DOMINANT	PASS	660	1.0	1.616854405489094e-37	1.0	1.616854405489094e-37	11:118175439	ABF_H3_DOMINANT	PASS	660	1.0	1.6562255196510616e-37	1.0	1.6562255196510616e-37	11:118175439	ABF_H3_DOMINANT	PASS	H3_DISTINCT_SIGNAL	ABF_H3_DOMINANT	H3_SUPPORTED_STABLE	STABLE_H3	MATCH		660	4.1505576717269997e-38	4.1505576717269997e-38	1	H3	H3	H3	H3	H3	H3	H3	False	False	False	False	False	False	H3 -> H3 -> H3 -> H3
R7B1_003322	36	DDX6	B_IN	PRIMARY_184_TRIGGER_VERIFICATION	ABF_H4_DOMINANT	UNINFORMATIVE	782	5ca0f92977ce771a90bedfc3a563267b5a7f55a15fb063e7b0de6c76d3e6e7e9	702	3ebc72a6bd7fbaa8bcd13374fedbdfbc3e164d2023b765feb877598104c82553	80	0.1023017902813299	975	15bb8230b62451f775161bbc3720b5d0a77b971e00bf56b3fc2a9c59bff19914	6974cfbd3c2498e65650d7200284d41c3d57f9a8fbd46b09294ea7dc3a48ba6e	e3158776e4a8d8ed698be246927eec1e99caa578f178a8fcf1452bfa659ca4c0	0.9525121348504816	0.952591608156878	702	0	0	23289	24057.5	24510	0.0072986167615933	PASS	782	0.0276404516964439	0.9244116273323204	0.9520520790287644	0.970967500302461	11:118740864	ABF_H4_DOMINANT	PASS	702	0.0195635893687076	0.9320327625729368	0.9515963519416444	0.9794412942748362	11:118740864	ABF_H4_DOMINANT	PASS	702	0.0195631094957803	0.9320358359615892	0.9515989454573696	0.979441854586779	11:118740864	ABF_H4_DOMINANT	PASS	702	0.019329830474951	0.9328167285469534	0.9521465590219044	0.9796986815823736	11:118734000	ABF_H4_DOMINANT	PASS	702	0.0193293449173059	0.9328198043582352	0.9521491492755412	0.9796992467703058	11:118734000	ABF_H4_DOMINANT	PASS	702	0.0193468243940698	0.932759735402692	0.952106559796762	0.9796799799402708	11:118734000	ABF_H4_DOMINANT	PASS	ROBUST_H4_TRIGGER	ABF_H4_DOMINANT	UNINFORMATIVE	H4_TO_UNINFORMATIVE	NOT_COMPARABLE		702			0	H4	H4	H4	H4	H4	H4	UNINFORMATIVE	False	False	True	False	False	False	H4 -> H4 -> H4 -> UNINFORMATIVE
R7B1_003323	36	DDX6	B_MEM	PRIMARY_184_TRIGGER_VERIFICATION	ABF_H4_DOMINANT	H4_SUPPORTED_STABLE	782	5ca0f92977ce771a90bedfc3a563267b5a7f55a15fb063e7b0de6c76d3e6e7e9	702	3ebc72a6bd7fbaa8bcd13374fedbdfbc3e164d2023b765feb877598104c82553	80	0.1023017902813299	970	9f6c946ec8a46c23d345acb33030881c4d26fc9af6389aea55395b40a9c433a8	2b26078ee1fb8ea5c21ccbac5d4b09b148f2303f4f0df9884f33f8ac95e61279	df50de7a92ee01b7b6171ac2e999c57b320635f2c339319c212a32a9cc1dff75	0.9331347155785326	0.9332161731117472	702	0	0	23289	24057.5	24510	0.0072986167615933	PASS	782	0.0202668393221469	0.9667245629151366	0.9869914022372837	0.9794660426866874	11:118740864	ABF_H4_DOMINANT	PASS	702	0.015035320671166	0.9718875631007956	0.9869228837719616	0.9847654554186628	11:118740864	ABF_H4_DOMINANT	PASS	702	0.0150350113821282	0.9718890148609214	0.9869240262430496	0.9847657864411686	11:118740864	ABF_H4_DOMINANT	PASS	702	0.0173091841761406	0.9677594353855276	0.9850686195616682	0.982428448300543	11:118734000	ABF_H4_DOMINANT	PASS	702	0.0173088776816587	0.9677610083082492	0.985069885989908	0.9824287820307644	11:118734000	ABF_H4_DOMINANT	PASS	702	0.0172322978276539	0.9678990201343152	0.9851313179619692	0.9825076134384764	11:118734000	ABF_H4_DOMINANT	PASS	ROBUST_H4_TRIGGER	ABF_H4_DOMINANT	H4_SUPPORTED_STABLE	STABLE_H4	MATCH		702	0.968853789652382	0.982889286316075	1	H4	H4	H4	H4	H4	H4	H4	False	False	False	False	False	False	H4 -> H4 -> H4 -> H4
R7B1_003325	36	DDX6	CD4_NC	PRIMARY_184_TRIGGER_VERIFICATION	ABF_H4_DOMINANT	MODEL_SENSITIVE	782	5ca0f92977ce771a90bedfc3a563267b5a7f55a15fb063e7b0de6c76d3e6e7e9	702	3ebc72a6bd7fbaa8bcd13374fedbdfbc3e164d2023b765feb877598104c82553	80	0.1023017902813299	980	f76c6e3bde4383f7e2b3672ef484b22e4d33c2edb47fb6c11af3dd669a0695b6	47bd5f1a83046f0f425919880e35dce87bd9d6bc9eb5323daaf131426dd672ac	6ff852c98fe7e5734c70fcbd9c4eb1d64086c37070e38e75208b842332335a85	0.619803390973597	0.6199943037198694	702	0	0	23289	24057.5	24510	0.0072986167615933	PASS	782	0.1205358704530298	0.8794641295104269	0.9999999999634568	0.8794641295425654	11:118740864	ABF_H4_DOMINANT	PASS	702	0.1184367476426638	0.8815632523207687	0.9999999999634326	0.8815632523530051	11:118740864	ABF_H4_DOMINANT	PASS	702	0.1184427094802701	0.8815572904832187	0.9999999999634888	0.8815572905154054	11:118740864	ABF_H4_DOMINANT	PASS	702	0.1708840466904336	0.8291159532569372	0.9999999999473708	0.8291159533005729	11:118740864	ABF_H4_DOMINANT	PASS	702	0.170895698041613	0.8291043019058549	0.999999999947468	0.8291043019494094	11:118740864	ABF_H4_DOMINANT	PASS	702	0.1693859860351437	0.830614013912693	0.9999999999478368	0.8306140139560205	11:118740864	ABF_H4_DOMINANT	PASS	ROBUST_H4_TRIGGER	ABF_H4_DOMINANT	MODEL_SENSITIVE	H4_TO_MODEL_SENSITIVE	NOT_COMPARABLE		702	0.842819378481772	0.842819378513309	1	H4	H4	H4	H4	H4	H4	MODEL_SENSITIVE	False	False	True	False	False	False	H4 -> H4 -> H4 -> MODEL_SENSITIVE
R7B1_003327	36	DDX6	CD8_ET	PRIMARY_184_TRIGGER_VERIFICATION	ABF_AMBIGUOUS	MODEL_SENSITIVE	782	5ca0f92977ce771a90bedfc3a563267b5a7f55a15fb063e7b0de6c76d3e6e7e9	702	3ebc72a6bd7fbaa8bcd13374fedbdfbc3e164d2023b765feb877598104c82553	80	0.1023017902813299	980	aa3aaba36062c127718ec80962ea98a052f4babe487fc9cd7ce269bb94669f3b	e74cecc5126afb52f52b0884f06ec88cae8a54a55e370404963a5faa989bdbf8	f7512c5aed5007ba44c66c10e7a1fb558d020cf837f32c93bd4cd9bfe725636a	0.7456394411469857	0.7458706688940699	702	0	0	23289	24057.5	24510	0.0072986167615933	PASS	782	0.4466499522572517	0.5533500474026035	0.9999999996598552	0.5533500475908226	11:118741157	ABF_AMBIGUOUS	PASS	702	0.4408698829035766	0.5591301167530495	0.999999999656626	0.5591301169450402	11:118741157	ABF_AMBIGUOUS	PASS	702	0.4409137439833338	0.5590862556738548	0.9999999996571888	0.559086255865516	11:118741157	ABF_AMBIGUOUS	PASS	702	0.3967101384393435	0.6032898612516036	0.999999999690947	0.6032898614380521	11:118734000	ABF_AMBIGUOUS	PASS	702	0.396750459310504	0.6032495403809432	0.9999999996914472	0.6032495405670776	11:118734000	ABF_AMBIGUOUS	PASS	702	0.3977182560966909	0.6022817435934689	0.9999999996901598	0.6022817437800799	11:118734000	ABF_AMBIGUOUS	PASS	H3_H4_AMBIGUITY_TRIGGER	ABF_AMBIGUOUS	MODEL_SENSITIVE	AMBIGUITY_REMAINS_MODEL_SENSITIVE	NOT_COMPARABLE		702	0.636377713297998	0.636377713435495	1	AMBIGUOUS	AMBIGUOUS	AMBIGUOUS	AMBIGUOUS	AMBIGUOUS	AMBIGUOUS	MODEL_SENSITIVE	False	False	True	False	False	False	AMBIGUOUS -> AMBIGUOUS -> AMBIGUOUS -> MODEL_SENSITIVE
R7B1_003328	36	DDX6	CD8_NC	PRIMARY_184_TRIGGER_VERIFICATION	ABF_H4_DOMINANT	MODEL_SENSITIVE	782	5ca0f92977ce771a90bedfc3a563267b5a7f55a15fb063e7b0de6c76d3e6e7e9	702	3ebc72a6bd7fbaa8bcd13374fedbdfbc3e164d2023b765feb877598104c82553	80	0.1023017902813299	980	42fabaeae7a587f8437aeb5dd553fce0e8741a2fd8d2eae8685871175595d609	a24dd0b5aa4e6236194c1cea6ddc319e144206606284eb0238b2ed8832a67a71	5c8f151b1de3e59dbdd0d1250aa3280d625e290f60493d146974b312a0401a36	0.8325460410906862	0.8327013760990017	702	0	0	23289	24057.5	24510	0.0072986167615933	PASS	782	0.1738198815707644	0.82606221864744	0.9998821002182045	0.8261596226866831	11:118740864	ABF_H4_DOMINANT	PASS	702	0.1140192834493633	0.8858544432207287	0.999873726670092	0.8859663171377801	11:118740864	ABF_H4_DOMINANT	PASS	702	0.1140228843822287	0.8858508920822399	0.9998737764644686	0.8859627214292877	11:118740864	ABF_H4_DOMINANT	PASS	702	0.1062041938631827	0.8936781124882331	0.9998823063514158	0.8937833051064548	11:118734000	ABF_H4_DOMINANT	PASS	702	0.1062071321642426	0.8936752210569123	0.9998823532211548	0.893780371438607	11:118734000	ABF_H4_DOMINANT	PASS	702	0.1064118455168099	0.893470232867288	0.999882078384098	0.8935756047465304	11:118734000	ABF_H4_DOMINANT	PASS	ROBUST_H4_TRIGGER	ABF_H4_DOMINANT	MODEL_SENSITIVE	H4_TO_MODEL_SENSITIVE	NOT_COMPARABLE		702	0.901251312553751	0.901467618589552	1	H4	H4	H4	H4	H4	H4	MODEL_SENSITIVE	False	False	True	False	False	False	H4 -> H4 -> H4 -> MODEL_SENSITIVE
R7B1_003333	36	DDX6	NK	H3_RESCUE_FALSIFICATION	ABF_H3_DOMINANT	H3_SUPPORTED_STABLE	782	5ca0f92977ce771a90bedfc3a563267b5a7f55a15fb063e7b0de6c76d3e6e7e9	702	3ebc72a6bd7fbaa8bcd13374fedbdfbc3e164d2023b765feb877598104c82553	80	0.1023017902813299	980	4f88b8a9802eb10c222de07dd2c3dccb27ea670af83fad62e55945250568217e	5ae228d7c33d052288c1019019c8537c6f3909d596553f4e4fd085ba9675ef7e	3b73690a56ee69d07a23dc551ec6c2a74a79b4fba6b6d36d6be1425a9bf99470	0.7581760252429376	0.7583738925810817	702	0	0	23289	24057.5	24510	0.0072986167615933	PASS	782	0.8834410658648733	0.1165588217040813	0.9999998875689546	0.1165588348089129	11:118740864	ABF_H3_DOMINANT	PASS	702	0.867819819621855	0.132180052991428	0.999999872613283	0.1321800698294132	11:118740864	ABF_H3_DOMINANT	PASS	702	0.8678515617893968	0.1321483109677563	0.9999998727571532	0.1321483277826858	11:118740864	ABF_H3_DOMINANT	PASS	702	0.8484293914395016	0.1515704840168164	0.999999875456318	0.1515705028939649	11:118734000	ABF_H3_DOMINANT	PASS	702	0.8484579280912059	0.1515419475061415	0.9999998755973474	0.1515419663583641	11:118734000	ABF_H3_DOMINANT	PASS	702	0.8479097673828822	0.1520901081496248	0.999999875532507	0.1520901270799016	11:118734000	ABF_H3_DOMINANT	PASS	H3_DISTINCT_SIGNAL	ABF_H3_DOMINANT	H3_SUPPORTED_STABLE	STABLE_H3	MATCH		702	0.137491103878106	0.137491116030801	1	H3	H3	H3	H3	H3	H3	H3	False	False	False	False	False	False	H3 -> H3 -> H3 -> H3
R7B1_003351	36	HMBS	CD4_NC	H3_RESCUE_FALSIFICATION	ABF_H3_DOMINANT	H3_SUPPORTED_STABLE	782	5ca0f92977ce771a90bedfc3a563267b5a7f55a15fb063e7b0de6c76d3e6e7e9	702	3ebc72a6bd7fbaa8bcd13374fedbdfbc3e164d2023b765feb877598104c82553	80	0.1023017902813299	980	c4429ae574ad0578b284dd78e453481ef425714823c63ad4c9d98a8acdb724e6	47bd5f1a83046f0f425919880e35dce87bd9d6bc9eb5323daaf131426dd672ac	6ff852c98fe7e5734c70fcbd9c4eb1d64086c37070e38e75208b842332335a85	0.8256120764608527	0.8254646068260418	702	0	0	23289	24057.5	24510	0.0072986167615933	PASS	782	1.0	9.419294721755442e-18	1.0	9.419294721755442e-18	11:118740864	ABF_H3_DOMINANT	PASS	702	1.0	9.410355872118018e-18	1.0	9.410355872118018e-18	11:118740864	ABF_H3_DOMINANT	PASS	702	1.0	9.421874147651066e-18	1.0	9.421874147651066e-18	11:118740864	ABF_H3_DOMINANT	PASS	702	1.0	8.907498318373728e-18	1.0	8.907498318373728e-18	11:118734000	ABF_H3_DOMINANT	PASS	702	1.0	8.91842148202274e-18	1.0	8.91842148202274e-18	11:118734000	ABF_H3_DOMINANT	PASS	702	1.0	8.920634257775354e-18	1.0	8.920634257775354e-18	11:118734000	ABF_H3_DOMINANT	PASS	H3_DISTINCT_SIGNAL	ABF_H3_DOMINANT	H3_SUPPORTED_STABLE	STABLE_H3	MATCH		702	6.04863302449833e-17	6.04863302449833e-17	1	H3	H3	H3	H3	H3	H3	H3	False	False	False	False	False	False	H3 -> H3 -> H3 -> H3
R7B1_003362	36	MPZL2	CD4_NC	H3_RESCUE_FALSIFICATION	ABF_H3_DOMINANT	H3_SUPPORTED_STABLE	719	d7ce10a0dae6c2d9291cbb2d073c98f2f15c608d6e1994731bd4b051a737cf8a	646	640280f31f7fee7fbf169d363277601cbc4294c404d28943a6fdad1ead45be1f	73	0.1015299026425591	980	f37bc4c6a095ee6d86221caac10ded9b6598020e595c895b0e716854a15987f0	47bd5f1a83046f0f425919880e35dce87bd9d6bc9eb5323daaf131426dd672ac	6ff852c98fe7e5734c70fcbd9c4eb1d64086c37070e38e75208b842332335a85	1.0049730679533473	1.0048910862431149	646	0	0	23289	24067.0	24510	0.0072986167615933	PASS	719	0.9999453097647556	1.9852414383862257e-06	0.9999472950061938	1.9853460760388662e-06	11:118740864	ABF_H3_DOMINANT	PASS	646	0.9999453102070726	1.984709974727561e-06	0.9999472949170471	1.9848145845448853e-06	11:118740864	ABF_H3_DOMINANT	PASS	646	0.9999453007472962	1.985187386627201e-06	0.9999472859346829	1.9852920394414425e-06	11:118740864	ABF_H3_DOMINANT	PASS	646	0.9999453002226458	1.994694928474056e-06	0.9999472949175744	1.994800064575882e-06	11:118734000	ABF_H3_DOMINANT	PASS	646	0.999945290760667	1.995174532393405e-06	0.9999472859351992	1.9952797116974228e-06	11:118734000	ABF_H3_DOMINANT	PASS	646	0.9999453005925342	1.994325018356646e-06	0.9999472949175524	1.994430134961345e-06	11:118734000	ABF_H3_DOMINANT	PASS	H3_DISTINCT_SIGNAL	ABF_H3_DOMINANT	H3_SUPPORTED_STABLE	STABLE_H3	MATCH		646	1.02516118380155e-06	1.02521864758035e-06	1	H3	H3	H3	H3	H3	H3	H3	False	False	False	False	False	False	H3 -> H3 -> H3 -> H3
R7B1_003368	36	MPZL3	CD4_ET	H3_RESCUE_FALSIFICATION	ABF_H3_DOMINANT	H3_SUPPORTED_STABLE	712	8d2d4f2691d13601e282488da5d0e27dd600d0bf9c3b1148db8a54390591b88c	639	87fd334b6d755fcd78fc04d7d8c95772380fced6d8d8ae92cea49d2fc380317a	73	0.1025280898876404	980	c8d416f860495b6e6df24c67fc86c233d807c15798490bec2e1685a977fa4292	e81c96719af867bc96e81c837b7bb446173275f8e4fcb65e85954fc166496c5c	fd17bb13535fd62f4deeaa8f011bd03d274b3a64d2f1e3204114a9966282f455	0.8743386629316854	0.8743707563768912	639	0	0	23289	24071.0	24510	0.0072986167615933	PASS	712	0.9555753548414534	0.0060973739313219	0.9616727287727754	0.0063403835305832	11:118740864	ABF_H3_DOMINANT	PASS	639	0.955549619444955	0.006102963303726	0.9616525827486808	0.0063463286151449	11:118740864	ABF_H3_DOMINANT	PASS	639	0.9555511866012067	0.006102650770163	0.96165383737137	0.0063459953394917	11:118740864	ABF_H3_DOMINANT	PASS	639	0.9557738566735288	0.0058697365680823	0.9616435932416112	0.0061038586533873	11:118734000	ABF_H3_DOMINANT	PASS	639	0.9557754145428434	0.0058694340025847	0.9616448485454282	0.0061035360522783	11:118734000	ABF_H3_DOMINANT	PASS	639	0.9557685357453556	0.0058752708083783	0.961643806553734	0.0061096122788267	11:118734000	ABF_H3_DOMINANT	PASS	H3_DISTINCT_SIGNAL	ABF_H3_DOMINANT	H3_SUPPORTED_STABLE	STABLE_H3	MATCH		639	0.0025284606905653	0.0026692037874536	1	H3	H3	H3	H3	H3	H3	H3	False	False	False	False	False	False	H3 -> H3 -> H3 -> H3
R7B1_003369	36	MPZL3	CD4_NC	H3_RESCUE_FALSIFICATION	ABF_H3_DOMINANT	H3_SUPPORTED_STABLE	712	8d2d4f2691d13601e282488da5d0e27dd600d0bf9c3b1148db8a54390591b88c	639	87fd334b6d755fcd78fc04d7d8c95772380fced6d8d8ae92cea49d2fc380317a	73	0.1025280898876404	980	bb3799a0a6355d30d1ded1ba6dbb854b21a5d4eaf6e28c9dbc26e742c0818598	47bd5f1a83046f0f425919880e35dce87bd9d6bc9eb5323daaf131426dd672ac	6ff852c98fe7e5734c70fcbd9c4eb1d64086c37070e38e75208b842332335a85	0.7310301972781116	0.7309185325828659	639	0	0	23289	24071.0	24510	0.0072986167615933	PASS	712	0.9999999994425082	2.7859357734333785e-11	0.9999999994703676	2.7859357749089003e-11	11:118740864	ABF_H3_DOMINANT	PASS	639	0.9999999994425082	2.7865851031959915e-11	0.999999999470374	2.7865851046718394e-11	11:118740864	ABF_H3_DOMINANT	PASS	639	0.9999999994421812	2.7885343918386917e-11	0.9999999994700668	2.7885343933164282e-11	11:118740864	ABF_H3_DOMINANT	PASS	639	0.9999999994424088	2.795878616525584e-11	0.9999999994703674	2.795878618006373e-11	11:118734000	ABF_H3_DOMINANT	PASS	639	0.9999999994420818	2.7978339949889707e-11	0.99999999947006	2.7978339964716544e-11	11:118734000	ABF_H3_DOMINANT	PASS	639	0.9999999994424088	2.7965195648005162e-11	0.999999999470374	2.7965195662816264e-11	11:118734000	ABF_H3_DOMINANT	PASS	H3_DISTINCT_SIGNAL	ABF_H3_DOMINANT	H3_SUPPORTED_STABLE	STABLE_H3	MATCH		639	2.0898480266043097e-11	2.0898480287595097e-11	1	H3	H3	H3	H3	H3	H3	H3	False	False	False	False	False	False	H3 -> H3 -> H3 -> H3
R7B1_003372	36	MPZL3	CD8_NC	H3_RESCUE_FALSIFICATION	ABF_H3_DOMINANT	H3_SUPPORTED_STABLE	712	8d2d4f2691d13601e282488da5d0e27dd600d0bf9c3b1148db8a54390591b88c	639	87fd334b6d755fcd78fc04d7d8c95772380fced6d8d8ae92cea49d2fc380317a	73	0.1025280898876404	980	b54983e8e4b4bd10e77095766ebdc13b068941c474532cc88bfa3270448579c2	a24dd0b5aa4e6236194c1cea6ddc319e144206606284eb0238b2ed8832a67a71	5c8f151b1de3e59dbdd0d1250aa3280d625e290f60493d146974b312a0401a36	0.840586873461656	0.8405597651723354	639	0	0	23289	24071.0	24510	0.0072986167615933	PASS	712	0.9908884474968832	0.0003215738022031	0.9912100212990864	0.0003244254953977	11:118740864	ABF_H3_DOMINANT	PASS	639	0.9908801980299102	0.0003218711586084	0.9912020691885188	0.0003247280939112	11:118740864	ABF_H3_DOMINANT	PASS	639	0.9908798492549546	0.0003218921457854	0.99120174140074	0.0003247493747645	11:118740864	ABF_H3_DOMINANT	PASS	639	0.9908823543395698	0.0003196957225915	0.9912020500621614	0.0003225333549012	11:118734000	ABF_H3_DOMINANT	PASS	639	0.9908820056874328	0.000319716585149	0.9912017222725816	0.0003225545093041	11:118734000	ABF_H3_DOMINANT	PASS	639	0.9908823223643372	0.000319727981441	0.9912020503457782	0.0003225658999893	11:118734000	ABF_H3_DOMINANT	PASS	H3_DISTINCT_SIGNAL	ABF_H3_DOMINANT	H3_SUPPORTED_STABLE	STABLE_H3	MATCH		639	0.0001994732978072	0.0002014931738491	1	H3	H3	H3	H3	H3	H3	H3	False	False	False	False	False	False	H3 -> H3 -> H3 -> H3
R7B1_003373	36	MPZL3	CD8_S100B	H3_RESCUE_FALSIFICATION	ABF_H3_DOMINANT	UNINFORMATIVE	712	8d2d4f2691d13601e282488da5d0e27dd600d0bf9c3b1148db8a54390591b88c	639	87fd334b6d755fcd78fc04d7d8c95772380fced6d8d8ae92cea49d2fc380317a	73	0.1025280898876404	959	a810967a798c790f076cb0223fd7881cebf6c83ca6c6b3068d9813f895fa3d15	47268abea45c376bc1544a9ac239a1bc7d5a455dddca853a993482c9fd1e87a9	c89d47bf9edf46d5c4a8e72ea9ceaeccaa7d214dc7a07e63ff0c9550c4be885f	0.9057832172043936	0.9059072796683852	639	0	0	23289	24071.0	24510	0.0072986167615933	PASS	712	0.9121690286834268	0.0032209930902499	0.9153900217736768	0.0035187111653335	11:118740864	ABF_H3_DOMINANT	PASS	639	0.9120947814785249	0.0032240075964939	0.9153187890750188	0.0035222783963082	11:118740864	ABF_H3_DOMINANT	PASS	639	0.9121025295458748	0.0032233592318658	0.9153258887777403	0.0035215427329058	11:118740864	ABF_H3_DOMINANT	PASS	639	0.912073653256957	0.0032470952657036	0.9153207485226604	0.0035474944394568	11:118734000	ABF_H3_DOMINANT	PASS	639	0.9120814046553336	0.0032464430802566	0.9153278477355902	0.0035467544096772	11:118734000	ABF_H3_DOMINANT	PASS	639	0.912074028559786	0.0032466851570019	0.9153207137167878	0.0035470465251663	11:118734000	ABF_H3_DOMINANT	PASS	H3_DISTINCT_SIGNAL	ABF_H3_DOMINANT	UNINFORMATIVE	H3_TO_UNINFORMATIVE	NOT_COMPARABLE		639			0	H3	H3	H3	H3	H3	H3	UNINFORMATIVE	False	False	True	False	False	False	H3 -> H3 -> H3 -> UNINFORMATIVE
R7B1_003382	36	RP11-110I1.11	CD4_NC	H3_RESCUE_FALSIFICATION	ABF_H3_DOMINANT	H3_SUPPORTED_STABLE	782	5ca0f92977ce771a90bedfc3a563267b5a7f55a15fb063e7b0de6c76d3e6e7e9	702	3ebc72a6bd7fbaa8bcd13374fedbdfbc3e164d2023b765feb877598104c82553	80	0.1023017902813299	980	ee119b1085ee837d7d992787b590498a5c3fd48854a3ead0ee8441aea0859ad6	47bd5f1a83046f0f425919880e35dce87bd9d6bc9eb5323daaf131426dd672ac	6ff852c98fe7e5734c70fcbd9c4eb1d64086c37070e38e75208b842332335a85	1.010429228399933	1.0105111505296458	702	0	0	23289	24057.5	24510	0.0072986167615933	PASS	782	0.9985203936750868	5.128299815529404e-05	0.998571676673242	5.135635163030479e-05	11:118740864	ABF_H3_DOMINANT	PASS	702	0.9970696906020884	0.0001015529208001	0.9971712435228884	0.0001018410042004	11:118740864	ABF_H3_DOMINANT	PASS	702	0.997070146505631	0.0001015301980005	0.9971716767036316	0.0001018181727104	11:118740864	ABF_H3_DOMINANT	PASS	702	0.9970699901989808	0.0001012524747932	0.997171242673774	0.0001015397059804	11:118734000	ABF_H3_DOMINANT	PASS	702	0.9970704460415486	0.0001012298132477	0.9971716758547964	0.0001015169360491	11:118734000	ABF_H3_DOMINANT	PASS	702	0.997069985252904	0.000101257434879	0.997171242687783	0.0001015446801355	11:118734000	ABF_H3_DOMINANT	PASS	H3_DISTINCT_SIGNAL	ABF_H3_DOMINANT	H3_SUPPORTED_STABLE	STABLE_H3	MATCH		702	7.81639171531551e-05	7.8487673442853e-05	1	H3	H3	H3	H3	H3	H3	H3	False	False	False	False	False	False	H3 -> H3 -> H3 -> H3
R7B1_003390	36	RPS25	B_IN	H3_RESCUE_FALSIFICATION	ABF_H3_DOMINANT	H3_SUPPORTED_STABLE	782	5ca0f92977ce771a90bedfc3a563267b5a7f55a15fb063e7b0de6c76d3e6e7e9	702	3ebc72a6bd7fbaa8bcd13374fedbdfbc3e164d2023b765feb877598104c82553	80	0.1023017902813299	975	4056494b0c1b33af67881629d6ad9857ecd859e72480c85a529b1ccfaab917be	6974cfbd3c2498e65650d7200284d41c3d57f9a8fbd46b09294ea7dc3a48ba6e	e3158776e4a8d8ed698be246927eec1e99caa578f178a8fcf1452bfa659ca4c0	0.9269447025688736	0.9271856651342044	702	0	0	23289	24057.5	24510	0.0072986167615933	PASS	782	0.9999999997598934	8.381987836462039e-12	0.9999999997682754	8.381987838404354e-12	11:118740864	ABF_H3_DOMINANT	PASS	702	0.9999999996773424	1.12642489401176e-11	0.9999999996886068	1.1264248943625212e-11	11:118740864	ABF_H3_DOMINANT	PASS	702	0.9999999996777688	1.1246932376116376e-11	0.9999999996890158	1.1246932379613991e-11	11:118740864	ABF_H3_DOMINANT	PASS	702	0.9999999996773568	1.1252775603477336e-11	0.9999999996886096	1.1252775606981342e-11	11:118734000	ABF_H3_DOMINANT	PASS	702	0.9999999996777832	1.1235475978449946e-11	0.9999999996890184	1.1235475981943973e-11	11:118734000	ABF_H3_DOMINANT	PASS	702	0.9999999996773568	1.1252724103063852e-11	0.9999999996886096	1.1252724106567844e-11	11:118734000	ABF_H3_DOMINANT	PASS	H3_DISTINCT_SIGNAL	ABF_H3_DOMINANT	H3_SUPPORTED_STABLE	STABLE_H3	MATCH		702	4.8930128455514594e-12	4.8930128473997186e-12	1	H3	H3	H3	H3	H3	H3	H3	False	False	False	False	False	False	H3 -> H3 -> H3 -> H3
R7B1_003391	36	RPS25	B_MEM	H3_RESCUE_FALSIFICATION	ABF_H3_DOMINANT	H3_SUPPORTED_STABLE	782	5ca0f92977ce771a90bedfc3a563267b5a7f55a15fb063e7b0de6c76d3e6e7e9	702	3ebc72a6bd7fbaa8bcd13374fedbdfbc3e164d2023b765feb877598104c82553	80	0.1023017902813299	970	429f210d6b9c5b7443f23a3f4ed16a9138703142d1ca92bea0f4dbbc809996d2	2b26078ee1fb8ea5c21ccbac5d4b09b148f2303f4f0df9884f33f8ac95e61279	df50de7a92ee01b7b6171ac2e999c57b320635f2c339319c212a32a9cc1dff75	0.8218917906918891	0.8223238927725902	702	0	0	23289	24057.5	24510	0.0072986167615933	PASS	782	1.0	9.246829487097988e-23	1.0	9.246829487097988e-23	11:118740864	ABF_H3_DOMINANT	PASS	702	1.0	1.0613398227141453e-22	1.0	1.0613398227141453e-22	11:118740864	ABF_H3_DOMINANT	PASS	702	1.0	1.0555201499809712e-22	1.0	1.0555201499809712e-22	11:118740864	ABF_H3_DOMINANT	PASS	702	1.0	1.0832251989644031e-22	1.0	1.0832251989644031e-22	11:118734000	ABF_H3_DOMINANT	PASS	702	1.0	1.0772885428658456e-22	1.0	1.0772885428658456e-22	11:118734000	ABF_H3_DOMINANT	PASS	702	1.0	1.0829401449660899e-22	1.0	1.0829401449660899e-22	11:118734000	ABF_H3_DOMINANT	PASS	H3_DISTINCT_SIGNAL	ABF_H3_DOMINANT	H3_SUPPORTED_STABLE	STABLE_H3	MATCH		702	4.72602315657609e-22	4.72602315657609e-22	1	H3	H3	H3	H3	H3	H3	H3	False	False	False	False	False	False	H3 -> H3 -> H3 -> H3
R7B1_003392	36	RPS25	CD4_ET	H3_RESCUE_FALSIFICATION	ABF_H3_DOMINANT	H3_SUPPORTED_STABLE	782	5ca0f92977ce771a90bedfc3a563267b5a7f55a15fb063e7b0de6c76d3e6e7e9	702	3ebc72a6bd7fbaa8bcd13374fedbdfbc3e164d2023b765feb877598104c82553	80	0.1023017902813299	980	e3764987379de24e97a1bc969bf4b7f52ab8d75d11270c5d44a29bbe165d9ea4	e81c96719af867bc96e81c837b7bb446173275f8e4fcb65e85954fc166496c5c	fd17bb13535fd62f4deeaa8f011bd03d274b3a64d2f1e3204114a9966282f455	0.796959063085684	0.7976618349623517	702	0	0	23289	24057.5	24510	0.0072986167615933	PASS	782	1.0	1.6758464293527175e-30	1.0	1.6758464293527175e-30	11:118875761	ABF_H3_DOMINANT	PASS	702	1.0	1.671632585465215e-30	1.0	1.671632585465215e-30	11:118875761	ABF_H3_DOMINANT	PASS	702	1.0	1.6716291006130465e-30	1.0	1.6716291006130465e-30	11:118875761	ABF_H3_DOMINANT	PASS	702	1.0	7.160425088715236e-37	1.0	7.160425088715236e-37	11:118734000	ABF_H3_DOMINANT	PASS	702	1.0	7.088256030550524e-37	1.0	7.088256030550524e-37	11:118734000	ABF_H3_DOMINANT	PASS	702	1.0	7.20764651215573e-37	1.0	7.20764651215573e-37	11:118734000	ABF_H3_DOMINANT	PASS	H3_DISTINCT_SIGNAL	ABF_H3_DOMINANT	H3_SUPPORTED_STABLE	STABLE_H3	MATCH		702	1.23637183046189e-33	1.23637183046189e-33	1	H3	H3	H3	H3	H3	H3	H3	False	False	False	False	False	False	H3 -> H3 -> H3 -> H3
R7B1_003393	36	RPS25	CD4_NC	H3_RESCUE_FALSIFICATION	ABF_H3_DOMINANT	H3_SUPPORTED_STABLE	782	5ca0f92977ce771a90bedfc3a563267b5a7f55a15fb063e7b0de6c76d3e6e7e9	702	3ebc72a6bd7fbaa8bcd13374fedbdfbc3e164d2023b765feb877598104c82553	80	0.1023017902813299	980	09f0d77b68e667ed1f0f10e42ffb30b61a898d6350904583a53c201e7f5225e3	47bd5f1a83046f0f425919880e35dce87bd9d6bc9eb5323daaf131426dd672ac	6ff852c98fe7e5734c70fcbd9c4eb1d64086c37070e38e75208b842332335a85	0.7620926172782841	0.7635485108630594	702	0	0	23289	24057.5	24510	0.0072986167615933	PASS	782	1.0	1.7570021422652365e-30	1.0	1.7570021422652365e-30	11:118889132	ABF_H3_DOMINANT	PASS	702	1.0	1.7692182415518444e-30	1.0	1.7692182415518444e-30	11:118889132	ABF_H3_DOMINANT	PASS	702	1.0	1.7692431873803085e-30	1.0	1.7692431873803085e-30	11:118889132	ABF_H3_DOMINANT	PASS	702	1.0	2.094514069450957e-37	1.0	2.094514069450957e-37	11:118889132	ABF_H3_DOMINANT	PASS	702	1.0	2.094557724871335e-37	1.0	2.094557724871335e-37	11:118889132	ABF_H3_DOMINANT	PASS	702	1.0	2.145677934089152e-37	1.0	2.145677934089152e-37	11:118889132	ABF_H3_DOMINANT	PASS	H3_DISTINCT_SIGNAL	ABF_H3_DOMINANT	H3_SUPPORTED_STABLE	STABLE_H3	MATCH		702	1.1013952352716e-37	1.1013952352716e-37	1	H3	H3	H3	H3	H3	H3	H3	False	False	False	False	False	False	H3 -> H3 -> H3 -> H3
R7B1_003395	36	RPS25	CD8_ET	H3_RESCUE_FALSIFICATION	ABF_H3_DOMINANT	H3_SUPPORTED_STABLE	782	5ca0f92977ce771a90bedfc3a563267b5a7f55a15fb063e7b0de6c76d3e6e7e9	702	3ebc72a6bd7fbaa8bcd13374fedbdfbc3e164d2023b765feb877598104c82553	80	0.1023017902813299	980	25841982cb1f7a042f951031dbe99d93203de7f9f2e959eb2b4082279c8beef7	e74cecc5126afb52f52b0884f06ec88cae8a54a55e370404963a5faa989bdbf8	f7512c5aed5007ba44c66c10e7a1fb558d020cf837f32c93bd4cd9bfe725636a	0.6926880554847579	0.6934549394493897	702	0	0	23289	24057.5	24510	0.0072986167615933	PASS	782	1.0	1.7736556673268733e-30	1.0	1.7736556673268733e-30	11:118889132	ABF_H3_DOMINANT	PASS	702	1.0	1.7763638995989877e-30	1.0	1.7763638995989877e-30	11:118889132	ABF_H3_DOMINANT	PASS	702	1.0	1.7763719660140702e-30	1.0	1.7763719660140702e-30	11:118889132	ABF_H3_DOMINANT	PASS	702	1.0	2.1058796635180023e-37	1.0	2.1058796635180023e-37	11:118889132	ABF_H3_DOMINANT	PASS	702	1.0	2.105896785920153e-37	1.0	2.105896785920153e-37	11:118889132	ABF_H3_DOMINANT	PASS	702	1.0	2.1573751884735745e-37	1.0	2.1573751884735745e-37	11:118889132	ABF_H3_DOMINANT	PASS	H3_DISTINCT_SIGNAL	ABF_H3_DOMINANT	H3_SUPPORTED_STABLE	STABLE_H3	MATCH		702	0.0026125973967533	0.0029836346054422	2	H3	H3	H3	H3	H3	H3	H3	False	False	False	False	False	False	H3 -> H3 -> H3 -> H3
R7B1_003396	36	RPS25	CD8_NC	H3_RESCUE_FALSIFICATION	ABF_H3_DOMINANT	H3_SUPPORTED_STABLE	782	5ca0f92977ce771a90bedfc3a563267b5a7f55a15fb063e7b0de6c76d3e6e7e9	702	3ebc72a6bd7fbaa8bcd13374fedbdfbc3e164d2023b765feb877598104c82553	80	0.1023017902813299	980	180adf147bb38f66c111cb18c55e9bd63e2a531ffc2d397fc754ed61854fa22a	a24dd0b5aa4e6236194c1cea6ddc319e144206606284eb0238b2ed8832a67a71	5c8f151b1de3e59dbdd0d1250aa3280d625e290f60493d146974b312a0401a36	0.7220159438121297	0.722816987110106	702	0	0	23289	24057.5	24510	0.0072986167615933	PASS	782	1.0	1.672201737465976e-30	1.0	1.672201737465976e-30	11:118875761	ABF_H3_DOMINANT	PASS	702	1.0	1.6715609781791026e-30	1.0	1.6715609781791026e-30	11:118875761	ABF_H3_DOMINANT	PASS	702	1.0	1.6715581331099746e-30	1.0	1.6715581331099746e-30	11:118875761	ABF_H3_DOMINANT	PASS	702	1.0	1.930043366969137e-37	1.0	1.930043366969137e-37	11:118875761	ABF_H3_DOMINANT	PASS	702	1.0	1.930040569968144e-37	1.0	1.930040569968144e-37	11:118875761	ABF_H3_DOMINANT	PASS	702	1.0	1.97707414675847e-37	1.0	1.97707414675847e-37	11:118875761	ABF_H3_DOMINANT	PASS	H3_DISTINCT_SIGNAL	ABF_H3_DOMINANT	H3_SUPPORTED_STABLE	STABLE_H3	MATCH		702	1.02409499745165e-37	1.02409499745165e-37	1	H3	H3	H3	H3	H3	H3	H3	False	False	False	False	False	False	H3 -> H3 -> H3 -> H3
R7B1_003397	36	RPS25	CD8_S100B	H3_RESCUE_FALSIFICATION	ABF_H3_DOMINANT	H3_SUPPORTED_STABLE	782	5ca0f92977ce771a90bedfc3a563267b5a7f55a15fb063e7b0de6c76d3e6e7e9	702	3ebc72a6bd7fbaa8bcd13374fedbdfbc3e164d2023b765feb877598104c82553	80	0.1023017902813299	959	c8044400e7f88ab66b06ad5d570439f170286ca2f48db11244cee841d06709f2	47268abea45c376bc1544a9ac239a1bc7d5a455dddca853a993482c9fd1e87a9	c89d47bf9edf46d5c4a8e72ea9ceaeccaa7d214dc7a07e63ff0c9550c4be885f	0.6655926558069851	0.6659925361458353	702	0	0	23289	24057.5	24510	0.0072986167615933	PASS	782	1.0	1.0510150685029976e-19	1.0	1.0510150685029976e-19	11:118740864	ABF_H3_DOMINANT	PASS	702	1.0	2.0753095895484496e-19	1.0	2.0753095895484496e-19	11:118740864	ABF_H3_DOMINANT	PASS	702	1.0	2.0638310459216104e-19	1.0	2.0638310459216104e-19	11:118740864	ABF_H3_DOMINANT	PASS	702	1.0	2.0556464577406465e-19	1.0	2.0556464577406465e-19	11:118734000	ABF_H3_DOMINANT	PASS	702	1.0	2.0442737925468188e-19	1.0	2.0442737925468188e-19	11:118734000	ABF_H3_DOMINANT	PASS	702	1.0	2.0560866563328276e-19	1.0	2.0560866563328276e-19	11:118734000	ABF_H3_DOMINANT	PASS	H3_DISTINCT_SIGNAL	ABF_H3_DOMINANT	H3_SUPPORTED_STABLE	STABLE_H3	MATCH		702	3.2643903780883504e-19	3.2643903780883504e-19	1	H3	H3	H3	H3	H3	H3	H3	False	False	False	False	False	False	H3 -> H3 -> H3 -> H3
R7B1_003399	36	RPS25	Mono_C	H3_RESCUE_FALSIFICATION	ABF_H3_DOMINANT	H3_SUPPORTED_STABLE	782	5ca0f92977ce771a90bedfc3a563267b5a7f55a15fb063e7b0de6c76d3e6e7e9	702	3ebc72a6bd7fbaa8bcd13374fedbdfbc3e164d2023b765feb877598104c82553	80	0.1023017902813299	851	7deae84709ce3c726a305d4da36b499fa66e263e917ab3ff887822521b091a47	de28dafa09eacbd3f1ba75dab4b2adc91a93d0dac24176ac058c78c05c1686e5	05c52f1a6a12b77d5f334347c4d7eed753368b5f5b98568dd73600d13c620452	0.7372448527015747	0.7374253882379082	702	0	0	23289	24057.5	24510	0.0072986167615933	PASS	782	0.9999989314860496	5.909602520284541e-08	0.9999989905820748	5.9096084855492784e-08	11:118740864	ABF_H3_DOMINANT	PASS	702	0.9999983390420946	9.188433600754004e-08	0.9999984309264306	9.188448018104933e-08	11:118740864	ABF_H3_DOMINANT	PASS	702	0.9999983416827796	9.172264721221485e-08	0.9999984334054268	9.172279090464132e-08	11:118740864	ABF_H3_DOMINANT	PASS	702	0.9999983418544464	8.907197379748272e-08	0.9999984309264204	8.90721135581828e-08	11:118734000	ABF_H3_DOMINANT	PASS	702	0.999998344490371	8.891505324464956e-08	0.9999984334054242	8.89151925387079e-08	11:118734000	ABF_H3_DOMINANT	PASS	702	0.9999983417769692	8.9149453353064e-08	0.9999984309264224	8.91495932353352e-08	11:118734000	ABF_H3_DOMINANT	PASS	H3_DISTINCT_SIGNAL	ABF_H3_DOMINANT	H3_SUPPORTED_STABLE	STABLE_H3	MATCH		702	3.632727156957809e-09	3.63272774150348e-09	1	H3	H3	H3	H3	H3	H3	H3	False	False	False	False	False	False	H3 -> H3 -> H3 -> H3
R7B1_003400	36	RPS25	Mono_NC	H3_RESCUE_FALSIFICATION	ABF_H3_DOMINANT	H3_SUPPORTED_STABLE	782	5ca0f92977ce771a90bedfc3a563267b5a7f55a15fb063e7b0de6c76d3e6e7e9	702	3ebc72a6bd7fbaa8bcd13374fedbdfbc3e164d2023b765feb877598104c82553	80	0.1023017902813299	690	6e1f4e7d518c6c9538cd1b25de4190c4bd15237b8eb328bd95de11e556075b90	903425137d6e8d385d9f5042afd4574ed857d0f2fb89bcd56bedc518b8fa7234	6c3ac1fc1e227f6826d37d20a2d4166d5ac4ea2400a8249b74d35dbc1ce7b434	0.7652985912108161	0.7657127919982473	702	0	0	23289	24057.5	24510	0.0072986167615933	PASS	782	0.9999999999967456	1.5599851349386409e-13	0.9999999999969016	1.5599851349434742e-13	11:118740864	ABF_H3_DOMINANT	PASS	702	0.9999999999942162	2.774884916258368e-13	0.9999999999944936	2.774884916273648e-13	11:118740864	ABF_H3_DOMINANT	PASS	702	0.999999999994273	2.747915374477939e-13	0.9999999999945478	2.747915374492921e-13	11:118740864	ABF_H3_DOMINANT	PASS	702	0.9999999999942162	2.7362385139042215e-13	0.99999999999449	2.7362385139192985e-13	11:118734000	ABF_H3_DOMINANT	PASS	702	0.999999999994273	2.709638367136639e-13	0.999999999994544	2.709638367151422e-13	11:118734000	ABF_H3_DOMINANT	PASS	702	0.9999999999942162	2.736845770858328e-13	0.99999999999449	2.736845770873408e-13	11:118734000	ABF_H3_DOMINANT	PASS	H3_DISTINCT_SIGNAL	ABF_H3_DOMINANT	H3_SUPPORTED_STABLE	STABLE_H3	MATCH		702	9.48125814855756e-16	9.481258148558089e-16	1	H3	H3	H3	H3	H3	H3	H3	False	False	False	False	False	False	H3 -> H3 -> H3 -> H3
R7B1_003401	36	RPS25	NK	H3_RESCUE_FALSIFICATION	ABF_H3_DOMINANT	H3_SUPPORTED_STABLE	782	5ca0f92977ce771a90bedfc3a563267b5a7f55a15fb063e7b0de6c76d3e6e7e9	702	3ebc72a6bd7fbaa8bcd13374fedbdfbc3e164d2023b765feb877598104c82553	80	0.1023017902813299	980	7e21f86cd39a9e916fdc00dedf301ccc7ade74ecf3195adb2b73f6b315cc0185	5ae228d7c33d052288c1019019c8537c6f3909d596553f4e4fd085ba9675ef7e	3b73690a56ee69d07a23dc551ec6c2a74a79b4fba6b6d36d6be1425a9bf99470	0.6097536161231689	0.6101007798414219	702	0	0	23289	24057.5	24510	0.0072986167615933	PASS	782	1.0	2.5226821075969015e-26	1.0	2.5226821075969015e-26	11:118740864	ABF_H3_DOMINANT	PASS	702	1.0	9.892357697091663e-26	1.0	9.892357697091663e-26	11:118740864	ABF_H3_DOMINANT	PASS	702	1.0	9.759094046951668e-26	1.0	9.759094046951668e-26	11:118740864	ABF_H3_DOMINANT	PASS	702	1.0	9.949770721578934e-26	1.0	9.949770721578934e-26	11:118734000	ABF_H3_DOMINANT	PASS	702	1.0	9.81573503377493e-26	1.0	9.81573503377493e-26	11:118734000	ABF_H3_DOMINANT	PASS	702	1.0	9.948797233319436e-26	1.0	9.948797233319436e-26	11:118734000	ABF_H3_DOMINANT	PASS	H3_DISTINCT_SIGNAL	ABF_H3_DOMINANT	H3_SUPPORTED_STABLE	STABLE_H3	MATCH		702	0.000373439410312	0.0003752069627407	2	H3	H3	H3	H3	H3	H3	H3	False	False	False	False	False	False	H3 -> H3 -> H3 -> H3
R7B1_003402	36	RPS25	NK_R	H3_RESCUE_FALSIFICATION	ABF_H3_DOMINANT	H3_SUPPORTED_STABLE	782	5ca0f92977ce771a90bedfc3a563267b5a7f55a15fb063e7b0de6c76d3e6e7e9	702	3ebc72a6bd7fbaa8bcd13374fedbdfbc3e164d2023b765feb877598104c82553	80	0.1023017902813299	750	2df5fea2097abec1659c7e1beb81a0ae92be09f570f481d835684b553d9a3f26	b8fd6268c7d2da5b359d843bf4eac05fcf36f8fe6700960f995f25dd38be0ecb	3daf3e59f8a7bfd69ad9b2c37fddbee46da35f14b8a7ccc19977a8017759f5ee	0.9119060545989098	0.9121640086092582	702	0	0	23289	24057.5	24510	0.0072986167615933	PASS	782	0.9900178743371228	0.000383911344335	0.990401785681458	0.0003876319185661	11:118740864	ABF_H3_DOMINANT	PASS	702	0.9883998817057826	0.0004461383868461	0.9888460200926288	0.0004511707361722	11:118740864	ABF_H3_DOMINANT	PASS	702	0.9884066334170742	0.0004457768662649	0.9888524102833391	0.0004508022245071	11:118740864	ABF_H3_DOMINANT	PASS	702	0.9883993600097278	0.0004466659642262	0.988846025973954	0.0004517042618301	11:118734000	ABF_H3_DOMINANT	PASS	702	0.9884061120936384	0.0004463040634141	0.9888524161570524	0.0004513353622055	11:118734000	ABF_H3_DOMINANT	PASS	702	0.9883993669787208	0.0004466589166712	0.988846025895392	0.0004516971348161	11:118734000	ABF_H3_DOMINANT	PASS	H3_DISTINCT_SIGNAL	ABF_H3_DOMINANT	H3_SUPPORTED_STABLE	STABLE_H3	MATCH		702	0.0001904586972168	0.0001923076912297	1	H3	H3	H3	H3	H3	H3	H3	False	False	False	False	False	False	H3 -> H3 -> H3 -> H3
R7B1_003406	36	TRAPPC4	CD4_ET	H3_RESCUE_FALSIFICATION	ABF_H3_DOMINANT	H3_SUPPORTED_STABLE	782	5ca0f92977ce771a90bedfc3a563267b5a7f55a15fb063e7b0de6c76d3e6e7e9	702	3ebc72a6bd7fbaa8bcd13374fedbdfbc3e164d2023b765feb877598104c82553	80	0.1023017902813299	980	fa8feeddc608afc950a5f0286e7e23f73f3d2ee7ae42e915e24d4d7ed5ac8027	e81c96719af867bc96e81c837b7bb446173275f8e4fcb65e85954fc166496c5c	fd17bb13535fd62f4deeaa8f011bd03d274b3a64d2f1e3204114a9966282f455	0.8674989688506833	0.8675919067194827	702	0	0	23289	24057.5	24510	0.0072986167615933	PASS	782	0.9980387459364072	0.0001154371565507	0.9981541830929578	0.0001156506264323	11:118740864	ABF_H3_DOMINANT	PASS	702	0.9973237296180716	0.0001575340924496	0.9974812637105214	0.00015793188121	11:118740864	ABF_H3_DOMINANT	PASS	702	0.9973242778363808	0.0001574901716633	0.997481768008044	0.0001578877696961	11:118740864	ABF_H3_DOMINANT	PASS	702	0.9973234836100594	0.0001577807211281	0.9974812643311876	0.0001581791325513	11:118734000	ABF_H3_DOMINANT	PASS	702	0.9973240318858174	0.0001577367426248	0.9974817686284424	0.0001581349630497	11:118734000	ABF_H3_DOMINANT	PASS	702	0.9973234935784552	0.0001577707275844	0.9974812643060396	0.000158169113777	11:118734000	ABF_H3_DOMINANT	PASS	H3_DISTINCT_SIGNAL	ABF_H3_DOMINANT	H3_SUPPORTED_STABLE	STABLE_H3	MATCH		702	0.0001013012590942	0.0001016265472067	1	H3	H3	H3	H3	H3	H3	H3	False	False	False	False	False	False	H3 -> H3 -> H3 -> H3
R7B1_003407	36	TRAPPC4	CD4_NC	H3_RESCUE_FALSIFICATION	ABF_H3_DOMINANT	H3_SUPPORTED_STABLE	782	5ca0f92977ce771a90bedfc3a563267b5a7f55a15fb063e7b0de6c76d3e6e7e9	702	3ebc72a6bd7fbaa8bcd13374fedbdfbc3e164d2023b765feb877598104c82553	80	0.1023017902813299	980	96a8a20d93583425a806ed63f9f45efb1e7ec14bb23346b141932f87ae27a5eb	47bd5f1a83046f0f425919880e35dce87bd9d6bc9eb5323daaf131426dd672ac	6ff852c98fe7e5734c70fcbd9c4eb1d64086c37070e38e75208b842332335a85	0.5933386559070263	0.5935004344009682	702	0	0	23289	24057.5	24510	0.0072986167615933	PASS	782	0.9999999999994033	2.0243658578265123e-14	0.9999999999994234	2.0243658578276795e-14	11:118740864	ABF_H3_DOMINANT	PASS	702	0.9999999999994033	2.0459246655728945e-14	0.9999999999994236	2.0459246655740737e-14	11:118740864	ABF_H3_DOMINANT	PASS	702	0.9999999999994033	2.0417563422139817e-14	0.9999999999994236	2.0417563422151583e-14	11:118740864	ABF_H3_DOMINANT	PASS	702	0.9999999999994033	2.0488504124711555e-14	0.9999999999994236	2.048850412472336e-14	11:118734000	ABF_H3_DOMINANT	PASS	702	0.9999999999994033	2.044676326829708e-14	0.9999999999994236	2.0446763268308863e-14	11:118734000	ABF_H3_DOMINANT	PASS	702	0.9999999999994033	2.048773670142194e-14	0.9999999999994236	2.0487736701433752e-14	11:118734000	ABF_H3_DOMINANT	PASS	H3_DISTINCT_SIGNAL	ABF_H3_DOMINANT	H3_SUPPORTED_STABLE	STABLE_H3	MATCH		702	9.76114733331638e-15	9.761147333324611e-15	1	H3	H3	H3	H3	H3	H3	H3	False	False	False	False	False	False	H3 -> H3 -> H3 -> H3
R7B1_003409	36	TRAPPC4	CD8_ET	H3_RESCUE_FALSIFICATION	ABF_H3_DOMINANT	H3_SUPPORTED_STABLE	782	5ca0f92977ce771a90bedfc3a563267b5a7f55a15fb063e7b0de6c76d3e6e7e9	702	3ebc72a6bd7fbaa8bcd13374fedbdfbc3e164d2023b765feb877598104c82553	80	0.1023017902813299	980	394ac09f0790f3d76062cfbe51f9b3fdd4fec35f8527aa063c87ed4e0a4aed8d	e74cecc5126afb52f52b0884f06ec88cae8a54a55e370404963a5faa989bdbf8	f7512c5aed5007ba44c66c10e7a1fb558d020cf837f32c93bd4cd9bfe725636a	0.7919774165634763	0.7921570158376803	702	0	0	23289	24057.5	24510	0.0072986167615933	PASS	782	0.9999999999996164	1.3702883889803846e-14	0.99999999999963	1.3702883889808915e-14	11:118740864	ABF_H3_DOMINANT	PASS	702	0.9999999999996164	1.3707752171131835e-14	0.99999999999963	1.3707752171136908e-14	11:118740864	ABF_H3_DOMINANT	PASS	702	0.9999999999996164	1.3684170393317695e-14	0.99999999999963	1.3684170393322761e-14	11:118740864	ABF_H3_DOMINANT	PASS	702	0.9999999999996164	1.3805926732138363e-14	0.99999999999963	1.3805926732143472e-14	11:118734000	ABF_H3_DOMINANT	PASS	702	0.9999999999996164	1.3782181723699698e-14	0.99999999999963	1.3782181723704796e-14	11:118734000	ABF_H3_DOMINANT	PASS	702	0.9999999999996164	1.380298136539478e-14	0.99999999999963	1.3802981365399888e-14	11:118734000	ABF_H3_DOMINANT	PASS	H3_DISTINCT_SIGNAL	ABF_H3_DOMINANT	H3_SUPPORTED_STABLE	STABLE_H3	MATCH		702	6.723897019170431e-15	6.723897019174111e-15	1	H3	H3	H3	H3	H3	H3	H3	False	False	False	False	False	False	H3 -> H3 -> H3 -> H3
R7B1_003410	36	TRAPPC4	CD8_NC	H3_RESCUE_FALSIFICATION	ABF_H3_DOMINANT	H3_SUPPORTED_STABLE	782	5ca0f92977ce771a90bedfc3a563267b5a7f55a15fb063e7b0de6c76d3e6e7e9	702	3ebc72a6bd7fbaa8bcd13374fedbdfbc3e164d2023b765feb877598104c82553	80	0.1023017902813299	980	f640a3d38402a65c6666a3724352f68f54bfa8311816b5b9f466305e85a5e43d	a24dd0b5aa4e6236194c1cea6ddc319e144206606284eb0238b2ed8832a67a71	5c8f151b1de3e59dbdd0d1250aa3280d625e290f60493d146974b312a0401a36	0.818253375227807	0.8183357560198319	702	0	0	23289	24057.5	24510	0.0072986167615933	PASS	782	0.9999998445868222	7.204766833981947e-09	0.999999851791589	7.204767901789149e-09	11:118740864	ABF_H3_DOMINANT	PASS	702	0.9999998442892896	7.216567700390436e-09	0.9999998515058572	7.216568772008631e-09	11:118740864	ABF_H3_DOMINANT	PASS	702	0.9999998443544604	7.2129959668641085e-09	0.9999998515674564	7.212997037507603e-09	11:118740864	ABF_H3_DOMINANT	PASS	702	0.9999998441597576	7.346089612261323e-09	0.9999998515058472	7.346090703112838e-09	11:118734000	ABF_H3_DOMINANT	PASS	702	0.9999998442249995	7.342457178043638e-09	0.9999998515674569	7.34245826790339e-09	11:118734000	ABF_H3_DOMINANT	PASS	702	0.9999998441632107	7.34264582740678e-09	0.9999998515058568	7.342646917746844e-09	11:118734000	ABF_H3_DOMINANT	PASS	H3_DISTINCT_SIGNAL	ABF_H3_DOMINANT	H3_SUPPORTED_STABLE	STABLE_H3	MATCH		702	2.6753185379250103e-09	2.67531888505607e-09	1	H3	H3	H3	H3	H3	H3	H3	False	False	False	False	False	False	H3 -> H3 -> H3 -> H3
R7B1_003415	36	TRAPPC4	NK	H3_RESCUE_FALSIFICATION	ABF_H3_DOMINANT	H3_SUPPORTED_STABLE	782	5ca0f92977ce771a90bedfc3a563267b5a7f55a15fb063e7b0de6c76d3e6e7e9	702	3ebc72a6bd7fbaa8bcd13374fedbdfbc3e164d2023b765feb877598104c82553	80	0.1023017902813299	980	40f9bd474195bb850b3dc455495607715fa13ccd1d216ea7f839784fda27a450	5ae228d7c33d052288c1019019c8537c6f3909d596553f4e4fd085ba9675ef7e	3b73690a56ee69d07a23dc551ec6c2a74a79b4fba6b6d36d6be1425a9bf99470	0.7761101934141508	0.7763180524741577	702	0	0	23289	24057.5	24510	0.0072986167615933	PASS	782	0.9999999999999004	3.591074933238584e-15	0.999999999999904	3.591074933238929e-15	11:118740864	ABF_H3_DOMINANT	PASS	702	0.9999999999999004	3.5946113722709144e-15	0.999999999999904	3.594611372271259e-15	11:118740864	ABF_H3_DOMINANT	PASS	702	0.9999999999999004	3.586995492819947e-15	0.999999999999904	3.586995492820291e-15	11:118740864	ABF_H3_DOMINANT	PASS	702	0.9999999999999004	3.5930343585919944e-15	0.999999999999904	3.593034358592339e-15	11:118734000	ABF_H3_DOMINANT	PASS	702	0.9999999999999004	3.585421714975785e-15	0.999999999999904	3.5854217149761286e-15	11:118734000	ABF_H3_DOMINANT	PASS	702	0.9999999999999004	3.593075430282968e-15	0.999999999999904	3.593075430283313e-15	11:118734000	ABF_H3_DOMINANT	PASS	H3_DISTINCT_SIGNAL	ABF_H3_DOMINANT	H3_SUPPORTED_STABLE	STABLE_H3	MATCH		702	1.8736185746355306e-15	1.87361857463585e-15	1	H3	H3	H3	H3	H3	H3	H3	False	False	False	False	False	False	H3 -> H3 -> H3 -> H3
R7B1_003438	38	C12orf57	B_IN	H3_RESCUE_FALSIFICATION	ABF_H3_DOMINANT	H3_SUPPORTED_STABLE	564	221d3e9ce6b3dc04bfb3cf40f710d3d8137dc610bae8000efa13a7fd9a7af434	508	42a58597cbd150a27a7b3e71d8cbb953e090e4c76f5e5aa453d02ad444fede88	56	0.0992907801418439	975	67aab6fb85ea8095a0868cbeea2b5db675e1f5eb56ed35ae66624cfcfe639f70	fdcc737fcb254f557e0dd09e4fe944a0372789cf0cddc38af7fe47e3e6b2208d	4de12e13733b679a18b1e75b584c793a07c18bf15694a8f88269aaccb42396a4	0.9408193434525036	0.941672675118874	499	9	0	23287	24241.0	24510	0.0009800426273978	PASS	564	0.9999300092945332	2.008093269585829e-06	0.9999320173878028	2.0082297942931377e-06	12:6440009	ABF_H3_DOMINANT	PASS	508	0.9996982800120586	8.656614173441644e-06	0.999706936626232	8.659151853697858e-06	12:6440009	ABF_H3_DOMINANT	PASS	508	0.9996989358269548	8.630857749120317e-06	0.9997075666847038	8.633382437768814e-06	12:6440009	ABF_H3_DOMINANT	PASS	508	0.9996982801859932	8.656611991145765e-06	0.9997069367979844	8.659149669274576e-06	12:6440009	ABF_H3_DOMINANT	PASS	508	0.9996989360008928	8.63085556681854e-06	0.9997075668564596	8.633380253345404e-06	12:6440009	ABF_H3_DOMINANT	PASS	508	0.9996982801859932	8.656611991208319e-06	0.9997069367979844	8.659149669337147e-06	12:6440009	ABF_H3_DOMINANT	PASS	H3_DISTINCT_SIGNAL	ABF_H3_DOMINANT	H3_SUPPORTED_STABLE	STABLE_H3	MATCH		508	5.0580855017306e-06	5.05965996285528e-06	1	H3	H3	H3	H3	H3	H3	H3	False	False	False	False	False	False	H3 -> H3 -> H3 -> H3
R7B1_003468	38	CD27	CD4_NC	H3_RESCUE_FALSIFICATION	ABF_H3_DOMINANT	H3_SUPPORTED_STABLE	696	9aa15926a60154b4008ba3f8fe1cd3e5255a8322eb80859923126301002c06f2	626	f330f88541a4cd1973f6008d938378b1a0606aed0a32bb8687668b6e2bdcc5b9	70	0.1005747126436781	980	41e14a9ab4bb2eaf488ff81bb20d8d40aedf0ccdd65a748204094970bd40bf64	91198b6a14eb08dc757a7b0f0b0771138eba9679823400c7a8094fc816f9451e	36864f0a64886bcad8ab6d7268ce3a9046de197c5c3f9982fe42388f86f0d1c2	0.4221961755360224	0.4223358016351977	617	9	0	23287	24178.5	24510	0.0009800426273978	PASS	696	0.9999999308065692	2.0652799389218613e-09	0.9999999328718492	2.065280077560294e-09	12:6440009	ABF_H3_DOMINANT	PASS	626	0.9999999308065692	2.065279941209515e-09	0.9999999328718492	2.0652800798479477e-09	12:6440009	ABF_H3_DOMINANT	PASS	626	0.9999999309019738	2.0618313503352333e-09	0.9999999329638052	2.061831488552571e-09	12:6440009	ABF_H3_DOMINANT	PASS	626	0.999999930981519	2.062141119483858e-09	0.99999993304366	2.062141257557289e-09	12:6440009	ABF_H3_DOMINANT	PASS	626	0.9999999310769236	2.058692524285296e-09	0.999999933135616	2.058692661938513e-09	12:6440009	ABF_H3_DOMINANT	PASS	626	0.999999930981512	2.0621411815210552e-09	0.9999999330436532	2.062141319594504e-09	12:6440009	ABF_H3_DOMINANT	PASS	H3_DISTINCT_SIGNAL	ABF_H3_DOMINANT	H3_SUPPORTED_STABLE	STABLE_H3	MATCH		626	0.001261133262933	0.0013397702565762	2	H3	H3	H3	H3	H3	H3	H3	False	False	False	False	False	False	H3 -> H3 -> H3 -> H3
R7B1_003471	38	CD27	CD8_NC	H3_RESCUE_FALSIFICATION	ABF_H3_DOMINANT	UNINFORMATIVE	696	9aa15926a60154b4008ba3f8fe1cd3e5255a8322eb80859923126301002c06f2	626	f330f88541a4cd1973f6008d938378b1a0606aed0a32bb8687668b6e2bdcc5b9	70	0.1005747126436781	980	5a4d5ab52d28d70dc200cc8a1ee4784e60d7c714b60945141fe29fdc329fb60c	7d93ad93755afd1b501ff1d224b3009905232393ee5e56e654ee1c446dfe08e3	a8749cdcfcd94e667142099473edc1cb1b8256531fb28c612b8ffee4c71235dd	0.5613377759816679	0.5616156652909517	617	9	0	23287	24178.5	24510	0.0009800426273978	PASS	696	0.9856829454417452	0.0005569749889211	0.9862399204306664	0.000564745937964	12:6440009	ABF_H3_DOMINANT	PASS	626	0.9856813121302817	0.0005570385294791	0.9862383506597608	0.0005648112640383	12:6440009	ABF_H3_DOMINANT	PASS	626	0.9856921422756094	0.0005563899194933	0.9862485321951028	0.0005641477795206	12:6440009	ABF_H3_DOMINANT	PASS	626	0.9856813123025934	0.000557038526475	0.9862383508290684	0.0005648112608952	12:6440009	ABF_H3_DOMINANT	PASS	626	0.985692142447923	0.000556389916489	0.986248532364412	0.0005641477763776	12:6440009	ABF_H3_DOMINANT	PASS	626	0.9856813123025898	0.000557038526475	0.9862383508290647	0.0005648112608953	12:6440009	ABF_H3_DOMINANT	PASS	H3_DISTINCT_SIGNAL	ABF_H3_DOMINANT	UNINFORMATIVE	H3_TO_UNINFORMATIVE	NOT_COMPARABLE		626	0.0117874505818796	0.0182858035522148	1	H3	H3	H3	H3	H3	H3	UNINFORMATIVE	False	False	True	False	False	False	H3 -> H3 -> H3 -> UNINFORMATIVE
R7B1_003479	38	CD27-AS1	B_IN	H3_RESCUE_FALSIFICATION	ABF_H3_DOMINANT	H3_SUPPORTED_STABLE	696	9aa15926a60154b4008ba3f8fe1cd3e5255a8322eb80859923126301002c06f2	626	f330f88541a4cd1973f6008d938378b1a0606aed0a32bb8687668b6e2bdcc5b9	70	0.1005747126436781	975	49169e5844b86e52711bce76c10eab61eee7f3ee1496703e4c6578781ece9ce8	fdcc737fcb254f557e0dd09e4fe944a0372789cf0cddc38af7fe47e3e6b2208d	4de12e13733b679a18b1e75b584c793a07c18bf15694a8f88269aaccb42396a4	0.9285731986941562	0.9289322638512064	617	9	0	23287	24178.5	24510	0.0009800426273978	PASS	696	0.999224425034044	3.369398265568367e-05	0.9992581190166996	3.371899813917906e-05	12:6440009	ABF_H3_DOMINANT	PASS	626	0.9992244218594832	3.369412057095262e-05	0.999258115980054	3.3719136259309784e-05	12:6440009	ABF_H3_DOMINANT	PASS	626	0.9992252995349876	3.364556375486712e-05	0.9992589450987424	3.367051545537319e-05	12:6440009	ABF_H3_DOMINANT	PASS	626	0.9992244220340878	3.369411764132955e-05	0.9992581161517292	3.371913332171863e-05	12:6440009	ABF_H3_DOMINANT	PASS	626	0.9992252997095924	3.364556082523615e-05	0.9992589452704176	3.367051251778492e-05	12:6440009	ABF_H3_DOMINANT	PASS	626	0.9992244220340808	3.3694117641407364e-05	0.999258116151722	3.371913332179673e-05	12:6440009	ABF_H3_DOMINANT	PASS	H3_DISTINCT_SIGNAL	ABF_H3_DOMINANT	H3_SUPPORTED_STABLE	STABLE_H3	MATCH		626	1.80404035711251e-05	1.80517302181588e-05	1	H3	H3	H3	H3	H3	H3	H3	False	False	False	False	False	False	H3 -> H3 -> H3 -> H3
R7B1_003489	38	CD27-AS1	NK	H3_RESCUE_FALSIFICATION	ABF_H3_DOMINANT	H3_SUPPORTED_STABLE	696	9aa15926a60154b4008ba3f8fe1cd3e5255a8322eb80859923126301002c06f2	626	f330f88541a4cd1973f6008d938378b1a0606aed0a32bb8687668b6e2bdcc5b9	70	0.1005747126436781	980	bc18e64ed1b4d25f38d1ac6395cdce901c9e87f11efed56a15994d80b422633d	8c03751bb88e1b57325262ebe50829a98da29ea7f17ef054ff9050f084a39f8b	c27bb418311a572decef9f0c63173bd777c66aaabb3ea97370ff1b0f3a52a869	0.8836451935943473	0.883952384541997	617	9	0	23287	24178.5	24510	0.0009800426273978	PASS	696	0.9956058830874244	0.0001363776697831	0.9957422607572074	0.0001369608132123	12:6440009	ABF_H3_DOMINANT	PASS	626	0.995603815796394	0.0001364418310989	0.9957402576274932	0.0001370255245318	12:6440009	ABF_H3_DOMINANT	PASS	626	0.9956061596865228	0.0001363278144929	0.9957424875010158	0.0001369107135672	12:6440009	ABF_H3_DOMINANT	PASS	626	0.995603815970826	0.0001364418277113	0.9957402577985374	0.0001370255211063	12:6440009	ABF_H3_DOMINANT	PASS	626	0.9956061598609516	0.0001363278111054	0.9957424876720572	0.0001369107101417	12:6440009	ABF_H3_DOMINANT	PASS	626	0.9956038159708188	0.0001364418277114	0.9957402577985304	0.0001370255211064	12:6440009	ABF_H3_DOMINANT	PASS	H3_DISTINCT_SIGNAL	ABF_H3_DOMINANT	H3_SUPPORTED_STABLE	STABLE_H3	MATCH		626	3.99236308582162e-05	3.9999031580593e-05	1	H3	H3	H3	H3	H3	H3	H3	False	False	False	False	False	False	H3 -> H3 -> H3 -> H3
R7B1_003492	38	CD9	B_IN	H3_RESCUE_FALSIFICATION	ABF_H3_DOMINANT	H3_SUPPORTED_STABLE	696	9aa15926a60154b4008ba3f8fe1cd3e5255a8322eb80859923126301002c06f2	626	f330f88541a4cd1973f6008d938378b1a0606aed0a32bb8687668b6e2bdcc5b9	70	0.1005747126436781	975	fb0350e440e465a74006ab295f011add7584ccbf5a60abfb44f32496c3fd03d2	fdcc737fcb254f557e0dd09e4fe944a0372789cf0cddc38af7fe47e3e6b2208d	4de12e13733b679a18b1e75b584c793a07c18bf15694a8f88269aaccb42396a4	0.9621135576156336	0.9626367268171776	617	9	0	23287	24178.5	24510	0.0009800426273978	PASS	696	0.8886102949422032	0.0065621703866054	0.8951724653288087	0.007330621350373	12:6440009	ABF_H3_DOMINANT	PASS	626	0.8883228159987088	0.0065791062947401	0.8949019222934489	0.0073517623896473	12:6440009	ABF_H3_DOMINANT	PASS	626	0.8883805728487648	0.0065730722758101	0.894953645124575	0.0073445952330807	12:6440009	ABF_H3_DOMINANT	PASS	626	0.8883228161545057	0.0065791062911904	0.8949019224456962	0.0073517623844301	12:6440009	ABF_H3_DOMINANT	PASS	626	0.8883805730045751	0.0065730722722592	0.8949536452768343	0.0073445952278634	12:6440009	ABF_H3_DOMINANT	PASS	626	0.8883228161545026	0.0065791062911906	0.8949019224456932	0.0073517623844303	12:6440009	ABF_H3_DOMINANT	PASS	H3_DISTINCT_SIGNAL	ABF_H3_DOMINANT	H3_SUPPORTED_STABLE	STABLE_H3	MATCH		626	0.0039190883317674	0.0043374960789744	1	H3	H3	H3	H3	H3	H3	H3	False	False	False	False	False	False	H3 -> H3 -> H3 -> H3
R7B1_003537	38	GAPDH	CD8_ET	H3_RESCUE_FALSIFICATION	ABF_H3_DOMINANT	H3_SUPPORTED_STABLE	696	9aa15926a60154b4008ba3f8fe1cd3e5255a8322eb80859923126301002c06f2	626	f330f88541a4cd1973f6008d938378b1a0606aed0a32bb8687668b6e2bdcc5b9	70	0.1005747126436781	980	e09912c0f3a0ee002130d9f43c50768cd9ba79fc43cd28a77fcb9782df202f5f	d17f24aa935325ebeda7b81a81dd4b4be29eb4ea6ed82a41009ca7c50c709d89	df1c1fa78aa2e7b03ac825f6404729c8fe3227bf574658400f2d7c1b578c8720	0.6090503516623031	0.6092684136576599	617	9	0	23287	24178.5	24510	0.0009800426273978	PASS	696	0.999999953363756	1.3860743333205795e-09	0.9999999547498304	1.386074396040681e-09	12:6440009	ABF_H3_DOMINANT	PASS	626	0.9999999533637488	1.3860743752208462e-09	0.9999999547498232	1.3860744379409594e-09	12:6440009	ABF_H3_DOMINANT	PASS	626	0.9999999534463636	1.3831840807319967e-09	0.9999999548295478	1.3831841432110496e-09	12:6440009	ABF_H3_DOMINANT	PASS	626	0.9999999535402904	1.3813464400157314e-09	0.9999999549216368	1.3813465022845706e-09	12:6440009	ABF_H3_DOMINANT	PASS	626	0.9999999536229052	1.3784560513138976e-09	0.9999999550013612	1.3784561133425463e-09	12:6440009	ABF_H3_DOMINANT	PASS	626	0.9999999535402831	1.381346529201308e-09	0.9999999549216296	1.381346591470161e-09	12:6440009	ABF_H3_DOMINANT	PASS	H3_DISTINCT_SIGNAL	ABF_H3_DOMINANT	H3_SUPPORTED_STABLE	STABLE_H3	MATCH		626	4.36325219371497e-10	4.36325232611822e-10	1	H3	H3	H3	H3	H3	H3	H3	False	False	False	False	False	False	H3 -> H3 -> H3 -> H3
R7B1_003541	38	GAPDH	Mono_C	H3_RESCUE_FALSIFICATION	ABF_H3_DOMINANT	H3_SUPPORTED_STABLE	696	9aa15926a60154b4008ba3f8fe1cd3e5255a8322eb80859923126301002c06f2	626	f330f88541a4cd1973f6008d938378b1a0606aed0a32bb8687668b6e2bdcc5b9	70	0.1005747126436781	851	6626d52b18fd8ec24fa5b7ee0428625d44024ca727bd7e8b1c7262cc95336528	41cb2f5bcc2b55ba2c4d8008cbbacdad9e6ab968ea14e1ee7c5f79cc072e0902	32d5bae99f33fd1a2561f9171bcb429617d41d4f5d46ccf57e9e8563e4b4fe70	0.72494543817687	0.725165077875113	617	9	0	23287	24178.5	24510	0.0009800426273978	PASS	696	0.9981904556319724	9.241984709026556e-05	0.9982828754790628	9.257881644610452e-05	12:6440009	ABF_H3_DOMINANT	PASS	626	0.9981899608276392	9.244511850314862e-05	0.9982824059461424	9.260417488329054e-05	12:6440009	ABF_H3_DOMINANT	PASS	626	0.998191497543786	9.234548056420595e-05	0.99828384302435	9.250423234782682e-05	12:6440009	ABF_H3_DOMINANT	PASS	626	0.9981899610028576	9.244511477862448e-05	0.9982824061176362	9.26041711364498e-05	12:6440009	ABF_H3_DOMINANT	PASS	626	0.998191497719001	9.234547683964731e-05	0.9982838431958406	9.25042286009744e-05	12:6440009	ABF_H3_DOMINANT	PASS	626	0.9981899610028504	9.244511477870131e-05	0.9982824061176292	9.260417113652744e-05	12:6440009	ABF_H3_DOMINANT	PASS	H3_DISTINCT_SIGNAL	ABF_H3_DOMINANT	H3_SUPPORTED_STABLE	STABLE_H3	MATCH		626	4.00823404022302e-05	4.01322255928814e-05	1	H3	H3	H3	H3	H3	H3	H3	False	False	False	False	False	False	H3 -> H3 -> H3 -> H3
R7B1_003542	38	GAPDH	Mono_NC	H3_RESCUE_FALSIFICATION	ABF_H3_DOMINANT	H3_SUPPORTED_STABLE	696	9aa15926a60154b4008ba3f8fe1cd3e5255a8322eb80859923126301002c06f2	626	f330f88541a4cd1973f6008d938378b1a0606aed0a32bb8687668b6e2bdcc5b9	70	0.1005747126436781	690	b6de88f5ee5271d390580c3ffb265f95de1915ea8343b232f5e420e3b3f8b1e5	349a6cd111b512088305664127ab1fc3ca8a7f5075322f1dae5c937801a86e19	983cd411d48154febbda48305b1d560f7d8a181bb43e9967ddb57aed303204c8	0.8705445161541701	0.870740918511208	617	9	0	23287	24178.5	24510	0.0009800426273978	PASS	696	0.9999999998203252	6.1350484171442186e-12	0.9999999998264602	6.135048418208895e-12	12:6652227	ABF_H3_DOMINANT	PASS	626	0.9999999998199128	6.419883346173738e-12	0.9999999998263328	6.419883347288661e-12	12:6652227	ABF_H3_DOMINANT	PASS	626	0.9999999998199128	6.419864979426719e-12	0.9999999998263328	6.419864980541639e-12	12:6652227	ABF_H3_DOMINANT	PASS	626	0.9999999999980388	1.0763738835265903e-13	0.9999999999981466	1.0763738835285853e-13	12:6440009	ABF_H3_DOMINANT	PASS	626	0.9999999999980388	1.0756493738227321e-13	0.9999999999981464	1.075649373824726e-13	12:6440009	ABF_H3_DOMINANT	PASS	626	0.9999999999980318	1.0792068599390425e-13	0.9999999999981396	1.0792068599410501e-13	12:6440009	ABF_H3_DOMINANT	PASS	H3_DISTINCT_SIGNAL	ABF_H3_DOMINANT	H3_SUPPORTED_STABLE	STABLE_H3	MATCH		626	1.01197546739222e-13	1.01197546739524e-13	1	H3	H3	H3	H3	H3	H3	H3	False	False	False	False	False	False	H3 -> H3 -> H3 -> H3
R7B1_003543	38	GAPDH	NK	H3_RESCUE_FALSIFICATION	ABF_H3_DOMINANT	H3_SUPPORTED_STABLE	696	9aa15926a60154b4008ba3f8fe1cd3e5255a8322eb80859923126301002c06f2	626	f330f88541a4cd1973f6008d938378b1a0606aed0a32bb8687668b6e2bdcc5b9	70	0.1005747126436781	980	302aa7a7d20cd5fb59ae0aac21ae0a1139113924cc154f35bb0f5cdff18ef480	8c03751bb88e1b57325262ebe50829a98da29ea7f17ef054ff9050f084a39f8b	c27bb418311a572decef9f0c63173bd777c66aaabb3ea97370ff1b0f3a52a869	0.6659947143276762	0.6662373389426015	617	9	0	23287	24178.5	24510	0.0009800426273978	PASS	696	0.9999997274396524	7.79738696340087e-09	0.9999997352370392	7.797389027860676e-09	12:6440009	ABF_H3_DOMINANT	PASS	626	0.999999727439631	7.797387444560936e-09	0.9999997352370184	7.797389509021032e-09	12:6440009	ABF_H3_DOMINANT	PASS	626	0.9999997278952448	7.781839726609745e-09	0.9999997356770848	7.781841783528853e-09	12:6440009	ABF_H3_DOMINANT	PASS	626	0.9999997276163785	7.792452018071524e-09	0.9999997354088304	7.792454079886063e-09	12:6440009	ABF_H3_DOMINANT	PASS	626	0.9999997280719924	7.776904177167451e-09	0.9999997358488968	7.776906231445813e-09	12:6440009	ABF_H3_DOMINANT	PASS	626	0.9999997276163712	7.792452110831263e-09	0.9999997354088234	7.792454172645882e-09	12:6440009	ABF_H3_DOMINANT	PASS	H3_DISTINCT_SIGNAL	ABF_H3_DOMINANT	H3_SUPPORTED_STABLE	STABLE_H3	MATCH		626	2.55649774924286e-09	2.5564982109698603e-09	1	H3	H3	H3	H3	H3	H3	H3	False	False	False	False	False	False	H3 -> H3 -> H3 -> H3
R7B1_003549	38	MLF2	CD4_NC	H3_RESCUE_FALSIFICATION	ABF_H3_DOMINANT	H3_SUPPORTED_STABLE	682	86f1628c0b4ad17a1077810f5d84d0111ba651263f01c3dc87c587fb3fa0b3b9	615	17889d64935d0acde3fe33d08ef76c4d547df15bffd55da52c7b61f8d41dfaa5	67	0.0982404692082111	980	8f9132ff59979401e8474569da5a18668effae3c41feed67bce86cda19e49672	91198b6a14eb08dc757a7b0f0b0771138eba9679823400c7a8094fc816f9451e	36864f0a64886bcad8ab6d7268ce3a9046de197c5c3f9982fe42388f86f0d1c2	0.4956338136343857	0.4959546014998685	606	9	0	23287	24179.0	24510	0.0009800426273978	PASS	682	0.9999998993704488	9.936659934910889e-09	0.9999999093071088	9.936660836095389e-09	12:6440009	ABF_H3_DOMINANT	PASS	615	0.9999991205436446	8.69563766372949e-08	0.9999992075000212	8.695644555027616e-08	12:6440009	ABF_H3_DOMINANT	PASS	615	0.9999991225198116	8.672615958874364e-08	0.9999992092459712	8.6726228167858e-08	12:6440009	ABF_H3_DOMINANT	PASS	615	0.999999120718644	8.695318427832837e-08	0.9999992076718284	8.695325317384049e-08	12:6440009	ABF_H3_DOMINANT	PASS	615	0.9999991226948108	8.67229672271032e-08	0.999999209417778	8.672303578879354e-08	12:6440009	ABF_H3_DOMINANT	PASS	615	0.999999120718644	8.695318434089266e-08	0.9999992076718284	8.695325323640482e-08	12:6440009	ABF_H3_DOMINANT	PASS	H3_DISTINCT_SIGNAL	ABF_H3_DOMINANT	H3_SUPPORTED_STABLE	STABLE_H3	PF50_UNINFORMATIVE		615	5.7627975257827e-08	5.7628032796933e-08	1	H3	H3	H3	H3	H3	H3	H3	False	False	False	False	False	False	H3 -> H3 -> H3 -> H3
R7B1_003551	38	MLF2	CD8_ET	H3_RESCUE_FALSIFICATION	ABF_H3_DOMINANT	H3_SUPPORTED_STABLE	682	86f1628c0b4ad17a1077810f5d84d0111ba651263f01c3dc87c587fb3fa0b3b9	615	17889d64935d0acde3fe33d08ef76c4d547df15bffd55da52c7b61f8d41dfaa5	67	0.0982404692082111	980	0eb5fcae494dfe6e516a8bc718bc0faed6a51620233e7eda2ded97daf61281d4	d17f24aa935325ebeda7b81a81dd4b4be29eb4ea6ed82a41009ca7c50c709d89	df1c1fa78aa2e7b03ac825f6404729c8fe3227bf574658400f2d7c1b578c8720	0.6834558363043959	0.6838304642993517	606	9	0	23287	24179.0	24510	0.0009800426273978	PASS	682	0.9153198385332966	0.002591145380756	0.9179109839140526	0.0028228721805976	12:6440009	ABF_H3_DOMINANT	PASS	615	0.8898770229969324	0.0033696752380425	0.8932466982349749	0.0037723903650591	12:6440009	ABF_H3_DOMINANT	PASS	615	0.889942353869435	0.0033660639913161	0.8933084178607512	0.0037680871734949	12:6440009	ABF_H3_DOMINANT	PASS	615	0.8898770231520851	0.0033696752355051	0.8932466983875902	0.003772390361574	12:6440009	ABF_H3_DOMINANT	PASS	615	0.8899423540246022	0.003366063988778	0.8933084180133802	0.0037680871700098	12:6440009	ABF_H3_DOMINANT	PASS	615	0.8898770231520818	0.0033696752355052	0.8932466983875871	0.003772390361574	12:6440009	ABF_H3_DOMINANT	PASS	H3_DISTINCT_SIGNAL	ABF_H3_DOMINANT	H3_SUPPORTED_STABLE	STABLE_H3	MATCH		615	0.0024808592177373	0.0028030604047117	1	H3	H3	H3	H3	H3	H3	H3	False	False	False	False	False	False	H3 -> H3 -> H3 -> H3
R7B1_003557	38	MLF2	NK	H3_RESCUE_FALSIFICATION	ABF_H3_DOMINANT	UNINFORMATIVE	682	86f1628c0b4ad17a1077810f5d84d0111ba651263f01c3dc87c587fb3fa0b3b9	615	17889d64935d0acde3fe33d08ef76c4d547df15bffd55da52c7b61f8d41dfaa5	67	0.0982404692082111	980	1498d85d8442c4c78c475b361ce9b96710e37531d3c0fba24f716a33ea69b111	8c03751bb88e1b57325262ebe50829a98da29ea7f17ef054ff9050f084a39f8b	c27bb418311a572decef9f0c63173bd777c66aaabb3ea97370ff1b0f3a52a869	0.7169976946980355	0.7174035128651879	606	9	0	23287	24179.0	24510	0.0009800426273978	PASS	682	0.93793623085765	0.0017726947158718	0.9397089255735218	0.0018864295822133	12:6440009	ABF_H3_DOMINANT	PASS	615	0.7030337051865796	0.0084820917172208	0.7115157969038004	0.0119211572731499	12:6440009	ABF_UNINFORMATIVE_OR_NO_TRIGGER	PASS	615	0.7031402276327955	0.0084747921996818	0.7116150198324773	0.0119092373874808	12:6440009	ABF_UNINFORMATIVE_OR_NO_TRIGGER	PASS	615	0.7030337053082739	0.0084820917159475	0.7115157970242214	0.0119211572693428	12:6440009	ABF_UNINFORMATIVE_OR_NO_TRIGGER	PASS	615	0.7031402277545084	0.008474792198407	0.7116150199529154	0.0119092373836738	12:6440009	ABF_UNINFORMATIVE_OR_NO_TRIGGER	PASS	615	0.7030337053082689	0.0084820917159474	0.7115157970242164	0.0119211572693428	12:6440009	ABF_UNINFORMATIVE_OR_NO_TRIGGER	PASS	H3_DISTINCT_SIGNAL	ABF_H3_DOMINANT	UNINFORMATIVE	H3_TO_UNINFORMATIVE	NOT_COMPARABLE		615	0.0065438555977974	0.0094412588392582	1	H3	UNINFORMATIVE	UNINFORMATIVE	UNINFORMATIVE	UNINFORMATIVE	UNINFORMATIVE	UNINFORMATIVE	True	False	False	False	False	False	H3 -> UNINFORMATIVE -> UNINFORMATIVE -> UNINFORMATIVE
R7B1_003563	38	MRPL51	CD4_NC	H3_RESCUE_FALSIFICATION	ABF_H3_DOMINANT	H3_SUPPORTED_STABLE	696	9aa15926a60154b4008ba3f8fe1cd3e5255a8322eb80859923126301002c06f2	626	f330f88541a4cd1973f6008d938378b1a0606aed0a32bb8687668b6e2bdcc5b9	70	0.1005747126436781	980	0f40c2205b5d84301b8b7ddd6e3174867c15cd5e8d3dfdde78b4445fc24edc0d	91198b6a14eb08dc757a7b0f0b0771138eba9679823400c7a8094fc816f9451e	36864f0a64886bcad8ab6d7268ce3a9046de197c5c3f9982fe42388f86f0d1c2	0.4159432356180157	0.4157585104452278	617	9	0	23287	24178.5	24510	0.0009800426273978	PASS	696	0.9999999998232312	3.759239225857033e-12	0.9999999998269904	3.7592392265074175e-12	12:6583387	ABF_H3_DOMINANT	PASS	626	0.9999999998232312	3.759239225858903e-12	0.9999999998269904	3.759239226509288e-12	12:6583387	ABF_H3_DOMINANT	PASS	626	0.9999999998232312	3.759262694746033e-12	0.9999999998269904	3.759262695396421e-12	12:6583387	ABF_H3_DOMINANT	PASS	626	0.999999999998778	2.4028552388851933e-14	0.9999999999988018	2.4028552388880723e-14	12:6583387	ABF_H3_DOMINANT	PASS	626	0.999999999998778	2.402872243993941e-14	0.9999999999988018	2.40287224399682e-14	12:6583387	ABF_H3_DOMINANT	PASS	626	0.9999999999987635	2.4126415137464184e-14	0.9999999999987876	2.4126415137493428e-14	12:6583387	ABF_H3_DOMINANT	PASS	H3_DISTINCT_SIGNAL	ABF_H3_DOMINANT	H3_SUPPORTED_STABLE	STABLE_H3	MATCH		626	2.26317860740424e-14	2.26317860740699e-14	1	H3	H3	H3	H3	H3	H3	H3	False	False	False	False	False	False	H3 -> H3 -> H3 -> H3
R7B1_003566	38	MRPL51	CD8_NC	H3_RESCUE_FALSIFICATION	ABF_H3_DOMINANT	H3_SUPPORTED_STABLE	696	9aa15926a60154b4008ba3f8fe1cd3e5255a8322eb80859923126301002c06f2	626	f330f88541a4cd1973f6008d938378b1a0606aed0a32bb8687668b6e2bdcc5b9	70	0.1005747126436781	980	4240120e47cd89bb9198898fd255bcf5a963ece77c77b27502d010ea2baa7a70	7d93ad93755afd1b501ff1d224b3009905232393ee5e56e654ee1c446dfe08e3	a8749cdcfcd94e667142099473edc1cb1b8256531fb28c612b8ffee4c71235dd	0.6081358590849262	0.6083176494143648	617	9	0	23287	24178.5	24510	0.0009800426273978	PASS	696	0.9999850557445004	4.363339692946777e-07	0.9999854920784698	4.36340299685506e-07	12:6440009	ABF_H3_DOMINANT	PASS	626	0.9999850557435273	4.363339976967043e-07	0.9999854920775249	4.36340328088357e-07	12:6440009	ABF_H3_DOMINANT	PASS	626	0.9999850677527776	4.358682961901058e-07	0.999985503621074	4.3587461479368613e-07	12:6440009	ABF_H3_DOMINANT	PASS	626	0.9999850559192204	4.363301104600209e-07	0.9999854922493308	4.3633644072031074e-07	12:6440009	ABF_H3_DOMINANT	PASS	626	0.9999850679284707	4.35864408955747e-07	0.99998550379288	4.358707274280894e-07	12:6440009	ABF_H3_DOMINANT	PASS	626	0.9999850559192132	4.363301105688295e-07	0.999985492249324	4.36336440829124e-07	12:6440009	ABF_H3_DOMINANT	PASS	H3_DISTINCT_SIGNAL	ABF_H3_DOMINANT	H3_SUPPORTED_STABLE	STABLE_H3	MATCH		626	2.24482761181692e-07	2.24485780615552e-07	1	H3	H3	H3	H3	H3	H3	H3	False	False	False	False	False	False	H3 -> H3 -> H3 -> H3
R7B1_003569	38	MRPL51	Mono_C	H3_RESCUE_FALSIFICATION	ABF_H3_DOMINANT	H3_SUPPORTED_STABLE	696	9aa15926a60154b4008ba3f8fe1cd3e5255a8322eb80859923126301002c06f2	626	f330f88541a4cd1973f6008d938378b1a0606aed0a32bb8687668b6e2bdcc5b9	70	0.1005747126436781	851	21f700ef759d27822bd2b3d74f1595b62f29ce9cf255b33160a44ec3db130b3b	41cb2f5bcc2b55ba2c4d8008cbbacdad9e6ab968ea14e1ee7c5f79cc072e0902	32d5bae99f33fd1a2561f9171bcb429617d41d4f5d46ccf57e9e8563e4b4fe70	0.8962605829183774	0.8962927513901535	617	9	0	23287	24178.5	24510	0.0009800426273978	PASS	696	0.9999758284852508	7.520972505444812e-07	0.9999765805825014	7.52114864636503e-07	12:6440009	ABF_H3_DOMINANT	PASS	626	0.999975828482622	7.52097332353622e-07	0.9999765805799542	7.521149464494756e-07	12:6440009	ABF_H3_DOMINANT	PASS	626	0.9999758310722956	7.519932970032348e-07	0.9999765830655928	7.520109067933128e-07	12:6440009	ABF_H3_DOMINANT	PASS	626	0.9999758286583774	7.52093381372284e-07	0.9999765807517588	7.521109952463867e-07	12:6440009	ABF_H3_DOMINANT	PASS	626	0.9999758312480512	7.51989346021595e-07	0.9999765832373974	7.520069555899495e-07	12:6440009	ABF_H3_DOMINANT	PASS	626	0.9999758286583704	7.52093381480595e-07	0.9999765807517518	7.521109953547055e-07	12:6440009	ABF_H3_DOMINANT	PASS	H3_DISTINCT_SIGNAL	ABF_H3_DOMINANT	H3_SUPPORTED_STABLE	STABLE_H3	MATCH		626	3.42433477664597e-07	3.42440370450102e-07	1	H3	H3	H3	H3	H3	H3	H3	False	False	False	False	False	False	H3 -> H3 -> H3 -> H3
R7B1_003577	38	NCAPD2	CD4_NC	H3_RESCUE_FALSIFICATION	ABF_H3_DOMINANT	H3_SUPPORTED_STABLE	696	9aa15926a60154b4008ba3f8fe1cd3e5255a8322eb80859923126301002c06f2	626	f330f88541a4cd1973f6008d938378b1a0606aed0a32bb8687668b6e2bdcc5b9	70	0.1005747126436781	980	ba7e9716b9bf1d148f603d90cb2081bb54ddefc1d0818b2ba4e20af1b20a6e0f	91198b6a14eb08dc757a7b0f0b0771138eba9679823400c7a8094fc816f9451e	36864f0a64886bcad8ab6d7268ce3a9046de197c5c3f9982fe42388f86f0d1c2	0.9051765203807712	0.9056101119844342	617	9	0	23287	24178.5	24510	0.0009800426273978	PASS	696	0.9581784916551572	0.0177374692236811	0.9759159608788384	0.0181752014873371	12:6440009	ABF_H3_DOMINANT	PASS	626	0.9580636922212156	0.0177861583196825	0.9758498505408982	0.0182263268368837	12:6440009	ABF_H3_DOMINANT	PASS	626	0.958099407098734	0.017769231775684	0.975868638874418	0.0182086308216435	12:6440009	ABF_H3_DOMINANT	PASS	626	0.95806369238614	0.017786158319359	0.9758498507054988	0.0182263268334778	12:6440009	ABF_H3_DOMINANT	PASS	626	0.9580994072636676	0.0177692317753576	0.9758686390390252	0.0182086308182376	12:6440009	ABF_H3_DOMINANT	PASS	626	0.9580636923861332	0.017786158319359	0.975849850705492	0.0182263268334779	12:6440009	ABF_H3_DOMINANT	PASS	H3_DISTINCT_SIGNAL	ABF_H3_DOMINANT	H3_SUPPORTED_STABLE	STABLE_H3	MATCH		626	0.012120489330422	0.0123734637630281	1	H3	H3	H3	H3	H3	H3	H3	False	False	False	False	False	False	H3 -> H3 -> H3 -> H3
R7B1_003628	38	SPSB2	B_IN	H3_RESCUE_FALSIFICATION	ABF_H3_DOMINANT	H3_SUPPORTED_STABLE	603	a2d00f31a21f40e420eaaa22e5a4b494544591ea93487592c764ea1f8066c458	547	3a83e357541ebbc925a37c76094d485c5f0eb20c9a1c2e2b490d963d3baaaba7	56	0.0928689883913764	975	88a9ce8d1833e847b0c2b19a51ca98d02c6380935099f9f8f7a8d170aeb9ecd0	fdcc737fcb254f557e0dd09e4fe944a0372789cf0cddc38af7fe47e3e6b2208d	4de12e13733b679a18b1e75b584c793a07c18bf15694a8f88269aaccb42396a4	0.9451831174855244	0.9459665769561908	538	9	0	23287	24208.0	24510	0.0009800426273978	PASS	603	0.9967922457579296	0.0001298435226185	0.996922089280548	0.0001302444032634	12:6440009	ABF_H3_DOMINANT	PASS	547	0.988455244023901	0.0004673088120889	0.98892255283599	0.0004725433864854	12:6440009	ABF_H3_DOMINANT	PASS	547	0.9884718344035944	0.0004663217464301	0.9889381561500246	0.0004715378242109	12:6440009	ABF_H3_DOMINANT	PASS	547	0.9884552441957776	0.0004673088100137	0.9889225530057912	0.0004725433843058	12:6440009	ABF_H3_DOMINANT	PASS	547	0.9884718345754774	0.0004663217443546	0.988938156319832	0.0004715378220312	12:6440009	ABF_H3_DOMINANT	PASS	547	0.988455244195774	0.0004673088100138	0.9889225530057878	0.0004725433843059	12:6440009	ABF_H3_DOMINANT	PASS	H3_DISTINCT_SIGNAL	ABF_H3_DOMINANT	H3_SUPPORTED_STABLE	STABLE_H3	MATCH		547	0.0003053347521898	0.0003088938608527	1	H3	H3	H3	H3	H3	H3	H3	False	False	False	False	False	False	H3 -> H3 -> H3 -> H3
R7B1_003629	38	SPSB2	B_MEM	H3_RESCUE_FALSIFICATION	ABF_H3_DOMINANT	H3_SUPPORTED_STABLE	603	a2d00f31a21f40e420eaaa22e5a4b494544591ea93487592c764ea1f8066c458	547	3a83e357541ebbc925a37c76094d485c5f0eb20c9a1c2e2b490d963d3baaaba7	56	0.0928689883913764	970	1c25695955b2c0a435b379c66920922753174eb977cc4fc499d4a88b941ddc95	8bab5f62a4bc3c1837b50444115c2b6d3be9952fd5317b8ba31e38deb05e82eb	22e8782b0d42dc812652aadc4f8e0050f18ef37c1d8580b0cfd765b4b290598b	0.9536174611304624	0.9543933474860552	538	9	0	23287	24208.0	24510	0.0009800426273978	PASS	603	0.9997945305032164	6.005368379904872e-06	0.9998005358715962	6.006566474451398e-06	12:6440009	ABF_H3_DOMINANT	PASS	547	0.9993372008787264	1.93719957641544e-05	0.9993565728744906	1.9384468256844428e-05	12:6440009	ABF_H3_DOMINANT	PASS	547	0.999338438276083	1.932194993645144e-05	0.9993577602260196	1.9334367236095207e-05	12:6440009	ABF_H3_DOMINANT	PASS	547	0.9993372010525804	1.9371993599855097e-05	0.9993565730461802	1.9384466087821407e-05	12:6440009	ABF_H3_DOMINANT	PASS	547	0.9993384384499444	1.9321947772143187e-05	0.9993577603977164	1.9334365067074272e-05	12:6440009	ABF_H3_DOMINANT	PASS	547	0.9993372010525804	1.937199359992241e-05	0.9993565730461804	1.938446608788876e-05	12:6440009	ABF_H3_DOMINANT	PASS	H3_DISTINCT_SIGNAL	ABF_H3_DOMINANT	H3_SUPPORTED_STABLE	STABLE_H3	MATCH		547	1.14879327831926e-05	1.14957085379685e-05	1	H3	H3	H3	H3	H3	H3	H3	False	False	False	False	False	False	H3 -> H3 -> H3 -> H3
R7B1_003630	38	SPSB2	CD4_ET	H3_RESCUE_FALSIFICATION	ABF_H3_DOMINANT	H3_SUPPORTED_STABLE	603	a2d00f31a21f40e420eaaa22e5a4b494544591ea93487592c764ea1f8066c458	547	3a83e357541ebbc925a37c76094d485c5f0eb20c9a1c2e2b490d963d3baaaba7	56	0.0928689883913764	980	54bcd6790115af2d9c16a989399527dda6a4b43513c14278754656f8826dc4e8	e4c076a37f37d99c1e2b30856cc03be4bed3358409ccb10d5b6287e97d9f76b3	fb04986f199df0da664ab98d9f41604c5f1a3f2148cda87e1bb7be3d720b7a96	0.93503397284577	0.9358195181711624	538	9	0	23287	24208.0	24510	0.0009800426273978	PASS	603	0.99971286007162	1.4146191787190345e-05	0.9997270062634072	1.415005466348592e-05	12:6440009	ABF_H3_DOMINANT	PASS	547	0.9990451155242778	4.704320737890126e-05	0.9990921587316568	4.708595395105734e-05	12:6440009	ABF_H3_DOMINANT	PASS	547	0.99904691724428	4.692385752653153e-05	0.9990938411018064	4.6966416562816194e-05	12:6440009	ABF_H3_DOMINANT	PASS	547	0.9990451156981164	4.704320518336376e-05	0.9990921589032998	4.708595174543551e-05	12:6440009	ABF_H3_DOMINANT	PASS	547	0.9990469174181188	4.692385533096782e-05	0.99909384127345	4.696641435719236e-05	12:6440009	ABF_H3_DOMINANT	PASS	547	0.9990451156981094	4.704320518341958e-05	0.9990921589032928	4.708595174549171e-05	12:6440009	ABF_H3_DOMINANT	PASS	H3_DISTINCT_SIGNAL	ABF_H3_DOMINANT	H3_SUPPORTED_STABLE	STABLE_H3	MATCH		547	3.2563161181342e-05	3.25987443852861e-05	1	H3	H3	H3	H3	H3	H3	H3	False	False	False	False	False	False	H3 -> H3 -> H3 -> H3
R7B1_003631	38	SPSB2	CD4_NC	H3_RESCUE_FALSIFICATION	ABF_H3_DOMINANT	H3_SUPPORTED_STABLE	603	a2d00f31a21f40e420eaaa22e5a4b494544591ea93487592c764ea1f8066c458	547	3a83e357541ebbc925a37c76094d485c5f0eb20c9a1c2e2b490d963d3baaaba7	56	0.0928689883913764	980	7cef5c7d4f5098b4826a61352aa1969ef3956891c51c913a60c6079d944c1df5	91198b6a14eb08dc757a7b0f0b0771138eba9679823400c7a8094fc816f9451e	36864f0a64886bcad8ab6d7268ce3a9046de197c5c3f9982fe42388f86f0d1c2	0.7356124625771645	0.7369023819218375	538	9	0	23287	24208.0	24510	0.0009800426273978	PASS	603	0.999999999824766	2.229027883607752e-12	0.999999999826995	2.229027883993385e-12	12:6965194	ABF_H3_DOMINANT	PASS	547	0.999999999824766	2.224422619561967e-12	0.9999999998269904	2.2244226199468136e-12	12:6965805	ABF_H3_DOMINANT	PASS	547	0.999999999824766	2.2244226206968e-12	0.9999999998269904	2.2244226210816465e-12	12:6965805	ABF_H3_DOMINANT	PASS	547	0.999999999998778	1.3384110748084416e-14	0.9999999999987912	1.3384110748100594e-14	12:6965805	ABF_H3_DOMINANT	PASS	547	0.999999999998778	1.338411067634415e-14	0.9999999999987912	1.3384110676360327e-14	12:6965805	ABF_H3_DOMINANT	PASS	547	0.999999999998778	1.3438615059707862e-14	0.9999999999987912	1.3438615059724105e-14	12:6965805	ABF_H3_DOMINANT	PASS	H3_DISTINCT_SIGNAL	ABF_H3_DOMINANT	H3_SUPPORTED_STABLE	STABLE_H3	MATCH		547	1.5466975950692102e-14	1.54669759507127e-14	1	H3	H3	H3	H3	H3	H3	H3	False	False	False	False	False	False	H3 -> H3 -> H3 -> H3
R7B1_003633	38	SPSB2	CD8_ET	H3_RESCUE_FALSIFICATION	ABF_H3_DOMINANT	H3_SUPPORTED_STABLE	603	a2d00f31a21f40e420eaaa22e5a4b494544591ea93487592c764ea1f8066c458	547	3a83e357541ebbc925a37c76094d485c5f0eb20c9a1c2e2b490d963d3baaaba7	56	0.0928689883913764	980	7ba1f660e4f9940de41819c381884903052c3f3c43b30e06c6bd5ea7e8f70bbf	d17f24aa935325ebeda7b81a81dd4b4be29eb4ea6ed82a41009ca7c50c709d89	df1c1fa78aa2e7b03ac825f6404729c8fe3227bf574658400f2d7c1b578c8720	0.873908984603192	0.8753829814625524	538	9	0	23287	24208.0	24510	0.0009800426273978	PASS	603	0.9999999998247516	2.2361952014217544e-12	0.999999999826988	2.236195201808643e-12	12:6954875	ABF_H3_DOMINANT	PASS	547	0.999999999824766	2.217351379053796e-12	0.9999999998269832	2.217351379437435e-12	12:6965805	ABF_H3_DOMINANT	PASS	547	0.999999999824766	2.217351628730928e-12	0.9999999998269832	2.217351629114567e-12	12:6965805	ABF_H3_DOMINANT	PASS	547	0.999999999998778	1.3831139197394731e-14	0.9999999999987916	1.383113919741144e-14	12:6965805	ABF_H3_DOMINANT	PASS	547	0.999999999998778	1.3831123413347358e-14	0.9999999999987916	1.3831123413364071e-14	12:6965805	ABF_H3_DOMINANT	PASS	547	0.999999999998778	1.388793786436279e-14	0.9999999999987916	1.3887937864379571e-14	12:6965805	ABF_H3_DOMINANT	PASS	H3_DISTINCT_SIGNAL	ABF_H3_DOMINANT	H3_SUPPORTED_STABLE	STABLE_H3	MATCH		547	1.62424674582141e-14	1.62424674582357e-14	1	H3	H3	H3	H3	H3	H3	H3	False	False	False	False	False	False	H3 -> H3 -> H3 -> H3
R7B1_003634	38	SPSB2	CD8_NC	H3_RESCUE_FALSIFICATION	ABF_H3_DOMINANT	H3_SUPPORTED_STABLE	603	a2d00f31a21f40e420eaaa22e5a4b494544591ea93487592c764ea1f8066c458	547	3a83e357541ebbc925a37c76094d485c5f0eb20c9a1c2e2b490d963d3baaaba7	56	0.0928689883913764	980	ce082cac1b6ce8d1e0dbc1f0a145cf833e7a82f422f6bcc1fbb4692123c926b6	7d93ad93755afd1b501ff1d224b3009905232393ee5e56e654ee1c446dfe08e3	a8749cdcfcd94e667142099473edc1cb1b8256531fb28c612b8ffee4c71235dd	0.8887821675810411	0.8897217784782415	538	9	0	23287	24208.0	24510	0.0009800426273978	PASS	603	0.9999999822969486	5.821612727332092e-10	0.99999998287911	5.821612827003285e-10	12:6440009	ABF_H3_DOMINANT	PASS	547	0.9999999407170908	1.9578797550016412e-09	0.9999999426749704	1.957879867237163e-09	12:6440009	ABF_H3_DOMINANT	PASS	547	0.9999999409594996	1.948093946690855e-09	0.9999999429075934	1.948094057912233e-09	12:6440009	ABF_H3_DOMINANT	PASS	547	0.9999999408911028	1.955678681598785e-09	0.9999999428467814	1.955678793372123e-09	12:6440009	ABF_H3_DOMINANT	PASS	547	0.9999999411335114	1.945892871535538e-09	0.9999999430794044	1.9458929822969253e-09	12:6440009	ABF_H3_DOMINANT	PASS	547	0.9999999408910956	1.9556787391439973e-09	0.9999999428467744	1.955678850917352e-09	12:6440009	ABF_H3_DOMINANT	PASS	H3_DISTINCT_SIGNAL	ABF_H3_DOMINANT	H3_SUPPORTED_STABLE	STABLE_H3	MATCH		547	1.2313378943283e-09	1.23133798984468e-09	1	H3	H3	H3	H3	H3	H3	H3	False	False	False	False	False	False	H3 -> H3 -> H3 -> H3
R7B1_003639	38	SPSB2	NK	H3_RESCUE_FALSIFICATION	ABF_H3_DOMINANT	H3_SUPPORTED_STABLE	603	a2d00f31a21f40e420eaaa22e5a4b494544591ea93487592c764ea1f8066c458	547	3a83e357541ebbc925a37c76094d485c5f0eb20c9a1c2e2b490d963d3baaaba7	56	0.0928689883913764	980	ccac8cee9af1b6e09e5ae65d96143777f2d83bb3d07769fbeef4026eec816898	8c03751bb88e1b57325262ebe50829a98da29ea7f17ef054ff9050f084a39f8b	c27bb418311a572decef9f0c63173bd777c66aaabb3ea97370ff1b0f3a52a869	0.8721855119651576	0.8734815768684435	538	9	0	23287	24208.0	24510	0.0009800426273978	PASS	603	0.9999999998247516	2.2348526751842123e-12	0.9999999998269866	2.234852675570872e-12	12:6954875	ABF_H3_DOMINANT	PASS	547	0.9999999998247802	2.2024834959205017e-12	0.9999999998269826	2.2024834963015694e-12	12:6965805	ABF_H3_DOMINANT	PASS	547	0.9999999998247802	2.2024806022200264e-12	0.9999999998269826	2.2024806026010937e-12	12:6965805	ABF_H3_DOMINANT	PASS	547	0.999999999998778	1.477105444084433e-14	0.9999999999987926	1.4771054440862164e-14	12:6965805	ABF_H3_DOMINANT	PASS	547	0.999999999998778	1.4771237374291573e-14	0.9999999999987926	1.4771237374309408e-14	12:6965805	ABF_H3_DOMINANT	PASS	547	0.999999999998778	1.4832677184589412e-14	0.9999999999987929	1.4832677184607316e-14	12:6965805	ABF_H3_DOMINANT	PASS	H3_DISTINCT_SIGNAL	ABF_H3_DOMINANT	H3_SUPPORTED_STABLE	STABLE_H3	MATCH		547	1.7145340941673702e-14	1.71453409416966e-14	1	H3	H3	H3	H3	H3	H3	H3	False	False	False	False	False	False	H3 -> H3 -> H3 -> H3
R7B1_003642	38	TAPBPL	B_IN	H3_RESCUE_FALSIFICATION	ABF_H3_DOMINANT	H3_SUPPORTED_STABLE	696	9aa15926a60154b4008ba3f8fe1cd3e5255a8322eb80859923126301002c06f2	626	f330f88541a4cd1973f6008d938378b1a0606aed0a32bb8687668b6e2bdcc5b9	70	0.1005747126436781	975	95f4d726898e2f78c29f41cc36ef66258fc1115e60bd7323d408343e80891f06	fdcc737fcb254f557e0dd09e4fe944a0372789cf0cddc38af7fe47e3e6b2208d	4de12e13733b679a18b1e75b584c793a07c18bf15694a8f88269aaccb42396a4	0.8608810967016853	0.8611039651390214	617	9	0	23287	24178.5	24510	0.0009800426273978	PASS	696	0.9999975157774108	7.190288484694309e-08	0.9999975876802956	7.190305830010744e-08	12:6440009	ABF_H3_DOMINANT	PASS	626	0.9999975157501118	7.190367493419403e-08	0.9999975876537868	7.19038483911704e-08	12:6440009	ABF_H3_DOMINANT	PASS	626	0.9999975178844418	7.182544489818776e-08	0.9999975897098868	7.182561801876473e-08	12:6440009	ABF_H3_DOMINANT	PASS	626	0.9999975159240166	7.19015770294212e-08	0.9999975878255936	7.190175046898345e-08	12:6440009	ABF_H3_DOMINANT	PASS	626	0.9999975180583468	7.182334699457173e-08	0.9999975898816936	7.182352009775234e-08	12:6440009	ABF_H3_DOMINANT	PASS	626	0.9999975159240166	7.190157708291819e-08	0.9999975878255938	7.190175052248054e-08	12:6440009	ABF_H3_DOMINANT	PASS	H3_DISTINCT_SIGNAL	ABF_H3_DOMINANT	H3_SUPPORTED_STABLE	STABLE_H3	MATCH		626	8.46327734708588e-08	8.46332405574679e-08	1	H3	H3	H3	H3	H3	H3	H3	False	False	False	False	False	False	H3 -> H3 -> H3 -> H3
R7B1_003643	38	TAPBPL	B_MEM	H3_RESCUE_FALSIFICATION	ABF_H3_DOMINANT	H3_SUPPORTED_STABLE	696	9aa15926a60154b4008ba3f8fe1cd3e5255a8322eb80859923126301002c06f2	626	f330f88541a4cd1973f6008d938378b1a0606aed0a32bb8687668b6e2bdcc5b9	70	0.1005747126436781	970	4cc9e7fdf98a47b246dab98b09cf3bd84e599869dbaa7f0d749d8f11bd7b96ea	8bab5f62a4bc3c1837b50444115c2b6d3be9952fd5317b8ba31e38deb05e82eb	22e8782b0d42dc812652aadc4f8e0050f18ef37c1d8580b0cfd765b4b290598b	0.9462839494228537	0.9467005479534502	617	9	0	23287	24178.5	24510	0.0009800426273978	PASS	696	0.9589477483701444	0.0016308891290739	0.9605786374992183	0.0016978194865126	12:6440009	ABF_H3_DOMINANT	PASS	626	0.9583009843379529	0.0016565832235246	0.9599575675614777	0.0017256838005171	12:6440009	ABF_H3_DOMINANT	PASS	626	0.9583253636128624	0.0016550169305589	0.9599803805434214	0.0017240112028352	12:6440009	ABF_H3_DOMINANT	PASS	626	0.9583009845042832	0.0016565832217714	0.9599575677260546	0.0017256837983949	12:6440009	ABF_H3_DOMINANT	PASS	626	0.9583253637791967	0.0016550169288053	0.9599803807080022	0.001724011200713	12:6440009	ABF_H3_DOMINANT	PASS	626	0.9583009845042764	0.0016565832217714	0.9599575677260476	0.0017256837983949	12:6440009	ABF_H3_DOMINANT	PASS	H3_DISTINCT_SIGNAL	ABF_H3_DOMINANT	H3_SUPPORTED_STABLE	STABLE_H3	MATCH		626	0.0011563593997861	0.0012045006403287	1	H3	H3	H3	H3	H3	H3	H3	False	False	False	False	False	False	H3 -> H3 -> H3 -> H3
R7B1_003644	38	TAPBPL	CD4_ET	H3_RESCUE_FALSIFICATION	ABF_H3_DOMINANT	H3_SUPPORTED_STABLE	696	9aa15926a60154b4008ba3f8fe1cd3e5255a8322eb80859923126301002c06f2	626	f330f88541a4cd1973f6008d938378b1a0606aed0a32bb8687668b6e2bdcc5b9	70	0.1005747126436781	980	703e000639d08f8daf3d8d0ddc6576478e575d522781b30b6759d8e35944ed7b	e4c076a37f37d99c1e2b30856cc03be4bed3358409ccb10d5b6287e97d9f76b3	fb04986f199df0da664ab98d9f41604c5f1a3f2148cda87e1bb7be3d720b7a96	0.903695362937156	0.9040227756313202	617	9	0	23287	24178.5	24510	0.0009800426273978	PASS	696	0.9995930280852616	1.2824835338474176e-05	0.9996058529206	1.282989220301501e-05	12:6440009	ABF_H3_DOMINANT	PASS	626	0.9995915264200728	1.2872157057250112e-05	0.99960439857713	1.287725131619345e-05	12:6440009	ABF_H3_DOMINANT	PASS	626	0.9995918215382364	1.2858813957456343e-05	0.9996046803521936	1.2863899309600832e-05	12:6440009	ABF_H3_DOMINANT	PASS	626	0.999591526594124	1.2872154745968e-05	0.99960439874887	1.287724900178422e-05	12:6440009	ABF_H3_DOMINANT	PASS	626	0.9995918217122838	1.2858811646175748e-05	0.99960468052393	1.2863896995196108e-05	12:6440009	ABF_H3_DOMINANT	PASS	626	0.9995915265941168	1.2872154746032206e-05	0.9996043987488628	1.2877249001848544e-05	12:6440009	ABF_H3_DOMINANT	PASS	H3_DISTINCT_SIGNAL	ABF_H3_DOMINANT	H3_SUPPORTED_STABLE	STABLE_H3	MATCH		626	1.47201996682743e-05	1.47308714884008e-05	1	H3	H3	H3	H3	H3	H3	H3	False	False	False	False	False	False	H3 -> H3 -> H3 -> H3
R7B1_003645	38	TAPBPL	CD4_NC	H3_RESCUE_FALSIFICATION	ABF_H3_DOMINANT	H3_SUPPORTED_STABLE	696	9aa15926a60154b4008ba3f8fe1cd3e5255a8322eb80859923126301002c06f2	626	f330f88541a4cd1973f6008d938378b1a0606aed0a32bb8687668b6e2bdcc5b9	70	0.1005747126436781	980	8b4343d258620de9a24b8be578d0ff5fb5a832c23ed242deec00acf04adc4952	91198b6a14eb08dc757a7b0f0b0771138eba9679823400c7a8094fc816f9451e	36864f0a64886bcad8ab6d7268ce3a9046de197c5c3f9982fe42388f86f0d1c2	0.6880290775190301	0.6877780271089732	617	9	0	23287	24178.5	24510	0.0009800426273978	PASS	696	0.9999999998248654	2.1158944653357374e-12	0.9999999998269812	2.115894465701827e-12	12:6564448	ABF_H3_DOMINANT	PASS	626	0.9999999998248654	2.1158944653367896e-12	0.9999999998269812	2.115894465702879e-12	12:6564448	ABF_H3_DOMINANT	PASS	626	0.9999999998248654	2.1158946315331844e-12	0.9999999998269812	2.1158946318992736e-12	12:6564448	ABF_H3_DOMINANT	PASS	626	0.999999999998778	1.3096655297119643e-14	0.999999999998791	1.3096655297135479e-14	12:6564448	ABF_H3_DOMINANT	PASS	626	0.999999999998778	1.3096656526373572e-14	0.999999999998791	1.3096656526389404e-14	12:6564448	ABF_H3_DOMINANT	PASS	626	0.999999999998778	1.3150012624800954e-14	0.999999999998791	1.3150012624816851e-14	12:6564448	ABF_H3_DOMINANT	PASS	H3_DISTINCT_SIGNAL	ABF_H3_DOMINANT	H3_SUPPORTED_STABLE	STABLE_H3	MATCH		626	1.37197064970523e-14	1.37197064970689e-14	1	H3	H3	H3	H3	H3	H3	H3	False	False	False	False	False	False	H3 -> H3 -> H3 -> H3
R7B1_003647	38	TAPBPL	CD8_ET	H3_RESCUE_FALSIFICATION	ABF_H3_DOMINANT	H3_SUPPORTED_STABLE	696	9aa15926a60154b4008ba3f8fe1cd3e5255a8322eb80859923126301002c06f2	626	f330f88541a4cd1973f6008d938378b1a0606aed0a32bb8687668b6e2bdcc5b9	70	0.1005747126436781	980	1309ab1a72abfa17773339c4e1e69316345500a0369194a6fe4018dff52e651a	d17f24aa935325ebeda7b81a81dd4b4be29eb4ea6ed82a41009ca7c50c709d89	df1c1fa78aa2e7b03ac825f6404729c8fe3227bf574658400f2d7c1b578c8720	0.7718919949922624	0.7715722088739316	617	9	0	23287	24178.5	24510	0.0009800426273978	PASS	696	0.9999999998248796	2.1040377007552626e-12	0.9999999998269836	2.1040377011192948e-12	12:6570821	ABF_H3_DOMINANT	PASS	626	0.9999999998248796	2.104037700756339e-12	0.9999999998269836	2.104037701120372e-12	12:6570821	ABF_H3_DOMINANT	PASS	626	0.9999999998248796	2.104038366887353e-12	0.9999999998269836	2.104038367251386e-12	12:6570821	ABF_H3_DOMINANT	PASS	626	0.999999999998778	1.3077390645499212e-14	0.999999999998791	1.3077390645515022e-14	12:6570821	ABF_H3_DOMINANT	PASS	626	0.999999999998778	1.3077392298900332e-14	0.999999999998791	1.3077392298916142e-14	12:6570821	ABF_H3_DOMINANT	PASS	626	0.999999999998778	1.3130722574826083e-14	0.999999999998791	1.3130722574841958e-14	12:6570821	ABF_H3_DOMINANT	PASS	H3_DISTINCT_SIGNAL	ABF_H3_DOMINANT	H3_SUPPORTED_STABLE	STABLE_H3	MATCH		626	1.37041558579116e-14	1.37041558579282e-14	1	H3	H3	H3	H3	H3	H3	H3	False	False	False	False	False	False	H3 -> H3 -> H3 -> H3
R7B1_003648	38	TAPBPL	CD8_NC	H3_RESCUE_FALSIFICATION	ABF_H3_DOMINANT	H3_SUPPORTED_STABLE	696	9aa15926a60154b4008ba3f8fe1cd3e5255a8322eb80859923126301002c06f2	626	f330f88541a4cd1973f6008d938378b1a0606aed0a32bb8687668b6e2bdcc5b9	70	0.1005747126436781	980	36ee6cc63346f49582f7d52b6a38e3062a4ec3a32c63774b6e71642105054e32	7d93ad93755afd1b501ff1d224b3009905232393ee5e56e654ee1c446dfe08e3	a8749cdcfcd94e667142099473edc1cb1b8256531fb28c612b8ffee4c71235dd	0.8533709517539343	0.8534344616874342	617	9	0	23287	24178.5	24510	0.0009800426273978	PASS	696	0.9999999998107114	2.62687149758626e-12	0.9999999998133384	2.626871498076596e-12	12:6440009	ABF_H3_DOMINANT	PASS	626	0.9999999998107114	2.626871495849757e-12	0.9999999998133384	2.6268714963400935e-12	12:6440009	ABF_H3_DOMINANT	PASS	626	0.9999999998107184	2.626629872727152e-12	0.9999999998133452	2.626629873217425e-12	12:6440009	ABF_H3_DOMINANT	PASS	626	0.999999999984631	5.189287862070297e-13	0.99999999998515	5.189287862147357e-13	12:6440009	ABF_H3_DOMINANT	PASS	626	0.999999999984638	5.186871383660072e-13	0.9999999999851568	5.18687138373706e-13	12:6440009	ABF_H3_DOMINANT	PASS	626	0.999999999984624	5.189822778192832e-13	0.9999999999851428	5.189822778269938e-13	12:6440009	ABF_H3_DOMINANT	PASS	H3_DISTINCT_SIGNAL	ABF_H3_DOMINANT	H3_SUPPORTED_STABLE	STABLE_H3	MATCH		626	0.0118572714821136	0.017877989042205	2	H3	H3	H3	H3	H3	H3	H3	False	False	False	False	False	False	H3 -> H3 -> H3 -> H3
R7B1_003651	38	TAPBPL	Mono_C	H3_RESCUE_FALSIFICATION	ABF_H3_DOMINANT	H3_SUPPORTED_STABLE	696	9aa15926a60154b4008ba3f8fe1cd3e5255a8322eb80859923126301002c06f2	626	f330f88541a4cd1973f6008d938378b1a0606aed0a32bb8687668b6e2bdcc5b9	70	0.1005747126436781	851	7c3c67229d878fa94664dec901a3d46d79a67fe86764e84850a05d4f74868695	41cb2f5bcc2b55ba2c4d8008cbbacdad9e6ab968ea14e1ee7c5f79cc072e0902	32d5bae99f33fd1a2561f9171bcb429617d41d4f5d46ccf57e9e8563e4b4fe70	0.9571908316828088	0.9574329851302548	617	9	0	23287	24178.5	24510	0.0009800426273978	PASS	696	0.9396443958377744	0.0020686130185032	0.9417130088562776	0.0021966490842211	12:6440009	ABF_H3_DOMINANT	PASS	626	0.9348639867781	0.002232455573966	0.937096442352066	0.002382311438898	12:6440009	ABF_H3_DOMINANT	PASS	626	0.9348829011312246	0.0022313288957396	0.9371142300269644	0.0023810639346234	12:6440009	ABF_H3_DOMINANT	PASS	626	0.9348639869406448	0.0022324555719122	0.9370964425125567	0.0023823114362984	12:6440009	ABF_H3_DOMINANT	PASS	626	0.9348829012937724	0.0022313288936855	0.937114230187458	0.0023810639320237	12:6440009	ABF_H3_DOMINANT	PASS	626	0.934863986940638	0.0022324555719122	0.9370964425125504	0.0023823114362984	12:6440009	ABF_H3_DOMINANT	PASS	H3_DISTINCT_SIGNAL	ABF_H3_DOMINANT	H3_SUPPORTED_STABLE	STABLE_H3	MATCH		626	0.0015668523218267	0.0016708332188979	1	H3	H3	H3	H3	H3	H3	H3	False	False	False	False	False	False	H3 -> H3 -> H3 -> H3
R7B1_003652	38	TAPBPL	Mono_NC	H3_RESCUE_FALSIFICATION	ABF_H3_DOMINANT	UNINFORMATIVE	696	9aa15926a60154b4008ba3f8fe1cd3e5255a8322eb80859923126301002c06f2	626	f330f88541a4cd1973f6008d938378b1a0606aed0a32bb8687668b6e2bdcc5b9	70	0.1005747126436781	690	fbebf6ba3c151646d3b4c19220d1571ca6fe7c06bf94f629cd8d6284e9512109	349a6cd111b512088305664127ab1fc3ca8a7f5075322f1dae5c937801a86e19	983cd411d48154febbda48305b1d560f7d8a181bb43e9967ddb57aed303204c8	0.9095599866857116	0.9098547899754282	617	9	0	23287	24178.5	24510	0.0009800426273978	PASS	696	0.8650976490692078	0.0081725464522219	0.8732701955214298	0.0093585541956371	12:6440009	ABF_H3_DOMINANT	PASS	626	0.8647541097916981	0.0081933584742989	0.872947468265997	0.0093858551312074	12:6440009	ABF_H3_DOMINANT	PASS	626	0.8648030402631757	0.008188570233027	0.8729916104962028	0.0093798956766294	12:6440009	ABF_H3_DOMINANT	PASS	626	0.864754109941592	0.0081933584727868	0.8729474684143788	0.0093858551278798	12:6440009	ABF_H3_DOMINANT	PASS	626	0.864803040413078	0.008188570231514	0.872991610644592	0.0093798956733018	12:6440009	ABF_H3_DOMINANT	PASS	626	0.8647541099415857	0.0081933584727868	0.8729474684143725	0.0093858551278799	12:6440009	ABF_H3_DOMINANT	PASS	H3_DISTINCT_SIGNAL	ABF_H3_DOMINANT	UNINFORMATIVE	H3_TO_UNINFORMATIVE	NOT_COMPARABLE		626			0	H3	H3	H3	H3	H3	H3	UNINFORMATIVE	False	False	True	False	False	False	H3 -> H3 -> H3 -> UNINFORMATIVE
R7B1_003653	38	TAPBPL	NK	H3_RESCUE_FALSIFICATION	ABF_H3_DOMINANT	H3_SUPPORTED_STABLE	696	9aa15926a60154b4008ba3f8fe1cd3e5255a8322eb80859923126301002c06f2	626	f330f88541a4cd1973f6008d938378b1a0606aed0a32bb8687668b6e2bdcc5b9	70	0.1005747126436781	980	77b4c81cb1b2dac61a1b8914d20d6b68d00c2e7aa0d0eed994b3c9bcfe734615	8c03751bb88e1b57325262ebe50829a98da29ea7f17ef054ff9050f084a39f8b	c27bb418311a572decef9f0c63173bd777c66aaabb3ea97370ff1b0f3a52a869	0.7642105569224528	0.7639283545367779	617	9	0	23287	24178.5	24510	0.0009800426273978	PASS	696	0.9999999998248796	2.1036415477415136e-12	0.9999999998269832	2.1036415481054787e-12	12:6570821	ABF_H3_DOMINANT	PASS	626	0.9999999998248796	2.10364154774256e-12	0.9999999998269832	2.103641548106525e-12	12:6570821	ABF_H3_DOMINANT	PASS	626	0.9999999998248796	2.103642132231297e-12	0.9999999998269832	2.1036421325952618e-12	12:6570821	ABF_H3_DOMINANT	PASS	626	0.999999999998778	1.3061968100439303e-14	0.999999999998791	1.3061968100455096e-14	12:6570821	ABF_H3_DOMINANT	PASS	626	0.999999999998778	1.3061971681853686e-14	0.999999999998791	1.306197168186948e-14	12:6570821	ABF_H3_DOMINANT	PASS	626	0.999999999998778	1.3115232094628986e-14	0.999999999998791	1.3115232094644842e-14	12:6570821	ABF_H3_DOMINANT	PASS	H3_DISTINCT_SIGNAL	ABF_H3_DOMINANT	H3_SUPPORTED_STABLE	STABLE_H3	MATCH		626	1.37057309620179e-14	1.37057309620345e-14	1	H3	H3	H3	H3	H3	H3	H3	False	False	False	False	False	False	H3 -> H3 -> H3 -> H3
R7B1_003655	38	TAPBPL	Plasma	H3_RESCUE_FALSIFICATION	ABF_H3_DOMINANT	H3_SUPPORTED_STABLE	696	9aa15926a60154b4008ba3f8fe1cd3e5255a8322eb80859923126301002c06f2	626	f330f88541a4cd1973f6008d938378b1a0606aed0a32bb8687668b6e2bdcc5b9	70	0.1005747126436781	253	695f73ce901729ccf6994a226a3653cb497a0fad11346bf41aa7d249f143de59	c02dc237747eb87ebd3aed5f7157750473aeb27876f500fd38ccbd601bb78fe8	b361304dc8d8f1f0091308504cf86db7097163c2adacf301996cff2cc75e3c97	0.9806427425498514	0.9798516008600046	617	9	0	23287	24178.5	24510	0.0009800426273978	PASS	696	0.8722425396100685	0.0070686880298207	0.8793112276398892	0.0080388920414372	12:6440009	ABF_H3_DOMINANT	PASS	626	0.8720872142357302	0.0070772820219994	0.8791644962577296	0.0080500089029126	12:6440009	ABF_H3_DOMINANT	PASS	626	0.871719133980864	0.0071012256625336	0.8788203596433976	0.0080804064045752	12:6440009	ABF_H3_DOMINANT	PASS	626	0.8720872143861298	0.007077282021357	0.8791644964074868	0.0080500089008106	12:6440009	ABF_H3_DOMINANT	PASS	626	0.8717191341311938	0.007101225661896	0.8788203597930898	0.0080804064024733	12:6440009	ABF_H3_DOMINANT	PASS	626	0.8720872143861236	0.007077282021357	0.8791644964074806	0.0080500089008107	12:6440009	ABF_H3_DOMINANT	PASS	H3_DISTINCT_SIGNAL	ABF_H3_DOMINANT	H3_SUPPORTED_STABLE	STABLE_H3	PF50_UNINFORMATIVE		626	0.0013519733549694	0.0014346220720899	1	H3	H3	H3	H3	H3	H3	H3	False	False	False	False	False	False	H3 -> H3 -> H3 -> H3
R7B1_003658	38	TPI1	CD4_ET	H3_RESCUE_FALSIFICATION	ABF_H3_DOMINANT	UNINFORMATIVE	603	a2d00f31a21f40e420eaaa22e5a4b494544591ea93487592c764ea1f8066c458	547	3a83e357541ebbc925a37c76094d485c5f0eb20c9a1c2e2b490d963d3baaaba7	56	0.0928689883913764	980	f215cb94e93ee669ac4e3f6236130b8991de86f33cb942d4c58b283a2c4a04fa	e4c076a37f37d99c1e2b30856cc03be4bed3358409ccb10d5b6287e97d9f76b3	fb04986f199df0da664ab98d9f41604c5f1a3f2148cda87e1bb7be3d720b7a96	0.7606368094248508	0.7612414675617584	538	9	0	23287	24208.0	24510	0.0009800426273978	PASS	603	0.879929738289481	0.0040942563260063	0.8840239946154873	0.0046313859702272	12:6440009	ABF_H3_DOMINANT	PASS	547	0.7110606272189393	0.0098524966850294	0.7209131239039687	0.0136666906987004	12:6440009	ABF_UNINFORMATIVE_OR_NO_TRIGGER	PASS	547	0.7112363801085351	0.0098398389866443	0.7210762190951794	0.0136460456274532	12:6440009	ABF_UNINFORMATIVE_OR_NO_TRIGGER	PASS	547	0.7110606273410075	0.0098524966851695	0.7209131240261771	0.013666690696578	12:6440009	ABF_UNINFORMATIVE_OR_NO_TRIGGER	PASS	547	0.7112363802306335	0.0098398389867818	0.7210762192174154	0.0136460456253307	12:6440009	ABF_UNINFORMATIVE_OR_NO_TRIGGER	PASS	547	0.711060627341005	0.0098524966851695	0.7209131240261745	0.013666690696578	12:6440009	ABF_UNINFORMATIVE_OR_NO_TRIGGER	PASS	H3_DISTINCT_SIGNAL	ABF_H3_DOMINANT	UNINFORMATIVE	H3_TO_UNINFORMATIVE	NOT_COMPARABLE		547	0.0074111844357164	0.0104591125769443	1	H3	UNINFORMATIVE	UNINFORMATIVE	UNINFORMATIVE	UNINFORMATIVE	UNINFORMATIVE	UNINFORMATIVE	True	False	False	False	False	False	H3 -> UNINFORMATIVE -> UNINFORMATIVE -> UNINFORMATIVE
R7B1_003659	38	TPI1	CD4_NC	H3_RESCUE_FALSIFICATION	ABF_H3_DOMINANT	H3_SUPPORTED_STABLE	603	a2d00f31a21f40e420eaaa22e5a4b494544591ea93487592c764ea1f8066c458	547	3a83e357541ebbc925a37c76094d485c5f0eb20c9a1c2e2b490d963d3baaaba7	56	0.0928689883913764	980	c7b2aafcf94846192e8b9f5f93728e6080c5096e4c1636af66ecdc16095d5599	91198b6a14eb08dc757a7b0f0b0771138eba9679823400c7a8094fc816f9451e	36864f0a64886bcad8ab6d7268ce3a9046de197c5c3f9982fe42388f86f0d1c2	0.4925743501149043	0.493198087091806	538	9	0	23287	24208.0	24510	0.0009800426273978	PASS	603	0.9999999998247516	2.2398640753121904e-12	0.9999999998269916	2.2398640756997056e-12	12:6954875	ABF_H3_DOMINANT	PASS	547	0.999999999824766	2.223891074691829e-12	0.9999999998269898	2.223891075076585e-12	12:6965805	ABF_H3_DOMINANT	PASS	547	0.999999999824766	2.22389145176204e-12	0.9999999998269898	2.223891452146796e-12	12:6965805	ABF_H3_DOMINANT	PASS	547	0.999999999998778	1.3418952493152456e-14	0.9999999999987912	1.3418952493168676e-14	12:6965805	ABF_H3_DOMINANT	PASS	547	0.999999999998778	1.3418915704415822e-14	0.9999999999987912	1.341891570443204e-14	12:6965805	ABF_H3_DOMINANT	PASS	547	0.999999999998778	1.3473629649371822e-14	0.9999999999987912	1.3473629649388104e-14	12:6965805	ABF_H3_DOMINANT	PASS	H3_DISTINCT_SIGNAL	ABF_H3_DOMINANT	H3_SUPPORTED_STABLE	STABLE_H3	MATCH		547	1.55360534843035e-14	1.55360534843242e-14	1	H3	H3	H3	H3	H3	H3	H3	False	False	False	False	False	False	H3 -> H3 -> H3 -> H3
R7B1_003662	38	TPI1	CD8_NC	H3_RESCUE_FALSIFICATION	ABF_H3_DOMINANT	UNINFORMATIVE	603	a2d00f31a21f40e420eaaa22e5a4b494544591ea93487592c764ea1f8066c458	547	3a83e357541ebbc925a37c76094d485c5f0eb20c9a1c2e2b490d963d3baaaba7	56	0.0928689883913764	980	4e13c01d7fc0304ceb813c475f01142ec8db1b5d6f9cfe63d92a2814d6043906	7d93ad93755afd1b501ff1d224b3009905232393ee5e56e654ee1c446dfe08e3	a8749cdcfcd94e667142099473edc1cb1b8256531fb28c612b8ffee4c71235dd	0.6503770230535773	0.6508707089870472	538	9	0	23287	24208.0	24510	0.0009800426273978	PASS	603	0.8065059939023997	0.0055802941464078	0.8120862880488076	0.0068715532185816	12:6440009	ABF_H3_DOMINANT	PASS	547	0.580863824520303	0.0120877291983602	0.5929515537186633	0.0203856944510099	12:6440009	ABF_UNINFORMATIVE_OR_NO_TRIGGER	PASS	547	0.5810424001204597	0.0120744624867124	0.5931168626071721	0.0203576449228513	12:6440009	ABF_UNINFORMATIVE_OR_NO_TRIGGER	PASS	547	0.5808638246196696	0.0120877291990989	0.5929515538187685	0.020385694448814	12:6440009	ABF_UNINFORMATIVE_OR_NO_TRIGGER	PASS	547	0.5810424002198588	0.0120744624874485	0.5931168627073072	0.0203576449206554	12:6440009	ABF_UNINFORMATIVE_OR_NO_TRIGGER	PASS	547	0.5808638246196675	0.0120877291990988	0.5929515538187664	0.020385694448814	12:6440009	ABF_UNINFORMATIVE_OR_NO_TRIGGER	PASS	H3_DISTINCT_SIGNAL	ABF_H3_DOMINANT	UNINFORMATIVE	H3_TO_UNINFORMATIVE	NOT_COMPARABLE		547	0.0102402148589193	0.0193943621517632	1	H3	UNINFORMATIVE	UNINFORMATIVE	UNINFORMATIVE	UNINFORMATIVE	UNINFORMATIVE	UNINFORMATIVE	True	False	False	False	False	False	H3 -> UNINFORMATIVE -> UNINFORMATIVE -> UNINFORMATIVE
R7B1_003664	38	TPI1	DC	PRIMARY_184_TRIGGER_VERIFICATION	ABF_H4_DOMINANT	UNINFORMATIVE	603	a2d00f31a21f40e420eaaa22e5a4b494544591ea93487592c764ea1f8066c458	547	3a83e357541ebbc925a37c76094d485c5f0eb20c9a1c2e2b490d963d3baaaba7	56	0.0928689883913764	726	47fc92bfb2828d72321c8c0e68599682a06a4127450c4db770b1d1cfabb1e82e	1bab983c6c94c00fa21a264d09a25a6f4d1f6fcfbaf67dd9dfa2ef7aac88fb6e	cf73da647dd77e63326bbb63e4cb4f4e858fdcd56eed2bda8ae1623cf1e14188	0.7267301104465503	0.727396497360825	538	9	0	23287	24208.0	24510	0.0009800426273978	PASS	603	0.019289241427106	0.8501653114660551	0.8694545528931611	0.97781454894575	12:6440009	ABF_H4_DOMINANT	PASS	547	0.0102790690378927	0.8579761118983521	0.8682551809362449	0.9881612350106466	12:6440009	ABF_H4_DOMINANT	PASS	547	0.0102761076687525	0.8580086073515174	0.8682847150202699	0.9881650482946568	12:6440009	ABF_H4_DOMINANT	PASS	547	0.0102790690381234	0.857976111919686	0.8682551809578095	0.9881612350106748	12:6440009	ABF_H4_DOMINANT	PASS	547	0.010276107668983	0.8580086073728491	0.8682847150418322	0.9881650482946852	12:6440009	ABF_H4_DOMINANT	PASS	547	0.0102790690381234	0.857976111919686	0.8682551809578095	0.9881612350106748	12:6440009	ABF_H4_DOMINANT	PASS	ROBUST_H4_TRIGGER	ABF_H4_DOMINANT	UNINFORMATIVE	H4_TO_UNINFORMATIVE	NOT_COMPARABLE		547			0	H4	H4	H4	H4	H4	H4	UNINFORMATIVE	False	False	True	False	False	False	H4 -> H4 -> H4 -> UNINFORMATIVE
R7B1_003673	38	VAMP1	CD4_NC	H3_RESCUE_FALSIFICATION	ABF_H3_DOMINANT	H3_SUPPORTED_STABLE	696	9aa15926a60154b4008ba3f8fe1cd3e5255a8322eb80859923126301002c06f2	626	f330f88541a4cd1973f6008d938378b1a0606aed0a32bb8687668b6e2bdcc5b9	70	0.1005747126436781	980	f1ed13af7773a2b1cb1c54632a6e26b22eca5f28467bf05683e2db17768377e4	91198b6a14eb08dc757a7b0f0b0771138eba9679823400c7a8094fc816f9451e	36864f0a64886bcad8ab6d7268ce3a9046de197c5c3f9982fe42388f86f0d1c2	0.763574344058392	0.7638052112374729	617	9	0	23287	24178.5	24510	0.0009800426273978	PASS	696	0.9995884865290396	1.4843201622538416e-05	0.999603329730662	1.4849091815788408e-05	12:6440009	ABF_H3_DOMINANT	PASS	626	0.9995884851681822	1.4843250708429067e-05	0.9996033284188908	1.4849140940644107e-05	12:6440009	ABF_H3_DOMINANT	PASS	626	0.9995887326171928	1.483055634457776e-05	0.9996035631735376	1.483643805499629e-05	12:6440009	ABF_H3_DOMINANT	PASS	626	0.9995884853436636	1.484324696283391e-05	0.9996033285906266	1.4849137191011448e-05	12:6440009	ABF_H3_DOMINANT	PASS	626	0.9995887327926744	1.4830552598983098e-05	0.9996035633452734	1.4836434305367187e-05	12:6440009	ABF_H3_DOMINANT	PASS	626	0.9995884853436566	1.484324696293368e-05	0.9996033285906196	1.4849137191111364e-05	12:6440009	ABF_H3_DOMINANT	PASS	H3_DISTINCT_SIGNAL	ABF_H3_DOMINANT	H3_SUPPORTED_STABLE	STABLE_H3	MATCH		626	8.99940487570211e-06	9.00292002916173e-06	1	H3	H3	H3	H3	H3	H3	H3	False	False	False	False	False	False	H3 -> H3 -> H3 -> H3
R7B1_003676	38	VAMP1	CD8_NC	H3_RESCUE_FALSIFICATION	ABF_H3_DOMINANT	H3_SUPPORTED_STABLE	696	9aa15926a60154b4008ba3f8fe1cd3e5255a8322eb80859923126301002c06f2	626	f330f88541a4cd1973f6008d938378b1a0606aed0a32bb8687668b6e2bdcc5b9	70	0.1005747126436781	980	d3996302e0e47921179f86a605218471dc854e753f580813d0e3e851f85a29b8	7d93ad93755afd1b501ff1d224b3009905232393ee5e56e654ee1c446dfe08e3	a8749cdcfcd94e667142099473edc1cb1b8256531fb28c612b8ffee4c71235dd	0.9222250054190864	0.9226256318178494	617	9	0	23287	24178.5	24510	0.0009800426273978	PASS	696	0.8807950069241914	0.0033994022855018	0.8841944092096933	0.0038446321873266	12:6440009	ABF_H3_DOMINANT	PASS	626	0.8806443747705252	0.0034036979049548	0.88404807267548	0.0038501276233247	12:6440009	ABF_H3_DOMINANT	PASS	626	0.8806816452226948	0.0034013232755758	0.8840829684982706	0.0038472896739017	12:6440009	ABF_H3_DOMINANT	PASS	626	0.8806443749243216	0.0034036979021346	0.8840480728264563	0.0038501276194771	12:6440009	ABF_H3_DOMINANT	PASS	626	0.8806816453764976	0.003401323272755	0.8840829686492526	0.0038472896700541	12:6440009	ABF_H3_DOMINANT	PASS	626	0.8806443749243154	0.0034036979021347	0.88404807282645	0.0038501276194772	12:6440009	ABF_H3_DOMINANT	PASS	H3_DISTINCT_SIGNAL	ABF_H3_DOMINANT	H3_SUPPORTED_STABLE	STABLE_H3	MATCH		626	0.0028001833559905	0.0031779289443204	1	H3	H3	H3	H3	H3	H3	H3	False	False	False	False	False	False	H3 -> H3 -> H3 -> H3
R7B1_003681	38	VAMP1	NK	H3_RESCUE_FALSIFICATION	ABF_H3_DOMINANT	H3_SUPPORTED_STABLE	696	9aa15926a60154b4008ba3f8fe1cd3e5255a8322eb80859923126301002c06f2	626	f330f88541a4cd1973f6008d938378b1a0606aed0a32bb8687668b6e2bdcc5b9	70	0.1005747126436781	980	23c3e38d553964d72accc2bcad54496cedab4dc18365df625dfc6aa8cb70592a	8c03751bb88e1b57325262ebe50829a98da29ea7f17ef054ff9050f084a39f8b	c27bb418311a572decef9f0c63173bd777c66aaabb3ea97370ff1b0f3a52a869	0.9189413363667084	0.9191665247003924	617	9	0	23287	24178.5	24510	0.0009800426273978	PASS	696	0.9999128390754868	2.4960769287667637e-06	0.9999153351524156	2.4962882766332308e-06	12:6440009	ABF_H3_DOMINANT	PASS	626	0.999912839020453	2.496078504844183e-06	0.999915335098958	2.496289852977558e-06	12:6440009	ABF_H3_DOMINANT	PASS	626	0.9999128877305492	2.4941414720651945e-06	0.9999153818720212	2.494352539507606e-06	12:6440009	ABF_H3_DOMINANT	PASS	626	0.9999128391961832	2.496074570145336e-06	0.9999153352707536	2.4962859175166645e-06	12:6440009	ABF_H3_DOMINANT	PASS	626	0.9999128879062796	2.494137537360672e-06	0.999915382043817	2.4943486040415543e-06	12:6440009	ABF_H3_DOMINANT	PASS	626	0.9999128391961762	2.4960745702516797e-06	0.9999153352707464	2.496285917623034e-06	12:6440009	ABF_H3_DOMINANT	PASS	H3_DISTINCT_SIGNAL	ABF_H3_DOMINANT	H3_SUPPORTED_STABLE	STABLE_H3	MATCH		626	1.7222253120836e-06	1.72239622978538e-06	1	H3	H3	H3	H3	H3	H3	H3	False	False	False	False	False	False	H3 -> H3 -> H3 -> H3
R7B1_003737	39	ERP29	B_MEM	H3_RESCUE_FALSIFICATION	ABF_H3_DOMINANT	H3_SUPPORTED_STABLE	558	77c14992a569c2494c7a7d1dd2f5deb94132054909e8192b052daf157c355453	524	733fee9533ad2078024a2b64f237dba4d249281047015e91fd5fd9b5a49ca7ce	34	0.060931899641577	970	02244ac42e403f41b8c094f79c18e61a1a7ee7feaf313b4d7f87439cd011a935	cc7793afd2bcebce9a7fc8ffa2fe7d39c14ec950e2fba8e3ee5f5e72f166295b	cfe09f4cbd4f2bb05c1e821f47f21bfc529c437b8066b7667864b97b62007222	0.8047857943245275	0.804378916952917	523	1	0	23296	24398.5	24510	0.003111111111111	PASS	558	0.7849599101472143	0.0161839172894781	0.8011438274366925	0.0202010135199563	12:111910219	ABF_H3_DOMINANT	PASS	524	0.7845239340523308	0.0162165712235058	0.8007405052758366	0.0202519681677894	12:111910219	ABF_H3_DOMINANT	PASS	524	0.7843339276549425	0.0162364029297265	0.8005703305846691	0.0202810450368162	12:111910219	ABF_H3_DOMINANT	PASS	524	0.7845266719636399	0.0162131388031947	0.8007398107668346	0.0202476991716798	12:111910219	ABF_H3_DOMINANT	PASS	524	0.7843366670918869	0.0162329678350447	0.8005696349269316	0.020276771846994	12:111910219	ABF_H3_DOMINANT	PASS	524	0.7845266665131558	0.0162131456362772	0.8007398121494331	0.0202477076701808	12:111910219	ABF_H3_DOMINANT	PASS	H3_DISTINCT_SIGNAL	ABF_H3_DOMINANT	H3_SUPPORTED_STABLE	STABLE_H3	PF50_UNINFORMATIVE		524	0.132153454716997	0.213859810996865	2	H3	H3	H3	H3	H3	H3	H3	False	False	False	False	False	False	H3 -> H3 -> H3 -> H3
R7B1_003739	39	ERP29	CD4_NC	H3_RESCUE_FALSIFICATION	ABF_H3_DOMINANT	H3_SUPPORTED_STABLE	558	77c14992a569c2494c7a7d1dd2f5deb94132054909e8192b052daf157c355453	524	733fee9533ad2078024a2b64f237dba4d249281047015e91fd5fd9b5a49ca7ce	34	0.060931899641577	980	93c3796f378f6cb02cb1f5c084a4619361b97e69f188619e353c07b057ab98a0	7a2e8ccf7453e725cb10c7b3f3375355c70dd710c65c52ea5dee8b6860830500	c0af1c34d97dfe3a3b4d11c8c4338fd452f3c4de179875a0ea120f8842fe8b1b	0.4923245993715407	0.4920040029138653	523	1	0	23296	24398.5	24510	0.003111111111111	PASS	558	0.999999990462392	8.312431505222048e-09	0.9999999987748236	8.312431515406244e-09	12:111910219	ABF_H3_DOMINANT	PASS	524	0.9999999905270016	8.247820169737023e-09	0.9999999987748218	8.247820179842073e-09	12:111910219	ABF_H3_DOMINANT	PASS	524	0.9999999904749828	8.291723478573142e-09	0.9999999987667064	8.291723488799272e-09	12:111910219	ABF_H3_DOMINANT	PASS	524	0.9999999954968288	3.278884330829787e-09	0.9999999987757132	3.278884334844081e-09	12:111910219	ABF_H3_DOMINANT	PASS	524	0.9999999954677036	3.2998963437736703e-09	0.9999999987676	3.299896347840462e-09	12:111910219	ABF_H3_DOMINANT	PASS	524	0.9999999954923666	3.283346138834595e-09	0.9999999987757128	3.2833461428543542e-09	12:111910219	ABF_H3_DOMINANT	PASS	H3_DISTINCT_SIGNAL	ABF_H3_DOMINANT	H3_SUPPORTED_STABLE	STABLE_H3	MATCH		524	0.0839982387532346	0.125466548606302	2	H3	H3	H3	H3	H3	H3	H3	False	False	False	False	False	False	H3 -> H3 -> H3 -> H3
R7B1_003794	39	MAPKAPK5-AS1	CD4_ET	H3_RESCUE_FALSIFICATION	ABF_H3_DOMINANT	H3_SUPPORTED_STABLE	665	315d5d34b76930da3546cfe9aa36ab965c7205c2f65626eebd69e813e9ea3822	617	ce90eb336543841066d1c5901586669cc1a7120ecae7d0df143236829d1137f2	48	0.0721804511278195	980	e8fb16e71a065e62b1b5da22343feca7b9a9efbff03b092c4237be7ce78da373	413b0f24c68325a4c3f22dcf8f482f5512ea698b111df26e28c8f84c88283e71	c853951614b6d1092966b16b64c2c22cf83d5656cde647293d2cff0528b9d2f7	0.8906685883541072	0.8902567866109573	611	6	0	23296	24367.0	24510	0.003111111111111	PASS	665	0.8566048928114348	0.1130627195361659	0.9696676123476008	0.1165994595430871	12:111910219	ABF_H3_DOMINANT	PASS	617	0.8557979933429528	0.1136989138882167	0.9694969072311695	0.1172762007183031	12:111910219	ABF_H3_DOMINANT	PASS	617	0.855720556550687	0.1137605608131425	0.9694811173638296	0.117341698332893	12:111910219	ABF_H3_DOMINANT	PASS	617	0.8558231243883858	0.1136728881475981	0.969496012535984	0.1172494643379248	12:111910219	ABF_H3_DOMINANT	PASS	617	0.8557456914824576	0.1137345305036925	0.9694802219861502	0.1173149569474325	12:111910219	ABF_H3_DOMINANT	PASS	617	0.8558230780143936	0.1136729361725621	0.9694960141869556	0.1172495136742683	12:111910219	ABF_H3_DOMINANT	PASS	H3_DISTINCT_SIGNAL	ABF_H3_DOMINANT	H3_SUPPORTED_STABLE	STABLE_H3	MATCH		617	0.610716605878491	0.717714594675536	2	H3	H3	H3	H3	H3	H3	H3	False	False	False	False	False	False	H3 -> H3 -> H3 -> H3
R7B1_003795	39	MAPKAPK5-AS1	CD4_NC	H3_RESCUE_FALSIFICATION	ABF_H3_DOMINANT	H3_SUPPORTED_STABLE	665	315d5d34b76930da3546cfe9aa36ab965c7205c2f65626eebd69e813e9ea3822	617	ce90eb336543841066d1c5901586669cc1a7120ecae7d0df143236829d1137f2	48	0.0721804511278195	980	1650bccc32260519467739953fc354ebb75f82fe5684ea3b08fc9a7a026f3923	7a2e8ccf7453e725cb10c7b3f3375355c70dd710c65c52ea5dee8b6860830500	c0af1c34d97dfe3a3b4d11c8c4338fd452f3c4de179875a0ea120f8842fe8b1b	0.6138978155259803	0.6134862142968177	611	6	0	23296	24367.0	24510	0.003111111111111	PASS	665	0.9999770419423584	2.295708398372675e-05	0.999999999026342	2.2957084006079095e-05	12:111962581	ABF_H3_DOMINANT	PASS	617	0.9999770671478216	2.2931877261975917e-05	0.9999999990250836	2.2931877284332576e-05	12:111962581	ABF_H3_DOMINANT	PASS	617	0.9999770586613008	2.294035989365521e-05	0.9999999990211946	2.294035991610936e-05	12:111962581	ABF_H3_DOMINANT	PASS	617	0.9999953799873394	4.619038613903712e-06	0.9999999990259534	4.61903861840287e-06	12:111997023	ABF_H3_DOMINANT	PASS	617	0.9999953773142688	4.621707801050892e-06	0.9999999990220698	4.6217078055706e-06	12:111997023	ABF_H3_DOMINANT	PASS	617	0.9999953367795856	4.66224637293169e-06	0.9999999990259584	4.662246377472911e-06	12:111997023	ABF_H3_DOMINANT	PASS	H3_DISTINCT_SIGNAL	ABF_H3_DOMINANT	H3_SUPPORTED_STABLE	STABLE_H3	MATCH		617	0.703084329642429	0.788373545167108	2	H3	H3	H3	H3	H3	H3	H3	False	False	False	False	False	False	H3 -> H3 -> H3 -> H3
R7B1_003798	39	MAPKAPK5-AS1	CD8_NC	H3_RESCUE_FALSIFICATION	ABF_H3_DOMINANT	H3_SUPPORTED_STABLE	665	315d5d34b76930da3546cfe9aa36ab965c7205c2f65626eebd69e813e9ea3822	617	ce90eb336543841066d1c5901586669cc1a7120ecae7d0df143236829d1137f2	48	0.0721804511278195	980	e679c01b338f268d8ece9fbee8b97b36451c5fa3d87e732660adea541baeb3ff	b30eb2c8110dae9afdd5858add626ff6b27171824c65920d908ed08bfc7ee768	5546171611a4a334fc84ce842c142d026ab6816eacf1ea00848b39691ba25d1b	0.8186170864148122	0.8183566195657206	611	6	0	23296	24367.0	24510	0.003111111111111	PASS	665	0.8287801617123562	0.005163935790482	0.8339440975028384	0.0061921845912033	12:111910219	ABF_H3_DOMINANT	PASS	617	0.8281889118814825	0.005181713771305	0.8333706256527875	0.0062177782751176	12:111910219	ABF_H3_DOMINANT	PASS	617	0.8281494870050357	0.0051843438042237	0.8333338308092594	0.0062212088511865	12:111910219	ABF_H3_DOMINANT	PASS	617	0.8281964650974296	0.005172642704145	0.8333691078015746	0.0062069047865122	12:111910219	ABF_H3_DOMINANT	PASS	617	0.828157039737184	0.0051752729107525	0.8333323126479366	0.006210335099461	12:111910219	ABF_H3_DOMINANT	PASS	617	0.8281964544355546	0.0051726555085692	0.8333691099441238	0.006206920135204	12:111910219	ABF_H3_DOMINANT	PASS	H3_DISTINCT_SIGNAL	ABF_H3_DOMINANT	H3_SUPPORTED_STABLE	STABLE_H3	MATCH		617	0.633887386590073	0.764413978549035	2	H3	H3	H3	H3	H3	H3	H3	False	False	False	False	False	False	H3 -> H3 -> H3 -> H3
R7B1_003864	39	RP3-462E2.5	CD4_NC	H3_RESCUE_FALSIFICATION	ABF_H3_DOMINANT	MODEL_SENSITIVE	649	e7ad5c1475b063351b8337e1f2e6a3ea8c19966a09ee19ab8ef88ea9f752ab4d	608	7b6380efbc53c0da6a8774483df53cd70d22cf622200a953ce48b18b30e2cab3	41	0.0631741140215716	980	d7726e8e7d89b3e938583d4cdf6df14d55e08de3df08f4f8e7437b53d4a8b679	7a2e8ccf7453e725cb10c7b3f3375355c70dd710c65c52ea5dee8b6860830500	c0af1c34d97dfe3a3b4d11c8c4338fd452f3c4de179875a0ea120f8842fe8b1b	0.9643761470301828	0.9641109326022754	602	6	0	23296	24377.0	24510	0.003111111111111	PASS	649	0.7894569721867984	0.1382009280609279	0.9276579002477264	0.1489783335257772	12:111910219	ABF_H3_DOMINANT	PASS	608	0.7825823837903304	0.142712494747472	0.9252948785378023	0.1542346100229081	12:111910219	ABF_H3_DOMINANT	PASS	608	0.7825322756514395	0.1427477606247814	0.9252800362762208	0.1542751978085123	12:111910219	ABF_H3_DOMINANT	PASS	608	0.7826571427380618	0.1426306084463782	0.92528775118444	0.1541472998683923	12:111910219	ABF_H3_DOMINANT	PASS	608	0.7826070322536698	0.142665875020917	0.9252729072745868	0.1541878875943128	12:111910219	ABF_H3_DOMINANT	PASS	608	0.782656935656977	0.1426308352701152	0.9252877709270924	0.1541475417179741	12:111910219	ABF_H3_DOMINANT	PASS	H3_DISTINCT_SIGNAL	ABF_H3_DOMINANT	MODEL_SENSITIVE	H3_TO_MODEL_SENSITIVE	NOT_COMPARABLE		608			0	H3	H3	H3	H3	H3	H3	MODEL_SENSITIVE	False	False	True	False	False	False	H3 -> H3 -> H3 -> MODEL_SENSITIVE
R7B1_003898	40	DNAJC15	B_IN	H3_RESCUE_FALSIFICATION	ABF_H3_DOMINANT	H3_SUPPORTED_STABLE	1344	ede0f1040d11f8ce8ed868f72e5187b0af209757ead735af965e844dcf4af156	1266	b1bd2f0d498f5544170656cbfedcefd0910f9cdbeb154a9da4d86e1694c4daf6	78	0.0580357142857142	975	9595eea443e2665d8e6a5c0ae59cad348a3409014291042c96af9e43434a5090	fc5fb8cbf1169542d05f2dd36f550a66b1d9e76861d10ccd674f75248b5e425b	226c56620563cd6ea610c633cc7a997f65731800782df59057c22ca01ada983a	0.8652520006739745	0.8652445256099982	1258	8	0	23287	24307.5	24510	0.0035681130171543	PASS	1344	0.9999999227857927	1.638392800494946e-09	0.9999999244241856	1.6383929243178255e-09	13:43598191	ABF_H3_DOMINANT	PASS	1266	0.99999992278224	1.638467968323562e-09	0.999999924420708	1.6384680921578204e-09	13:43598191	ABF_H3_DOMINANT	PASS	1266	0.99999992278224	1.6384679600961271e-09	0.999999924420708	1.6384680839303844e-09	13:43598191	ABF_H3_DOMINANT	PASS	1266	0.9999999943968874	1.1507769883667563e-10	0.9999999945119652	1.1507769946822608e-10	13:43598191	ABF_H3_DOMINANT	PASS	1266	0.9999999943968874	1.1507769634731924e-10	0.9999999945119652	1.1507769697886967e-10	13:43598191	ABF_H3_DOMINANT	PASS	1266	0.9999999944163848	1.1468196238944173e-10	0.9999999945310666	1.1468196301662976e-10	13:43598191	ABF_H3_DOMINANT	PASS	H3_DISTINCT_SIGNAL	ABF_H3_DOMINANT	H3_SUPPORTED_STABLE	STABLE_H3	MATCH		1266	1.31790333426165e-10	1.31790334140415e-10	1	H3	H3	H3	H3	H3	H3	H3	False	False	False	False	False	False	H3 -> H3 -> H3 -> H3
R7B1_003899	40	DNAJC15	B_MEM	H3_RESCUE_FALSIFICATION	ABF_H3_DOMINANT	H3_SUPPORTED_STABLE	1344	ede0f1040d11f8ce8ed868f72e5187b0af209757ead735af965e844dcf4af156	1266	b1bd2f0d498f5544170656cbfedcefd0910f9cdbeb154a9da4d86e1694c4daf6	78	0.0580357142857142	970	4669bf15bd244458dba4344f3f01fc7ad316c6fa027444ac1e49a2576b4b02a0	a7426429ec978109b61978e9d9613b29a90e3d9337ab054d06c196dd62eb43dd	d5dce65be5f3fb23e024995c179ed50cdf9599824a80b97ea281943f019bdd3c	0.8983552042512881	0.8983744939673566	1258	8	0	23287	24307.5	24510	0.0035681130171543	PASS	1344	0.9999999227946746	1.6295014454741583e-09	0.999999924424176	1.6295015686250819e-09	13:43597865	ABF_H3_DOMINANT	PASS	1266	0.999999922791136	1.62957620537672e-09	0.9999999244207124	1.629576328538938e-09	13:43597865	ABF_H3_DOMINANT	PASS	1266	0.999999922791136	1.629576242331384e-09	0.9999999244207124	1.629576365493605e-09	13:43597865	ABF_H3_DOMINANT	PASS	1266	0.9999999943985998	1.1337336154271807e-10	0.9999999945119732	1.1337336216491414e-10	13:43597865	ABF_H3_DOMINANT	PASS	1266	0.9999999943985928	1.1337337537269046e-10	0.999999994511966	1.1337337599488739e-10	13:43597865	ABF_H3_DOMINANT	PASS	1266	0.9999999944180756	1.1298779146039888e-10	0.9999999945310636	1.1298779207832194e-10	13:43597865	ABF_H3_DOMINANT	PASS	H3_DISTINCT_SIGNAL	ABF_H3_DOMINANT	H3_SUPPORTED_STABLE	STABLE_H3	MATCH		1266	1.29321215129293e-10	1.29321215830162e-10	1	H3	H3	H3	H3	H3	H3	H3	False	False	False	False	False	False	H3 -> H3 -> H3 -> H3
R7B1_003900	40	DNAJC15	CD4_ET	H3_RESCUE_FALSIFICATION	ABF_H3_DOMINANT	H3_SUPPORTED_STABLE	1344	ede0f1040d11f8ce8ed868f72e5187b0af209757ead735af965e844dcf4af156	1266	b1bd2f0d498f5544170656cbfedcefd0910f9cdbeb154a9da4d86e1694c4daf6	78	0.0580357142857142	980	edda810a189bb3542b672bf39ff2a04b01afbee1d6abf8694024ed5ed79e02ed	cf2d06601a60dc986030384997acc032512ad022d439a8826625f53fb9157a29	629a8e2a39d1f9fa8eaf3803a0f5b6095e448c492eb4f3f003532f21004617db	0.91838030510957	0.9182802543199586	1258	8	0	23287	24307.5	24510	0.0035681130171543	PASS	1344	0.9999999227982274	1.6259613375576303e-09	0.9999999244241888	1.6259614604409867e-09	13:43597706	ABF_H3_DOMINANT	PASS	1266	0.9999999227946746	1.626035935043164e-09	0.9999999244207106	1.626036057937814e-09	13:43597706	ABF_H3_DOMINANT	PASS	1266	0.9999999227946746	1.6260360559083663e-09	0.9999999244207108	1.626036178803025e-09	13:43597706	ABF_H3_DOMINANT	PASS	1266	0.9999999944089382	1.0302827497183976e-10	0.9999999945119664	1.030282755372624e-10	13:43597706	ABF_H3_DOMINANT	PASS	1266	0.9999999944089382	1.0302837376176619e-10	0.9999999945119664	1.0302837432718935e-10	13:43597706	ABF_H3_DOMINANT	PASS	1266	0.9999999944283786	1.0267031366760288e-10	0.9999999945310488	1.0267031422910179e-10	13:43597706	ABF_H3_DOMINANT	PASS	H3_DISTINCT_SIGNAL	ABF_H3_DOMINANT	H3_SUPPORTED_STABLE	STABLE_H3	MATCH		1266	1.20408667975767e-10	1.20408668628333e-10	1	H3	H3	H3	H3	H3	H3	H3	False	False	False	False	False	False	H3 -> H3 -> H3 -> H3
R7B1_003901	40	DNAJC15	CD4_NC	H3_RESCUE_FALSIFICATION	ABF_H3_DOMINANT	H3_SUPPORTED_STABLE	1344	ede0f1040d11f8ce8ed868f72e5187b0af209757ead735af965e844dcf4af156	1266	b1bd2f0d498f5544170656cbfedcefd0910f9cdbeb154a9da4d86e1694c4daf6	78	0.0580357142857142	980	a9d283bdf7419f544e6fa235ee50011edc687dd820098127bd8756c748a884ad	761fc8ca52fb9ae2971f2d9b7d86f63a72d09fae9265bb4b632d652a47905c1a	204ae49c83baca7f6edd8fcb8340d7f86283b5b208b1e6376e3dc497b43df491	0.738087553176498	0.7370483747659304	1258	8	0	23287	24307.5	24510	0.0035681130171543	PASS	1344	0.999999922798	1.6261297629988224e-09	0.9999999244241298	1.6261298858950035e-09	13:43597706	ABF_H3_DOMINANT	PASS	1266	0.9999999227944756	1.6262043682116403e-09	0.99999992442068	1.6262044911190699e-09	13:43597706	ABF_H3_DOMINANT	PASS	1266	0.9999999227944756	1.6262046302659191e-09	0.9999999244206804	1.6262047531733679e-09	13:43597706	ABF_H3_DOMINANT	PASS	1266	0.999999994416271	9.569178649986508e-11	0.9999999945119628	9.569178702502516e-11	13:43597706	ABF_H3_DOMINANT	PASS	1266	0.999999994416271	9.5691926905401e-11	0.9999999945119628	9.569192743056186e-11	13:43597706	ABF_H3_DOMINANT	PASS	1266	0.9999999944357114	9.534660857310014e-11	0.999999994531058	9.534660909454519e-11	13:43597706	ABF_H3_DOMINANT	PASS	H3_DISTINCT_SIGNAL	ABF_H3_DOMINANT	H3_SUPPORTED_STABLE	STABLE_H3	MATCH		1266	1.19930124602113e-10	1.19930125252083e-10	1	H3	H3	H3	H3	H3	H3	H3	False	False	False	False	False	False	H3 -> H3 -> H3 -> H3
R7B1_003903	40	DNAJC15	CD8_ET	H3_RESCUE_FALSIFICATION	ABF_H3_DOMINANT	H3_SUPPORTED_STABLE	1344	ede0f1040d11f8ce8ed868f72e5187b0af209757ead735af965e844dcf4af156	1266	b1bd2f0d498f5544170656cbfedcefd0910f9cdbeb154a9da4d86e1694c4daf6	78	0.0580357142857142	980	6791f960240229d8dadff244e272301d1d75d2633ea3b5cee6e8a2e121413746	c2036ab7065c27e233034c993857dcd3796fa513819b995c8d58f9ef2f684326	54804d4f5a8e45345ea697209064efefd98411b845c346ca03fd631f21e71da5	0.8714687600819708	0.8710735603635816	1258	8	0	23287	24307.5	24510	0.0035681130171543	PASS	1344	0.9999999227997052	1.6244496853245121e-09	0.999999924424155	1.6244498080936786e-09	13:43597706	ABF_H3_DOMINANT	PASS	1266	0.999999922796181	1.6245242134569483e-09	0.9999999244207052	1.624524336237352e-09	13:43597706	ABF_H3_DOMINANT	PASS	1266	0.999999922796181	1.6245242456117436e-09	0.9999999244207052	1.6245243683921496e-09	13:43597706	ABF_H3_DOMINANT	PASS	1266	0.999999994416271	9.572369527102529e-11	0.9999999945119946	9.572369579635746e-11	13:43597706	ABF_H3_DOMINANT	PASS	1266	0.999999994416271	9.572376513958501e-11	0.9999999945119948	9.572376566491756e-11	13:43597706	ABF_H3_DOMINANT	PASS	1266	0.9999999944356546	9.537928671257211e-11	0.9999999945310338	9.537928723419822e-11	13:43597706	ABF_H3_DOMINANT	PASS	H3_DISTINCT_SIGNAL	ABF_H3_DOMINANT	H3_SUPPORTED_STABLE	STABLE_H3	MATCH		1266	1.137212693169e-10	1.13721269933223e-10	1	H3	H3	H3	H3	H3	H3	H3	False	False	False	False	False	False	H3 -> H3 -> H3 -> H3
R7B1_003904	40	DNAJC15	CD8_NC	H3_RESCUE_FALSIFICATION	ABF_H3_DOMINANT	H3_SUPPORTED_STABLE	1344	ede0f1040d11f8ce8ed868f72e5187b0af209757ead735af965e844dcf4af156	1266	b1bd2f0d498f5544170656cbfedcefd0910f9cdbeb154a9da4d86e1694c4daf6	78	0.0580357142857142	980	af07273bc1d012f56ea790366bfdc6fbfd4d7dd223f73c0b63315af8edd939f9	a5014b033b8ac445cf97cc0c27f08c65a4b59085c2886ba1e6348dba92052833	558c21d87eedb1d4ef72f3a7053760cfd7741383efd822c0eb393a980221405f	0.8318937433968153	0.8315908194123609	1258	8	0	23287	24307.5	24510	0.0035681130171543	PASS	1344	0.9999999227833344	1.6408350609358234e-09	0.9999999244241694	1.6408351849433055e-09	13:43597706	ABF_H3_DOMINANT	PASS	1266	0.99999992277981	1.6409103408130074e-09	0.9999999244207204	1.6409104648318383e-09	13:43597706	ABF_H3_DOMINANT	PASS	1266	0.99999992277981	1.6409107155859384e-09	0.9999999244207208	1.640910839604797e-09	13:43597706	ABF_H3_DOMINANT	PASS	1266	0.9999999944074888	1.0448274559933049e-10	0.9999999945119714	1.044827461727348e-10	13:43597706	ABF_H3_DOMINANT	PASS	1266	0.9999999944074888	1.0448300681030955e-10	0.9999999945119716	1.0448300738371525e-10	13:43597706	ABF_H3_DOMINANT	PASS	1266	0.9999999944269576	1.0411621202169759e-10	0.9999999945310736	1.0411621259110148e-10	13:43597706	ABF_H3_DOMINANT	PASS	H3_DISTINCT_SIGNAL	ABF_H3_DOMINANT	H3_SUPPORTED_STABLE	STABLE_H3	MATCH		1266	1.24808912031286e-10	1.24808912707698e-10	1	H3	H3	H3	H3	H3	H3	H3	False	False	False	False	False	False	H3 -> H3 -> H3 -> H3
R7B1_003905	40	DNAJC15	CD8_S100B	H3_RESCUE_FALSIFICATION	ABF_H3_DOMINANT	H3_SUPPORTED_STABLE	1344	ede0f1040d11f8ce8ed868f72e5187b0af209757ead735af965e844dcf4af156	1266	b1bd2f0d498f5544170656cbfedcefd0910f9cdbeb154a9da4d86e1694c4daf6	78	0.0580357142857142	959	d567f76a20ce421cada486be66ef905d61512e2563817f7a726039fde1f7c673	06849c14e041d9f35cffcf0315075bc4813f2fe09289f722a16fe7fb26db6853	4c1376732904bb93ceaa6d99a958afdc2fae3f71a0a2d493d23aa2ec4210fc56	0.9539324013854976	0.9539921819918146	1258	8	0	23287	24307.5	24510	0.0035681130171543	PASS	1344	0.9999999227740192	1.6501634169568083e-09	0.9999999244241826	1.6501635416692667e-09	13:43597865	ABF_H3_DOMINANT	PASS	1266	0.9999999227704736	1.6502391249390736e-09	0.9999999244207128	1.65023924966298e-09	13:43597865	ABF_H3_DOMINANT	PASS	1266	0.9999999227704736	1.6502393261308863e-09	0.9999999244207128	1.6502394508548075e-09	13:43597865	ABF_H3_DOMINANT	PASS	1266	0.9999999943957932	1.1617861917559552e-10	0.9999999945119716	1.1617861981318706e-10	13:43597865	ABF_H3_DOMINANT	PASS	1266	0.9999999943957932	1.1617867314906746e-10	0.9999999945119716	1.1617867378665929e-10	13:43597865	ABF_H3_DOMINANT	PASS	1266	0.9999999944152832	1.1577625258746815e-10	0.9999999945310596	1.1577625322064159e-10	13:43597865	ABF_H3_DOMINANT	PASS	H3_DISTINCT_SIGNAL	ABF_H3_DOMINANT	H3_SUPPORTED_STABLE	STABLE_H3	MATCH		1266	1.32790983096437e-10	1.32790983816111e-10	1	H3	H3	H3	H3	H3	H3	H3	False	False	False	False	False	False	H3 -> H3 -> H3 -> H3
R7B1_003906	40	DNAJC15	DC	H3_RESCUE_FALSIFICATION	ABF_H3_DOMINANT	H3_SUPPORTED_STABLE	1344	ede0f1040d11f8ce8ed868f72e5187b0af209757ead735af965e844dcf4af156	1266	b1bd2f0d498f5544170656cbfedcefd0910f9cdbeb154a9da4d86e1694c4daf6	78	0.0580357142857142	726	e1d5ece2508f22891f4bf88bb6be86005d880a4d577c37abd579447a9f840152	9b6fb282caf8e0166e8955d3f6ebeb99ee573fc79766d0c2efd3ff16066cfd0c	910b6414784b60886d74ff42306863b5bf08ae8e2891d6b6821dba03ba082060	0.9108897159088418	0.9106901175701282	1258	8	0	23287	24307.5	24510	0.0035681130171543	PASS	1344	0.999999922793424	1.630754917520422e-09	0.999999924424179	1.6307550407660732e-09	13:43608939	ABF_H3_DOMINANT	PASS	1266	0.9999999227898856	1.6308297349305454e-09	0.9999999244207152	1.6308298581874995e-09	13:43608939	ABF_H3_DOMINANT	PASS	1266	0.9999999227898856	1.630825074875628e-09	0.9999999244207106	1.6308251981322375e-09	13:43608939	ABF_H3_DOMINANT	PASS	1266	0.9999999944012572	1.1071274228803948e-10	0.99999999451197	1.1071274289563434e-10	13:43608939	ABF_H3_DOMINANT	PASS	1266	0.9999999944012572	1.1071236278760584e-10	0.9999999945119696	1.1071236339519868e-10	13:43608939	ABF_H3_DOMINANT	PASS	1266	0.999999994420726	1.1033809131870835e-10	0.999999994531064	1.1033809192214032e-10	13:43608939	ABF_H3_DOMINANT	PASS	H3_DISTINCT_SIGNAL	ABF_H3_DOMINANT	H3_SUPPORTED_STABLE	STABLE_H3	MATCH		1266	1.25761564902641e-10	1.25761565584218e-10	1	H3	H3	H3	H3	H3	H3	H3	False	False	False	False	False	False	H3 -> H3 -> H3 -> H3
R7B1_003907	40	DNAJC15	Mono_C	H3_RESCUE_FALSIFICATION	ABF_H3_DOMINANT	H3_SUPPORTED_STABLE	1344	ede0f1040d11f8ce8ed868f72e5187b0af209757ead735af965e844dcf4af156	1266	b1bd2f0d498f5544170656cbfedcefd0910f9cdbeb154a9da4d86e1694c4daf6	78	0.0580357142857142	851	342bae9edf586f307b41dc310dd897e5d03de323740721b58b90964c011dfd06	e964f6e4cbaabbcdf6838ebd65c0f7386ca78964f69963962a0ffe6989e45dc2	25ee6de7cf6fe9bf39d67731dbe0b06bfc8bad312e778fbea9a1c757dfd530d4	0.981045256159359	0.9810021321823124	1258	8	0	23287	24307.5	24510	0.0035681130171543	PASS	1344	0.9999999227914772	1.6326978140844224e-09	0.9999999244241752	1.632697937476916e-09	13:43607650	ABF_H3_DOMINANT	PASS	1266	0.9999999227879388	1.6327727206328315e-09	0.9999999244207114	1.6327728440366414e-09	13:43607650	ABF_H3_DOMINANT	PASS	1266	0.9999999227879388	1.632772733655453e-09	0.9999999244207114	1.632772857059264e-09	13:43607650	ABF_H3_DOMINANT	PASS	1266	0.9999999944012928	1.1068001732121835e-10	0.9999999945119727	1.1068001792863331e-10	13:43598191	ABF_H3_DOMINANT	PASS	1266	0.9999999944012928	1.1068001772119607e-10	0.9999999945119727	1.1068001832861104e-10	13:43598191	ABF_H3_DOMINANT	PASS	1266	0.9999999944207616	1.1030157375673779e-10	0.9999999945310633	1.1030157435997016e-10	13:43598191	ABF_H3_DOMINANT	PASS	H3_DISTINCT_SIGNAL	ABF_H3_DOMINANT	H3_SUPPORTED_STABLE	STABLE_H3	MATCH		1266	1.26719151413464e-10	1.2671915210023002e-10	1	H3	H3	H3	H3	H3	H3	H3	False	False	False	False	False	False	H3 -> H3 -> H3 -> H3
R7B1_003908	40	DNAJC15	Mono_NC	H3_RESCUE_FALSIFICATION	ABF_H3_DOMINANT	H3_SUPPORTED_STABLE	1344	ede0f1040d11f8ce8ed868f72e5187b0af209757ead735af965e844dcf4af156	1266	b1bd2f0d498f5544170656cbfedcefd0910f9cdbeb154a9da4d86e1694c4daf6	78	0.0580357142857142	690	0513a59af03aafbbf91ba5ab8ce76714c736186254edaf586415910fc8d469dd	4ace0519f925704dde2abc3c2ec0b8d634e7da628c0f89f8f4d23ed3ce239c12	ac61908826c9c5758f2dd2da932a467f7bc956cc8c28e336fab6c8ca70a0e589	0.9808479379419982	0.9807214585332644	1258	8	0	23287	24307.5	24510	0.0035681130171543	PASS	1344	0.9999999227788438	1.6453385854055563e-09	0.9999999244241824	1.6453387097533747e-09	13:43607650	ABF_H3_DOMINANT	PASS	1266	0.999999922775291	1.6454140718998843e-09	0.9999999244207052	1.6454141962591291e-09	13:43607650	ABF_H3_DOMINANT	PASS	1266	0.9999999227753052	1.645412832508103e-09	0.999999924420718	1.6454129568672327e-09	13:43607650	ABF_H3_DOMINANT	PASS	1266	0.9999999944095066	1.0246985546078282e-10	0.9999999945119764	1.0246985602313979e-10	13:43607650	ABF_H3_DOMINANT	PASS	1266	0.9999999944095066	1.0246971827173364e-10	0.9999999945119764	1.0246971883408987e-10	13:43607650	ABF_H3_DOMINANT	PASS	1266	0.999999994428947	1.0212016808660232e-10	0.9999999945310672	1.0212016864509068e-10	13:43607650	ABF_H3_DOMINANT	PASS	H3_DISTINCT_SIGNAL	ABF_H3_DOMINANT	H3_SUPPORTED_STABLE	STABLE_H3	MATCH		1266	1.15690775904012e-10	1.15690776531009e-10	1	H3	H3	H3	H3	H3	H3	H3	False	False	False	False	False	False	H3 -> H3 -> H3 -> H3
R7B1_003909	40	DNAJC15	NK	H3_RESCUE_FALSIFICATION	ABF_H3_DOMINANT	H3_SUPPORTED_STABLE	1344	ede0f1040d11f8ce8ed868f72e5187b0af209757ead735af965e844dcf4af156	1266	b1bd2f0d498f5544170656cbfedcefd0910f9cdbeb154a9da4d86e1694c4daf6	78	0.0580357142857142	980	d43c425c70081291dac74bd86bb99a227ccf5c38c4c07e08344ebd5f61c51d85	f81462d272806f28a14a44bc90cb25eb060c9a68fc69ca4db90f78d3cd3bc9d1	550dc64bfec433bec58dd8060d1b493ef6b4f725d48a552a1e66c373cd904ad1	0.809914269110512	0.8096689749070253	1258	8	0	23287	24307.5	24510	0.0035681130171543	PASS	1344	0.99999992278035	1.643837576177668e-09	0.9999999244241876	1.6438377004120376e-09	13:43597706	ABF_H3_DOMINANT	PASS	1266	0.9999999227767974	1.6439129938072123e-09	0.9999999244207104	1.643913118052998e-09	13:43597706	ABF_H3_DOMINANT	PASS	1266	0.9999999227767974	1.6439130299947356e-09	0.9999999244207104	1.643913154240524e-09	13:43597706	ABF_H3_DOMINANT	PASS	1266	0.9999999944027992	1.0917533379312116e-10	0.9999999945119744	1.0917533439227819e-10	13:43597706	ABF_H3_DOMINANT	PASS	1266	0.9999999944027992	1.0917542373813526e-10	0.9999999945119744	1.0917542433729276e-10	13:43597706	ABF_H3_DOMINANT	PASS	1266	0.999999994422268	1.0879892616757891e-10	0.9999999945310668	1.0879892676259296e-10	13:43597706	ABF_H3_DOMINANT	PASS	H3_DISTINCT_SIGNAL	ABF_H3_DOMINANT	H3_SUPPORTED_STABLE	STABLE_H3	MATCH		1266	1.2740475903791e-10	1.27404759728393e-10	1	H3	H3	H3	H3	H3	H3	H3	False	False	False	False	False	False	H3 -> H3 -> H3 -> H3
R7B1_003910	40	DNAJC15	NK_R	H3_RESCUE_FALSIFICATION	ABF_H3_DOMINANT	H3_SUPPORTED_STABLE	1344	ede0f1040d11f8ce8ed868f72e5187b0af209757ead735af965e844dcf4af156	1266	b1bd2f0d498f5544170656cbfedcefd0910f9cdbeb154a9da4d86e1694c4daf6	78	0.0580357142857142	750	6f18b268c8afa4012a48250b7b4eeb5a9e898869dcd147dd5352665df68a658a	c139230222e4ed23921f64a28eabcac9391d0d255b311cada1d50f41a8b50abc	92e0da6637c01d48788fcfb1d02b01d03cb62ab7ae315973a5ee601fb7d0e907	0.9707992490107062	0.9707764503777678	1258	8	0	23287	24307.5	24510	0.0035681130171543	PASS	1344	0.999252905331647	2.59404708897814e-05	0.9992788458025368	2.5959191469672504e-05	13:43055002	ABF_H3_DOMINANT	PASS	1266	0.9992529014290984	2.5940366374169988e-05	0.9992788417954728	2.5959086982729623e-05	13:43055002	ABF_H3_DOMINANT	PASS	1266	0.99925284723407	2.5942761111019777e-05	0.9992787899951808	2.5961484793592875e-05	13:43055002	ABF_H3_DOMINANT	PASS	1266	0.999252855621788	2.605629610086011e-05	0.9992789119178888	2.607509854365982e-05	13:43055002	ABF_H3_DOMINANT	PASS	1266	0.9992528014165164	2.605870108922916e-05	0.9992788601176056	2.607750661928573e-05	13:43055002	ABF_H3_DOMINANT	PASS	1266	0.9992528574593518	2.605447630177452e-05	0.9992789119356535	2.607327743092836e-05	13:43055002	ABF_H3_DOMINANT	PASS	H3_DISTINCT_SIGNAL	ABF_H3_DOMINANT	H3_SUPPORTED_STABLE	STABLE_H3	MATCH		1266	1.03250573832529e-05	1.03306100079602e-05	1	H3	H3	H3	H3	H3	H3	H3	False	False	False	False	False	False	H3 -> H3 -> H3 -> H3
R7B1_003911	40	DNAJC15	Plasma	H3_RESCUE_FALSIFICATION	ABF_H3_DOMINANT	H3_SUPPORTED_STABLE	1344	ede0f1040d11f8ce8ed868f72e5187b0af209757ead735af965e844dcf4af156	1266	b1bd2f0d498f5544170656cbfedcefd0910f9cdbeb154a9da4d86e1694c4daf6	78	0.0580357142857142	253	b6da997c5e30a3ab3daca79466768575e9d9611929acaea2e132e1db1d03d61a	6ef2761600efdbabd6d4701b9fdc9a40e2a4a6e496346795628ba5c6c7a657df	5a9986ed48118223bec2fe7dae8035e17ecd5e8069cf09a5f7462f3f17d1ff80	0.900968412076012	0.9007433754844396	1258	8	0	23287	24307.5	24510	0.0035681130171543	PASS	1344	0.9999462672447452	2.884993305206648e-06	0.9999491522380506	2.885140008118972e-06	13:43055002	ABF_H3_DOMINANT	PASS	1266	0.999946266956206	2.884942226528181e-06	0.9999491518984324	2.8850889278230144e-06	13:43055002	ABF_H3_DOMINANT	PASS	1266	0.9999461484039806	2.8917799800620246e-06	0.9999490401839606	2.8919273521478893e-06	13:43055002	ABF_H3_DOMINANT	PASS	1266	0.9999463437289864	2.8782566036594785e-06	0.99994922198559	2.878402763236468e-06	13:43055002	ABF_H3_DOMINANT	PASS	1266	0.999946225188454	2.8850826513186085e-06	0.9999491102711052	2.885229479864637e-06	13:43055002	ABF_H3_DOMINANT	PASS	1266	0.9999463438814252	2.87812324854075e-06	0.9999492220046736	2.878269401290957e-06	13:43055002	ABF_H3_DOMINANT	PASS	H3_DISTINCT_SIGNAL	ABF_H3_DOMINANT	H3_SUPPORTED_STABLE	STABLE_H3	MATCH		1266	2.42830818963887e-07	2.42834052739193e-07	1	H3	H3	H3	H3	H3	H3	H3	False	False	False	False	False	False	H3 -> H3 -> H3 -> H3
R7B1_003926	40	EPSTI1	B_IN	H3_RESCUE_FALSIFICATION	ABF_H3_DOMINANT	H3_SUPPORTED_STABLE	1428	fcf309f5656da6a056b232d99eb2bc30cdc21cb2fe9024848f9dc3b4ccf27fd6	1341	f6addeceea2b49522e82ace9737be989087ef089b24e49f5763cd250f71fd312	87	0.0609243697478991	975	97191bbcf6fcdcbbf87d4093f1cb9f8caeda3538748918536c55d72eb3ed38a8	fc5fb8cbf1169542d05f2dd36f550a66b1d9e76861d10ccd674f75248b5e425b	226c56620563cd6ea610c633cc7a997f65731800782df59057c22ca01ada983a	0.928021855996988	0.9281988943070943	1328	13	0	23287	24295.0	24510	0.0035681130171543	PASS	1428	0.9999991374287082	3.0331685099347355e-08	0.9999991677603932	3.033171034259804e-08	13:43055002	ABF_H3_DOMINANT	PASS	1341	0.9999991360378184	3.0383416680564214e-08	0.9999991664212352	3.038344200755627e-08	13:43055002	ABF_H3_DOMINANT	PASS	1341	0.999999136599836	3.0357903348740946e-08	0.9999991669577392	3.0357928638178455e-08	13:43055002	ABF_H3_DOMINANT	PASS	1341	0.9999992077768964	2.8735541194754463e-08	0.9999992365124376	2.873556313399952e-08	13:43055002	ABF_H3_DOMINANT	PASS	1341	0.9999992083384094	2.8710528711352963e-08	0.999999237048938	2.8710550616098044e-08	13:43055002	ABF_H3_DOMINANT	PASS	1341	0.9999992077979922	2.8733534800442093e-08	0.999999236531527	2.873355673760678e-08	13:43055002	ABF_H3_DOMINANT	PASS	H3_DISTINCT_SIGNAL	ABF_H3_DOMINANT	H3_SUPPORTED_STABLE	STABLE_H3	MATCH		1341	1.47961904080717e-08	1.47962022745956e-08	1	H3	H3	H3	H3	H3	H3	H3	False	False	False	False	False	False	H3 -> H3 -> H3 -> H3
R7B1_003927	40	EPSTI1	B_MEM	H3_RESCUE_FALSIFICATION	ABF_H3_DOMINANT	H3_SUPPORTED_STABLE	1428	fcf309f5656da6a056b232d99eb2bc30cdc21cb2fe9024848f9dc3b4ccf27fd6	1341	f6addeceea2b49522e82ace9737be989087ef089b24e49f5763cd250f71fd312	87	0.0609243697478991	970	e06893fc24804d4edf40418642530eb64f400039e833859b80b1a15c43a784d8	a7426429ec978109b61978e9d9613b29a90e3d9337ab054d06c196dd62eb43dd	d5dce65be5f3fb23e024995c179ed50cdf9599824a80b97ea281943f019bdd3c	0.9508151092587636	0.9509889037514913	1328	13	0	23287	24295.0	24510	0.0035681130171543	PASS	1428	0.9999999117276244	1.524920678959072e-09	0.9999999132525448	1.5249208112420715e-09	13:43571070	ABF_H3_DOMINANT	PASS	1341	0.9999999117241994	1.5248695810737242e-09	0.999999913249069	1.5248697133575915e-09	13:43571070	ABF_H3_DOMINANT	PASS	1341	0.9999999117338272	1.5244894043020847e-09	0.9999999132583168	1.5244895365388732e-09	13:43571070	ABF_H3_DOMINANT	PASS	1341	0.9999999828586468	4.816856477206773e-10	0.9999999833403326	4.816856557454003e-10	13:43571070	ABF_H3_DOMINANT	PASS	1341	0.9999999828682676	4.813052235454556e-10	0.9999999833495729	4.813052315593935e-10	13:43571070	ABF_H3_DOMINANT	PASS	1341	0.9999999828780944	4.813228286092194e-10	0.9999999833594172	4.813228366187119e-10	13:43571070	ABF_H3_DOMINANT	PASS	H3_DISTINCT_SIGNAL	ABF_H3_DOMINANT	H3_SUPPORTED_STABLE	STABLE_H3	MATCH		1341	3.24263085328968e-10	3.24263091486121e-10	1	H3	H3	H3	H3	H3	H3	H3	False	False	False	False	False	False	H3 -> H3 -> H3 -> H3
R7B1_003928	40	EPSTI1	CD4_ET	H3_RESCUE_FALSIFICATION	ABF_H3_DOMINANT	H3_SUPPORTED_STABLE	1428	fcf309f5656da6a056b232d99eb2bc30cdc21cb2fe9024848f9dc3b4ccf27fd6	1341	f6addeceea2b49522e82ace9737be989087ef089b24e49f5763cd250f71fd312	87	0.0609243697478991	980	5493128dc348638df1e1d4d98a31af599a88c696fc1a5dec496554e0d5d3afbb	cf2d06601a60dc986030384997acc032512ad022d439a8826625f53fb9157a29	629a8e2a39d1f9fa8eaf3803a0f5b6095e448c492eb4f3f003532f21004617db	0.8974286071966007	0.8976132617919498	1328	13	0	23287	24295.0	24510	0.0035681130171543	PASS	1428	0.9999999232838478	1.1403326724186782e-09	0.9999999244241804	1.1403327586002611e-09	13:43571070	ABF_H3_DOMINANT	PASS	1341	0.9999999232803306	1.1403849899138852e-09	0.9999999244207156	1.140385076103373e-09	13:43571070	ABF_H3_DOMINANT	PASS	1341	0.9999999232803306	1.1403849897833062e-09	0.9999999244207156	1.1403850759727943e-09	13:43571070	ABF_H3_DOMINANT	PASS	1341	0.9999999944149351	9.703509960881246e-11	0.9999999945119702	9.703510014134398e-11	13:43571070	ABF_H3_DOMINANT	PASS	1341	0.9999999944149351	9.703509961588096e-11	0.9999999945119702	9.703510014841247e-11	13:43571070	ABF_H3_DOMINANT	PASS	1341	0.9999999944343544	9.670421957602278e-11	0.9999999945310584	9.670422010489249e-11	13:43571070	ABF_H3_DOMINANT	PASS	H3_DISTINCT_SIGNAL	ABF_H3_DOMINANT	H3_SUPPORTED_STABLE	STABLE_H3	MATCH		1341	1.15095128522047e-10	1.15095129145817e-10	1	H3	H3	H3	H3	H3	H3	H3	False	False	False	False	False	False	H3 -> H3 -> H3 -> H3
R7B1_003929	40	EPSTI1	CD4_NC	H3_RESCUE_FALSIFICATION	ABF_H3_DOMINANT	H3_SUPPORTED_STABLE	1428	fcf309f5656da6a056b232d99eb2bc30cdc21cb2fe9024848f9dc3b4ccf27fd6	1341	f6addeceea2b49522e82ace9737be989087ef089b24e49f5763cd250f71fd312	87	0.0609243697478991	980	d8fbdf46649ca82c35174ea9443a1a9e290c0a7206b9028431e6211641cfc5cc	761fc8ca52fb9ae2971f2d9b7d86f63a72d09fae9265bb4b632d652a47905c1a	204ae49c83baca7f6edd8fcb8340d7f86283b5b208b1e6376e3dc497b43df491	0.8332365617819153	0.8335316389125378	1328	13	0	23287	24295.0	24510	0.0035681130171543	PASS	1428	0.9999999232838408	1.1403322065508407e-09	0.9999999244241728	1.140332292732397e-09	13:43571070	ABF_H3_DOMINANT	PASS	1341	0.9999999232803306	1.140384523876998e-09	0.9999999244207152	1.1403846100664516e-09	13:43571070	ABF_H3_DOMINANT	PASS	1341	0.9999999232803306	1.1403845238769006e-09	0.9999999244207152	1.1403846100663542e-09	13:43571070	ABF_H3_DOMINANT	PASS	1341	0.9999999944149351	9.703512588537983e-11	0.9999999945119704	9.70351264179115e-11	13:43571070	ABF_H3_DOMINANT	PASS	1341	0.9999999944149351	9.70351258853826e-11	0.9999999945119704	9.703512641791425e-11	13:43571070	ABF_H3_DOMINANT	PASS	1341	0.9999999944343614	9.670424578028327e-11	0.9999999945310656	9.670424630915244e-11	13:43571070	ABF_H3_DOMINANT	PASS	H3_DISTINCT_SIGNAL	ABF_H3_DOMINANT	H3_SUPPORTED_STABLE	STABLE_H3	MATCH		1341	1.15095370177214e-10	1.15095370800984e-10	1	H3	H3	H3	H3	H3	H3	H3	False	False	False	False	False	False	H3 -> H3 -> H3 -> H3
R7B1_003931	40	EPSTI1	CD8_ET	H3_RESCUE_FALSIFICATION	ABF_H3_DOMINANT	H3_SUPPORTED_STABLE	1428	fcf309f5656da6a056b232d99eb2bc30cdc21cb2fe9024848f9dc3b4ccf27fd6	1341	f6addeceea2b49522e82ace9737be989087ef089b24e49f5763cd250f71fd312	87	0.0609243697478991	980	510f420a322cad0d053e73324c186fb6c6ffd3c9299e6d94146495dc4c722b24	c2036ab7065c27e233034c993857dcd3796fa513819b995c8d58f9ef2f684326	54804d4f5a8e45345ea697209064efefd98411b845c346ca03fd631f21e71da5	0.9231606213737836	0.9234084827975296	1328	13	0	23287	24295.0	24510	0.0035681130171543	PASS	1428	0.9999999232837696	1.1404109652645775e-09	0.9999999244241806	1.1404110514520772e-09	13:43571070	ABF_H3_DOMINANT	PASS	1341	0.9999999232802452	1.1404632868767207e-09	0.9999999244207086	1.1404633730721342e-09	13:43571070	ABF_H3_DOMINANT	PASS	1341	0.9999999232802452	1.1404632860729855e-09	0.9999999244207086	1.140463372268399e-09	13:43571070	ABF_H3_DOMINANT	PASS	1341	0.9999999944149351	9.703065281979487e-11	0.9999999945119658	9.703065335230241e-11	13:43571070	ABF_H3_DOMINANT	PASS	1341	0.9999999944149351	9.703065286544847e-11	0.9999999945119658	9.703065339795603e-11	13:43571070	ABF_H3_DOMINANT	PASS	1341	0.9999999944343614	9.669978494034425e-11	0.9999999945310613	9.669978546918947e-11	13:43571070	ABF_H3_DOMINANT	PASS	H3_DISTINCT_SIGNAL	ABF_H3_DOMINANT	H3_SUPPORTED_STABLE	STABLE_H3	MATCH		1341	1.15042879933553e-10	1.1504288055704e-10	1	H3	H3	H3	H3	H3	H3	H3	False	False	False	False	False	False	H3 -> H3 -> H3 -> H3
R7B1_003932	40	EPSTI1	CD8_NC	H3_RESCUE_FALSIFICATION	ABF_H3_DOMINANT	H3_SUPPORTED_STABLE	1428	fcf309f5656da6a056b232d99eb2bc30cdc21cb2fe9024848f9dc3b4ccf27fd6	1341	f6addeceea2b49522e82ace9737be989087ef089b24e49f5763cd250f71fd312	87	0.0609243697478991	980	70e5c5508a392fb7c6f325bfdc329693d28b70e2832e770bc8659bde1f9ad760	a5014b033b8ac445cf97cc0c27f08c65a4b59085c2886ba1e6348dba92052833	558c21d87eedb1d4ef72f3a7053760cfd7741383efd822c0eb393a980221405f	0.8741156252149043	0.8743866597726313	1328	13	0	23287	24295.0	24510	0.0035681130171543	PASS	1428	0.9999999232838408	1.1403366780074684e-09	0.9999999244241774	1.1403367641893576e-09	13:43571070	ABF_H3_DOMINANT	PASS	1341	0.9999999232803164	1.140388995553098e-09	0.9999999244207054	1.1403890817429002e-09	13:43571070	ABF_H3_DOMINANT	PASS	1341	0.9999999232803164	1.1403889950996407e-09	0.9999999244207054	1.1403890812894431e-09	13:43571070	ABF_H3_DOMINANT	PASS	1341	0.9999999944149351	9.703487196528992e-11	0.99999999451197	9.703487249782019e-11	13:43571070	ABF_H3_DOMINANT	PASS	1341	0.9999999944149351	9.703487199103902e-11	0.99999999451197	9.703487252356931e-11	13:43571070	ABF_H3_DOMINANT	PASS	1341	0.9999999944343614	9.670399255418325e-11	0.9999999945310654	9.670399308305108e-11	13:43571070	ABF_H3_DOMINANT	PASS	H3_DISTINCT_SIGNAL	ABF_H3_DOMINANT	H3_SUPPORTED_STABLE	STABLE_H3	MATCH		1341	1.1508840579458e-10	1.15088406418313e-10	1	H3	H3	H3	H3	H3	H3	H3	False	False	False	False	False	False	H3 -> H3 -> H3 -> H3
R7B1_003933	40	EPSTI1	CD8_S100B	H3_RESCUE_FALSIFICATION	ABF_H3_DOMINANT	H3_SUPPORTED_STABLE	1428	fcf309f5656da6a056b232d99eb2bc30cdc21cb2fe9024848f9dc3b4ccf27fd6	1341	f6addeceea2b49522e82ace9737be989087ef089b24e49f5763cd250f71fd312	87	0.0609243697478991	959	588618495d6a844f6beedaae1c48ceda348c4b24ea9a9eddbbaf29718f0f296c	06849c14e041d9f35cffcf0315075bc4813f2fe09289f722a16fe7fb26db6853	4c1376732904bb93ceaa6d99a958afdc2fae3f71a0a2d493d23aa2ec4210fc56	0.9577784223541704	0.9580082900667704	1328	13	0	23287	24295.0	24510	0.0035681130171543	PASS	1428	0.999999879589268	2.7918778109096117e-09	0.999999882381146	2.7918781392871193e-09	13:43571070	ABF_H3_DOMINANT	PASS	1341	0.9999998795854524	2.791950008247517e-09	0.9999998823774024	2.791950336643968e-09	13:43571070	ABF_H3_DOMINANT	PASS	1341	0.9999998796309698	2.789939993975216e-09	0.9999998824209098	2.7899403220138607e-09	13:43571070	ABF_H3_DOMINANT	PASS	1341	0.9999999507388336	1.7298194829763399e-09	0.9999999524686533	1.7298195651969934e-09	13:43055002	ABF_H3_DOMINANT	PASS	1341	0.9999999507843724	1.7277893303010321e-09	0.9999999525121616	1.727789412350016e-09	13:43055002	ABF_H3_DOMINANT	PASS	1341	0.9999999507585156	1.7292342760386983e-09	0.99999995248775	1.7292343581985136e-09	13:43055002	ABF_H3_DOMINANT	PASS	H3_DISTINCT_SIGNAL	ABF_H3_DOMINANT	H3_SUPPORTED_STABLE	STABLE_H3	MATCH		1341	2.06006147864233e-07	2.06008211827855e-07	1	H3	H3	H3	H3	H3	H3	H3	False	False	False	False	False	False	H3 -> H3 -> H3 -> H3
R7B1_003937	40	EPSTI1	NK	H3_RESCUE_FALSIFICATION	ABF_H3_DOMINANT	H3_SUPPORTED_STABLE	1428	fcf309f5656da6a056b232d99eb2bc30cdc21cb2fe9024848f9dc3b4ccf27fd6	1341	f6addeceea2b49522e82ace9737be989087ef089b24e49f5763cd250f71fd312	87	0.0609243697478991	980	eff018e6a58f4459d75b56fe2c33c02c42ab286a3d926e2656bb95f2c87a7e14	f81462d272806f28a14a44bc90cb25eb060c9a68fc69ca4db90f78d3cd3bc9d1	550dc64bfec433bec58dd8060d1b493ef6b4f725d48a552a1e66c373cd904ad1	0.8030214805215534	0.8032080256675095	1328	13	0	23287	24295.0	24510	0.0035681130171543	PASS	1428	0.9999999232838408	1.1403322233532964e-09	0.999999924424173	1.140332309534854e-09	13:43571070	ABF_H3_DOMINANT	PASS	1341	0.9999999232803306	1.1403845406831742e-09	0.9999999244207152	1.1403846268726287e-09	13:43571070	ABF_H3_DOMINANT	PASS	1341	0.9999999232803306	1.1403845406775344e-09	0.9999999244207152	1.140384626866989e-09	13:43571070	ABF_H3_DOMINANT	PASS	1341	0.9999999944149351	9.703512493105608e-11	0.9999999945119704	9.703512546358772e-11	13:43571070	ABF_H3_DOMINANT	PASS	1341	0.9999999944149351	9.703512493137736e-11	0.9999999945119704	9.703512546390904e-11	13:43571070	ABF_H3_DOMINANT	PASS	1341	0.9999999944343614	9.670424482856912e-11	0.9999999945310656	9.670424535743829e-11	13:43571070	ABF_H3_DOMINANT	PASS	H3_DISTINCT_SIGNAL	ABF_H3_DOMINANT	H3_SUPPORTED_STABLE	STABLE_H3	MATCH		1341	1.15095346678023e-10	1.15095347301793e-10	1	H3	H3	H3	H3	H3	H3	H3	False	False	False	False	False	False	H3 -> H3 -> H3 -> H3
R7B1_003938	40	EPSTI1	NK_R	H3_RESCUE_FALSIFICATION	ABF_H3_DOMINANT	H3_SUPPORTED_STABLE	1428	fcf309f5656da6a056b232d99eb2bc30cdc21cb2fe9024848f9dc3b4ccf27fd6	1341	f6addeceea2b49522e82ace9737be989087ef089b24e49f5763cd250f71fd312	87	0.0609243697478991	750	ff79d380042ddb5fd80fdef5cef9966e0dba9bb19fcd7aff79759bbcf96376c9	c139230222e4ed23921f64a28eabcac9391d0d255b311cada1d50f41a8b50abc	92e0da6637c01d48788fcfb1d02b01d03cb62ab7ae315973a5ee601fb7d0e907	0.963977656945482	0.9640926623996556	1328	13	0	23287	24295.0	24510	0.0035681130171543	PASS	1428	0.9408477340268088	0.0019889021396179	0.9428366361664268	0.0021094875435736	13:43055002	ABF_H3_DOMINANT	PASS	1341	0.8875176727810116	0.003782024767931	0.8912996975489427	0.0042432694393721	13:43055002	ABF_H3_DOMINANT	PASS	1341	0.8875429891085448	0.0037807902219347	0.8913237793304795	0.0042417697245491	13:43055002	ABF_H3_DOMINANT	PASS	1341	0.8875052091355673	0.0037960830176235	0.8913012921531909	0.0042590345723083	13:43055002	ABF_H3_DOMINANT	PASS	1341	0.8875305288739384	0.0037948442624681	0.8913253731364066	0.0042575297156804	13:43055002	ABF_H3_DOMINANT	PASS	1341	0.8875049643934206	0.0037963577202263	0.891301322113647	0.0042593426331104	13:43055002	ABF_H3_DOMINANT	PASS	H3_DISTINCT_SIGNAL	ABF_H3_DOMINANT	H3_SUPPORTED_STABLE	STABLE_H3	PF50_UNINFORMATIVE		1341	0.0016230117126932	0.0017527435523369	1	H3	H3	H3	H3	H3	H3	H3	False	False	False	False	False	False	H3 -> H3 -> H3 -> H3
R7B1_004016	41	DLEU1	CD4_NC	H3_RESCUE_FALSIFICATION	ABF_H3_DOMINANT	H3_SUPPORTED_STABLE	1222	6e87b39559d8b07c20f1f08ff97b616443563d7938788b3dab4abc8dc3f10f98	1137	261ad6fe6d5296f07e1013147714f2a1bd80a3b4f9a4d22dfae9801ee1eba2e3	85	0.069558101472995	980	2ec6f742e7893d31d35a2cd9aea41d158d7ad91bd4e7f8d3a126db74f57df983	101d57675faf99fa01ffe786e4ee0ffbaf3f8bccfc0389f7324a6359fcbda2fd	d493042a979d0f4079e500c3c253bda16f6ef08d3ef1907f953c2b882b7639a4	0.8280654722840181	0.8283302699838851	1136	1	0	23293	24130.0	24510	0.0021819757365686	PASS	1222	0.9951041741944446	0.0017855884034594	0.996889762597904	0.0017911593342138	13:50811220	ABF_H3_DOMINANT	PASS	1137	0.9949949733621584	0.0018254157477203	0.9968203891098788	0.0018312383731941	13:50811220	ABF_H3_DOMINANT	PASS	1137	0.9949993878052384	0.0018240049877187	0.9968233927929572	0.0018298175994928	13:50811220	ABF_H3_DOMINANT	PASS	1137	0.9949881192942542	0.0018322916970213	0.9968204109912756	0.0018381362147262	13:50811220	ABF_H3_DOMINANT	PASS	1137	0.99499253809274	0.0018308765469596	0.9968234146396998	0.001836711016285	13:50811220	ABF_H3_DOMINANT	PASS	1137	0.9949882884834303	0.0018321219677252	0.9968204104511558	0.0018379659450352	13:50811220	ABF_H3_DOMINANT	PASS	H3_DISTINCT_SIGNAL	ABF_H3_DOMINANT	H3_SUPPORTED_STABLE	STABLE_H3	MATCH		1137	0.0007074670019305	0.0007097049241523	1	H3	H3	H3	H3	H3	H3	H3	False	False	False	False	False	False	H3 -> H3 -> H3 -> H3
R7B1_004027	41	EBPL	B_IN	H3_RESCUE_FALSIFICATION	ABF_H3_DOMINANT	H3_SUPPORTED_STABLE	1030	67171bfaddef389b63fe1fe37332062d7fd00afb6c471e4bf1cfe631cb368745	963	76f937ae7f66f386427ec959d183b1a4d9d12fa308a26006c29217dc381e52e9	67	0.0650485436893203	975	4020cb7a144b633fdace2a914975bd01c06bde176df3cc9e65d55d484e4092ce	78db64828c30195c62fb019b5d461a2b0b731e7db67b857f3991fb49dfeea7c7	15955c3a2cc78623daf7fd91b1d7c97bc584593e7ba9f8f177b5e0fabeb1e8bc	0.7694445726689897	0.769673371950051	962	1	0	23293	24170.0	24510	0.0021819757365686	PASS	1030	0.9999999990583248	8.819829478819015e-11	0.9999999991465232	8.819829486346536e-11	13:50811220	ABF_H3_DOMINANT	PASS	963	0.9999999990583248	8.819829528137934e-11	0.9999999991465232	8.819829535665454e-11	13:50811220	ABF_H3_DOMINANT	PASS	963	0.9999999990598952	8.804254778970661e-11	0.9999999991479376	8.804254786472434e-11	13:50811220	ABF_H3_DOMINANT	PASS	963	0.999999999059213	8.782983210249589e-11	0.9999999991470429	8.782983217741096e-11	13:50811220	ABF_H3_DOMINANT	PASS	963	0.9999999990607832	8.767465346117426e-11	0.999999999148458	8.767465353583292e-11	13:50811220	ABF_H3_DOMINANT	PASS	963	0.999999999059206	8.783861308015451e-11	0.9999999991470444	8.783861315507694e-11	13:50811220	ABF_H3_DOMINANT	PASS	H3_DISTINCT_SIGNAL	ABF_H3_DOMINANT	H3_SUPPORTED_STABLE	STABLE_H3	MATCH		963	6.180836197516751e-15	6.180836197518641e-15	1	H3	H3	H3	H3	H3	H3	H3	False	False	False	False	False	False	H3 -> H3 -> H3 -> H3
R7B1_004028	41	EBPL	B_MEM	H3_RESCUE_FALSIFICATION	ABF_H3_DOMINANT	H3_SUPPORTED_STABLE	1030	67171bfaddef389b63fe1fe37332062d7fd00afb6c471e4bf1cfe631cb368745	963	76f937ae7f66f386427ec959d183b1a4d9d12fa308a26006c29217dc381e52e9	67	0.0650485436893203	970	92435d500e4ac186efe21c92b1ef7be5b5e67b33a69d2e5188837cd8808d1785	0f8e47f5de4aaaa797331d879a5e8d63b97d2052637e3e8b9c8bcd0f5cfac15e	82e59dae7a4f8f2d85fa7c8e8a35f11f3326c7b8174e95ec2df79107ac29e15a	0.9233756832023936	0.9236130828051168	962	1	0	23293	24170.0	24510	0.0021819757365686	PASS	1030	0.9999932961940946	4.072721365897806e-06	0.9999973689154604	4.072732081600219e-06	13:50811220	ABF_H3_DOMINANT	PASS	963	0.9999932878943292	4.0777636705311564e-06	0.9999973656579996	4.077774412783561e-06	13:50811220	ABF_H3_DOMINANT	PASS	963	0.9999932930822084	4.075043659704701e-06	0.999997368125868	4.075054384734922e-06	13:50811220	ABF_H3_DOMINANT	PASS	963	0.9999932842830412	4.0813754819808336e-06	0.9999973656585232	4.081386233745872e-06	13:50811220	ABF_H3_DOMINANT	PASS	963	0.9999932894735992	4.078652798182067e-06	0.9999973681263972	4.078663532708953e-06	13:50811220	ABF_H3_DOMINANT	PASS	963	0.9999932843721996	4.081286325355128e-06	0.9999973656585248	4.08129707688529e-06	13:50811220	ABF_H3_DOMINANT	PASS	H3_DISTINCT_SIGNAL	ABF_H3_DOMINANT	H3_SUPPORTED_STABLE	STABLE_H3	MATCH		963	0.019586683972552	0.02335952552739	2	H3	H3	H3	H3	H3	H3	H3	False	False	False	False	False	False	H3 -> H3 -> H3 -> H3
R7B1_004029	41	EBPL	CD4_ET	H3_RESCUE_FALSIFICATION	ABF_H3_DOMINANT	H3_SUPPORTED_STABLE	1030	67171bfaddef389b63fe1fe37332062d7fd00afb6c471e4bf1cfe631cb368745	963	76f937ae7f66f386427ec959d183b1a4d9d12fa308a26006c29217dc381e52e9	67	0.0650485436893203	980	99cecb00c137bbdfa655f6d468a886622567c3b2d09eca8997d32251dfdfcaee	77a0116a0cf0412b7e6f18aec0c70ab164ec41962bb180e3b526d34f850e4704	fb40a450801eab68b1d3030eb2412a7d37682d968a649a811038ae2287f00f6a	0.8747423274125137	0.8748688946282983	962	1	0	23293	24170.0	24510	0.0021819757365686	PASS	1030	0.9999999999994742	8.145298335807423e-15	0.9999999999994824	8.14529833581164e-15	13:50266574	ABF_H3_DOMINANT	PASS	963	0.9999999999994742	8.145298335808117e-15	0.9999999999994824	8.145298335812335e-15	13:50266574	ABF_H3_DOMINANT	PASS	963	0.9999999999994742	8.145307165409981e-15	0.9999999999994824	8.145307165414196e-15	13:50266574	ABF_H3_DOMINANT	PASS	963	1.0	4.1479130631684697e-17	1.0	4.1479130631684697e-17	13:50266574	ABF_H3_DOMINANT	PASS	963	1.0	4.147913597387331e-17	1.0	4.147913597387331e-17	13:50266574	ABF_H3_DOMINANT	PASS	963	1.0	4.155164994261745e-17	1.0	4.155164994261745e-17	13:50266574	ABF_H3_DOMINANT	PASS	H3_DISTINCT_SIGNAL	ABF_H3_DOMINANT	H3_SUPPORTED_STABLE	STABLE_H3	MATCH		963	5.28793876349927e-17	5.28793876349927e-17	1	H3	H3	H3	H3	H3	H3	H3	False	False	False	False	False	False	H3 -> H3 -> H3 -> H3
R7B1_004030	41	EBPL	CD4_NC	H3_RESCUE_FALSIFICATION	ABF_H3_DOMINANT	H3_SUPPORTED_STABLE	1030	67171bfaddef389b63fe1fe37332062d7fd00afb6c471e4bf1cfe631cb368745	963	76f937ae7f66f386427ec959d183b1a4d9d12fa308a26006c29217dc381e52e9	67	0.0650485436893203	980	eba44c48b604baead4b4a6964832d14b1c2b05e4c88a75688831f014392372d9	101d57675faf99fa01ffe786e4ee0ffbaf3f8bccfc0389f7324a6359fcbda2fd	d493042a979d0f4079e500c3c253bda16f6ef08d3ef1907f953c2b882b7639a4	0.6600059191198573	0.6596894409597214	962	1	0	23293	24170.0	24510	0.0021819757365686	PASS	1030	0.9999999999994884	7.802334777866723e-15	0.9999999999994962	7.802334777870654e-15	13:50266109	ABF_H3_DOMINANT	PASS	963	0.9999999999994884	7.802334777867166e-15	0.9999999999994962	7.802334777871098e-15	13:50266109	ABF_H3_DOMINANT	PASS	963	0.9999999999994884	7.802341116689224e-15	0.9999999999994962	7.802341116693155e-15	13:50266109	ABF_H3_DOMINANT	PASS	963	1.0	4.1357564918406745e-17	1.0	4.1357564918406745e-17	13:50266109	ABF_H3_DOMINANT	PASS	963	1.0	4.135756748094306e-17	1.0	4.135756748094306e-17	13:50266109	ABF_H3_DOMINANT	PASS	963	1.0	4.14297341052348e-17	1.0	4.14297341052348e-17	13:50266109	ABF_H3_DOMINANT	PASS	H3_DISTINCT_SIGNAL	ABF_H3_DOMINANT	H3_SUPPORTED_STABLE	STABLE_H3	MATCH		963	1.38418316826702e-15	1.38418316826702e-15	2	H3	H3	H3	H3	H3	H3	H3	False	False	False	False	False	False	H3 -> H3 -> H3 -> H3
R7B1_004032	41	EBPL	CD8_ET	H3_RESCUE_FALSIFICATION	ABF_H3_DOMINANT	H3_SUPPORTED_STABLE	1030	67171bfaddef389b63fe1fe37332062d7fd00afb6c471e4bf1cfe631cb368745	963	76f937ae7f66f386427ec959d183b1a4d9d12fa308a26006c29217dc381e52e9	67	0.0650485436893203	980	1bcfa93c2b8c449d9bd709cc76332bf1160b7ff86c740b11e61f7709949e31bd	83ff525a4c11a668ce97b2ffc571cdadd8b02ead1770ed347c70ae190b18a58c	1c8846364dce2df11a5426106ee7ed3d6502cf1c96c46f63155a9acd36bc69a3	0.8273038868943757	0.8273257721672739	962	1	0	23293	24170.0	24510	0.0021819757365686	PASS	1030	0.9999999999994742	8.028216545014406e-15	0.9999999999994822	8.028216545018563e-15	13:50266109	ABF_H3_DOMINANT	PASS	963	0.9999999999994742	8.028216545015091e-15	0.9999999999994822	8.028216545019248e-15	13:50266109	ABF_H3_DOMINANT	PASS	963	0.9999999999994742	8.028215995803881e-15	0.9999999999994822	8.028215995808037e-15	13:50266109	ABF_H3_DOMINANT	PASS	963	1.0	4.1448880004413756e-17	1.0	4.1448880004413756e-17	13:50266109	ABF_H3_DOMINANT	PASS	963	1.0	4.1448879782388225e-17	1.0	4.1448879782388225e-17	13:50266109	ABF_H3_DOMINANT	PASS	963	1.0	4.1521289627046806e-17	1.0	4.1521289627046806e-17	13:50266109	ABF_H3_DOMINANT	PASS	H3_DISTINCT_SIGNAL	ABF_H3_DOMINANT	H3_SUPPORTED_STABLE	STABLE_H3	MATCH		963	1.3341817687881e-05	1.33419351089847e-05	2	H3	H3	H3	H3	H3	H3	H3	False	False	False	False	False	False	H3 -> H3 -> H3 -> H3
R7B1_004033	41	EBPL	CD8_NC	H3_RESCUE_FALSIFICATION	ABF_H3_DOMINANT	H3_SUPPORTED_STABLE	1030	67171bfaddef389b63fe1fe37332062d7fd00afb6c471e4bf1cfe631cb368745	963	76f937ae7f66f386427ec959d183b1a4d9d12fa308a26006c29217dc381e52e9	67	0.0650485436893203	980	3a400750526874d7fa8f7ef9d12055c6033dab11644a3439355703a0d239cf47	f3d8651225590983b8b6f438ef2e2d76692f03d8deabd9d16c8e554d085c3e11	a661c6ff48eb110c6f2f1d04d2a3d82d5c7b66ca4d76f9afd29a585c1a3d9ed2	0.8291257891405664	0.8290395658485222	962	1	0	23293	24170.0	24510	0.0021819757365686	PASS	1030	0.99999999999946	8.394513108264567e-15	0.9999999999994684	8.394513108269029e-15	13:50266574	ABF_H3_DOMINANT	PASS	963	0.99999999999946	8.394513108265045e-15	0.9999999999994684	8.394513108269507e-15	13:50266574	ABF_H3_DOMINANT	PASS	963	0.99999999999946	8.394511917804584e-15	0.9999999999994684	8.394511917809046e-15	13:50266574	ABF_H3_DOMINANT	PASS	963	1.0	4.159695887794749e-17	1.0	4.159695887794749e-17	13:50266574	ABF_H3_DOMINANT	PASS	963	1.0	4.1596958396620057e-17	1.0	4.1596958396620057e-17	13:50266574	ABF_H3_DOMINANT	PASS	963	1.0	4.166975839807378e-17	1.0	4.166975839807378e-17	13:50266574	ABF_H3_DOMINANT	PASS	H3_DISTINCT_SIGNAL	ABF_H3_DOMINANT	H3_SUPPORTED_STABLE	STABLE_H3	MATCH		963	1.99571091253451e-07	1.99571374558505e-07	2	H3	H3	H3	H3	H3	H3	H3	False	False	False	False	False	False	H3 -> H3 -> H3 -> H3
R7B1_004034	41	EBPL	CD8_S100B	H3_RESCUE_FALSIFICATION	ABF_H3_DOMINANT	H3_SUPPORTED_STABLE	1030	67171bfaddef389b63fe1fe37332062d7fd00afb6c471e4bf1cfe631cb368745	963	76f937ae7f66f386427ec959d183b1a4d9d12fa308a26006c29217dc381e52e9	67	0.0650485436893203	959	7400673953f0ba26fa789a29ecd4c95d7b8f4afd078965f4cdf8b2b6ef603f7a	7f15ba5689f18c9261cea444a7f69af6565fe02e33601e961491a6a6e12170c4	6043d870d2fa84ad87fef8c64fca7c96c4a51b8ba460e3e1ece91a29fb9037bc	0.9224745962027068	0.9227366983780284	962	1	0	23293	24170.0	24510	0.0021819757365686	PASS	1030	0.9999751692441998	1.7266495904084414e-06	0.9999768958937902	1.7266894840256715e-06	13:50811220	ABF_H3_DOMINANT	PASS	963	0.999975169199934	1.7266526685205684e-06	0.9999768958526026	1.7266925622800372e-06	13:50811220	ABF_H3_DOMINANT	PASS	963	0.9999751857213977	1.7252596704778105e-06	0.999976910981068	1.7252995059507663e-06	13:50811220	ABF_H3_DOMINANT	PASS	963	0.99997517753401	1.7183189133652489e-06	0.9999768958529232	1.7183586145754104e-06	13:50811220	ABF_H3_DOMINANT	PASS	963	0.999975194050038	1.7169313543298169e-06	0.9999769109813924	1.716970997505127e-06	13:50811220	ABF_H3_DOMINANT	PASS	963	0.9999751773282988	1.718524629035459e-06	0.9999768958529276	1.718564334998608e-06	13:50811220	ABF_H3_DOMINANT	PASS	H3_DISTINCT_SIGNAL	ABF_H3_DOMINANT	H3_SUPPORTED_STABLE	STABLE_H3	MATCH		963	3.17618395267902e-06	3.1766526105108e-06	1	H3	H3	H3	H3	H3	H3	H3	False	False	False	False	False	False	H3 -> H3 -> H3 -> H3
R7B1_004036	41	EBPL	Mono_C	H3_RESCUE_FALSIFICATION	ABF_H3_DOMINANT	H3_SUPPORTED_STABLE	1030	67171bfaddef389b63fe1fe37332062d7fd00afb6c471e4bf1cfe631cb368745	963	76f937ae7f66f386427ec959d183b1a4d9d12fa308a26006c29217dc381e52e9	67	0.0650485436893203	851	1de433d2385212d892f19ff2b3b8fcb66cf3d5bd29ff86477c9a09c2c8421260	0fa2ea88e63838907742f17ee558dc6c2d31ccfa82ec910df733d28908cfc72f	e17fc86c2a667ed1a4936cbb0a57190aa99f5b388e0b6fd9776a87725ffa9730	0.9689047670988186	0.9692303316579408	962	1	0	23293	24170.0	24510	0.0021819757365686	PASS	1030	0.9702222103249808	0.0044428191260083	0.9746650294509892	0.0045583036138178	13:50811220	ABF_H3_DOMINANT	PASS	963	0.9689890507898576	0.0046268054066539	0.9736158561965116	0.0047521878133012	13:50811220	ABF_H3_DOMINANT	PASS	963	0.96901847757745	0.0046223685022187	0.9736408460796688	0.0047475088178875	13:50811220	ABF_H3_DOMINANT	PASS	963	0.969033324370048	0.0045813275666831	0.9736146519367308	0.0047054833835643	13:50811220	ABF_H3_DOMINANT	PASS	963	0.969062718654934	0.0045769252252955	0.9736396438802296	0.0047008410699622	13:50811220	ABF_H3_DOMINANT	PASS	963	0.9690322314433532	0.0045824502214476	0.9736146816648008	0.0047066363190127	13:50811220	ABF_H3_DOMINANT	PASS	H3_DISTINCT_SIGNAL	ABF_H3_DOMINANT	H3_SUPPORTED_STABLE	STABLE_H3	MATCH		963	0.0013191555587839	0.0013376032030169	1	H3	H3	H3	H3	H3	H3	H3	False	False	False	False	False	False	H3 -> H3 -> H3 -> H3
R7B1_004038	41	EBPL	NK	H3_RESCUE_FALSIFICATION	ABF_H3_DOMINANT	H3_SUPPORTED_STABLE	1030	67171bfaddef389b63fe1fe37332062d7fd00afb6c471e4bf1cfe631cb368745	963	76f937ae7f66f386427ec959d183b1a4d9d12fa308a26006c29217dc381e52e9	67	0.0650485436893203	980	7ecb1e99a641f7fc542aeff9333a6221b94b66a8a623256b312f1a538fb62129	cbfc90a20634f316cf2bae98fc0287d6980ea0228b7607bb2cf886992c64c554	8e58ee06802702682277ed178dcf2fe8708b000085ea4f15e7f8f8675eccc78c	0.895647493516721	0.8957480152834844	962	1	0	23293	24170.0	24510	0.0021819757365686	PASS	1030	0.9999999999994742	5.150080351555289e-15	0.9999999999994792	5.1500803515579705e-15	13:50287966	ABF_H3_DOMINANT	PASS	963	0.9999999999994742	5.150080351555729e-15	0.9999999999994792	5.150080351558411e-15	13:50287966	ABF_H3_DOMINANT	PASS	963	0.9999999999994742	5.150081026778998e-15	0.9999999999994792	5.15008102678168e-15	13:50287966	ABF_H3_DOMINANT	PASS	963	1.0	3.9656571576020935e-17	1.0	3.9656571576020935e-17	13:50291860	ABF_H3_DOMINANT	PASS	963	1.0	3.965657203883891e-17	1.0	3.965657203883891e-17	13:50291860	ABF_H3_DOMINANT	PASS	963	1.0	3.972536699547735e-17	1.0	3.972536699547735e-17	13:50291860	ABF_H3_DOMINANT	PASS	H3_DISTINCT_SIGNAL	ABF_H3_DOMINANT	H3_SUPPORTED_STABLE	STABLE_H3	MATCH		963	1.57875951321461e-07	1.57876467613101e-07	2	H3	H3	H3	H3	H3	H3	H3	False	False	False	False	False	False	H3 -> H3 -> H3 -> H3
R7B1_004114	42	CFL2	CD4_NC	H3_RESCUE_FALSIFICATION	ABF_H3_DOMINANT	H3_SUPPORTED_STABLE	1428	fb634ac5119d2efacef60c872df3e3200ab1810154e18026bf84e5aaf9a87e06	1346	f0fe1b33d322ee0c519b96453ec527226025ac10b4e5d7eb75a42dd4e622e0d9	82	0.057422969187675	980	ed1f7731834cc6d3f77514b85b7e87f60e197c1f5c12185bc2fd13ed18b35daf	59dc24ea502fe8d9846f9bee396d27e9ee5ddfd94ede67fe906e4dddecf1716d	1104bb86fab058cc035af7a08729f7e53126afd4e5956958475ccc2aa6031c66	0.815309189083129	0.8153457204879373	1343	3	0	23285	24230.5	24510	0.0025973008271655	PASS	1428	0.9217451852428524	0.0070220187831581	0.9287672040260108	0.0075605800384845	14:35184228	ABF_H3_DOMINANT	PASS	1346	0.9213371615575928	0.0070586318655695	0.9283957934231624	0.0076030416289835	14:35184228	ABF_H3_DOMINANT	PASS	1346	0.9213371607590384	0.0070586327261234	0.9283957934851618	0.0076030425554015	14:35184228	ABF_H3_DOMINANT	PASS	1346	0.9439446869797792	0.0038268101776924	0.9477714971574718	0.004037692829094	14:35184228	ABF_H3_DOMINANT	PASS	1346	0.9439446992698848	0.0038267972083018	0.9477714964781868	0.0040376791478977	14:35184228	ABF_H3_DOMINANT	PASS	1346	0.9440180563340704	0.0038235022814544	0.947841558615525	0.0040339044502747	14:35184228	ABF_H3_DOMINANT	PASS	H3_DISTINCT_SIGNAL	ABF_H3_DOMINANT	H3_SUPPORTED_STABLE	STABLE_H3	MATCH		1346	0.0534819611671931	0.071967683049831	2	H3	H3	H3	H3	H3	H3	H3	False	False	False	False	False	False	H3 -> H3 -> H3 -> H3
R7B1_004117	42	CFL2	CD8_NC	H3_RESCUE_FALSIFICATION	ABF_H3_DOMINANT	H3_SUPPORTED_STABLE	1428	fb634ac5119d2efacef60c872df3e3200ab1810154e18026bf84e5aaf9a87e06	1346	f0fe1b33d322ee0c519b96453ec527226025ac10b4e5d7eb75a42dd4e622e0d9	82	0.057422969187675	980	0487f70aec11d9ae33f17d503c16d59164f4aead56dea39e4978af3eb451c7db	a77567e69c8b29c69b5e3a905824e8d664a3d44caa4164ae33208e77f3530d59	b0d4892cbbeb76c344e6f3aa3ce7a48e6a794eb2691d8e17a0b1ce5312dfa8d8	0.9336998078594384	0.9338320191378972	1343	3	0	23285	24230.5	24510	0.0025973008271655	PASS	1428	0.9211793330213844	0.0072550469563231	0.9284343799777076	0.0078142808073278	14:35185345	ABF_H3_DOMINANT	PASS	1346	0.9207704988428284	0.0072927932198827	0.9280632920627112	0.0078580774417592	14:35185345	ABF_H3_DOMINANT	PASS	1346	0.9207706580566016	0.0072927870227542	0.928063445079356	0.0078580694686565	14:35185345	ABF_H3_DOMINANT	PASS	1346	0.9414213118703232	0.0061127070125846	0.9475340188829078	0.0064511741961425	14:35174105	ABF_H3_DOMINANT	PASS	1346	0.9414214762458116	0.0061126991282369	0.9475341753740484	0.0064511648097799	14:35174105	ABF_H3_DOMINANT	PASS	1346	0.9414985224131324	0.0061051451211849	0.9476036675343174	0.00644272002141	14:35174105	ABF_H3_DOMINANT	PASS	H3_DISTINCT_SIGNAL	ABF_H3_DOMINANT	H3_SUPPORTED_STABLE	STABLE_H3	MATCH		1346	0.0248030160421702	0.0285834924947467	1	H3	H3	H3	H3	H3	H3	H3	False	False	False	False	False	False	H3 -> H3 -> H3 -> H3
R7B1_004137	42	FAM177A1	CD4_NC	H3_RESCUE_FALSIFICATION	ABF_H3_DOMINANT	UNINFORMATIVE	1428	fb634ac5119d2efacef60c872df3e3200ab1810154e18026bf84e5aaf9a87e06	1346	f0fe1b33d322ee0c519b96453ec527226025ac10b4e5d7eb75a42dd4e622e0d9	82	0.057422969187675	980	25de47a0ed2010f5c6b2bd3dd27407b6a392fa3680f24533a1ece0e6bd67892c	59dc24ea502fe8d9846f9bee396d27e9ee5ddfd94ede67fe906e4dddecf1716d	1104bb86fab058cc035af7a08729f7e53126afd4e5956958475ccc2aa6031c66	0.5738438266022903	0.5739029170120046	1343	3	0	23285	24230.5	24510	0.0025973008271655	PASS	1428	0.7679143042535311	0.0395364809631268	0.8074507852166579	0.0489645705806308	14:35408548	ABF_H3_DOMINANT	PASS	1346	0.7552527823969784	0.0421700408753812	0.7974228232723596	0.0528829118563842	14:35408548	ABF_UNINFORMATIVE_OR_NO_TRIGGER	PASS	1346	0.7552608673486448	0.0421678940876751	0.79742876143632	0.0528798259191489	14:35408548	ABF_UNINFORMATIVE_OR_NO_TRIGGER	PASS	1346	0.7638877797364557	0.0513420811299003	0.8152298608663561	0.0629786561980672	14:35408548	ABF_H3_DOMINANT	PASS	1346	0.763895922479656	0.0513399979521583	0.8152359204318144	0.0629756327775211	14:35408548	ABF_H3_DOMINANT	PASS	1346	0.7639609635270588	0.051321791861306	0.8152827553883648	0.0629496840477861	14:35408548	ABF_H3_DOMINANT	PASS	H3_DISTINCT_SIGNAL	ABF_H3_DOMINANT	UNINFORMATIVE	H3_TO_UNINFORMATIVE	NOT_COMPARABLE		1346			0	H3	UNINFORMATIVE	UNINFORMATIVE	H3	H3	H3	UNINFORMATIVE	True	True	True	False	False	False	H3 -> UNINFORMATIVE -> H3 -> UNINFORMATIVE
R7B1_004151	42	SRP54	CD4_NC	H3_RESCUE_FALSIFICATION	ABF_H3_DOMINANT	UNINFORMATIVE	1428	fb634ac5119d2efacef60c872df3e3200ab1810154e18026bf84e5aaf9a87e06	1346	f0fe1b33d322ee0c519b96453ec527226025ac10b4e5d7eb75a42dd4e622e0d9	82	0.057422969187675	980	bc21057e5526489d176da39819213d27224beebf16fb5bd3fb5847008b395fa9	59dc24ea502fe8d9846f9bee396d27e9ee5ddfd94ede67fe906e4dddecf1716d	1104bb86fab058cc035af7a08729f7e53126afd4e5956958475ccc2aa6031c66	0.7143489690581365	0.71441358486245	1343	3	0	23285	24230.5	24510	0.0025973008271655	PASS	1428	0.8176305770659116	0.0120470493520809	0.8296776264179926	0.0145201569482984	14:35394166	ABF_H3_DOMINANT	PASS	1346	0.814473723804694	0.0123361091832327	0.8268098329879268	0.0149201287781647	14:35394166	ABF_H3_DOMINANT	PASS	1346	0.8144833467883557	0.0123348833461621	0.8268182301345177	0.0149184946540853	14:35394166	ABF_H3_DOMINANT	PASS	1346	0.8257149656219136	0.0195032589116505	0.8452182245335642	0.0230748206150115	14:35394166	ABF_H3_DOMINANT	PASS	1346	0.8257252398385285	0.019501426556322	0.8452266663948506	0.0230724222645524	14:35394166	ABF_H3_DOMINANT	PASS	1346	0.8258049034585743	0.0194694266211128	0.8452743300796871	0.0230332637917412	14:35394166	ABF_H3_DOMINANT	PASS	H3_DISTINCT_SIGNAL	ABF_H3_DOMINANT	UNINFORMATIVE	H3_TO_UNINFORMATIVE	NOT_COMPARABLE		1346			0	H3	H3	H3	H3	H3	H3	UNINFORMATIVE	False	False	True	False	False	False	H3 -> H3 -> H3 -> UNINFORMATIVE
R7B1_004211	43	ZFP36L1	B_IN	H3_RESCUE_FALSIFICATION	ABF_H3_DOMINANT	H3_SUPPORTED_STABLE	1001	4e973d1fc442fe25ff43aff3cbf791768c1a64b9a4bdb766243787f0ba672308	931	ef4ff1092af171976b2adf438d4555907d973d1d5b408b488150742a1cb9f38f	70	0.0699300699300699	975	388d4ad04cbbbe37b326927540e67ad35c5d6398f0257b26dc9f702a4f9564ff	91a65662cdd2b52bc671aa9e5617c3e6637204aad030bc6254bffb2fbf70672c	e398f23dc6dead28b056837f893ba006d4fec559fa5a99255992a67846435075	0.9140293272785522	0.9139796451441168	930	1	0	23286	24115.0	24510	0.0039252669039147	PASS	1001	0.9188322150062932	0.0625544831166794	0.9813866981229727	0.0637409119527734	14:68749927	ABF_H3_DOMINANT	PASS	931	0.9201051077081972	0.0609825021676252	0.9810876098758224	0.0621580596409161	14:68749927	ABF_H3_DOMINANT	PASS	931	0.9200980856757992	0.0609878692935675	0.9810859549693668	0.0621636350868683	14:68749927	ABF_H3_DOMINANT	PASS	931	0.927687337652442	0.0532445919268263	0.9809319295792684	0.0542795991457465	14:68752643	ABF_H3_DOMINANT	PASS	931	0.9276808609765708	0.0532493876882138	0.9809302486647848	0.0542845811521211	14:68752643	ABF_H3_DOMINANT	PASS	931	0.92765844357744	0.0532740792624836	0.9809325228399236	0.0543096268316687	14:68752643	ABF_H3_DOMINANT	PASS	H3_DISTINCT_SIGNAL	ABF_H3_DOMINANT	H3_SUPPORTED_STABLE	STABLE_H3	MATCH		931	0.0645341233241336	0.0662515552975224	4	H3	H3	H3	H3	H3	H3	H3	False	False	False	False	False	False	H3 -> H3 -> H3 -> H3
R7B1_004212	43	ZFP36L1	B_MEM	PRIMARY_184_TRIGGER_VERIFICATION	ABF_AMBIGUOUS	H3_SUPPORTED_STABLE	1001	4e973d1fc442fe25ff43aff3cbf791768c1a64b9a4bdb766243787f0ba672308	931	ef4ff1092af171976b2adf438d4555907d973d1d5b408b488150742a1cb9f38f	70	0.0699300699300699	970	4f995dc6cb1d414a9e7ab17e3cf10ff605c52c55894a4ba6f061544dce51ecfe	aee43abc0b28c4e21b54b34d8f851c539682ab8f496f7cf81042f0208f036ce5	52b31caa86d35398ab1170d65b3faa483cb2aa3773d63f34b59371c36d1b3a4b	0.9838679305272894	0.9838221189431926	930	1	0	23286	24115.0	24510	0.0039252669039147	PASS	1001	0.7233899446699816	0.2054227589193942	0.9288127035893758	0.2211670427477386	14:68749927	ABF_AMBIGUOUS	PASS	931	0.7252298283822802	0.2031677689359815	0.9283975973182618	0.2188370257773665	14:68749927	ABF_AMBIGUOUS	PASS	931	0.7252198785458177	0.2031751817381882	0.928395060284006	0.21884560832975	14:68749927	ABF_AMBIGUOUS	PASS	931	0.7443165142916895	0.1821992398130767	0.9265157541047664	0.1966499101670693	14:68752643	ABF_H3_DOMINANT	PASS	931	0.7443068529969232	0.1822062431618605	0.9265130961587836	0.1966580331322532	14:68752643	ABF_H3_DOMINANT	PASS	931	0.7441847122677011	0.1823440367984526	0.9265287490661538	0.1968034310670195	14:68752643	ABF_H3_DOMINANT	PASS	H3_H4_AMBIGUITY_TRIGGER	ABF_AMBIGUOUS	H3_SUPPORTED_STABLE	AMBIGUITY_TO_H3	PF50_UNINFORMATIVE		931	0.0536922511758451	0.0606061887660304	2	AMBIGUOUS	AMBIGUOUS	AMBIGUOUS	H3	H3	H3	H3	False	True	False	False	False	False	AMBIGUOUS -> AMBIGUOUS -> H3 -> H3
R7B1_004214	43	ZFP36L1	CD4_NC	H3_RESCUE_FALSIFICATION	ABF_H3_DOMINANT	MODEL_SENSITIVE	1001	4e973d1fc442fe25ff43aff3cbf791768c1a64b9a4bdb766243787f0ba672308	931	ef4ff1092af171976b2adf438d4555907d973d1d5b408b488150742a1cb9f38f	70	0.0699300699300699	980	c5a0cb1031902c6864c211f5e5d7adee9ae161ee28244963c831b7dd8c262448	2c74ac22cd87fa1af4713d976b1668c5526eb6bd4d60390e8a817a218021a5fe	6eb1cf018c24101de3b9d1e3a40981886c69bad77c404a467665cb6c0b0ec89e	0.5660384660535169	0.5659952820565112	930	1	0	23286	24115.0	24510	0.0039252669039147	PASS	1001	0.9170475678216434	0.0675225337858898	0.9845701016075332	0.0685807274420013	14:68752643	ABF_H3_DOMINANT	PASS	931	0.9194617689529514	0.0649579101150922	0.9844196790680436	0.0659859930640439	14:68752643	ABF_H3_DOMINANT	PASS	931	0.9194549037361304	0.0649634053630956	0.984418309099226	0.0659916671222208	14:68752643	ABF_H3_DOMINANT	PASS	931	0.9064548443064858	0.0781849980153059	0.9846398423217916	0.0794046662086563	14:68752643	ABF_H3_DOMINANT	PASS	931	0.9064471964697942	0.0781913101326085	0.9846385066024028	0.0794111845192971	14:68752643	ABF_H3_DOMINANT	PASS	931	0.9065061632034276	0.078132810463031	0.9846389736664588	0.07935173454702	14:68752643	ABF_H3_DOMINANT	PASS	H3_DISTINCT_SIGNAL	ABF_H3_DOMINANT	MODEL_SENSITIVE	H3_TO_MODEL_SENSITIVE	NOT_COMPARABLE		931	0.616491952281965	0.71212596985715	2	H3	H3	H3	H3	H3	H3	MODEL_SENSITIVE	False	False	True	False	False	False	H3 -> H3 -> H3 -> MODEL_SENSITIVE
R7B1_004221	43	ZFP36L1	Mono_NC	H3_RESCUE_FALSIFICATION	ABF_H3_DOMINANT	H3_SUPPORTED_STABLE	1001	4e973d1fc442fe25ff43aff3cbf791768c1a64b9a4bdb766243787f0ba672308	931	ef4ff1092af171976b2adf438d4555907d973d1d5b408b488150742a1cb9f38f	70	0.0699300699300699	690	725b14948a7f72953c3c637d683ea534c81eb3f0c42f5aa917dfc9373f5ba8ac	716a9b356412146bd5206b4713c7c6914b8d539333b075dbbcba291f269da37a	1f1ad63469b5abab96697821675a50101a4702f9ce4845404ed4e1ac3f41d358	0.9609894256900088	0.9609430920939482	930	1	0	23286	24115.0	24510	0.0039252669039147	PASS	1001	0.9999999632599532	2.1158555990727736e-09	0.9999999653758088	2.115855672332565e-09	14:68749927	ABF_H3_DOMINANT	PASS	931	0.9999999632502828	2.124990442936734e-09	0.9999999653752732	2.1249905165139503e-09	14:68749927	ABF_H3_DOMINANT	PASS	931	0.999999963241742	2.125555033950655e-09	0.9999999653672972	2.125555107564373e-09	14:68749927	ABF_H3_DOMINANT	PASS	931	0.9999999633312776	2.065273118413472e-09	0.9999999653965506	2.0652731898790486e-09	14:68752643	ABF_H3_DOMINANT	PASS	931	0.999999963322751	2.065822677237661e-09	0.9999999653885736	2.065822748738733e-09	14:68752643	ABF_H3_DOMINANT	PASS	931	0.9999999633310216	2.065523656887163e-09	0.9999999653965452	2.0655237283614197e-09	14:68752643	ABF_H3_DOMINANT	PASS	H3_DISTINCT_SIGNAL	ABF_H3_DOMINANT	H3_SUPPORTED_STABLE	STABLE_H3	MATCH		931	0.0031830068244061	0.0035177218004045	2	H3	H3	H3	H3	H3	H3	H3	False	False	False	False	False	False	H3 -> H3 -> H3 -> H3
R7B1_004256	44	CPSF2	CD4_NC	H3_RESCUE_FALSIFICATION	ABF_H3_DOMINANT	H3_SUPPORTED_STABLE	1245	9dd5d3afd3ee155e2cf2c93b85f7a63653de5161debdc605c615abc4e88ffbcc	1142	3c3a82c92f235a642963c54f7764ea6fdadde493b4c4cae78a8417d763f4a782	103	0.0827309236947791	980	084a94eaeee34a0b36d084b17240dcfba58a7a9b3fdbfdbdaaab572beb08acc3	a38fe8ed985036e1c76eed829bf835da35f09e693e681bbc4bffb4312fbd7312	30b7f70b72655e3c638b3c1cada4bf839e718a96e9f130aa1e881cfe53d80fc4	0.8056253800725154	0.8057409266060563	1124	18	0	23286	24243.0	24510	0.0023709834469336	PASS	1245	0.9141303409118025	0.0039289045402629	0.9180592454520654	0.0042795762470953	14:93114787	ABF_H3_DOMINANT	PASS	1142	0.9139856259652888	0.0040331129220838	0.9180187388873724	0.0043932795173353	14:93111120	ABF_H3_DOMINANT	PASS	1142	0.91400278276762	0.0040318725256914	0.9180346552933116	0.0043918522056264	14:93111120	ABF_H3_DOMINANT	PASS	1142	0.9139903797619888	0.0040398408439068	0.9180302206058956	0.0044005532206124	14:93111120	ABF_H3_DOMINANT	PASS	1142	0.9140075384793434	0.0040385984666894	0.9180461369460328	0.0043991236433107	14:93111120	ABF_H3_DOMINANT	PASS	1142	0.9139896681082816	0.00404061713738	0.9180302852456615	0.0044013985184582	14:93111120	ABF_H3_DOMINANT	PASS	H3_DISTINCT_SIGNAL	ABF_H3_DOMINANT	H3_SUPPORTED_STABLE	STABLE_H3	PF50_UNINFORMATIVE		1142	0.0052332554810245	0.0062701480676153	2	H3	H3	H3	H3	H3	H3	H3	False	False	False	False	False	False	H3 -> H3 -> H3 -> H3
R7B1_004269	44	FBLN5	CD4_ET	H3_RESCUE_FALSIFICATION	ABF_H3_DOMINANT	MODEL_SENSITIVE	1093	ab590308ab9e2cd449b6486f7248fbbe7bb9b3f99cf348a45177ed12e8cb7164	1007	6228ef1be6d2983ef34cf4a7c1e5c2d4175d266c410467cc9a44851416307a0d	86	0.0786825251601097	980	0af3f8df19a4b361d292a80c101d12425f780b3cd97d80dac8c9c1d5ea35dfdc	1d5b6c07dda0fc432a445d12bcc7d56f3ebf9ccccfd8272f2462a6b281449533	3da0b9887a3c7361737b44698b0663943395b4e70baea6aeabc31a9e1c7edd1e	0.8433425342464661	0.8434789238543849	989	18	0	23286	24242.0	24510	0.0023709834469336	PASS	1093	0.950926790224102	0.0025458494215149	0.9534726396456168	0.0026700812542047	14:93114787	ABF_H3_DOMINANT	PASS	1007	0.9509967293131808	0.0024442456731869	0.9534409749863676	0.002563604604073	14:93111120	ABF_H3_DOMINANT	PASS	1007	0.9510043401980702	0.0024435757951351	0.9534479159932054	0.0025628833564439	14:93111120	ABF_H3_DOMINANT	PASS	1007	0.950968797304936	0.00248547044508	0.9534542677500162	0.0026068061459783	14:93111120	ABF_H3_DOMINANT	PASS	1007	0.9509764171954284	0.0024847909146973	0.9534612081101258	0.002606074472209	14:93111120	ABF_H3_DOMINANT	PASS	1007	0.950967995088168	0.0024863127730087	0.9534543078611768	0.0026076894849698	14:93111120	ABF_H3_DOMINANT	PASS	H3_DISTINCT_SIGNAL	ABF_H3_DOMINANT	MODEL_SENSITIVE	H3_TO_MODEL_SENSITIVE	NOT_COMPARABLE		1007	0.0153040903926469	0.0217787324949013	4	H3	H3	H3	H3	H3	H3	MODEL_SENSITIVE	False	False	True	False	False	False	H3 -> H3 -> H3 -> MODEL_SENSITIVE
R7B1_004270	44	FBLN5	CD4_NC	H3_RESCUE_FALSIFICATION	ABF_H3_DOMINANT	H3_SUPPORTED_STABLE	1093	ab590308ab9e2cd449b6486f7248fbbe7bb9b3f99cf348a45177ed12e8cb7164	1007	6228ef1be6d2983ef34cf4a7c1e5c2d4175d266c410467cc9a44851416307a0d	86	0.0786825251601097	980	98057d0726459ac7d6e5bf21d96d4b943b7a47f78edb3c88b2e05d79f7fac749	a38fe8ed985036e1c76eed829bf835da35f09e693e681bbc4bffb4312fbd7312	30b7f70b72655e3c638b3c1cada4bf839e718a96e9f130aa1e881cfe53d80fc4	0.7025862412074314	0.7026285576631106	989	18	0	23286	24242.0	24510	0.0023709834469336	PASS	1093	0.9999898946814976	6.918134073278077e-07	0.9999905864949048	6.918199197781475e-07	14:92515996	ABF_H3_DOMINANT	PASS	1007	0.999985851260096	9.848534575945669e-07	0.9999868361135535	9.848664222643143e-07	14:92515996	ABF_H3_DOMINANT	PASS	1007	0.9999858514828374	9.84844656547963e-07	0.999986836327494	9.848576208911497e-07	14:92515996	ABF_H3_DOMINANT	PASS	1007	0.9999987444981814	4.8420523220273873e-08	0.9999987929187046	4.842058166785232e-08	14:93111120	ABF_H3_DOMINANT	PASS	1007	0.9999987447217676	4.8410879769066066e-08	0.9999987931326472	4.8410938194646883e-08	14:93111120	ABF_H3_DOMINANT	PASS	1007	0.9999987454480656	4.836035889136252e-08	0.9999987938084246	4.836041722329037e-08	14:93111120	ABF_H3_DOMINANT	PASS	H3_DISTINCT_SIGNAL	ABF_H3_DOMINANT	H3_SUPPORTED_STABLE	STABLE_H3	MATCH		1007	0.0105880190339209	0.0117959097115815	4	H3	H3	H3	H3	H3	H3	H3	False	False	False	False	False	False	H3 -> H3 -> H3 -> H3
R7B1_004273	44	FBLN5	CD8_NC	H3_RESCUE_FALSIFICATION	ABF_H3_DOMINANT	H3_SUPPORTED_STABLE	1093	ab590308ab9e2cd449b6486f7248fbbe7bb9b3f99cf348a45177ed12e8cb7164	1007	6228ef1be6d2983ef34cf4a7c1e5c2d4175d266c410467cc9a44851416307a0d	86	0.0786825251601097	980	85041f09ecdcd14015194505d70cc975840663ad5d4bcd2001db64f4f62528f6	9127017a43b7a9a5464c5f9b13809fee4e0ec2ddea1c2ed94af6cc2f3d8931cc	82d7a1706225723f5729a345a0b3efcbb2775a9bea4c1003e722a6b7daf98a42	0.8081138391037619	0.8082175691220532	989	18	0	23286	24242.0	24510	0.0023709834469336	PASS	1093	0.9928706289432429	0.0003069404996549	0.9931775694428978	0.0003090489647557	14:93114787	ABF_H3_DOMINANT	PASS	1007	0.9928740509155188	0.0002988811514483	0.9931729320669672	0.0003009356596401	14:93111120	ABF_H3_DOMINANT	PASS	1007	0.9928754503224484	0.0002987924890487	0.993174242811497	0.0003008459907326	14:93111120	ABF_H3_DOMINANT	PASS	1007	0.9928836519958248	0.0003011674157673	0.993184819411592	0.0003032340103081	14:93111120	ABF_H3_DOMINANT	PASS	1007	0.992885052278928	0.0003010778850164	0.9931861301639444	0.0003031434651295	14:93111120	ABF_H3_DOMINANT	PASS	1007	0.9928836357761948	0.0003011846360666	0.9931848204122614	0.0003032513484666	14:93111120	ABF_H3_DOMINANT	PASS	H3_DISTINCT_SIGNAL	ABF_H3_DOMINANT	H3_SUPPORTED_STABLE	STABLE_H3	MATCH		1007	0.0105296535778405	0.0118100456185174	2	H3	H3	H3	H3	H3	H3	H3	False	False	False	False	False	False	H3 -> H3 -> H3 -> H3
R7B1_004307	44	LGMN	B_MEM	H3_RESCUE_FALSIFICATION	ABF_H3_DOMINANT	H3_SUPPORTED_STABLE	1297	82caaa1e630edf7b4c489e09f75d2e99bac049967ccc9811435067879e1f32d1	1183	cadfcfcb298904a6df043b3983b6c5e6edd79ff99029467fe94945a99991cec4	114	0.0878951426368542	970	1a215a1b8ed94b7edff32e964b506bf4cb33484c3caa2b66a8092b22234041c4	ca44971a9e4d08fdb30abd67076a403036c253be3ecfce03bd919e04092ff6dd	d2f1baf70466d6733fdd28afb656c3782e23ffd6a6147ce7765acecdfbc583c2	0.931851572768168	0.9320188358627012	1164	19	0	23286	24237.0	24510	0.0023709834469336	PASS	1297	0.9978309004329396	7.533510907426595e-05	0.997906235542014	7.549317399880521e-05	14:93114787	ABF_H3_DOMINANT	PASS	1183	0.9977862067331748	7.713020295793323e-05	0.9978633369361328	7.729535709244108e-05	14:93111120	ABF_H3_DOMINANT	PASS	1183	0.9977874762361792	7.707432889349131e-05	0.9978645505650726	7.72392694477878e-05	14:93111120	ABF_H3_DOMINANT	PASS	1183	0.99779870027363	7.656597001678556e-05	0.9978752662436468	7.672899871043681e-05	14:93111120	ABF_H3_DOMINANT	PASS	1183	0.9977999696048314	7.651028401512785e-05	0.9978764798888464	7.667310088684557e-05	14:93111120	ABF_H3_DOMINANT	PASS	1183	0.99779870350586	7.656362056527822e-05	0.9978752671264254	7.672664418846452e-05	14:93111120	ABF_H3_DOMINANT	PASS	H3_DISTINCT_SIGNAL	ABF_H3_DOMINANT	H3_SUPPORTED_STABLE	STABLE_H3	MATCH		1183	0.0077391816507759	0.0086374519529042	2	H3	H3	H3	H3	H3	H3	H3	False	False	False	False	False	False	H3 -> H3 -> H3 -> H3
R7B1_004320	44	NDUFB1	B_MEM	H3_RESCUE_FALSIFICATION	ABF_H3_DOMINANT	H3_SUPPORTED_STABLE	1230	2515cdc0281ec753f6a0030ea57940c8926e9158f177dc03efe1336bf7968d05	1128	958a7d5c7025b4c281ea1ae62c0c815bbde2ddf46bc0186ed3ea0b6437439317	102	0.0829268292682926	970	d8c5e95867d40e0da3beb505120f3735808de321d2f97c3c70ffe96ca0ac8fc5	ca44971a9e4d08fdb30abd67076a403036c253be3ecfce03bd919e04092ff6dd	d2f1baf70466d6733fdd28afb656c3782e23ffd6a6147ce7765acecdfbc583c2	0.841542885834766	0.8416535670391195	1110	18	0	23286	24242.0	24510	0.0023709834469336	PASS	1230	0.987787897333198	0.0004212007329144	0.9882090980661123	0.0004262263257226	14:93114787	ABF_H3_DOMINANT	PASS	1128	0.9877817124077742	0.0004221585161333	0.9882038709239076	0.0004271977964817	14:93111120	ABF_H3_DOMINANT	PASS	1128	0.9877836842599502	0.0004220436597781	0.9882057279197284	0.0004270807665389	14:93111120	ABF_H3_DOMINANT	PASS	1128	0.9877931117740087	0.0004225749404149	0.9882156867144236	0.0004276140786835	14:93111120	ABF_H3_DOMINANT	PASS	1128	0.9877950837935136	0.0004224599378113	0.988217543731325	0.0004274969013566	14:93111120	ABF_H3_DOMINANT	PASS	1128	0.9877931120617996	0.0004225755385333	0.988215687600333	0.0004276146835509	14:93111120	ABF_H3_DOMINANT	PASS	H3_DISTINCT_SIGNAL	ABF_H3_DOMINANT	H3_SUPPORTED_STABLE	STABLE_H3	MATCH		1128	0.0026071888144579	0.0029468454514068	2	H3	H3	H3	H3	H3	H3	H3	False	False	False	False	False	False	H3 -> H3 -> H3 -> H3
R7B1_004322	44	NDUFB1	CD4_NC	H3_RESCUE_FALSIFICATION	ABF_H3_DOMINANT	H3_SUPPORTED_STABLE	1230	2515cdc0281ec753f6a0030ea57940c8926e9158f177dc03efe1336bf7968d05	1128	958a7d5c7025b4c281ea1ae62c0c815bbde2ddf46bc0186ed3ea0b6437439317	102	0.0829268292682926	980	33b17bcc801a0b20d447929e1cc3aa3ff732d911ca3f3e52d747aff1ebb4cc43	a38fe8ed985036e1c76eed829bf835da35f09e693e681bbc4bffb4312fbd7312	30b7f70b72655e3c638b3c1cada4bf839e718a96e9f130aa1e881cfe53d80fc4	0.611509598147209	0.6115734931254685	1110	18	0	23286	24242.0	24510	0.0023709834469336	PASS	1230	0.9999915152174024	1.1930769895406312e-07	0.9999916345251014	1.193086970279733e-07	14:92605747	ABF_H3_DOMINANT	PASS	1128	0.9999877114537296	1.727938414947253e-07	0.999987884247571	1.7279593504749505e-07	14:92605747	ABF_H3_DOMINANT	PASS	1128	0.9999877114537296	1.727938447442087e-07	0.9999878842475745	1.7279593829701729e-07	14:92605747	ABF_H3_DOMINANT	PASS	1128	0.9999998393577044	1.7176966015200003e-09	0.9999998410754012	1.717696874504287e-09	14:92605747	ABF_H3_DOMINANT	PASS	1128	0.9999998393577044	1.717696702355109e-09	0.9999998410754012	1.7176969753394115e-09	14:92605747	ABF_H3_DOMINANT	PASS	1128	0.9999998402569816	1.708143960581315e-09	0.9999998419651256	1.708144230527674e-09	14:92605747	ABF_H3_DOMINANT	PASS	H3_DISTINCT_SIGNAL	ABF_H3_DOMINANT	H3_SUPPORTED_STABLE	STABLE_H3	MATCH		1128	0.0024283946860044	0.0027082577668058	2	H3	H3	H3	H3	H3	H3	H3	False	False	False	False	False	False	H3 -> H3 -> H3 -> H3
R7B1_004325	44	NDUFB1	CD8_NC	H3_RESCUE_FALSIFICATION	ABF_H3_DOMINANT	H3_SUPPORTED_STABLE	1230	2515cdc0281ec753f6a0030ea57940c8926e9158f177dc03efe1336bf7968d05	1128	958a7d5c7025b4c281ea1ae62c0c815bbde2ddf46bc0186ed3ea0b6437439317	102	0.0829268292682926	980	848cf70b857ef9fe4a12f863b54537ef3013b8df15a6816ba45b977223c622fe	9127017a43b7a9a5464c5f9b13809fee4e0ec2ddea1c2ed94af6cc2f3d8931cc	82d7a1706225723f5729a345a0b3efcbb2775a9bea4c1003e722a6b7daf98a42	0.7190892797565787	0.7192017940539148	1110	18	0	23286	24242.0	24510	0.0023709834469336	PASS	1230	0.9987289877655212	5.877964504110899e-05	0.9987877674105624	5.8850986124409534e-05	14:93114787	ABF_H3_DOMINANT	PASS	1128	0.998725010187628	5.899657811744002e-05	0.9987840067657456	5.906840489815438e-05	14:93111120	ABF_H3_DOMINANT	PASS	1128	0.998725329529672	5.897475178968499e-05	0.9987843042814616	5.904653440876025e-05	14:93111120	ABF_H3_DOMINANT	PASS	1128	0.9987365230145504	5.942599822563583e-05	0.998795949012776	5.9497636413497e-05	14:93111120	ABF_H3_DOMINANT	PASS	1128	0.9987368425614528	5.940397048830697e-05	0.998796246531941	5.947556440522453e-05	14:93111120	ABF_H3_DOMINANT	PASS	1128	0.99873652062888	5.942927644004024e-05	0.9987959499053202	5.950091852662576e-05	14:93111120	ABF_H3_DOMINANT	PASS	H3_DISTINCT_SIGNAL	ABF_H3_DOMINANT	H3_SUPPORTED_STABLE	STABLE_H3	MATCH		1128	0.0024016320825111	0.0026821280460224	2	H3	H3	H3	H3	H3	H3	H3	False	False	False	False	False	False	H3 -> H3 -> H3 -> H3
R7B1_004343	44	RIN3	Mono_NC	H3_RESCUE_FALSIFICATION	ABF_H3_DOMINANT	H4_SUPPORTED_STABLE	1297	82caaa1e630edf7b4c489e09f75d2e99bac049967ccc9811435067879e1f32d1	1183	cadfcfcb298904a6df043b3983b6c5e6edd79ff99029467fe94945a99991cec4	114	0.0878951426368542	690	23abf206ac5e5c5ac75fd8d06d2e973dc5465d6aea72d1136764ed2156390fea	f305137944b0f70f2736f6918bc7e74d91714f21142b0d9863d76b5d6514a5a8	ee2ebd1ce567c494e81c7b3be542d6a7a24938a8ae6abd1e5d687f6887645a13	0.9411605249716304	0.9412696924561954	1164	19	0	23286	24237.0	24510	0.0023709834469336	PASS	1297	0.988236445819848	0.0038236785720477	0.9920601243918956	0.0038542810844166	14:93016815	ABF_H3_DOMINANT	PASS	1183	0.9867556966850132	0.005309913662331	0.992065610347344	0.0053523815430634	14:93016815	ABF_H3_DOMINANT	PASS	1183	0.9867580319374352	0.0053097499254054	0.9920677818628406	0.005352204781245	14:93016815	ABF_H3_DOMINANT	PASS	1183	0.9914185843931888	0.0006215196585512	0.99204010405174	0.0006265065857849	14:93111120	ABF_H3_DOMINANT	PASS	1183	0.9914209425612606	0.0006213431636596	0.9920422857249204	0.0006263272973345	14:93111120	ABF_H3_DOMINANT	PASS	1183	0.991419309098844	0.0006207900294177	0.992040099128262	0.0006257711053849	14:93111120	ABF_H3_DOMINANT	PASS	H3_DISTINCT_SIGNAL	ABF_H3_DOMINANT	H4_SUPPORTED_STABLE	H3_TO_H4	MATCH		1183	0.980877030048687	0.983092328773956	2	H3	H3	H3	H3	H3	H3	H4	False	False	True	False	False	False	H3 -> H3 -> H3 -> H4
R7B1_004348	44	SLC24A4	Mono_C	H3_RESCUE_FALSIFICATION	ABF_H3_DOMINANT	H3_SUPPORTED_STABLE	1297	82caaa1e630edf7b4c489e09f75d2e99bac049967ccc9811435067879e1f32d1	1183	cadfcfcb298904a6df043b3983b6c5e6edd79ff99029467fe94945a99991cec4	114	0.0878951426368542	851	475856e7dcec2a59943f0730d9d1e57102e632f3f370842e675a6d79db7322b2	35aeff6994bde5a2d9faac5a4bb5a4e936abc738c04751c3b0ff3d34fdc566e0	7c398535f43608fbd07219b1a9824a0542270bac23261b24c41ec23388b41f50	0.985103907428774	0.9852647516735352	1164	19	0	23286	24237.0	24510	0.0023709834469336	PASS	1297	0.9279640447255372	0.0044370391181562	0.9324010838436934	0.0047587236812994	14:93114787	ABF_H3_DOMINANT	PASS	1183	0.9174412077002542	0.0047562383208712	0.9221974460211254	0.0051575054142605	14:93111120	ABF_H3_DOMINANT	PASS	1183	0.9174895833873122	0.0047529299188953	0.9222425133062075	0.0051536660372078	14:93111120	ABF_H3_DOMINANT	PASS	1183	0.9173424079913212	0.004875305224577	0.9222177132158982	0.0052865013919285	14:93111120	ABF_H3_DOMINANT	PASS	1183	0.917390850397369	0.0048719192078177	0.9222627696051868	0.0052825717012336	14:93111120	ABF_H3_DOMINANT	PASS	1183	0.917341421058296	0.0048763766346376	0.9222177976929335	0.0052876626831933	14:93111120	ABF_H3_DOMINANT	PASS	H3_DISTINCT_SIGNAL	ABF_H3_DOMINANT	H3_SUPPORTED_STABLE	STABLE_H3	MATCH		1183	0.0056386110432081	0.0064161485728951	2	H3	H3	H3	H3	H3	H3	H3	False	False	False	False	False	False	H3 -> H3 -> H3 -> H3
R7B1_004349	44	SLC24A4	Mono_NC	H3_RESCUE_FALSIFICATION	ABF_H3_DOMINANT	H3_SUPPORTED_STABLE	1297	82caaa1e630edf7b4c489e09f75d2e99bac049967ccc9811435067879e1f32d1	1183	cadfcfcb298904a6df043b3983b6c5e6edd79ff99029467fe94945a99991cec4	114	0.0878951426368542	690	637325e34c9604595ee5fdd3853aa84de74970348c39e0b6d221140b6ea70d02	f305137944b0f70f2736f6918bc7e74d91714f21142b0d9863d76b5d6514a5a8	ee2ebd1ce567c494e81c7b3be542d6a7a24938a8ae6abd1e5d687f6887645a13	0.9898000455121356	0.9899097801289712	1164	19	0	23286	24237.0	24510	0.0023709834469336	PASS	1297	0.99940782455126	2.3521982711456342e-05	0.9994313465339716	2.3535366179008283e-05	14:93114787	ABF_H3_DOMINANT	PASS	1183	0.9993423049709308	2.5974164615195697e-05	0.999368279135546	2.5990583409014506e-05	14:93111120	ABF_H3_DOMINANT	PASS	1183	0.9993425504064336	2.5962092411508302e-05	0.999368512498845	2.5978497507983386e-05	14:93111120	ABF_H3_DOMINANT	PASS	1183	0.9993543856732232	2.5842491662104195e-05	0.9993802281648854	2.5858518043285222e-05	14:93111120	ABF_H3_DOMINANT	PASS	1183	0.9993546311370324	2.5830394102244405e-05	0.9993804615311344	2.584640694562917e-05	14:93111120	ABF_H3_DOMINANT	PASS	1183	0.9993543863280664	2.5842726113141484e-05	0.9993802290541794	2.5858752616708483e-05	14:93111120	ABF_H3_DOMINANT	PASS	H3_DISTINCT_SIGNAL	ABF_H3_DOMINANT	H3_SUPPORTED_STABLE	STABLE_H3	MATCH		1183	0.0025314145527011	0.0028242610226475	2	H3	H3	H3	H3	H3	H3	H3	False	False	False	False	False	False	H3 -> H3 -> H3 -> H3
R7B1_004367	44	UBR7	CD4_NC	H3_RESCUE_FALSIFICATION	ABF_H3_DOMINANT	UNINFORMATIVE	1032	2f7a105c171cbcd0663a5352872ebe703c280603208758392721740f3d8d82f3	937	d47aec39e0ad6d0d3198cc1b825327018072630138aab88766da2aa772e28e68	95	0.0920542635658914	980	4ad8a2d48a4919566efa921ce7047b96376f0fa6f4fc50cdba365b4025e35b0c	a38fe8ed985036e1c76eed829bf835da35f09e693e681bbc4bffb4312fbd7312	30b7f70b72655e3c638b3c1cada4bf839e718a96e9f130aa1e881cfe53d80fc4	0.8457819781844154	0.8460723018153862	936	1	0	23287	24228.0	24510	0.0023709834469336	PASS	1032	0.9999824719126728	1.3021881911833975e-06	0.999983774100864	1.3022093207004892e-06	14:93114787	ABF_H3_DOMINANT	PASS	937	0.501760570489094	0.0614314800584792	0.5631920505475732	0.1090773209578356	14:93111120	ABF_UNINFORMATIVE_OR_NO_TRIGGER	PASS	937	0.5018570128058872	0.0614101963211514	0.5632672091270386	0.1090249801978106	14:93111120	ABF_UNINFORMATIVE_OR_NO_TRIGGER	PASS	937	0.5002773997713208	0.0642144353515384	0.5644918351228592	0.1137561809686094	14:93111120	ABF_UNINFORMATIVE_OR_NO_TRIGGER	PASS	937	0.5003739659352244	0.0641924516534313	0.5645664175886558	0.113702214041718	14:93111120	ABF_UNINFORMATIVE_OR_NO_TRIGGER	PASS	937	0.5002630562505159	0.0642412412833043	0.5645042975338203	0.1138011553923653	14:93111120	ABF_UNINFORMATIVE_OR_NO_TRIGGER	PASS	H3_DISTINCT_SIGNAL	ABF_H3_DOMINANT	UNINFORMATIVE	H3_TO_UNINFORMATIVE	NOT_COMPARABLE		937			0	H3	UNINFORMATIVE	UNINFORMATIVE	UNINFORMATIVE	UNINFORMATIVE	UNINFORMATIVE	UNINFORMATIVE	True	False	False	False	False	False	H3 -> UNINFORMATIVE -> UNINFORMATIVE -> UNINFORMATIVE
R7B1_004381	45	APOPT1	CD4_NC	H3_RESCUE_FALSIFICATION	ABF_H3_DOMINANT	H3_SUPPORTED_STABLE	512	7730636e8ce64e97ad455e6b7b01d8d87fc4040b818e4a221faa97b97608ba1e	422	927d3ee6da60db09761fe0a8a86f361f47a1f6ee939cca9e5bcf42df9672affd	90	0.17578125	980	b4b4c5ae2fcd9dd30c722cb54d1c1ac623efd0ff97c1ed32847b26e166fe5bf3	fc93d75e86c0d1ed7472e5740bdb6f172b2c33ad81e966fbe674f8f049267ad0	074c52aeb0b21ea3ddfb2a1d50f9f7fe9bc290d7c6208a116b3e58be05837107	0.6181035092576647	0.6176349659008253	422	0	0	23285	24100.0	24510	0.00585058051489	PASS	512	0.9983139768561812	7.07115550518246e-05	0.998384688411233	7.082596104749018e-05	14:103564807	ABF_H3_DOMINANT	PASS	422	0.9966608270788616	0.0001400444060967	0.9968008714849582	0.0001404938640233	14:103564807	ABF_H3_DOMINANT	PASS	422	0.9966566306542004	0.0001403047875906	0.996796935441791	0.0001407556369828	14:103564807	ABF_H3_DOMINANT	PASS	422	0.9966608270788616	0.0001400444060967	0.9968008714849582	0.0001404938640233	14:103564807	ABF_H3_DOMINANT	PASS	422	0.9966566306542004	0.0001403047875906	0.996796935441791	0.0001407556369828	14:103564807	ABF_H3_DOMINANT	PASS	422	0.9966608270788616	0.0001400444060967	0.9968008714849582	0.0001404938640233	14:103564807	ABF_H3_DOMINANT	PASS	H3_DISTINCT_SIGNAL	ABF_H3_DOMINANT	H3_SUPPORTED_STABLE	STABLE_H3	MATCH		422	7.5987738144283e-05	7.6237143954099e-05	1	H3	H3	H3	H3	H3	H3	H3	False	False	False	False	False	False	H3 -> H3 -> H3 -> H3
R7B1_004383	45	APOPT1	CD8_ET	H3_RESCUE_FALSIFICATION	ABF_H3_DOMINANT	UNINFORMATIVE	512	7730636e8ce64e97ad455e6b7b01d8d87fc4040b818e4a221faa97b97608ba1e	422	927d3ee6da60db09761fe0a8a86f361f47a1f6ee939cca9e5bcf42df9672affd	90	0.17578125	980	b2bb7fc46ca028c200f745e6803061b07420e1ae1674acf296e200d93261a3a2	96f6f98bdfa41fd4c71a2e0c9e677932597ed7b91c400ec803bc73a5dc8740f6	c41d893e702eb0cda6dc22c20585506d29309e4b17da7675f623101a4da2b3b6	0.8041485636435908	0.8034456486970486	422	0	0	23285	24100.0	24510	0.00585058051489	PASS	512	0.9243126563274826	0.0025054410922239	0.9268180974197066	0.0027032716551383	14:103564807	ABF_H3_DOMINANT	PASS	422	0.8903605820698841	0.0036293399884422	0.8939899220583264	0.0040597101811685	14:103564807	ABF_H3_DOMINANT	PASS	422	0.8902875620422998	0.0036344691369796	0.8939220311792794	0.0040657563078348	14:103564807	ABF_H3_DOMINANT	PASS	422	0.8903605820698841	0.0036293399884422	0.8939899220583264	0.0040597101811685	14:103564807	ABF_H3_DOMINANT	PASS	422	0.8902875620422998	0.0036344691369796	0.8939220311792794	0.0040657563078348	14:103564807	ABF_H3_DOMINANT	PASS	422	0.8903605820698841	0.0036293399884422	0.8939899220583264	0.0040597101811685	14:103564807	ABF_H3_DOMINANT	PASS	H3_DISTINCT_SIGNAL	ABF_H3_DOMINANT	UNINFORMATIVE	H3_TO_UNINFORMATIVE	NOT_COMPARABLE		422			0	H3	H3	H3	H3	H3	H3	UNINFORMATIVE	False	False	True	False	False	False	H3 -> H3 -> H3 -> UNINFORMATIVE
R7B1_004397	45	BAG5	CD8_ET	H3_RESCUE_FALSIFICATION	ABF_H3_DOMINANT	MODEL_SENSITIVE	526	7eee59ab6c222f8b1ff37981bd4bb0d17937d426c24769ea1c79e605f7719fc0	434	6ecb340df313ed5fbd2c96ed8ee87fce97eaeeeb46d96ca86a735969d379d965	92	0.1749049429657794	980	c2dd2878f840e9aad49462fc172fe8163a9f6a20547c85d03f15bf4c99103326	96f6f98bdfa41fd4c71a2e0c9e677932597ed7b91c400ec803bc73a5dc8740f6	c41d893e702eb0cda6dc22c20585506d29309e4b17da7675f623101a4da2b3b6	0.8725733269226377	0.8718847619207809	434	0	0	23285	24100.0	24510	0.00585058051489	PASS	526	0.8269296351584541	0.0771286145611171	0.9040582497195712	0.0853137666572276	14:103564807	ABF_H3_DOMINANT	PASS	434	0.6957605821298456	0.1355839563676226	0.8313445384974683	0.1630899706307934	14:103564807	ABF_H3_DOMINANT	PASS	434	0.6956279081634161	0.1356538579055411	0.8312817660689572	0.1631863748762753	14:103564807	ABF_H3_DOMINANT	PASS	434	0.6957605821298456	0.1355839563676226	0.8313445384974683	0.1630899706307934	14:103564807	ABF_H3_DOMINANT	PASS	434	0.6956279081634161	0.1356538579055411	0.8312817660689572	0.1631863748762753	14:103564807	ABF_H3_DOMINANT	PASS	434	0.6957605821298456	0.1355839563676226	0.8313445384974683	0.1630899706307934	14:103564807	ABF_H3_DOMINANT	PASS	H3_DISTINCT_SIGNAL	ABF_H3_DOMINANT	MODEL_SENSITIVE	H3_TO_MODEL_SENSITIVE	NOT_COMPARABLE		434	0.121048742207725	0.147411590215211	1	H3	H3	H3	H3	H3	H3	MODEL_SENSITIVE	False	False	True	False	False	False	H3 -> H3 -> H3 -> MODEL_SENSITIVE
R7B1_004437	45	CKB	CD4_NC	H3_RESCUE_FALSIFICATION	ABF_H3_DOMINANT	H3_SUPPORTED_STABLE	541	278a87bdac1c4274db503e88451d4822da05f7765d20def3f3ceefc48c7107e3	449	48a3bddc196956ced73c00bb5b13e066bc2065b8b60c2c92924cbea2930d50f6	92	0.1700554528650646	980	c8ef31ed187741ad21c18bc92f5d467de137ec9c0b7945938695743e91fa2594	fc93d75e86c0d1ed7472e5740bdb6f172b2c33ad81e966fbe674f8f049267ad0	074c52aeb0b21ea3ddfb2a1d50f9f7fe9bc290d7c6208a116b3e58be05837107	0.9800880073743528	0.9790412449055738	449	0	0	23285	24111.0	24510	0.00585058051489	PASS	541	0.9998820028408651	3.884348490515152e-06	0.9998858871893556	3.88479179502565e-06	14:103564807	ABF_H3_DOMINANT	PASS	449	0.9998616158195158	4.555468848114513e-06	0.999866171288364	4.556078582241287e-06	14:103564807	ABF_H3_DOMINANT	PASS	449	0.999861304413252	4.569893359340665e-06	0.9998658743066112	4.570506381678245e-06	14:103564807	ABF_H3_DOMINANT	PASS	449	0.9998616158195158	4.555468848114513e-06	0.999866171288364	4.556078582241287e-06	14:103564807	ABF_H3_DOMINANT	PASS	449	0.999861304413252	4.569893359340665e-06	0.9998658743066112	4.570506381678245e-06	14:103564807	ABF_H3_DOMINANT	PASS	449	0.9998616158195158	4.555468848114513e-06	0.999866171288364	4.556078582241287e-06	14:103564807	ABF_H3_DOMINANT	PASS	H3_DISTINCT_SIGNAL	ABF_H3_DOMINANT	H3_SUPPORTED_STABLE	STABLE_H3	MATCH		449	2.43817284328793e-06	2.4385145112743e-06	1	H3	H3	H3	H3	H3	H3	H3	False	False	False	False	False	False	H3 -> H3 -> H3 -> H3
R7B1_004438	45	CKB	CD8_ET	H3_RESCUE_FALSIFICATION	ABF_H3_DOMINANT	H3_SUPPORTED_STABLE	541	278a87bdac1c4274db503e88451d4822da05f7765d20def3f3ceefc48c7107e3	449	48a3bddc196956ced73c00bb5b13e066bc2065b8b60c2c92924cbea2930d50f6	92	0.1700554528650646	980	a605941d885b1f8f1c995020d3938de2771ba405b7e00ea3a6f281ba91d392c1	96f6f98bdfa41fd4c71a2e0c9e677932597ed7b91c400ec803bc73a5dc8740f6	c41d893e702eb0cda6dc22c20585506d29309e4b17da7675f623101a4da2b3b6	0.9902023297711502	0.9892884311778016	449	0	0	23285	24111.0	24510	0.00585058051489	PASS	541	0.9179665208628855	0.0026599184593371	0.9206264393222228	0.0028892483918834	14:103564807	ABF_H3_DOMINANT	PASS	449	0.8688657811422081	0.0042519997086502	0.8731177808508584	0.0048699039257987	14:103564807	ABF_H3_DOMINANT	PASS	449	0.8687831173185683	0.0042580553773919	0.8730411726959602	0.0048772675454045	14:103564807	ABF_H3_DOMINANT	PASS	449	0.8688657811422081	0.0042519997086502	0.8731177808508584	0.0048699039257987	14:103564807	ABF_H3_DOMINANT	PASS	449	0.8687831173185683	0.0042580553773919	0.8730411726959602	0.0048772675454045	14:103564807	ABF_H3_DOMINANT	PASS	449	0.8688657811422081	0.0042519997086502	0.8731177808508584	0.0048699039257987	14:103564807	ABF_H3_DOMINANT	PASS	H3_DISTINCT_SIGNAL	ABF_H3_DOMINANT	H3_SUPPORTED_STABLE	STABLE_H3	PF50_UNINFORMATIVE		449	0.0030578182187535	0.0035348149921807	1	H3	H3	H3	H3	H3	H3	H3	False	False	False	False	False	False	H3 -> H3 -> H3 -> H3
R7B1_004439	45	CKB	CD8_NC	H3_RESCUE_FALSIFICATION	ABF_H3_DOMINANT	H3_SUPPORTED_STABLE	541	278a87bdac1c4274db503e88451d4822da05f7765d20def3f3ceefc48c7107e3	449	48a3bddc196956ced73c00bb5b13e066bc2065b8b60c2c92924cbea2930d50f6	92	0.1700554528650646	980	dfa5fa179fcc81681a934a0ea65c977ba4c8e3f64a063b5ee04b42f28ccd98f5	6609992b8d2089263cd3ac39b711b865e46162768caa6db268d2ac2bcb8ee70f	d40ca9d760739be7ffa4e1addf226ddf567b056a7f857c4a0bbbd0084cabcfdf	0.9826928973879804	0.9817106222498068	449	0	0	23285	24111.0	24510	0.00585058051489	PASS	541	0.8644287719894359	0.0047183794681598	0.8691471514575957	0.0054287463984054	14:103564807	ABF_H3_DOMINANT	PASS	449	0.8474638931838503	0.0053088199105067	0.852772713094357	0.0062253632521181	14:103564807	ABF_H3_DOMINANT	PASS	449	0.8473629327093025	0.0053168030769498	0.8526797357862523	0.0062354045180248	14:103564807	ABF_H3_DOMINANT	PASS	449	0.8474638931838503	0.0053088199105067	0.852772713094357	0.0062253632521181	14:103564807	ABF_H3_DOMINANT	PASS	449	0.8473629327093025	0.0053168030769498	0.8526797357862523	0.0062354045180248	14:103564807	ABF_H3_DOMINANT	PASS	449	0.8474638931838503	0.0053088199105067	0.852772713094357	0.0062253632521181	14:103564807	ABF_H3_DOMINANT	PASS	H3_DISTINCT_SIGNAL	ABF_H3_DOMINANT	H3_SUPPORTED_STABLE	STABLE_H3	PF50_UNINFORMATIVE		449	0.0038462572926514	0.0045552311605666	1	H3	H3	H3	H3	H3	H3	H3	False	False	False	False	False	False	H3 -> H3 -> H3 -> H3
R7B1_004443	45	CKB	Mono_NC	H3_RESCUE_FALSIFICATION	ABF_H3_DOMINANT	H3_SUPPORTED_STABLE	541	278a87bdac1c4274db503e88451d4822da05f7765d20def3f3ceefc48c7107e3	449	48a3bddc196956ced73c00bb5b13e066bc2065b8b60c2c92924cbea2930d50f6	92	0.1700554528650646	690	64a6eb157865659eacb4e8ddc65e48df1d0054800354167aa5ab5010375b399a	777bd91261d401b9240b0fff43280601e896b1f6067af0d236bd6cfd08ab50d9	9115e3766daaa994c79ca4af0adec5761d50b2f5f96098ae65ff06d07f534ab7	0.8429554118638884	0.8424912039626455	449	0	0	23285	24111.0	24510	0.00585058051489	PASS	541	0.9999993377207862	2.627859921060336e-08	0.9999993639993854	2.627861592381924e-08	14:103564807	ABF_H3_DOMINANT	PASS	449	0.9999989086629726	4.3303199204684587e-08	0.9999989519661718	4.3303244587949774e-08	14:103564807	ABF_H3_DOMINANT	PASS	449	0.9999989060126936	4.3427416938496884e-08	0.9999989494401106	4.342746256164714e-08	14:103564807	ABF_H3_DOMINANT	PASS	449	0.9999989086629726	4.3303199204684587e-08	0.9999989519661718	4.3303244587949774e-08	14:103564807	ABF_H3_DOMINANT	PASS	449	0.9999989060126936	4.3427416938496884e-08	0.9999989494401106	4.342746256164714e-08	14:103564807	ABF_H3_DOMINANT	PASS	449	0.9999989086629726	4.3303199204684587e-08	0.9999989519661718	4.3303244587949774e-08	14:103564807	ABF_H3_DOMINANT	PASS	H3_DISTINCT_SIGNAL	ABF_H3_DOMINANT	H3_SUPPORTED_STABLE	STABLE_H3	MATCH		449	1.48559442145969e-08	1.4855958290636e-08	1	H3	H3	H3	H3	H3	H3	H3	False	False	False	False	False	False	H3 -> H3 -> H3 -> H3
R7B1_004462	45	KLC1	CD4_NC	H3_RESCUE_FALSIFICATION	ABF_H3_DOMINANT	H3_SUPPORTED_STABLE	497	475ba556ad1cfae8425f8f685f1467f42b12a56ae89a88d0fcbdfee9280ea347	407	ffdea58a6d20a3318276a08bfa69fb5678c0a45f5d297684cff49aa8f97bfe77	90	0.1810865191146881	980	2739888dfc6a273f914febfe222db1eed748b9b41e1237867447768aff5ea3d1	fc93d75e86c0d1ed7472e5740bdb6f172b2c33ad81e966fbe674f8f049267ad0	074c52aeb0b21ea3ddfb2a1d50f9f7fe9bc290d7c6208a116b3e58be05837107	0.6339234576587613	0.6334662197434187	407	0	0	23285	24095.0	24509	0.00585058051489	PASS	497	0.994572823440203	0.0001869058400062	0.9947597292802092	0.0001878904367604	14:103564807	ABF_H3_DOMINANT	PASS	407	0.9887603404176618	0.0003870812000446	0.9891474216177064	0.0003913281191307	14:103564807	ABF_H3_DOMINANT	PASS	407	0.9887496295058236	0.0003876859945736	0.9891373155003972	0.0003919435537395	14:103564807	ABF_H3_DOMINANT	PASS	407	0.9887603404176618	0.0003870812000446	0.9891474216177064	0.0003913281191307	14:103564807	ABF_H3_DOMINANT	PASS	407	0.9887496295058236	0.0003876859945736	0.9891373155003972	0.0003919435537395	14:103564807	ABF_H3_DOMINANT	PASS	407	0.9887603404176618	0.0003870812000446	0.9891474216177064	0.0003913281191307	14:103564807	ABF_H3_DOMINANT	PASS	H3_DISTINCT_SIGNAL	ABF_H3_DOMINANT	H3_SUPPORTED_STABLE	STABLE_H3	MATCH		407	0.0002428648405254	0.0002457029768706	1	H3	H3	H3	H3	H3	H3	H3	False	False	False	False	False	False	H3 -> H3 -> H3 -> H3
R7B1_004464	45	KLC1	CD8_ET	H3_RESCUE_FALSIFICATION	ABF_H3_DOMINANT	H3_SUPPORTED_STABLE	497	475ba556ad1cfae8425f8f685f1467f42b12a56ae89a88d0fcbdfee9280ea347	407	ffdea58a6d20a3318276a08bfa69fb5678c0a45f5d297684cff49aa8f97bfe77	90	0.1810865191146881	980	9c6642a12ee115ddd6a6b637c311fd0d49952a5f087725e231a7ddce6d3dc275	96f6f98bdfa41fd4c71a2e0c9e677932597ed7b91c400ec803bc73a5dc8740f6	c41d893e702eb0cda6dc22c20585506d29309e4b17da7675f623101a4da2b3b6	0.8232664253439432	0.8225220287838881	407	0	0	23285	24095.0	24509	0.00585058051489	PASS	497	0.9281389470435368	0.0056031031184407	0.9337420501619776	0.0060006969992074	14:103564807	ABF_H3_DOMINANT	PASS	407	0.914381594872924	0.0066757824026605	0.9210573772755845	0.0072479549780134	14:103564807	ABF_H3_DOMINANT	PASS	407	0.9143167801936114	0.0066846336260188	0.9210014138196302	0.0072580058246554	14:103564807	ABF_H3_DOMINANT	PASS	407	0.914381594872924	0.0066757824026605	0.9210573772755845	0.0072479549780134	14:103564807	ABF_H3_DOMINANT	PASS	407	0.9143167801936114	0.0066846336260188	0.9210014138196302	0.0072580058246554	14:103564807	ABF_H3_DOMINANT	PASS	407	0.914381594872924	0.0066757824026605	0.9210573772755845	0.0072479549780134	14:103564807	ABF_H3_DOMINANT	PASS	H3_DISTINCT_SIGNAL	ABF_H3_DOMINANT	H3_SUPPORTED_STABLE	STABLE_H3	MATCH		407	0.0049823496446944	0.0054373405270359	1	H3	H3	H3	H3	H3	H3	H3	False	False	False	False	False	False	H3 -> H3 -> H3 -> H3
R7B1_004476	45	MARK3	CD4_NC	H3_RESCUE_FALSIFICATION	ABF_H3_DOMINANT	H3_SUPPORTED_STABLE	541	278a87bdac1c4274db503e88451d4822da05f7765d20def3f3ceefc48c7107e3	449	48a3bddc196956ced73c00bb5b13e066bc2065b8b60c2c92924cbea2930d50f6	92	0.1700554528650646	980	904238aa8df32498fedc02a34403a033b1e86a782933660d3daf84d9e6c8becd	fc93d75e86c0d1ed7472e5740bdb6f172b2c33ad81e966fbe674f8f049267ad0	074c52aeb0b21ea3ddfb2a1d50f9f7fe9bc290d7c6208a116b3e58be05837107	0.6467513893895661	0.6461705922825255	449	0	0	23285	24111.0	24510	0.00585058051489	PASS	541	0.9997082438894962	5.281125634743826e-05	0.9997610551458436	5.28238783413445e-05	14:103564807	ABF_H3_DOMINANT	PASS	449	0.9996076789155915	7.101468868551237e-05	0.9996786936042772	7.10375134929339e-05	14:103564807	ABF_H3_DOMINANT	PASS	449	0.9996068897882648	7.118205706973357e-05	0.9996780718453344	7.120497995753429e-05	14:103564807	ABF_H3_DOMINANT	PASS	449	0.9996076789155915	7.101468868551237e-05	0.9996786936042772	7.10375134929339e-05	14:103564807	ABF_H3_DOMINANT	PASS	449	0.9996068897882648	7.118205706973357e-05	0.9996780718453344	7.120497995753429e-05	14:103564807	ABF_H3_DOMINANT	PASS	449	0.9996076789155915	7.101468868551237e-05	0.9996786936042772	7.10375134929339e-05	14:103564807	ABF_H3_DOMINANT	PASS	H3_DISTINCT_SIGNAL	ABF_H3_DOMINANT	H3_SUPPORTED_STABLE	STABLE_H3	MATCH		449	5.9153253143511e-10	5.91532536876857e-10	2	H3	H3	H3	H3	H3	H3	H3	False	False	False	False	False	False	H3 -> H3 -> H3 -> H3
R7B1_004479	45	MARK3	CD8_NC	H3_RESCUE_FALSIFICATION	ABF_H3_DOMINANT	UNINFORMATIVE	541	278a87bdac1c4274db503e88451d4822da05f7765d20def3f3ceefc48c7107e3	449	48a3bddc196956ced73c00bb5b13e066bc2065b8b60c2c92924cbea2930d50f6	92	0.1700554528650646	980	89eff57c93106c3c1dc77d16f2359abecd466c2e50162680e04f9330a74a1d9e	6609992b8d2089263cd3ac39b711b865e46162768caa6db268d2ac2bcb8ee70f	d40ca9d760739be7ffa4e1addf226ddf567b056a7f857c4a0bbbd0084cabcfdf	0.856926812961467	0.8562661630780892	449	0	0	23285	24111.0	24510	0.00585058051489	PASS	541	0.9963787629614436	0.0001172993493387	0.9964960623107822	0.0001177118041658	14:103564807	ABF_H3_DOMINANT	PASS	449	0.9932568354836734	0.000218425030405	0.9934752605140784	0.0002198595567362	14:103564807	ABF_H3_DOMINANT	PASS	449	0.993249485573792	0.000218808036968	0.9934682936107602	0.0002202466232442	14:103564807	ABF_H3_DOMINANT	PASS	449	0.9932568354836734	0.000218425030405	0.9934752605140784	0.0002198595567362	14:103564807	ABF_H3_DOMINANT	PASS	449	0.993249485573792	0.000218808036968	0.9934682936107602	0.0002202466232442	14:103564807	ABF_H3_DOMINANT	PASS	449	0.9932568354836734	0.000218425030405	0.9934752605140784	0.0002198595567362	14:103564807	ABF_H3_DOMINANT	PASS	H3_DISTINCT_SIGNAL	ABF_H3_DOMINANT	UNINFORMATIVE	H3_TO_UNINFORMATIVE	NOT_COMPARABLE		449			0	H3	H3	H3	H3	H3	H3	UNINFORMATIVE	False	False	True	False	False	False	H3 -> H3 -> H3 -> UNINFORMATIVE
R7B1_004501	45	RP11-73M18.10	CD4_NC	H3_RESCUE_FALSIFICATION	ABF_H3_DOMINANT	H3_SUPPORTED_STABLE	493	6f50d2fef9fe4668d0056f645828420842d75557500ab4c63f8fffa2de171cc5	403	39e4d216941f7924626f640ab474ac1e4d61e7ec2ffd00c7ed3fb5e3eddc7954	90	0.1825557809330628	980	c9d5a5b2266687eefad90816a02ec714894343af58221789e753978d924428a8	fc93d75e86c0d1ed7472e5740bdb6f172b2c33ad81e966fbe674f8f049267ad0	074c52aeb0b21ea3ddfb2a1d50f9f7fe9bc290d7c6208a116b3e58be05837107	0.9924221589254336	0.9917065486300052	403	0	0	23285	24099.0	24509	0.00585058051489	PASS	493	0.9716182099926316	0.0009625201399045	0.9725807301325362	0.0009896557787787	14:103564807	ABF_H3_DOMINANT	PASS	403	0.9218649432441022	0.0026498175675534	0.9245147608116556	0.0028661711850085	14:103564807	ABF_H3_DOMINANT	PASS	403	0.9217768033831892	0.0026544289990731	0.9244312323822624	0.002871418561046	14:103564807	ABF_H3_DOMINANT	PASS	403	0.9218649432441022	0.0026498175675534	0.9245147608116556	0.0028661711850085	14:103564807	ABF_H3_DOMINANT	PASS	403	0.9217768033831892	0.0026544289990731	0.9244312323822624	0.002871418561046	14:103564807	ABF_H3_DOMINANT	PASS	403	0.9218649432441022	0.0026498175675534	0.9245147608116556	0.0028661711850085	14:103564807	ABF_H3_DOMINANT	PASS	H3_DISTINCT_SIGNAL	ABF_H3_DOMINANT	H3_SUPPORTED_STABLE	STABLE_H3	MATCH		403	0.0014115536680583	0.001511453936178	1	H3	H3	H3	H3	H3	H3	H3	False	False	False	False	False	False	H3 -> H3 -> H3 -> H3
R7B1_004514	45	RP11-894P9.1	CD4_NC	H3_RESCUE_FALSIFICATION	ABF_H3_DOMINANT	H3_SUPPORTED_STABLE	495	89d377cf4b0a3b40bfba2dad2c882f7ca3301c4d1809bdd13b5c5fb87d70ed77	405	8d29cb4bfb6e4691d28361ff9258bed67ef43058089279879d46e1516c9b5059	90	0.1818181818181818	980	eedd65f7f2b42220f0cb39f1f34b6f6995e820fc7135a49818341b9f37bbed7f	fc93d75e86c0d1ed7472e5740bdb6f172b2c33ad81e966fbe674f8f049267ad0	074c52aeb0b21ea3ddfb2a1d50f9f7fe9bc290d7c6208a116b3e58be05837107	0.959050448295266	0.95887375639438	405	0	0	23285	24095.0	24509	0.00585058051489	PASS	495	0.9999997365606028	1.9507474395497358e-08	0.9999997560680772	1.9507479153994254e-08	14:103564807	ABF_H3_DOMINANT	PASS	405	0.9999990418509171	7.09501638245016e-08	0.999999112801081	7.095022677146609e-08	14:103564807	ABF_H3_DOMINANT	PASS	405	0.9999990410492268	7.10179344518235e-08	0.9999991120671612	7.101799751103566e-08	14:103564807	ABF_H3_DOMINANT	PASS	405	0.9999990418509171	7.09501638245016e-08	0.999999112801081	7.095022677146609e-08	14:103564807	ABF_H3_DOMINANT	PASS	405	0.9999990410492268	7.10179344518235e-08	0.9999991120671612	7.101799751103566e-08	14:103564807	ABF_H3_DOMINANT	PASS	405	0.9999990418509171	7.09501638245016e-08	0.999999112801081	7.095022677146609e-08	14:103564807	ABF_H3_DOMINANT	PASS	H3_DISTINCT_SIGNAL	ABF_H3_DOMINANT	H3_SUPPORTED_STABLE	STABLE_H3	MATCH		405	2.29418129386881e-08	2.29418271101086e-08	1	H3	H3	H3	H3	H3	H3	H3	False	False	False	False	False	False	H3 -> H3 -> H3 -> H3
R7B1_004515	45	RP11-894P9.1	CD8_ET	H3_RESCUE_FALSIFICATION	ABF_H3_DOMINANT	H3_SUPPORTED_STABLE	495	89d377cf4b0a3b40bfba2dad2c882f7ca3301c4d1809bdd13b5c5fb87d70ed77	405	8d29cb4bfb6e4691d28361ff9258bed67ef43058089279879d46e1516c9b5059	90	0.1818181818181818	980	6a9c576e5f031049f19f342a60ac4b33a616c990a93804567f26e526c21727c7	96f6f98bdfa41fd4c71a2e0c9e677932597ed7b91c400ec803bc73a5dc8740f6	c41d893e702eb0cda6dc22c20585506d29309e4b17da7675f623101a4da2b3b6	0.922890490099794	0.9222550990404856	405	0	0	23285	24095.0	24509	0.00585058051489	PASS	495	0.9857434074129704	0.0005820647666863	0.9863254721796568	0.0005901345783964	14:103564807	ABF_H3_DOMINANT	PASS	405	0.9537892362692628	0.0018866820556975	0.9556759183249602	0.0019741860389287	14:103564807	ABF_H3_DOMINANT	PASS	405	0.953736799710178	0.0018898640930944	0.9556266638032724	0.0019776175829721	14:103564807	ABF_H3_DOMINANT	PASS	405	0.9537892362692628	0.0018866820556975	0.9556759183249602	0.0019741860389287	14:103564807	ABF_H3_DOMINANT	PASS	405	0.953736799710178	0.0018898640930943	0.9556266638032722	0.0019776175829721	14:103564807	ABF_H3_DOMINANT	PASS	405	0.9537892362692628	0.0018866820556975	0.9556759183249602	0.0019741860389287	14:103564807	ABF_H3_DOMINANT	PASS	H3_DISTINCT_SIGNAL	ABF_H3_DOMINANT	H3_SUPPORTED_STABLE	STABLE_H3	MATCH		405	0.00122267289902	0.0012900294373698	1	H3	H3	H3	H3	H3	H3	H3	False	False	False	False	False	False	H3 -> H3 -> H3 -> H3
R7B1_004521	45	RP11-894P9.1	NK	H3_RESCUE_FALSIFICATION	ABF_H3_DOMINANT	H3_SUPPORTED_STABLE	495	89d377cf4b0a3b40bfba2dad2c882f7ca3301c4d1809bdd13b5c5fb87d70ed77	405	8d29cb4bfb6e4691d28361ff9258bed67ef43058089279879d46e1516c9b5059	90	0.1818181818181818	980	9829d166c1c7b2c8abe41a2e7f4706631b637ca3c14947f50a4c0ae0aa3a220e	3e6fb98377bb3ec4031febaa42d5ca4e4f012c1994b9dc6478116156bb989110	91965f3c029454dbed34828fb3a514df209d3da314f049247e3183512fc3a07a	1.006173569509583	1.005812079106298	405	0	0	23285	24095.0	24509	0.00585058051489	PASS	495	0.9988324277391636	4.246172576687864e-05	0.9988748894649304	4.250955371360292e-05	14:103564807	ABF_H3_DOMINANT	PASS	405	0.9966207070564224	0.0001228965564437	0.996743603612866	0.0001232980638132	14:103564807	ABF_H3_DOMINANT	PASS	405	0.996617763664018	0.0001230402764396	0.9967408039404576	0.0001234426000753	14:103564807	ABF_H3_DOMINANT	PASS	405	0.9966207070564224	0.0001228965564437	0.996743603612866	0.0001232980638132	14:103564807	ABF_H3_DOMINANT	PASS	405	0.996617763664018	0.0001230402764396	0.9967408039404576	0.0001234426000753	14:103564807	ABF_H3_DOMINANT	PASS	405	0.9966207070564224	0.0001228965564437	0.996743603612866	0.0001232980638132	14:103564807	ABF_H3_DOMINANT	PASS	H3_DISTINCT_SIGNAL	ABF_H3_DOMINANT	H3_SUPPORTED_STABLE	STABLE_H3	MATCH		405	5.2240275650353e-05	5.23746335163078e-05	1	H3	H3	H3	H3	H3	H3	H3	False	False	False	False	False	False	H3 -> H3 -> H3 -> H3
R7B1_004536	46	ATF7IP2	CD4_ET	H3_RESCUE_FALSIFICATION	ABF_H3_DOMINANT	H3_SUPPORTED_STABLE	917	80d5d5b0ed6258785c0e41d1ffff86f2f60a7b6c41ba7c592746038661e87d6e	845	b973758516a624cde0a0047a5ddcbe2083a0de057f172b3748323ac0a7550bae	72	0.0785169029443838	980	b34ba31541256d9464edd80d6ba94c35e79ec1afaf63edb57513ccda9b623b55	82b9ec42632fec10906f8a1e70686436bfd74a76ecb108d9054d15f1e8aa95e5	5ed70e6b9cd506f505b93c32f44924adc8e6d8ccec476efd91bfc363cc6ec659	0.8827133551807986	0.8827053490098914	845	0	0	23287	24191.0	24509	0.0068036529680366	PASS	917	0.9999926808527538	2.923635068711166e-07	0.9999929732162608	2.923655612606884e-07	16:11174365	ABF_H3_DOMINANT	PASS	845	0.9999926797792664	2.934335106607116e-07	0.9999929732127772	2.934355725700436e-07	16:11174365	ABF_H3_DOMINANT	PASS	845	0.9999926796082402	2.934425276150904e-07	0.9999929730507678	2.9344458963532424e-07	16:11174365	ABF_H3_DOMINANT	PASS	845	0.9999926671118816	3.061009871661894e-07	0.9999929732128688	3.06103138087781e-07	16:11191400	ABF_H3_DOMINANT	PASS	845	0.9999926669404858	3.061103719794573e-07	0.9999929730508578	3.061125230165883e-07	16:11191400	ABF_H3_DOMINANT	PASS	845	0.9999926668159286	3.06396939480036e-07	0.999992973212868	3.063990924812363e-07	16:11191400	ABF_H3_DOMINANT	PASS	H3_DISTINCT_SIGNAL	ABF_H3_DOMINANT	H3_SUPPORTED_STABLE	STABLE_H3	MATCH		845	2.17277049425821e-07	2.17279283686691e-07	2	H3	H3	H3	H3	H3	H3	H3	False	False	False	False	False	False	H3 -> H3 -> H3 -> H3
R7B1_004537	46	ATF7IP2	CD4_NC	H3_RESCUE_FALSIFICATION	ABF_H3_DOMINANT	H3_SUPPORTED_STABLE	917	80d5d5b0ed6258785c0e41d1ffff86f2f60a7b6c41ba7c592746038661e87d6e	845	b973758516a624cde0a0047a5ddcbe2083a0de057f172b3748323ac0a7550bae	72	0.0785169029443838	980	432babd2169a9230b56fb03c4d99465fd8ae544b7943e6ba73fdc39cfe35176c	ea14f0222e0c26b45b14542370d685b2120fb99d4dc177bd5aafc270a40c6cf9	b145a566b24bc94944cd998a34cdf0cc47e6de0781b04bd0b095670645a39cb5	0.6874807008974447	0.6874787345133909	845	0	0	23287	24191.0	24509	0.0068036529680366	PASS	917	1.0	6.576753934495e-20	1.0	6.576753934495e-20	16:10575824	ABF_H3_DOMINANT	PASS	845	1.0	6.675772347526198e-20	1.0	6.675772347526198e-20	16:10575824	ABF_H3_DOMINANT	PASS	845	1.0	6.675772347526292e-20	1.0	6.675772347526292e-20	16:10575824	ABF_H3_DOMINANT	PASS	845	1.0	3.6866915515295654e-24	1.0	3.6866915515295654e-24	16:10575824	ABF_H3_DOMINANT	PASS	845	1.0	3.6866915515300364e-24	1.0	3.6866915515300364e-24	16:10575824	ABF_H3_DOMINANT	PASS	845	1.0	3.616866117775004e-24	1.0	3.616866117775004e-24	16:10575824	ABF_H3_DOMINANT	PASS	H3_DISTINCT_SIGNAL	ABF_H3_DOMINANT	H3_SUPPORTED_STABLE	STABLE_H3	MATCH		845	8.652283044913719e-16	8.652283044914079e-16	2	H3	H3	H3	H3	H3	H3	H3	False	False	False	False	False	False	H3 -> H3 -> H3 -> H3
R7B1_004540	46	ATF7IP2	CD8_NC	H3_RESCUE_FALSIFICATION	ABF_H3_DOMINANT	H3_SUPPORTED_STABLE	917	80d5d5b0ed6258785c0e41d1ffff86f2f60a7b6c41ba7c592746038661e87d6e	845	b973758516a624cde0a0047a5ddcbe2083a0de057f172b3748323ac0a7550bae	72	0.0785169029443838	980	4beb9a29169b0302a89fbe866f458ffb234e6ed952fa2144416131f41f0a7b92	39cf56c722a78758599a392262bb136dbc3e985e7378d77d7e8b3713c18264ec	a0fc7f926ee5d8ffb99f01c139fd621367027b37d88154b085f8b03093b538de	0.8005450358551942	0.8005088526276662	845	0	0	23287	24191.0	24509	0.0068036529680366	PASS	917	0.9999999992870984	2.3947934975976302e-11	0.9999999993110462	2.3947934992475318e-11	16:11174365	ABF_H3_DOMINANT	PASS	845	0.9999999992870556	2.3993657570412497e-11	0.9999999993110492	2.3993657586942945e-11	16:11174365	ABF_H3_DOMINANT	PASS	845	0.9999999992869276	2.399881929095545e-11	0.9999999993109264	2.3998819307492403e-11	16:11174365	ABF_H3_DOMINANT	PASS	845	0.999999999286942	2.410546251935397e-11	0.9999999993110474	2.4105462535961492e-11	16:11191400	ABF_H3_DOMINANT	PASS	845	0.999999999286814	2.4110647520468898e-11	0.9999999993109246	2.4110647537082956e-11	16:11191400	ABF_H3_DOMINANT	PASS	845	0.999999999286942	2.410892262908917e-11	0.9999999993110508	2.4108922645698992e-11	16:11191400	ABF_H3_DOMINANT	PASS	H3_DISTINCT_SIGNAL	ABF_H3_DOMINANT	H3_SUPPORTED_STABLE	STABLE_H3	MATCH		845	3.5127657634176496e-11	3.5127657693372694e-11	2	H3	H3	H3	H3	H3	H3	H3	False	False	False	False	False	False	H3 -> H3 -> H3 -> H3
R7B1_004571	46	LITAF	Mono_C	H3_RESCUE_FALSIFICATION	ABF_H3_DOMINANT	UNINFORMATIVE	1151	dc9b7608716c4c5a708d9e34096315dddd3d0520140169f4db103227c1527da8	1042	613b3f28ee1c99442d72068170a31a0d0e4c7bf6af6b227b40be3283b332a278	109	0.0947002606429192	851	f2c4c497f7bd1fa8ae1b44bdc1d0092479e89a951f3d52fd61313633c35a867d	54a51d0825c38ef5522f8452b52d2eb33722c9759903319de653c446fffc3bfe	fc34eb7aab242122388ca3d9ed3e14691c8dbb1fdbbb869afbda15ae128bda75	0.9659558596386794	0.9657207163575148	1027	15	0	23287	24157.5	24509	0.0068036529680366	PASS	1151	0.9999998328430376	8.059700152217714e-09	0.999999840902738	8.059701434494146e-09	16:11174365	ABF_H3_DOMINANT	PASS	1042	0.9999998074172226	9.333961936380913e-09	0.9999998167511844	9.333963646818692e-09	16:11174365	ABF_H3_DOMINANT	PASS	1042	0.999999807208593	9.345794910888512e-09	0.999999816554388	9.345796625333891e-09	16:11174365	ABF_H3_DOMINANT	PASS	1042	0.999999807374512	9.376669258633893e-09	0.9999998167511812	9.376670976897776e-09	16:11191400	ABF_H3_DOMINANT	PASS	1042	0.9999998071658256	9.388556799943174e-09	0.9999998165543824	9.388558522233092e-09	16:11191400	ABF_H3_DOMINANT	PASS	1042	0.9999998073847296	9.366448346014314e-09	0.999999816751178	9.366450062405255e-09	16:11191400	ABF_H3_DOMINANT	PASS	H3_DISTINCT_SIGNAL	ABF_H3_DOMINANT	UNINFORMATIVE	H3_TO_UNINFORMATIVE	NOT_COMPARABLE		1042			0	H3	H3	H3	H3	H3	H3	UNINFORMATIVE	False	False	True	False	False	False	H3 -> H3 -> H3 -> UNINFORMATIVE
R7B1_004572	46	LITAF	Mono_NC	H3_RESCUE_FALSIFICATION	ABF_H3_DOMINANT	H3_SUPPORTED_STABLE	1151	dc9b7608716c4c5a708d9e34096315dddd3d0520140169f4db103227c1527da8	1042	613b3f28ee1c99442d72068170a31a0d0e4c7bf6af6b227b40be3283b332a278	109	0.0947002606429192	690	124bbba0a5a50629ddd15bc85166634e25afdc42dab31483c74395b4a3052e37	88a36c124f57f907ef27a3650370a4c7a69c8be5d53871a763559cdea7a2b1f2	e040b0cec30fa29534e573b8634460172174f14847789ddd1f60fe6ee71c7416	0.9833399985405524	0.983272231532032	1027	15	0	23287	24157.5	24509	0.0068036529680366	PASS	1151	0.9999999988924132	4.0460431889704156e-11	0.9999999989328736	4.046043193288056e-11	16:11174365	ABF_H3_DOMINANT	PASS	1042	0.9999999988924272	4.0439095729284245e-11	0.9999999989328664	4.043909577243816e-11	16:11174365	ABF_H3_DOMINANT	PASS	1042	0.9999999988920152	4.0456559997059605e-11	0.9999999989324716	4.045656004024813e-11	16:11174365	ABF_H3_DOMINANT	PASS	1042	0.9999999988931876	3.967829484212028e-11	0.9999999989328658	3.9678294884462336e-11	16:11191400	ABF_H3_DOMINANT	PASS	1042	0.9999999988927756	3.969544475379544e-11	0.9999999989324708	3.9695444796171475e-11	16:11191400	ABF_H3_DOMINANT	PASS	1042	0.9999999988932018	3.9670435321606306e-11	0.9999999989328724	3.9670435363939736e-11	16:11191400	ABF_H3_DOMINANT	PASS	H3_DISTINCT_SIGNAL	ABF_H3_DOMINANT	H3_SUPPORTED_STABLE	STABLE_H3	MATCH		1042	3.74920303850057e-11	3.74920304760757e-11	2	H3	H3	H3	H3	H3	H3	H3	False	False	False	False	False	False	H3 -> H3 -> H3 -> H3
R7B1_004573	46	LITAF	NK	H3_RESCUE_FALSIFICATION	ABF_H3_DOMINANT	H3_SUPPORTED_STABLE	1151	dc9b7608716c4c5a708d9e34096315dddd3d0520140169f4db103227c1527da8	1042	613b3f28ee1c99442d72068170a31a0d0e4c7bf6af6b227b40be3283b332a278	109	0.0947002606429192	980	cb3bc41f858ab05787eb10465366605656136288e5cb89ef2183cb2449e8057c	22064dd34ab0dad11910ac9342d01ee51e7bf5683c6e8c0fc62c713e60428f0e	cd15b2e628fec5c1227d66d89047c7655440e82c8aecb0d3b21b7ec494e38357	0.6200661793250279	0.6200477677073223	1027	15	0	23287	24157.5	24509	0.0068036529680366	PASS	1151	0.9962465255383844	0.0001149766982363	0.9963615022366208	0.0001153965683923	16:11174365	ABF_H3_DOMINANT	PASS	1042	0.996246115689208	0.0001150580160905	0.9963611737052986	0.0001154782212786	16:11174365	ABF_H3_DOMINANT	PASS	1042	0.9962459643719886	0.0001150656146791	0.9963610299866678	0.0001154858642762	16:11174365	ABF_H3_DOMINANT	PASS	1042	0.9962465779925508	0.000114594025859	0.99636117201841	0.0001150125366958	16:11191400	ABF_H3_DOMINANT	PASS	1042	0.9962464266880524	0.0001146016116179	0.9963610282996704	0.0001150201667497	16:11191400	ABF_H3_DOMINANT	PASS	1042	0.9962465700398216	0.0001146020076071	0.9963611720474288	0.0001150205475908	16:11191400	ABF_H3_DOMINANT	PASS	H3_DISTINCT_SIGNAL	ABF_H3_DOMINANT	H3_SUPPORTED_STABLE	STABLE_H3	MATCH		1042	8.13667902492149e-05	8.17162232865496e-05	2	H3	H3	H3	H3	H3	H3	H3	False	False	False	False	False	False	H3 -> H3 -> H3 -> H3
R7B1_004576	46	RMI2	B_IN	H3_RESCUE_FALSIFICATION	ABF_H3_DOMINANT	H3_SUPPORTED_STABLE	1176	ad7536548076d29885421c228d1a67eec338e91a508e8adf5f2d77ebd834f3b0	1063	0b52fc45f591cabc1607c905a43693d9a990f8a315b00909f3674a2481ef4484	113	0.0960884353741496	975	f19f3ad9a54fc9d310cf76e0c6413eebfe2301d2f45b08e25acd99f813a123e6	6921219e840ec355e8b78751fc4287968156d024b5b43242b3444638acc54bc2	5e4197ebe46840a95f4a8e5080806d88d2d786d03bc7edfba5e869a3cdb3a13e	0.9898495757084096	0.9897068657928402	1048	15	0	23287	24161.0	24509	0.0068036529680366	PASS	1176	0.9987663456504776	4.233164626183684e-05	0.9988086772967394	4.2382137063933806e-05	16:11174365	ABF_H3_DOMINANT	PASS	1063	0.9987662236168436	4.242515819105379e-05	0.9988086487750346	4.247576174183626e-05	16:11174365	ABF_H3_DOMINANT	PASS	1063	0.998765901153824	4.2441428147491706e-05	0.9988083425819714	4.2492064130920666e-05	16:11174365	ABF_H3_DOMINANT	PASS	1063	0.9987659065720093	4.274258082293901e-05	0.9988086491528322	4.279356297043717e-05	16:11191400	ABF_H3_DOMINANT	PASS	1063	0.9987655839956447	4.275896436094477e-05	0.9988083429600056	4.280997917400948e-05	16:11191400	ABF_H3_DOMINANT	PASS	1063	0.9987658926992978	4.2756470067470295e-05	0.9988086491693652	4.280746878095986e-05	16:11191400	ABF_H3_DOMINANT	PASS	H3_DISTINCT_SIGNAL	ABF_H3_DOMINANT	H3_SUPPORTED_STABLE	STABLE_H3	MATCH		1063	6.63702139774691e-05	6.64616246611153e-05	2	H3	H3	H3	H3	H3	H3	H3	False	False	False	False	False	False	H3 -> H3 -> H3 -> H3
R7B1_004579	46	RMI2	CD4_NC	H3_RESCUE_FALSIFICATION	ABF_H3_DOMINANT	H3_SUPPORTED_STABLE	1176	ad7536548076d29885421c228d1a67eec338e91a508e8adf5f2d77ebd834f3b0	1063	0b52fc45f591cabc1607c905a43693d9a990f8a315b00909f3674a2481ef4484	113	0.0960884353741496	980	57928945a159593e9bd2201f20d296615b5b3c2be463bee0cc067f001e2c9278	ea14f0222e0c26b45b14542370d685b2120fb99d4dc177bd5aafc270a40c6cf9	b145a566b24bc94944cd998a34cdf0cc47e6de0781b04bd0b095670645a39cb5	0.9521443596981048	0.9519818901010156	1048	15	0	23287	24161.0	24509	0.0068036529680366	PASS	1176	0.999999999826855	3.423799225473087e-11	0.9999999998610928	3.4237992259486765e-11	16:11191400	ABF_H3_DOMINANT	PASS	1063	0.9999999998267556	3.433697191880501e-11	0.9999999998610924	3.4336971923574674e-11	16:11191400	ABF_H3_DOMINANT	PASS	1063	0.9999999998266134	3.4366643070997475e-11	0.99999999986098	3.436664307577513e-11	16:11191400	ABF_H3_DOMINANT	PASS	1063	0.9999999998193658	4.1728564510693716e-11	0.9999999998610944	4.1728564516490055e-11	16:11194771	ABF_H3_DOMINANT	PASS	1063	0.9999999998192096	4.176505430235883e-11	0.9999999998609744	4.176505430816524e-11	16:11194771	ABF_H3_DOMINANT	PASS	1063	0.9999999998190816	4.2016740665645467e-11	0.9999999998610984	4.201674067148167e-11	16:11194771	ABF_H3_DOMINANT	PASS	H3_DISTINCT_SIGNAL	ABF_H3_DOMINANT	H3_SUPPORTED_STABLE	STABLE_H3	MATCH		1063	1.93426539204014e-12	1.9342653920402697e-12	2	H3	H3	H3	H3	H3	H3	H3	False	False	False	False	False	False	H3 -> H3 -> H3 -> H3
R7B1_004582	46	RMI2	NK	H3_RESCUE_FALSIFICATION	ABF_H3_DOMINANT	H3_SUPPORTED_STABLE	1176	ad7536548076d29885421c228d1a67eec338e91a508e8adf5f2d77ebd834f3b0	1063	0b52fc45f591cabc1607c905a43693d9a990f8a315b00909f3674a2481ef4484	113	0.0960884353741496	980	f9276a80a4eefe7a0de91691a35c5cd1ba1db227d46e77a625ff86f619278053	22064dd34ab0dad11910ac9342d01ee51e7bf5683c6e8c0fc62c713e60428f0e	cd15b2e628fec5c1227d66d89047c7655440e82c8aecb0d3b21b7ec494e38357	0.9573660799995248	0.9572581267899204	1048	15	0	23287	24161.0	24509	0.0068036529680366	PASS	1176	0.9991898139194773	6.812900186282813e-05	0.99925794292134	6.817959501392839e-05	16:11174365	ABF_H3_DOMINANT	PASS	1063	0.9991919003881984	6.601808958487796e-05	0.9992579184777832	6.606711677146021e-05	16:11174365	ABF_H3_DOMINANT	PASS	1063	0.9991917156428411	6.603786456811448e-05	0.9992577535074094	6.608691735072418e-05	16:11174365	ABF_H3_DOMINANT	PASS	1063	0.9992015242205756	5.638711691771209e-05	0.9992579113374934	5.642899223308494e-05	16:11191400	ABF_H3_DOMINANT	PASS	1063	0.9992013420733686	5.640429023121222e-05	0.9992577463636	5.6446187619233525e-05	16:11191400	ABF_H3_DOMINANT	PASS	1063	0.999201557153324	5.635415973394152e-05	0.999257911313058	5.639601057537817e-05	16:11191400	ABF_H3_DOMINANT	PASS	H3_DISTINCT_SIGNAL	ABF_H3_DOMINANT	H3_SUPPORTED_STABLE	STABLE_H3	MATCH		1063	0.0001104699582173	0.0001105406757388	2	H3	H3	H3	H3	H3	H3	H3	False	False	False	False	False	False	H3 -> H3 -> H3 -> H3
R7B1_004690	47	IL21R	B_MEM	H3_RESCUE_FALSIFICATION	ABF_H3_DOMINANT	H3_SUPPORTED_STABLE	704	4f5b514381bc4b7b20ff337fa917f6c680b35c28798f81880c1447e75708a6b2	637	c9dfc34c24adfee18621eb3b823f64dd9ea73e9469cd065df0c6bb3f8ed0df05	67	0.0951704545454545	970	50f8cb3df7d65230d99947cd7a6903fa3579aec188ab33f953fa17e495e60b6d	474f4401e3a6484066d48a5f2f2b270f11d1738f17ee48e1f650ee749d17096a	187048ce98dc821da2a0eaa1265854c49b13fbab23f5144c6b86b5d0b57f5158	0.9949585797719293	0.9946310644204504	637	0	0	23285	24114.0	24509	0.0021229322088878	PASS	704	0.8402400154089885	0.0065324235008503	0.8467724389098389	0.0077144970722717	16:27403469	ABF_H3_DOMINANT	PASS	637	0.8387850095324519	0.0065919665259356	0.8453769760583876	0.007797665080342	16:27403469	ABF_H3_DOMINANT	PASS	637	0.8387541403882468	0.0065949390471698	0.8453490794354167	0.0078014387282167	16:27403469	ABF_H3_DOMINANT	PASS	637	0.83887969981627	0.0065960250592311	0.8454757248755012	0.0078015546338748	16:27403469	ABF_H3_DOMINANT	PASS	637	0.8388488254395698	0.0065989996379002	0.8454478250774701	0.0078053304321831	16:27403469	ABF_H3_DOMINANT	PASS	637	0.8388796590185831	0.0065962002927665	0.8454758593113496	0.0078017606536267	16:27403469	ABF_H3_DOMINANT	PASS	H3_DISTINCT_SIGNAL	ABF_H3_DOMINANT	H3_SUPPORTED_STABLE	STABLE_H3	PF50_UNINFORMATIVE		637	0.0042605345087309	0.0051243737396622	1	H3	H3	H3	H3	H3	H3	H3	False	False	False	False	False	False	H3 -> H3 -> H3 -> H3
R7B1_004700	47	IL21R	NK_R	H3_RESCUE_FALSIFICATION	ABF_H3_DOMINANT	H3_SUPPORTED_STABLE	704	4f5b514381bc4b7b20ff337fa917f6c680b35c28798f81880c1447e75708a6b2	637	c9dfc34c24adfee18621eb3b823f64dd9ea73e9469cd065df0c6bb3f8ed0df05	67	0.0951704545454545	750	f23083057d8067f0a9b914c0a48ad876b27f1ba59b233e7af1ddd84baa7f7b91	e9851b803fc8d053a91689d94bc0a47f60d68a1dcd604265f56a0b924df6bf87	c16fb279d4b13e9a8a7202f04cffb5d05a47e2cf6f94acd9c95a8c4c615aa792	1.009758275802448	1.0096202875126423	637	0	0	23285	24114.0	24509	0.0021229322088878	PASS	704	0.9704150706010616	0.0013365407726561	0.9717516113737178	0.0013753934205128	16:27403469	ABF_H3_DOMINANT	PASS	637	0.9612334673436056	0.0017529707874628	0.9629864381310684	0.0018203483642666	16:27403469	ABF_H3_DOMINANT	PASS	637	0.9612211011853192	0.001753709734435	0.9629748109197545	0.0018211377022001	16:27403469	ABF_H3_DOMINANT	PASS	637	0.9613468244419632	0.0017520196254827	0.963098844067446	0.0018191483005871	16:27403469	ABF_H3_DOMINANT	PASS	637	0.9613344566654788	0.0017527587392679	0.9630872154047468	0.0018199377078548	16:27403469	ABF_H3_DOMINANT	PASS	637	0.961346941221194	0.0017520259350296	0.9630989671562236	0.0018191546193875	16:27403469	ABF_H3_DOMINANT	PASS	H3_DISTINCT_SIGNAL	ABF_H3_DOMINANT	H3_SUPPORTED_STABLE	STABLE_H3	PF50_UNINFORMATIVE		637	0.0006120453042597	0.0006295798639606	1	H3	H3	H3	H3	H3	H3	H3	False	False	False	False	False	False	H3 -> H3 -> H3 -> H3
R7B1_004701	47	IL4R	B_IN	H3_RESCUE_FALSIFICATION	ABF_H3_DOMINANT	H3_SUPPORTED_STABLE	704	4f5b514381bc4b7b20ff337fa917f6c680b35c28798f81880c1447e75708a6b2	637	c9dfc34c24adfee18621eb3b823f64dd9ea73e9469cd065df0c6bb3f8ed0df05	67	0.0951704545454545	975	ed6e8404409e92c132bfe07a5ab49c55f7cf3e4bba5bf32a9f859e64a5888d5c	50da03fc987134530dfd9d45f1e238657f71d388c719f76e9045c310f487d8a3	4c05399d77e8ae83bf572603f469521e9fbf845016e61052efe6330cf42b12e3	0.7691057773030474	0.7690854876335911	637	0	0	23285	24114.0	24509	0.0021229322088878	PASS	704	0.9997782952076602	3.542960677151571e-05	0.9998137248144316	3.543620765767298e-05	16:27403469	ABF_H3_DOMINANT	PASS	637	0.9997691865383092	4.419453794942281e-05	0.9998133810762588	4.420278702596396e-05	16:27403469	ABF_H3_DOMINANT	PASS	637	0.99976918415111	4.419679193963369e-05	0.9998133809430496	4.42050414427802e-05	16:27403469	ABF_H3_DOMINANT	PASS	637	0.999887374839156	4.295475133557311e-05	0.9999303295904916	4.295774421920442e-05	16:27403469	ABF_H3_DOMINANT	PASS	637	0.999887372450076	4.295700692629196e-05	0.9999303294570022	4.295999997281725e-05	16:27403469	ABF_H3_DOMINANT	PASS	637	0.9998875060178984	4.295135321274829e-05	0.9999304573711112	4.295434037049984e-05	16:27403469	ABF_H3_DOMINANT	PASS	H3_DISTINCT_SIGNAL	ABF_H3_DOMINANT	H3_SUPPORTED_STABLE	STABLE_H3	MATCH		637	6.88988673417203e-06	6.89044749857936e-06	1	H3	H3	H3	H3	H3	H3	H3	False	False	False	False	False	False	H3 -> H3 -> H3 -> H3
R7B1_004888	48	DPEP2	NK	PRIMARY_184_TRIGGER_VERIFICATION	ABF_AMBIGUOUS	MODEL_SENSITIVE	598	d14bdd9c6c543607f31de4ca7a1c273c2e18e4abe451a191855a8dcf6022d396	567	7cc63dcbac81b0a193417fe09353a428fe5eab4e92a90e8884b71738f7fdb287	31	0.0518394648829431	980	d8998fbeef889babde30e3110587e1bd6e9024d55a1d44a8aee3ed503f1b41d8	db2d154f12e08331fdd0ac931ec704136cccefd68c62c236b47798891128ddad	44fe584a42af78e97a00b18f3cbee6ae3ac0bdd6f941dcb9e98022ef2a6b9f3f	0.9358016119571804	0.935644942132103	567	0	0	23285	24231.0	24509	0.0030910635406051	PASS	598	0.2749818584591191	0.6574051106435801	0.9323869691026992	0.7050775401507883	16:68024995	ABF_AMBIGUOUS	PASS	567	0.2602120624097851	0.6708074868914667	0.931019549301252	0.7205084870612231	16:68024995	ABF_AMBIGUOUS	PASS	567	0.2601886308583024	0.6708154104974001	0.9310040413557026	0.7205289995525445	16:68024995	ABF_AMBIGUOUS	PASS	567	0.2518907970237867	0.6813262209412595	0.9332170179650464	0.7300833652036751	16:68036939	ABF_AMBIGUOUS	PASS	567	0.2518720636161661	0.6813288965446254	0.9332009601607916	0.7300987950411363	16:68036939	ABF_AMBIGUOUS	PASS	567	0.2517979177951665	0.6814436280349506	0.9332415458301172	0.7301899825181994	16:68036939	ABF_AMBIGUOUS	PASS	H3_H4_AMBIGUITY_TRIGGER	ABF_AMBIGUOUS	MODEL_SENSITIVE	AMBIGUITY_REMAINS_MODEL_SENSITIVE	NOT_COMPARABLE		567	0.657234773312131	0.691189901291646	1	AMBIGUOUS	AMBIGUOUS	AMBIGUOUS	AMBIGUOUS	AMBIGUOUS	AMBIGUOUS	MODEL_SENSITIVE	False	False	True	False	False	False	AMBIGUOUS -> AMBIGUOUS -> AMBIGUOUS -> MODEL_SENSITIVE
R7B1_004926	48	NFATC3	B_MEM	PRIMARY_184_TRIGGER_VERIFICATION	ABF_H4_DOMINANT	UNINFORMATIVE	598	d14bdd9c6c543607f31de4ca7a1c273c2e18e4abe451a191855a8dcf6022d396	567	7cc63dcbac81b0a193417fe09353a428fe5eab4e92a90e8884b71738f7fdb287	31	0.0518394648829431	970	386e70058830f6e29b00d74dc4dfa45c73c5197632a700b6501924d50a6a5698	443a5535768bc14858251ae0e5cdbffb563350a60abb6bcfaf92497d05914b02	401be5929fc3d04264833bf0e89932be02c017686e49aa46eb70c92d1c41a8ac	0.95650602806967	0.9562508352449262	567	0	0	23285	24231.0	24509	0.0030910635406051	PASS	598	0.0761673220452343	0.8036464706042789	0.8798137926495132	0.91342790635748	16:68036939	ABF_H4_DOMINANT	PASS	567	0.0737424880422754	0.805774302853025	0.8795167908953004	0.9161556791119252	16:68036939	ABF_H4_DOMINANT	PASS	567	0.0737423682019948	0.805745006197298	0.8794873743992929	0.9161530110055732	16:68036939	ABF_H4_DOMINANT	PASS	567	0.0693653357158316	0.8172072380939785	0.8865725738098102	0.9217601155675812	16:68036939	ABF_H4_DOMINANT	PASS	567	0.0693658108092258	0.8171781212770615	0.8865439320862872	0.9217570519647136	16:68036939	ABF_H4_DOMINANT	PASS	567	0.0693778163146389	0.8171746396484663	0.8865524559631053	0.9217442624539678	16:68036939	ABF_H4_DOMINANT	PASS	ROBUST_H4_TRIGGER	ABF_H4_DOMINANT	UNINFORMATIVE	H4_TO_UNINFORMATIVE	NOT_COMPARABLE		567			0	H4	H4	H4	H4	H4	H4	UNINFORMATIVE	False	False	True	False	False	False	H4 -> H4 -> H4 -> UNINFORMATIVE
R7B1_004928	48	NFATC3	CD4_NC	PRIMARY_184_TRIGGER_VERIFICATION	ABF_H4_DOMINANT	MODEL_SENSITIVE	598	d14bdd9c6c543607f31de4ca7a1c273c2e18e4abe451a191855a8dcf6022d396	567	7cc63dcbac81b0a193417fe09353a428fe5eab4e92a90e8884b71738f7fdb287	31	0.0518394648829431	980	5be509d41d72e3924d9b178bfbb8ba6ba1092439f3e5fff886c63f4f26bbaabe	26a525b235876718ed23fb4d9c5e282a25ffb61afe6784f3454a59c1e2a7a2db	99c33a1586c23b978911d1dc4924c0f2f4bc919a59153e130aacd02a3e4be0b3	0.7247762336915132	0.7246715736636403	567	0	0	23285	24231.0	24509	0.0030910635406051	PASS	598	0.1285234470544081	0.8708910007425801	0.9994144477969884	0.8714012516651998	16:68104422	ABF_H4_DOMINANT	PASS	567	0.1197028965522833	0.8797054218126064	0.9994083183648896	0.8802262355109005	16:68104422	ABF_H4_DOMINANT	PASS	567	0.1197007334338071	0.8797073328632835	0.9994080662970908	0.8802283697015668	16:68104422	ABF_H4_DOMINANT	PASS	567	0.1280781978889485	0.8712890698465013	0.99936726773545	0.8718407115942753	16:68104422	ABF_H4_DOMINANT	PASS	567	0.1280757682358818	0.8712912305124706	0.9993669987483524	0.8718431082912592	16:68104422	ABF_H4_DOMINANT	PASS	567	0.1281248964452721	0.8712421426102516	0.9993670390555236	0.8717939541348495	16:68104422	ABF_H4_DOMINANT	PASS	ROBUST_H4_TRIGGER	ABF_H4_DOMINANT	MODEL_SENSITIVE	H4_TO_MODEL_SENSITIVE	NOT_COMPARABLE		567	0.869741364936386	0.869984165203631	1	H4	H4	H4	H4	H4	H4	MODEL_SENSITIVE	False	False	True	False	False	False	H4 -> H4 -> H4 -> MODEL_SENSITIVE
R7B1_004932	48	NFATC3	CD8_S100B	PRIMARY_184_TRIGGER_VERIFICATION	ABF_H4_DOMINANT	H4_SUPPORTED_STABLE	598	d14bdd9c6c543607f31de4ca7a1c273c2e18e4abe451a191855a8dcf6022d396	567	7cc63dcbac81b0a193417fe09353a428fe5eab4e92a90e8884b71738f7fdb287	31	0.0518394648829431	959	9931c3c9ec64bf0857c3cf0d42223384d6ecea6efd63065712b3ca47e660cd80	1c41ef7998cadbe8bde0962c581e37b35b90e17cb1d3177f60e6a36f29000c15	b5abe22d4633acadb1245f79e91d1d778d1d9a1368309a5de7aeda6fd14cc707	0.9766281809143914	0.9763888189139416	567	0	0	23285	24231.0	24509	0.0030910635406051	PASS	598	0.0812470080652924	0.8344039498718322	0.9156509579371246	0.9112685818094548	16:68036939	ABF_H4_DOMINANT	PASS	567	0.0769936871198782	0.8382707758968717	0.91526446301675	0.9158782076318096	16:68036939	ABF_H4_DOMINANT	PASS	567	0.0769944114792332	0.838248652146019	0.9152430636252522	0.9158754493322676	16:68036939	ABF_H4_DOMINANT	PASS	567	0.0777120668022189	0.8367719347822024	0.9144840015844212	0.9150208569339908	16:68036939	ABF_H4_DOMINANT	PASS	567	0.0777128734480817	0.8367494494740421	0.9144623229221238	0.9150179602810166	16:68036939	ABF_H4_DOMINANT	PASS	567	0.0776856159269892	0.8368271228935971	0.9145127388205864	0.9150524507431383	16:68036939	ABF_H4_DOMINANT	PASS	ROBUST_H4_TRIGGER	ABF_H4_DOMINANT	H4_SUPPORTED_STABLE	STABLE_H4	PF50_UNINFORMATIVE		567	0.85082048672862	0.917455218634258	1	H4	H4	H4	H4	H4	H4	H4	False	False	False	False	False	False	H4 -> H4 -> H4 -> H4
R7B1_004942	48	NUTF2	CD4_NC	H3_RESCUE_FALSIFICATION	ABF_H3_DOMINANT	H3_SUPPORTED_STABLE	598	d14bdd9c6c543607f31de4ca7a1c273c2e18e4abe451a191855a8dcf6022d396	567	7cc63dcbac81b0a193417fe09353a428fe5eab4e92a90e8884b71738f7fdb287	31	0.0518394648829431	980	cd0e10612641db9950cf13f7e3826d13dc9516179dd6b06b4d6c5de444767bd5	26a525b235876718ed23fb4d9c5e282a25ffb61afe6784f3454a59c1e2a7a2db	99c33a1586c23b978911d1dc4924c0f2f4bc919a59153e130aacd02a3e4be0b3	0.6104223838815003	0.6104738262811266	567	0	0	23285	24231.0	24509	0.0030910635406051	PASS	598	0.9988968594236388	0.0011016875922666	0.9999985470159054	0.0011016891930035	16:67922342	ABF_H3_DOMINANT	PASS	567	0.9988986231275396	0.0010999234314366	0.9999985465589764	0.0010999250301127	16:67922342	ABF_H3_DOMINANT	PASS	567	0.9988986465155923	0.0010999000433496	0.999998546558942	0.0010999016419918	16:67922342	ABF_H3_DOMINANT	PASS	567	0.9981841009981004	0.001814481126601	0.9999985821247016	0.0018144836993126	16:67874264	ABF_H3_DOMINANT	PASS	567	0.9981841268474522	0.0018144552772142	0.9999985821246664	0.0018144578498892	16:67874264	ABF_H3_DOMINANT	PASS	567	0.9981822247256484	0.001816359183139	0.9999985839087876	0.0018163617552729	16:67874264	ABF_H3_DOMINANT	PASS	H3_DISTINCT_SIGNAL	ABF_H3_DOMINANT	H3_SUPPORTED_STABLE	STABLE_H3	MATCH		567	0.0018428090158585	0.0018428140880629	1	H3	H3	H3	H3	H3	H3	H3	False	False	False	False	False	False	H3 -> H3 -> H3 -> H3
R7B1_004944	48	NUTF2	CD8_ET	H3_RESCUE_FALSIFICATION	ABF_H3_DOMINANT	H3_SUPPORTED_STABLE	598	d14bdd9c6c543607f31de4ca7a1c273c2e18e4abe451a191855a8dcf6022d396	567	7cc63dcbac81b0a193417fe09353a428fe5eab4e92a90e8884b71738f7fdb287	31	0.0518394648829431	980	ffeaf2d7d2dcd766d898a67fa34239fe8f89d8053292fd354e2be8cc913db950	b4abba65b668009321bed77f7f2fe83efa7caa2ed6ca925053cc130342553132	db864bc7842f72fd50f30750b2ef49c5b1b19231cd8b1992a32d00b1c006f6c5	0.7702104345061034	0.7701143913346601	567	0	0	23285	24231.0	24509	0.0030910635406051	PASS	598	0.989967872231358	0.0100303412840793	0.9999982135154374	0.0100303592031612	16:67972257	ABF_H3_DOMINANT	PASS	567	0.9900438136611376	0.009954397181613	0.9999982108427508	0.0099544149916268	16:67972257	ABF_H3_DOMINANT	PASS	567	0.9900436864911532	0.0099545241278989	0.999998210619052	0.0099545419403665	16:67972257	ABF_H3_DOMINANT	PASS	567	0.9896524621048898	0.010345783676677	0.9999982457815668	0.0103458018254733	16:67972257	ABF_H3_DOMINANT	PASS	567	0.9896523029061508	0.0103459426518577	0.9999982455580084	0.0103459608032458	16:67972257	ABF_H3_DOMINANT	PASS	567	0.9896726076631752	0.0103256398489746	0.9999982475121498	0.0103256579445647	16:67972257	ABF_H3_DOMINANT	PASS	H3_DISTINCT_SIGNAL	ABF_H3_DOMINANT	H3_SUPPORTED_STABLE	STABLE_H3	MATCH		567	0.0427366152951863	0.0428721735958873	2	H3	H3	H3	H3	H3	H3	H3	False	False	False	False	False	False	H3 -> H3 -> H3 -> H3
R7B1_004945	48	NUTF2	CD8_NC	H3_RESCUE_FALSIFICATION	ABF_H3_DOMINANT	H3_SUPPORTED_STABLE	598	d14bdd9c6c543607f31de4ca7a1c273c2e18e4abe451a191855a8dcf6022d396	567	7cc63dcbac81b0a193417fe09353a428fe5eab4e92a90e8884b71738f7fdb287	31	0.0518394648829431	980	ab00052d94420293d2401021208e2ad848a5f5d8c99098c42ab73c5d344496ac	72840d3fe5ec75896166f63712ca08b63ec4d2205f82e119420932a2a6c9897b	9fb581a081e99c432008f91c725b9eb87735ae967f54a59775b488e1cbefbb77	0.7832485614470226	0.7831778207546759	567	0	0	23285	24231.0	24509	0.0030910635406051	PASS	598	0.9861757937482944	0.0138227447058026	0.9999985384540973	0.013822764908408	16:67967878	ABF_H3_DOMINANT	PASS	567	0.9863483554316692	0.0136501813901437	0.9999985368218128	0.0136502013628206	16:67967878	ABF_H3_DOMINANT	PASS	567	0.9863482806342498	0.013650256172864	0.999998536807114	0.013650276145851	16:67967878	ABF_H3_DOMINANT	PASS	567	0.987141877763633	0.0128566920277731	0.9999985697914062	0.0128567104155508	16:67967878	ABF_H3_DOMINANT	PASS	567	0.9871417581320824	0.012856811644677	0.9999985697767594	0.0128568300328141	16:67967878	ABF_H3_DOMINANT	PASS	567	0.9871733070791954	0.0128252644285199	0.9999985715077152	0.0128252827493373	16:67967878	ABF_H3_DOMINANT	PASS	H3_DISTINCT_SIGNAL	ABF_H3_DOMINANT	H3_SUPPORTED_STABLE	STABLE_H3	MATCH		567	0.0834989570200697	0.0839092341142897	2	H3	H3	H3	H3	H3	H3	H3	False	False	False	False	False	False	H3 -> H3 -> H3 -> H3
R7B1_004946	48	NUTF2	CD8_S100B	H3_RESCUE_FALSIFICATION	ABF_H3_DOMINANT	H3_SUPPORTED_STABLE	598	d14bdd9c6c543607f31de4ca7a1c273c2e18e4abe451a191855a8dcf6022d396	567	7cc63dcbac81b0a193417fe09353a428fe5eab4e92a90e8884b71738f7fdb287	31	0.0518394648829431	959	93ce5b0484a85769f179f78f8166b30bfce88d8d3c89ba074d69dbd55569c458	1c41ef7998cadbe8bde0962c581e37b35b90e17cb1d3177f60e6a36f29000c15	b5abe22d4633acadb1245f79e91d1d778d1d9a1368309a5de7aeda6fd14cc707	0.944520996163036	0.9442724703197348	567	0	0	23285	24231.0	24509	0.0030910635406051	PASS	598	0.8824645635041787	0.0054360467979098	0.8879006103020884	0.0061223595691192	16:68036939	ABF_H3_DOMINANT	PASS	567	0.8823137059364643	0.0054415435330244	0.8877552494694887	0.0061295537663969	16:68036939	ABF_H3_DOMINANT	PASS	567	0.8822070549556018	0.0054475187609004	0.8876545737165022	0.0061369804450985	16:68036939	ABF_H3_DOMINANT	PASS	567	0.8823239312378829	0.0054300532777591	0.887753984515642	0.0061166194378973	16:68036939	ABF_H3_DOMINANT	PASS	567	0.8822172867810556	0.0054360198290535	0.8876533066101091	0.0061240349003073	16:68036939	ABF_H3_DOMINANT	PASS	567	0.8823249555504756	0.0054289005783047	0.8877538561287804	0.0061153218775962	16:68036939	ABF_H3_DOMINANT	PASS	H3_DISTINCT_SIGNAL	ABF_H3_DOMINANT	H3_SUPPORTED_STABLE	STABLE_H3	PF50_UNINFORMATIVE		567	0.0005618529181698	0.0005745824283738	1	H3	H3	H3	H3	H3	H3	H3	False	False	False	False	False	False	H3 -> H3 -> H3 -> H3
R7B1_004950	48	NUTF2	NK	H3_RESCUE_FALSIFICATION	ABF_H3_DOMINANT	H3_SUPPORTED_STABLE	598	d14bdd9c6c543607f31de4ca7a1c273c2e18e4abe451a191855a8dcf6022d396	567	7cc63dcbac81b0a193417fe09353a428fe5eab4e92a90e8884b71738f7fdb287	31	0.0518394648829431	980	b379ec819e86ade9b0d81d155840b02e54bdc25c4536fd169198feaeab177701	db2d154f12e08331fdd0ac931ec704136cccefd68c62c236b47798891128ddad	44fe584a42af78e97a00b18f3cbee6ae3ac0bdd6f941dcb9e98022ef2a6b9f3f	0.8161122514925996	0.8160449148729209	567	0	0	23285	24231.0	24509	0.0030910635406051	PASS	598	0.9976320388103128	0.0023659040530493	0.9999979428633624	0.0023659089200472	16:68080680	ABF_H3_DOMINANT	PASS	567	0.9978468757820848	0.0021510461184404	0.9999979219005252	0.0021510505885375	16:68080680	ABF_H3_DOMINANT	PASS	567	0.9978463229836906	0.0021515985266043	0.9999979215102948	0.0021516029986889	16:68080680	ABF_H3_DOMINANT	PASS	567	0.9966798933711194	0.0033180654324539	0.9999979588035732	0.003318072205291	16:68080680	ABF_H3_DOMINANT	PASS	567	0.996679057489976	0.0033189009243822	0.999997958414358	0.0033189077002165	16:68080680	ABF_H3_DOMINANT	PASS	567	0.9966882175817918	0.003309742983517	0.9999979605653088	0.0033097497335354	16:68080680	ABF_H3_DOMINANT	PASS	H3_DISTINCT_SIGNAL	ABF_H3_DOMINANT	H3_SUPPORTED_STABLE	STABLE_H3	MATCH		567	5.42409419071558e-08	5.42410927403774e-08	1	H3	H3	H3	H3	H3	H3	H3	False	False	False	False	False	False	H3 -> H3 -> H3 -> H3
R7B1_004988	48	SLC7A6	CD4_NC	H3_RESCUE_FALSIFICATION	ABF_H3_DOMINANT	H3_SUPPORTED_STABLE	598	d14bdd9c6c543607f31de4ca7a1c273c2e18e4abe451a191855a8dcf6022d396	567	7cc63dcbac81b0a193417fe09353a428fe5eab4e92a90e8884b71738f7fdb287	31	0.0518394648829431	980	b8951caec4083d9b40d50a93a0e81ca00fa7f216492ff3581d8e02cf9c19cc8f	26a525b235876718ed23fb4d9c5e282a25ffb61afe6784f3454a59c1e2a7a2db	99c33a1586c23b978911d1dc4924c0f2f4bc919a59153e130aacd02a3e4be0b3	0.8143746393067091	0.8141361955618963	567	0	0	23285	24231.0	24509	0.0030910635406051	PASS	598	0.9724996139421822	0.0031860310261459	0.975685644968328	0.0032654277969307	16:68036939	ABF_H3_DOMINANT	PASS	567	0.9710931023059806	0.0033489820615951	0.9744420843675756	0.00343682001765	16:68036939	ABF_H3_DOMINANT	PASS	567	0.9710862209012132	0.0033501374068037	0.9744363583080172	0.0034380258682268	16:68036939	ABF_H3_DOMINANT	PASS	567	0.9710956015545386	0.0033464515770308	0.9744420531315694	0.0034342232729758	16:68036939	ABF_H3_DOMINANT	PASS	567	0.9710887224863756	0.0033476045089635	0.9744363269953392	0.0034354266320158	16:68036939	ABF_H3_DOMINANT	PASS	567	0.9710951652172638	0.0033469011649524	0.9744420663822162	0.0034346846061134	16:68036939	ABF_H3_DOMINANT	PASS	H3_DISTINCT_SIGNAL	ABF_H3_DOMINANT	H3_SUPPORTED_STABLE	STABLE_H3	MATCH		567	0.0022641873048505	0.0023305929197427	1	H3	H3	H3	H3	H3	H3	H3	False	False	False	False	False	False	H3 -> H3 -> H3 -> H3
R7B1_005000	48	SMPD3	B_MEM	H3_RESCUE_FALSIFICATION	ABF_H3_DOMINANT	H3_SUPPORTED_STABLE	598	d14bdd9c6c543607f31de4ca7a1c273c2e18e4abe451a191855a8dcf6022d396	567	7cc63dcbac81b0a193417fe09353a428fe5eab4e92a90e8884b71738f7fdb287	31	0.0518394648829431	970	c4400efbdae8156136337d9a0903b40367a1baf53a459e38442e7fce9761937f	443a5535768bc14858251ae0e5cdbffb563350a60abb6bcfaf92497d05914b02	401be5929fc3d04264833bf0e89932be02c017686e49aa46eb70c92d1c41a8ac	0.9649826211957944	0.9647259564662272	567	0	0	23285	24231.0	24509	0.0030910635406051	PASS	598	0.9990387000631882	0.0009579752289712	0.9999966752921594	0.0009579784139695	16:68335392	ABF_H3_DOMINANT	PASS	567	0.9990372559353696	0.0009594164581653	0.999996672393535	0.0009594196507363	16:68335392	ABF_H3_DOMINANT	PASS	567	0.99903722782228	0.0009594413351359	0.999996669157416	0.0009594445308946	16:68335392	ABF_H3_DOMINANT	PASS	567	0.9994565749133524	0.0005401306560459	0.9999967055693983	0.0005401324354747	16:68335392	ABF_H3_DOMINANT	PASS	567	0.999456551259364	0.0005401510725432	0.9999967023319072	0.000540152853788	16:68335392	ABF_H3_DOMINANT	PASS	567	0.999457406622378	0.0005393007279843	0.9999967073503624	0.0005393025037185	16:68335392	ABF_H3_DOMINANT	PASS	H3_DISTINCT_SIGNAL	ABF_H3_DOMINANT	H3_SUPPORTED_STABLE	STABLE_H3	MATCH		567	0.0007067428752103	0.0007067450548353	1	H3	H3	H3	H3	H3	H3	H3	False	False	False	False	False	False	H3 -> H3 -> H3 -> H3
R7B1_005002	48	SMPD3	CD8_ET	H3_RESCUE_FALSIFICATION	ABF_H3_DOMINANT	H3_SUPPORTED_STABLE	598	d14bdd9c6c543607f31de4ca7a1c273c2e18e4abe451a191855a8dcf6022d396	567	7cc63dcbac81b0a193417fe09353a428fe5eab4e92a90e8884b71738f7fdb287	31	0.0518394648829431	980	470a1c99db7b8f067eaf5f791f068de8a7f952d469244677b1acce32224800a5	b4abba65b668009321bed77f7f2fe83efa7caa2ed6ca925053cc130342553132	db864bc7842f72fd50f30750b2ef49c5b1b19231cd8b1992a32d00b1c006f6c5	0.9582764178883676	0.9579561370682128	567	0	0	23285	24231.0	24509	0.0030910635406051	PASS	598	0.9911843272121306	0.0009241883786356	0.9921085155907662	0.0009315396089361	16:68036939	ABF_H3_DOMINANT	PASS	567	0.9911461491903556	0.0009282508002597	0.9920743999906154	0.0009356665188301	16:68036939	ABF_H3_DOMINANT	PASS	567	0.9911430826084427	0.0009286966978014	0.9920717793062444	0.0009361184514802	16:68036939	ABF_H3_DOMINANT	PASS	567	0.9911287996972228	0.0009457734437337	0.9920745731409566	0.00095332898286	16:68036939	ABF_H3_DOMINANT	PASS	567	0.9911257273329012	0.0009462252161295	0.9920719525490308	0.0009537868838024	16:68036939	ABF_H3_DOMINANT	PASS	567	0.991128952530206	0.000945621172839	0.9920745737030452	0.0009531754949725	16:68036939	ABF_H3_DOMINANT	PASS	H3_DISTINCT_SIGNAL	ABF_H3_DOMINANT	H3_SUPPORTED_STABLE	STABLE_H3	MATCH		567	0.0006017606638434	0.0006071742251546	1	H3	H3	H3	H3	H3	H3	H3	False	False	False	False	False	False	H3 -> H3 -> H3 -> H3
R7B1_005004	48	SMPD3	DC	H3_RESCUE_FALSIFICATION	ABF_H3_DOMINANT	H3_SUPPORTED_STABLE	598	d14bdd9c6c543607f31de4ca7a1c273c2e18e4abe451a191855a8dcf6022d396	567	7cc63dcbac81b0a193417fe09353a428fe5eab4e92a90e8884b71738f7fdb287	31	0.0518394648829431	726	6ff2886755edbb75089cc3ceb4e7986bd74639f17a3c91b8758afb6d9cd2bffe	cd6a93c6ca9f885038e484eda09968d2e762cb52499ba54368a65f55f8f32d1b	19a5c8a929299c063dc44fde3875216e439ece019527658dc168a539bc4ad43a	0.6699400234551752	0.6695970264426578	567	0	0	23285	24231.0	24509	0.0030910635406051	PASS	598	0.9681878228554868	0.0014811417390185	0.9696689645945052	0.0015274715321408	16:68036939	ABF_H3_DOMINANT	PASS	567	0.9678394310686972	0.0014972410026369	0.969336672071334	0.0015446036921697	16:68036939	ABF_H3_DOMINANT	PASS	567	0.967805796217226	0.0014993632664552	0.9693051594836812	0.0015468433772227	16:68036939	ABF_H3_DOMINANT	PASS	567	0.96782687141623	0.0015102326985089	0.969337104114739	0.001558005663972	16:68036939	ABF_H3_DOMINANT	PASS	567	0.9677932268983944	0.0015123653572067	0.969305592255601	0.0015602565066063	16:68036939	ABF_H3_DOMINANT	PASS	567	0.9678269330209144	0.001510170925987	0.9693371039469016	0.0015579419376789	16:68036939	ABF_H3_DOMINANT	PASS	H3_DISTINCT_SIGNAL	ABF_H3_DOMINANT	H3_SUPPORTED_STABLE	STABLE_H3	MATCH		567	0.0004654594781468	0.0004757832337371	1	H3	H3	H3	H3	H3	H3	H3	False	False	False	False	False	False	H3 -> H3 -> H3 -> H3
R7B1_005005	48	SMPD3	NK	H3_RESCUE_FALSIFICATION	ABF_H3_DOMINANT	H3_SUPPORTED_STABLE	598	d14bdd9c6c543607f31de4ca7a1c273c2e18e4abe451a191855a8dcf6022d396	567	7cc63dcbac81b0a193417fe09353a428fe5eab4e92a90e8884b71738f7fdb287	31	0.0518394648829431	980	02fced125e67cd6f8ccf93a7bf5977c5b65fdfdce29e557dec1a29b8bdf831d6	db2d154f12e08331fdd0ac931ec704136cccefd68c62c236b47798891128ddad	44fe584a42af78e97a00b18f3cbee6ae3ac0bdd6f941dcb9e98022ef2a6b9f3f	0.9628306019545304	0.9624947860989014	567	0	0	23285	24231.0	24509	0.0030910635406051	PASS	598	0.9985916173654896	7.360918867578385e-05	0.9986652265541656	7.370757158509259e-05	16:68036939	ABF_H3_DOMINANT	PASS	567	0.9985800662291824	7.421387600536483e-05	0.998654280105188	7.431388167439478e-05	16:68036939	ABF_H3_DOMINANT	PASS	567	0.998579441470875	7.426424193782576e-05	0.9986537057128128	7.436435824850608e-05	16:68036939	ABF_H3_DOMINANT	PASS	567	0.9985800344798438	7.428025527443092e-05	0.9986543147351182	7.438034781247895e-05	16:68036939	ABF_H3_DOMINANT	PASS	567	0.9985794098403498	7.433050225134522e-05	0.9986537403426012	7.443070530717202e-05	16:68036939	ABF_H3_DOMINANT	PASS	567	0.9985800281999412	7.428832816302084e-05	0.9986543165281042	7.438843144571759e-05	16:68036939	ABF_H3_DOMINANT	PASS	H3_DISTINCT_SIGNAL	ABF_H3_DOMINANT	H3_SUPPORTED_STABLE	STABLE_H3	MATCH		567	3.94163221770976e-05	3.94768485908512e-05	1	H3	H3	H3	H3	H3	H3	H3	False	False	False	False	False	False	H3 -> H3 -> H3 -> H3
R7B1_005022	48	ZFP90	CD4_ET	H3_RESCUE_FALSIFICATION	ABF_H3_DOMINANT	H3_SUPPORTED_STABLE	560	c96e29366f4a94eabb79cf370bc3d046e41bc56195b1cacdc26f70a36c33dbf4	540	dd547d9836ef60c69630373169b8fb1abaec95be479223fe69a1e72dabdb38b0	20	0.0357142857142857	980	ca2fb77b6a2d88b3587386b77085829c924745d7b46ba4082ddc5d02e68b1dd3	9c312c8ebb6e68d57d28d80854116269f263ee40533b33707f37d683b9ffe634	02275288420f7a0df6c1aef020b5da2143a3351ff086d00723d6f4617eee509e	0.9438681982930796	0.9436734545973768	540	0	0	23285	24220.0	24509	0.0030910635406051	PASS	560	0.8243631981449981	0.0107403046914117	0.8351035028364099	0.0128610461516836	16:68036939	ABF_H3_DOMINANT	PASS	540	0.8201562674561382	0.010997777662088	0.8311540451182262	0.0132319366388016	16:68036939	ABF_H3_DOMINANT	PASS	540	0.8201276883498403	0.011000940998218	0.8311286293480583	0.0132361473420152	16:68036939	ABF_H3_DOMINANT	PASS	540	0.8199407649511058	0.011257625880286	0.8311983908313918	0.0135438494641764	16:68036939	ABF_H3_DOMINANT	PASS	540	0.8199121482562493	0.011260842747766	0.8311729910040153	0.0135481336251837	16:68036939	ABF_H3_DOMINANT	PASS	540	0.8199409782182626	0.0112573705254824	0.8311983487437451	0.01354354293713	16:68036939	ABF_H3_DOMINANT	PASS	H3_DISTINCT_SIGNAL	ABF_H3_DOMINANT	H3_SUPPORTED_STABLE	STABLE_H3	PF50_UNINFORMATIVE		540	0.006745255238575	0.0081006729391573	1	H3	H3	H3	H3	H3	H3	H3	False	False	False	False	False	False	H3 -> H3 -> H3 -> H3
R7B1_005023	48	ZFP90	CD4_NC	H3_RESCUE_FALSIFICATION	ABF_H3_DOMINANT	H3_SUPPORTED_STABLE	560	c96e29366f4a94eabb79cf370bc3d046e41bc56195b1cacdc26f70a36c33dbf4	540	dd547d9836ef60c69630373169b8fb1abaec95be479223fe69a1e72dabdb38b0	20	0.0357142857142857	980	b083d67b151ce6216f11b83c2cdd9da2a3ce3c524c9c57770e3e5457fc287c2d	26a525b235876718ed23fb4d9c5e282a25ffb61afe6784f3454a59c1e2a7a2db	99c33a1586c23b978911d1dc4924c0f2f4bc919a59153e130aacd02a3e4be0b3	0.8499694264917831	0.8498073911360299	540	0	0	23285	24220.0	24509	0.0030910635406051	PASS	560	0.9999970729467292	2.707101477279992e-07	0.999997343656877	2.707108668289486e-07	16:68608511	ABF_H3_DOMINANT	PASS	540	0.9999970312049962	2.6824309451544504e-07	0.9999972994480908	2.682438189218024e-07	16:68608511	ABF_H3_DOMINANT	PASS	540	0.9999970302969609	2.682899246858689e-07	0.9999972985868856	2.682906494497478e-07	16:68608511	ABF_H3_DOMINANT	PASS	540	0.9999969065619282	4.274762881462439e-07	0.9999973340382164	4.274774277847298e-07	16:68608511	ABF_H3_DOMINANT	PASS	540	0.9999969056556196	4.2752139075354123e-07	0.9999973331770102	4.275225308804553e-07	16:68608511	ABF_H3_DOMINANT	PASS	540	0.9999969088572336	4.269656415106086e-07	0.999997335822875	4.2696677902573443e-07	16:68608511	ABF_H3_DOMINANT	PASS	H3_DISTINCT_SIGNAL	ABF_H3_DOMINANT	H3_SUPPORTED_STABLE	STABLE_H3	MATCH		540	1.31373030968106e-07	1.31373524617285e-07	1	H3	H3	H3	H3	H3	H3	H3	False	False	False	False	False	False	H3 -> H3 -> H3 -> H3
R7B1_005025	48	ZFP90	CD8_ET	H3_RESCUE_FALSIFICATION	ABF_H3_DOMINANT	H3_SUPPORTED_STABLE	560	c96e29366f4a94eabb79cf370bc3d046e41bc56195b1cacdc26f70a36c33dbf4	540	dd547d9836ef60c69630373169b8fb1abaec95be479223fe69a1e72dabdb38b0	20	0.0357142857142857	980	eecfa8005efbcdfe737f9a268a9582397bad07ed9c72c173d4b1af46248246fe	b4abba65b668009321bed77f7f2fe83efa7caa2ed6ca925053cc130342553132	db864bc7842f72fd50f30750b2ef49c5b1b19231cd8b1992a32d00b1c006f6c5	0.9017871245432963	0.9015759337047288	540	0	0	23285	24220.0	24509	0.0030910635406051	PASS	560	0.9999983483623393	1.918071872757947e-07	0.9999985401695264	1.918074672821805e-07	16:68634980	ABF_H3_DOMINANT	PASS	540	0.9999983503974512	1.8925216512836387e-07	0.9999985396496164	1.8925244150323944e-07	16:68634980	ABF_H3_DOMINANT	PASS	540	0.9999983503906086	1.8925303196142788e-07	0.9999985396436404	1.892533083387003e-07	16:68634980	ABF_H3_DOMINANT	PASS	540	0.9999982718351828	3.0240434539945136e-07	0.9999985742395282	3.0240477655622824e-07	16:68634980	ABF_H3_DOMINANT	PASS	540	0.9999982718275728	3.024059713260864e-07	0.9999985742335442	3.024064024869911e-07	16:68634980	ABF_H3_DOMINANT	PASS	540	0.9999982739417038	3.020824809318881e-07	0.9999985760241848	3.020829110906477e-07	16:68634980	ABF_H3_DOMINANT	PASS	H3_DISTINCT_SIGNAL	ABF_H3_DOMINANT	H3_SUPPORTED_STABLE	STABLE_H3	MATCH		540	1.07199149154498e-07	1.07199451149649e-07	1	H3	H3	H3	H3	H3	H3	H3	False	False	False	False	False	False	H3 -> H3 -> H3 -> H3
R7B1_005026	48	ZFP90	CD8_NC	H3_RESCUE_FALSIFICATION	ABF_H3_DOMINANT	H3_SUPPORTED_STABLE	560	c96e29366f4a94eabb79cf370bc3d046e41bc56195b1cacdc26f70a36c33dbf4	540	dd547d9836ef60c69630373169b8fb1abaec95be479223fe69a1e72dabdb38b0	20	0.0357142857142857	980	210d81cf16c133bb579268e651bcb917d571cb92b4765cc2bfbf245a2f9b672d	72840d3fe5ec75896166f63712ca08b63ec4d2205f82e119420932a2a6c9897b	9fb581a081e99c432008f91c725b9eb87735ae967f54a59775b488e1cbefbb77	0.9262874394399826	0.9261038879905784	540	0	0	23285	24220.0	24509	0.0030910635406051	PASS	560	0.9997864035433348	2.918640259667776e-05	0.9998155899459316	2.919178585548573e-05	16:68036939	ABF_H3_DOMINANT	PASS	540	0.9997780579334746	3.032157426995029e-05	0.9998083795077446	3.032738561851133e-05	16:68036939	ABF_H3_DOMINANT	PASS	540	0.9997779469195226	3.0338518118839187e-05	0.9998082854376414	3.0344335569853026e-05	16:68036939	ABF_H3_DOMINANT	PASS	540	0.999778645519498	2.9768464507025773e-05	0.9998084139840052	2.9774168821409827e-05	16:68036939	ABF_H3_DOMINANT	PASS	540	0.9997785348748494	2.9785038927461515e-05	0.9998083199137768	2.979074922084082e-05	16:68036939	ABF_H3_DOMINANT	PASS	540	0.999778637853828	2.97779162554932e-05	0.9998084157700836	2.9783622327841e-05	16:68036939	ABF_H3_DOMINANT	PASS	H3_DISTINCT_SIGNAL	ABF_H3_DOMINANT	H3_SUPPORTED_STABLE	STABLE_H3	MATCH		540	6.57418175791541e-06	6.57514333805781e-06	1	H3	H3	H3	H3	H3	H3	H3	False	False	False	False	False	False	H3 -> H3 -> H3 -> H3
R7B1_005031	48	ZFP90	NK	H3_RESCUE_FALSIFICATION	ABF_H3_DOMINANT	H3_SUPPORTED_STABLE	560	c96e29366f4a94eabb79cf370bc3d046e41bc56195b1cacdc26f70a36c33dbf4	540	dd547d9836ef60c69630373169b8fb1abaec95be479223fe69a1e72dabdb38b0	20	0.0357142857142857	980	0f7074db84b449a73cac0347daa00709acc97e3aa70cea8fc2aad7dde601a252	db2d154f12e08331fdd0ac931ec704136cccefd68c62c236b47798891128ddad	44fe584a42af78e97a00b18f3cbee6ae3ac0bdd6f941dcb9e98022ef2a6b9f3f	0.9480471809597464	0.9478474609008186	540	0	0	23285	24220.0	24509	0.0030910635406051	PASS	560	0.9999983453863852	2.000288406604076e-07	0.999998545415226	2.0002913161973681e-07	16:68579746	ABF_H3_DOMINANT	PASS	540	0.9999983510605144	1.9389990142518258e-07	0.9999985449604156	1.9390018355762501e-07	16:68581209	ABF_H3_DOMINANT	PASS	540	0.999998351060436	1.938999760078435e-07	0.999998544960412	1.939002581403952e-07	16:68581209	ABF_H3_DOMINANT	PASS	540	0.9999982417596665	3.377906965291836e-07	0.999998579550363	3.377911763445375e-07	16:68581209	ABF_H3_DOMINANT	PASS	540	0.9999982417593254	3.377910371823227e-07	0.9999985795503624	3.377915169981605e-07	16:68581209	ABF_H3_DOMINANT	PASS	540	0.9999982438639564	3.374710699451388e-07	0.9999985813350264	3.374715487042046e-07	16:68581209	ABF_H3_DOMINANT	PASS	H3_DISTINCT_SIGNAL	ABF_H3_DOMINANT	H3_SUPPORTED_STABLE	STABLE_H3	MATCH		540	1.09751956207562e-07	1.09752264879004e-07	1	H3	H3	H3	H3	H3	H3	H3	False	False	False	False	False	False	H3 -> H3 -> H3 -> H3
R7B1_005054	49	COX4I1	CD4_NC	H3_RESCUE_FALSIFICATION	ABF_H3_DOMINANT	H3_SUPPORTED_STABLE	888	22b690c071cc193b665dbab4fa52a4d985745d82e114efcb1b7c39b123501a35	802	9495ceb96f81d2fc56dfdb751d7e743554ab12359ccd6d008332db27b1ab5439	86	0.0968468468468468	980	609d71f39c301de3ef6c615780e7e1e5b0bcba04ea7498a6eb7be075f7997603	9cfdca862691c0e0585e46512455a94ced2314815b69cf97bf861f5d1903d2f8	ae9787082a432931ab56830b9fbf3dd788b89e2a983443ec8314600c76592678	0.7155545616686015	0.714862459911308	801	1	0	23287	24121.5	24507	0.0031896684656906	PASS	888	0.9999999999106066	3.14066122161027e-12	0.9999999999137472	3.1406612218811607e-12	16:86019271	ABF_H3_DOMINANT	PASS	802	0.9999999999106066	3.1406740744437773e-12	0.9999999999137472	3.140674074714669e-12	16:86019271	ABF_H3_DOMINANT	PASS	802	0.9999999999091288	3.195113272643905e-12	0.9999999999123238	3.1951132729240408e-12	16:86019271	ABF_H3_DOMINANT	PASS	802	0.9999999999105996	3.141237360255116e-12	0.9999999999137408	3.1412373605260758e-12	16:86019271	ABF_H3_DOMINANT	PASS	802	0.9999999999091358	3.19568619580823e-12	0.9999999999123316	3.195686196088391e-12	16:86019271	ABF_H3_DOMINANT	PASS	802	0.9999999999105996	3.1412303610777414e-12	0.9999999999137408	3.1412303613487017e-12	16:86019271	ABF_H3_DOMINANT	PASS	H3_DISTINCT_SIGNAL	ABF_H3_DOMINANT	H3_SUPPORTED_STABLE	STABLE_H3	MATCH		802	2.8093126912020802e-15	2.80931269120271e-15	1	H3	H3	H3	H3	H3	H3	H3	False	False	False	False	False	False	H3 -> H3 -> H3 -> H3
R7B1_005057	49	COX4I1	CD8_NC	H3_RESCUE_FALSIFICATION	ABF_H3_DOMINANT	H3_SUPPORTED_STABLE	888	22b690c071cc193b665dbab4fa52a4d985745d82e114efcb1b7c39b123501a35	802	9495ceb96f81d2fc56dfdb751d7e743554ab12359ccd6d008332db27b1ab5439	86	0.0968468468468468	980	ee73bd3e8e1258f3100d79c7be1e17294399cce2279840019a3bb294319d0302	5e28ded274ac9c34848c1658046a040e90db7661c4b9421f78cc86fac5889655	aaa075c3998862f59b15508f6d92e2810a1cf4cf618ee57afb2f38245638ecbc	0.7201225518746422	0.7194428287016387	801	1	0	23287	24121.5	24507	0.0031896684656906	PASS	888	0.9541755982845967	0.0016322538664764	0.9558078521510732	0.0017077217589319	16:86019271	ABF_H3_DOMINANT	PASS	802	0.952241314236432	0.0017011525863351	0.9539424668227672	0.0017832863568817	16:86019271	ABF_H3_DOMINANT	PASS	802	0.9520277257119348	0.001710106944385	0.9537378326563196	0.0017930576787775	16:86019271	ABF_H3_DOMINANT	PASS	802	0.95224136638828	0.0017010979146843	0.9539424643029644	0.0017832290503257	16:86019271	ABF_H3_DOMINANT	PASS	802	0.9520277781151656	0.0017100519973819	0.9537378301125476	0.001793000071288	16:86019271	ABF_H3_DOMINANT	PASS	802	0.9522413657404546	0.0017010985938103	0.9539424643342648	0.0017832297621822	16:86019271	ABF_H3_DOMINANT	PASS	H3_DISTINCT_SIGNAL	ABF_H3_DOMINANT	H3_SUPPORTED_STABLE	STABLE_H3	MATCH		802	0.0001214657895491	0.000122187089314	1	H3	H3	H3	H3	H3	H3	H3	False	False	False	False	False	False	H3 -> H3 -> H3 -> H3
R7B1_005091	49	RP11-542M13.3	CD4_NC	H3_RESCUE_FALSIFICATION	ABF_H3_DOMINANT	UNINFORMATIVE	888	22b690c071cc193b665dbab4fa52a4d985745d82e114efcb1b7c39b123501a35	802	9495ceb96f81d2fc56dfdb751d7e743554ab12359ccd6d008332db27b1ab5439	86	0.0968468468468468	980	723afa65538fce3cc93e09d4db0ab40eca8c210cff32fbf3954f133af353259b	9cfdca862691c0e0585e46512455a94ced2314815b69cf97bf861f5d1903d2f8	ae9787082a432931ab56830b9fbf3dd788b89e2a983443ec8314600c76592678	0.9565789290581356	0.9555150801469976	801	1	0	23287	24121.5	24507	0.0031896684656906	PASS	888	0.997939950577547	0.0001312628827256	0.9980712134602728	0.0001315165500771	16:86019271	ABF_H3_DOMINANT	PASS	802	0.9978801020214944	0.0001350763320093	0.9980151783535038	0.0001353449676308	16:86019271	ABF_H3_DOMINANT	PASS	802	0.997876114619624	0.0001354321900705	0.9980115468096944	0.0001357020271994	16:86019271	ABF_H3_DOMINANT	PASS	802	0.997880199967512	0.0001349781913682	0.9980151781588802	0.000135246631837	16:86019271	ABF_H3_DOMINANT	PASS	802	0.9978762127969056	0.0001353338173495	0.9980115466142552	0.0001356034585057	16:86019271	ABF_H3_DOMINANT	PASS	802	0.9978801987508548	0.0001349794104476	0.9980151781613024	0.0001352478533405	16:86019271	ABF_H3_DOMINANT	PASS	H3_DISTINCT_SIGNAL	ABF_H3_DOMINANT	UNINFORMATIVE	H3_TO_UNINFORMATIVE	NOT_COMPARABLE		802			0	H3	H3	H3	H3	H3	H3	UNINFORMATIVE	False	False	True	False	False	False	H3 -> H3 -> H3 -> UNINFORMATIVE
R7B1_005139	50	GSDMA	CD4_NC	H3_RESCUE_FALSIFICATION	ABF_H3_DOMINANT	H3_SUPPORTED_STABLE	513	55d3add5072d7aaa760157a8d4d2ccd6d53fd897e5d3590fe3fe3881060fd8e4	484	ebb244d76c018ba841e5039e719ed23ed57020a7027b65558a6183bf3f221c97	29	0.0565302144249512	980	e4e7298b8a85c36cc0ddfc0c7be820e300edfea63d1e7425bf9907421c92f5b2	41d9171e63c90e60c2d5c5ece556193a284df0cfd931fd1b75c9bc747d46d0d3	4a2c123d7571fdecdef2cc6c8b9393d3aca6613339788fb9d829de0ab0ab8545	0.9939117651214946	0.9942443702514152	477	7	0	23288	24242.0	24510	0.0070902036857436	PASS	513	0.9999999989098568	1.0900423073112007e-09	0.9999999999998992	1.0900423073113103e-09	17:38051348	ABF_H3_DOMINANT	PASS	484	0.9999999989098568	1.0900423955907163e-09	0.9999999999998992	1.0900423955908263e-09	17:38051348	ABF_H3_DOMINANT	PASS	484	0.9999999989113776	1.088516788623252e-09	0.9999999999998944	1.088516788623367e-09	17:38051348	ABF_H3_DOMINANT	PASS	484	0.9999999989377956	1.062100029517086e-09	0.9999999999998956	1.062100029517197e-09	17:38051348	ABF_H3_DOMINANT	PASS	484	0.9999999989392876	1.0606110444922616e-09	0.9999999999998986	1.0606110444923691e-09	17:38051348	ABF_H3_DOMINANT	PASS	484	0.9999999989329638	1.0669276696592536e-09	0.9999999999998914	1.0669276696593694e-09	17:38051348	ABF_H3_DOMINANT	PASS	H3_DISTINCT_SIGNAL	ABF_H3_DOMINANT	H3_SUPPORTED_STABLE	STABLE_H3	MATCH		484	2.7140495875701203e-09	2.71404958757112e-09	1	H3	H3	H3	H3	H3	H3	H3	False	False	False	False	False	False	H3 -> H3 -> H3 -> H3
R7B1_005140	50	GSDMA	CD8_ET	H3_RESCUE_FALSIFICATION	ABF_H3_DOMINANT	H3_SUPPORTED_STABLE	513	55d3add5072d7aaa760157a8d4d2ccd6d53fd897e5d3590fe3fe3881060fd8e4	484	ebb244d76c018ba841e5039e719ed23ed57020a7027b65558a6183bf3f221c97	29	0.0565302144249512	980	ad663587df20a7ce215e04a1d085b8ff345e1884e380f8f925cdcd321c062bf2	27140a4cc081763ed30130696ed4802c0f69df3877c28b1a840617c12ab058af	3aa343c398764a29d838b42e429d17dc52f77d434579b1dcce13df570941f3a8	0.9873999444108992	0.9880372318194804	477	7	0	23288	24242.0	24510	0.0070902036857436	PASS	513	1.0	6.989987890847104e-29	1.0	6.989987890847104e-29	17:38096501	ABF_H3_DOMINANT	PASS	484	1.0	6.934111153739399e-29	1.0	6.934111153739399e-29	17:38094183	ABF_H3_DOMINANT	PASS	484	1.0	6.934021989015993e-29	1.0	6.934021989015993e-29	17:38094183	ABF_H3_DOMINANT	PASS	484	1.0	1.2977442481028346e-36	1.0	1.2977442481028346e-36	17:38094183	ABF_H3_DOMINANT	PASS	484	1.0	1.2977301621891864e-36	1.0	1.2977301621891864e-36	17:38094183	ABF_H3_DOMINANT	PASS	484	1.0	1.2650061706096456e-36	1.0	1.2650061706096456e-36	17:38094183	ABF_H3_DOMINANT	PASS	H3_DISTINCT_SIGNAL	ABF_H3_DOMINANT	H3_SUPPORTED_STABLE	STABLE_H3	MATCH		484	1.59080028448285e-36	1.59080028448285e-36	1	H3	H3	H3	H3	H3	H3	H3	False	False	False	False	False	False	H3 -> H3 -> H3 -> H3
R7B1_005142	50	GSDMA	NK	H3_RESCUE_FALSIFICATION	ABF_H3_DOMINANT	H3_SUPPORTED_STABLE	513	55d3add5072d7aaa760157a8d4d2ccd6d53fd897e5d3590fe3fe3881060fd8e4	484	ebb244d76c018ba841e5039e719ed23ed57020a7027b65558a6183bf3f221c97	29	0.0565302144249512	980	19a8c3f197b8e28362aeef680fa296c1a7cf526a9f8558e6bb67deac801b94a7	49bc567b8de88aa3f8ddb0bc8399147425cd2e83e53160f77e7478a67d2e6956	289c243cfa94bd12d9ffd71a020129fddeab1a53def8cdce4c8b27c037742631	0.9911461036815384	0.9917527061836924	477	7	0	23288	24242.0	24510	0.0070902036857436	PASS	513	0.9999999999995596	1.5335179471426768e-14	0.9999999999995748	1.533517947143329e-14	17:38051348	ABF_H3_DOMINANT	PASS	484	0.9999999999995168	1.6737847111286097e-14	0.9999999999995336	1.6737847111293903e-14	17:38051348	ABF_H3_DOMINANT	PASS	484	0.999999999999531	1.6602957420270706e-14	0.9999999999995476	1.6602957420278216e-14	17:38051348	ABF_H3_DOMINANT	PASS	484	0.9999999999995168	1.6682431348988018e-14	0.9999999999995336	1.66824313489958e-14	17:38051348	ABF_H3_DOMINANT	PASS	484	0.999999999999531	1.6547982437657828e-14	0.9999999999995476	1.6547982437665316e-14	17:38051348	ABF_H3_DOMINANT	PASS	484	0.9999999999995168	1.668374593468514e-14	0.9999999999995336	1.6683745934692925e-14	17:38051348	ABF_H3_DOMINANT	PASS	H3_DISTINCT_SIGNAL	ABF_H3_DOMINANT	H3_SUPPORTED_STABLE	STABLE_H3	MATCH		484	5.05897537978388e-16	5.05897537978409e-16	1	H3	H3	H3	H3	H3	H3	H3	False	False	False	False	False	False	H3 -> H3 -> H3 -> H3
R7B1_005144	50	GSDMB	B_MEM	PRIMARY_184_TRIGGER_VERIFICATION	ABF_H4_DOMINANT	UNINFORMATIVE	513	55d3add5072d7aaa760157a8d4d2ccd6d53fd897e5d3590fe3fe3881060fd8e4	484	ebb244d76c018ba841e5039e719ed23ed57020a7027b65558a6183bf3f221c97	29	0.0565302144249512	970	d62bb49d2af7cb7298e5b91fcfeb7c33d72a0a5aed1b1d82ff7e73bd56605fcf	aa253f97bfeb33fa5115ba6de40b75c9df8b2c52a64ac24aa9944ac1452ec4ae	81abdd0d2b5b35edb45d87e92ba85f200d77b80b755af8659c23bbdc1cfa6cca	0.9621610121959392	0.9626673171196376	477	7	0	23288	24242.0	24510	0.0070902036857436	PASS	513	0.040706549252436	0.9023183646517506	0.9430249139041867	0.9568340680588084	17:38051348	ABF_H4_DOMINANT	PASS	484	0.0405857815397527	0.9024319596366156	0.9430177411763684	0.9569618048870172	17:38051348	ABF_H4_DOMINANT	PASS	484	0.0405857234559671	0.9024362082420538	0.943021931698021	0.956962057729784	17:38051348	ABF_H4_DOMINANT	PASS	484	0.0391067105443822	0.9059376554663076	0.94504436601069	0.9586191802724954	17:38051348	ABF_H4_DOMINANT	PASS	484	0.0391065459389383	0.905942010329702	0.9450485562686404	0.9586195379279306	17:38051348	ABF_H4_DOMINANT	PASS	484	0.0391972908184811	0.9057229619930616	0.9449202528115428	0.9585178847613304	17:38051348	ABF_H4_DOMINANT	PASS	ROBUST_H4_TRIGGER	ABF_H4_DOMINANT	UNINFORMATIVE	H4_TO_UNINFORMATIVE	NOT_COMPARABLE		484			0	H4	H4	H4	H4	H4	H4	UNINFORMATIVE	False	False	True	False	False	False	H4 -> H4 -> H4 -> UNINFORMATIVE
R7B1_005146	50	GSDMB	CD4_NC	PRIMARY_184_TRIGGER_VERIFICATION	ABF_AMBIGUOUS	UNINFORMATIVE	513	55d3add5072d7aaa760157a8d4d2ccd6d53fd897e5d3590fe3fe3881060fd8e4	484	ebb244d76c018ba841e5039e719ed23ed57020a7027b65558a6183bf3f221c97	29	0.0565302144249512	980	6297bd12070d051e8e954b8534ff1923f18c67a4ac509fd1e3a2100d30ac2c05	41d9171e63c90e60c2d5c5ece556193a284df0cfd931fd1b75c9bc747d46d0d3	4a2c123d7571fdecdef2cc6c8b9393d3aca6613339788fb9d829de0ab0ab8545	0.9560409309328548	0.95658757086115	477	7	0	23288	24242.0	24510	0.0070902036857436	PASS	513	0.6118465348479829	0.3512047190553879	0.9630512539033708	0.3646791566200759	17:38051348	ABF_AMBIGUOUS	PASS	484	0.608860621785436	0.3539063998399301	0.962767021625366	0.3675929813657898	17:38051348	ABF_AMBIGUOUS	PASS	484	0.6089987531420358	0.3537823997959722	0.962781152938008	0.3674587923915787	17:38051348	ABF_AMBIGUOUS	PASS	484	0.6153267376281286	0.3470455178038279	0.9623722554319564	0.3606146331058329	17:38051348	ABF_AMBIGUOUS	PASS	484	0.6154646657634179	0.3469219725680915	0.9623866383315094	0.3604808699022988	17:38051348	ABF_AMBIGUOUS	PASS	484	0.6147595985649988	0.3476472815681683	0.9624068801331672	0.36122692880174	17:38051348	ABF_AMBIGUOUS	PASS	H3_H4_AMBIGUITY_TRIGGER	ABF_AMBIGUOUS	UNINFORMATIVE	AMBIGUITY_TO_UNINFORMATIVE	NOT_COMPARABLE		484			0	AMBIGUOUS	AMBIGUOUS	AMBIGUOUS	AMBIGUOUS	AMBIGUOUS	AMBIGUOUS	UNINFORMATIVE	False	False	True	False	False	False	AMBIGUOUS -> AMBIGUOUS -> AMBIGUOUS -> UNINFORMATIVE
R7B1_005148	50	GSDMB	CD8_ET	PRIMARY_184_TRIGGER_VERIFICATION	ABF_H4_DOMINANT	H4_SUPPORTED_STABLE	513	55d3add5072d7aaa760157a8d4d2ccd6d53fd897e5d3590fe3fe3881060fd8e4	484	ebb244d76c018ba841e5039e719ed23ed57020a7027b65558a6183bf3f221c97	29	0.0565302144249512	980	c00ee12c5ec1b95e0880466a66b8a4fd9355d7123e429feab8ed77c9b1307395	27140a4cc081763ed30130696ed4802c0f69df3877c28b1a840617c12ab058af	3aa343c398764a29d838b42e429d17dc52f77d434579b1dcce13df570941f3a8	0.998454212659098	0.9989077365408836	477	7	0	23288	24242.0	24510	0.0070902036857436	PASS	513	0.034115732516896	0.9646653229076791	0.9987810554245752	0.965842631544114	17:38051348	ABF_H4_DOMINANT	PASS	484	0.0341124632819952	0.9646685880168088	0.998781051298804	0.9658459046278104	17:38051348	ABF_H4_DOMINANT	PASS	484	0.0341116724052318	0.96466980585972	0.998781478264952	0.9658467110698834	17:38051348	ABF_H4_DOMINANT	PASS	484	0.0341139171912536	0.9646670836357232	0.998781000826977	0.9658444472181512	17:38051348	ABF_H4_DOMINANT	PASS	484	0.0341131362999716	0.9646682911631548	0.9987814274631264	0.9658452436519388	17:38051348	ABF_H4_DOMINANT	PASS	484	0.0340848449144367	0.964697165144032	0.9987820100584688	0.965873589460786	17:38051348	ABF_H4_DOMINANT	PASS	ROBUST_H4_TRIGGER	ABF_H4_DOMINANT	H4_SUPPORTED_STABLE	STABLE_H4	MATCH		484	0.964350776446337	0.965667025839467	1	H4	H4	H4	H4	H4	H4	H4	False	False	False	False	False	False	H4 -> H4 -> H4 -> H4
R7B1_005152	50	GSDMB	NK	PRIMARY_184_TRIGGER_VERIFICATION	ABF_H4_DOMINANT	UNINFORMATIVE	513	55d3add5072d7aaa760157a8d4d2ccd6d53fd897e5d3590fe3fe3881060fd8e4	484	ebb244d76c018ba841e5039e719ed23ed57020a7027b65558a6183bf3f221c97	29	0.0565302144249512	980	a55b48c62d7bb1509956760f9263b1abfccd45e1f8274e1c2a6796b9d1c45933	49bc567b8de88aa3f8ddb0bc8399147425cd2e83e53160f77e7478a67d2e6956	289c243cfa94bd12d9ffd71a020129fddeab1a53def8cdce4c8b27c037742631	1.0076141069692512	1.0082885191667004	477	7	0	23288	24242.0	24510	0.0070902036857436	PASS	513	0.0948285642584343	0.9003814759623198	0.995210040220754	0.9047150245415532	17:38049102	ABF_H4_DOMINANT	PASS	484	0.0913283202233924	0.9038631975081584	0.9951915177315508	0.9082304073174106	17:38049102	ABF_H4_DOMINANT	PASS	484	0.0913293069312686	0.9038639812731302	0.9951932882043988	0.908229579104124	17:38049102	ABF_H4_DOMINANT	PASS	484	0.0978671519547555	0.8969838254585139	0.9948509774132694	0.9016263197436648	17:38051348	ABF_H4_DOMINANT	PASS	484	0.0978688368485939	0.8969840037141191	0.9948528405627132	0.9016248103656848	17:38051348	ABF_H4_DOMINANT	PASS	484	0.0980483033683566	0.8967932397357641	0.9948415431041208	0.9014432961228932	17:38051348	ABF_H4_DOMINANT	PASS	ROBUST_H4_TRIGGER	ABF_H4_DOMINANT	UNINFORMATIVE	H4_TO_UNINFORMATIVE	NOT_COMPARABLE		484			0	H4	H4	H4	H4	H4	H4	UNINFORMATIVE	False	False	True	False	False	False	H4 -> H4 -> H4 -> UNINFORMATIVE
R7B1_005195	50	ORMDL3	B_IN	PRIMARY_184_TRIGGER_VERIFICATION	ABF_H4_DOMINANT	H4_SUPPORTED_STABLE	513	55d3add5072d7aaa760157a8d4d2ccd6d53fd897e5d3590fe3fe3881060fd8e4	484	ebb244d76c018ba841e5039e719ed23ed57020a7027b65558a6183bf3f221c97	29	0.0565302144249512	975	9e9e1451b3d212cffa852d0a6e854bdf098bdfa65f1d6961eaaf103ecd3981da	e6f91d21c50de91015d0b9a8183e5edcd6c03c208269a7031066e1db92c3515d	58abe2bc16d5534c3426711bbe8f1d48a7bf1c5ee94124bafcff3866632efe48	0.8585478940321969	0.8577496325354069	477	7	0	23288	24242.0	24510	0.0070902036857436	PASS	513	0.0578953948106922	0.9421046051893116	1.000000000000004	0.942104605189308	17:38051348	ABF_H4_DOMINANT	PASS	484	0.0578953948106922	0.9421046051893116	1.000000000000004	0.942104605189308	17:38051348	ABF_H4_DOMINANT	PASS	484	0.0578845468933397	0.9421154531066626	1.0000000000000022	0.9421154531066604	17:38051348	ABF_H4_DOMINANT	PASS	484	0.0413053805155294	0.9586946194844636	0.9999999999999932	0.9586946194844702	17:38051348	ABF_H4_DOMINANT	PASS	484	0.0412985383257966	0.958701461674216	1.0000000000000129	0.958701461674204	17:38051348	ABF_H4_DOMINANT	PASS	484	0.04130834070913	0.9586916592908646	0.9999999999999948	0.9586916592908696	17:38051348	ABF_H4_DOMINANT	PASS	ROBUST_H4_TRIGGER	ABF_H4_DOMINANT	H4_SUPPORTED_STABLE	STABLE_H4	MATCH		484	0.974035222348448	0.974035222348441	1	H4	H4	H4	H4	H4	H4	H4	False	False	False	False	False	False	H4 -> H4 -> H4 -> H4
R7B1_005196	50	ORMDL3	B_MEM	PRIMARY_184_TRIGGER_VERIFICATION	ABF_H4_DOMINANT	H4_SUPPORTED_STABLE	513	55d3add5072d7aaa760157a8d4d2ccd6d53fd897e5d3590fe3fe3881060fd8e4	484	ebb244d76c018ba841e5039e719ed23ed57020a7027b65558a6183bf3f221c97	29	0.0565302144249512	970	8c148befaa77ff7e84d29e55529c40b7abe73e45c342a17a0830edda1bd4cf38	aa253f97bfeb33fa5115ba6de40b75c9df8b2c52a64ac24aa9944ac1452ec4ae	81abdd0d2b5b35edb45d87e92ba85f200d77b80b755af8659c23bbdc1cfa6cca	0.8986774710402853	0.8984439209340226	477	7	0	23288	24242.0	24510	0.0070902036857436	PASS	513	0.0166322487275133	0.9833677512724868	1.0	0.9833677512724868	17:38051348	ABF_H4_DOMINANT	PASS	484	0.0166322487275133	0.9833677512724868	1.0	0.9833677512724868	17:38051348	ABF_H4_DOMINANT	PASS	484	0.016632281081265	0.9833677189187336	0.9999999999999988	0.983367718918735	17:38051348	ABF_H4_DOMINANT	PASS	484	0.0171901109787102	0.9828098890212936	1.0000000000000038	0.98280988902129	17:38051348	ABF_H4_DOMINANT	PASS	484	0.0171901197479371	0.9828098802520764	1.000000000000013	0.9828098802520632	17:38051348	ABF_H4_DOMINANT	PASS	484	0.0168890668061115	0.9831109331938764	0.999999999999988	0.9831109331938882	17:38051348	ABF_H4_DOMINANT	PASS	ROBUST_H4_TRIGGER	ABF_H4_DOMINANT	H4_SUPPORTED_STABLE	STABLE_H4	MATCH		484	0.981943070801095	0.98194307080109	1	H4	H4	H4	H4	H4	H4	H4	False	False	False	False	False	False	H4 -> H4 -> H4 -> H4
R7B1_005197	50	ORMDL3	CD4_ET	PRIMARY_184_TRIGGER_VERIFICATION	ABF_H4_DOMINANT	H4_SUPPORTED_STABLE	513	55d3add5072d7aaa760157a8d4d2ccd6d53fd897e5d3590fe3fe3881060fd8e4	484	ebb244d76c018ba841e5039e719ed23ed57020a7027b65558a6183bf3f221c97	29	0.0565302144249512	980	10ff8629c7235af08a0c213f7ec4fd659be7ec2900b5d1cd921547db2557e5d2	d169d7fb27394eff49af789c47b744f6587a729aec75730401c39d28f543cd47	4d8f8a96c6d080babc578949914737d6b3f4b93b0cbce19947387160aa8bb21a	0.8544941031393631	0.8544635651015581	477	7	0	23288	24242.0	24510	0.0070902036857436	PASS	513	0.0237088291616204	0.9762911708381884	0.9999999999998088	0.976291170838375	17:38051348	ABF_H4_DOMINANT	PASS	484	0.0237088291570147	0.9762911708427948	0.9999999999998094	0.9762911708429808	17:38051348	ABF_H4_DOMINANT	PASS	484	0.0237088396598478	0.9762911603399648	0.9999999999998124	0.9762911603401476	17:38051348	ABF_H4_DOMINANT	PASS	484	0.0249132838692188	0.9750867161305748	0.9999999999997936	0.975086716130776	17:38051348	ABF_H4_DOMINANT	PASS	484	0.0249132921292916	0.9750867078704992	0.9999999999997912	0.9750867078707032	17:38051348	ABF_H4_DOMINANT	PASS	484	0.0248711382080664	0.9751288617917292	0.9999999999997956	0.9751288617919284	17:38051348	ABF_H4_DOMINANT	PASS	ROBUST_H4_TRIGGER	ABF_H4_DOMINANT	H4_SUPPORTED_STABLE	STABLE_H4	MATCH		484	0.976957207988253	0.976957355164559	1	H4	H4	H4	H4	H4	H4	H4	False	False	False	False	False	False	H4 -> H4 -> H4 -> H4
R7B1_005198	50	ORMDL3	CD4_NC	PRIMARY_184_TRIGGER_VERIFICATION	ABF_AMBIGUOUS	H4_SUPPORTED_STABLE	513	55d3add5072d7aaa760157a8d4d2ccd6d53fd897e5d3590fe3fe3881060fd8e4	484	ebb244d76c018ba841e5039e719ed23ed57020a7027b65558a6183bf3f221c97	29	0.0565302144249512	980	e6e49fcd0ef9a03f0f4fe2a2dddb11c01637917a4ffa338736a46db05b603176	41d9171e63c90e60c2d5c5ece556193a284df0cfd931fd1b75c9bc747d46d0d3	4a2c123d7571fdecdef2cc6c8b9393d3aca6613339788fb9d829de0ab0ab8545	0.6143248826483789	0.613678643211496	477	7	0	23288	24242.0	24510	0.0070902036857436	PASS	513	0.446381752004214	0.5536182479957765	0.9999999999999905	0.5536182479957819	17:38051348	ABF_AMBIGUOUS	PASS	484	0.446381752004214	0.5536182479957765	0.9999999999999905	0.5536182479957819	17:38051348	ABF_AMBIGUOUS	PASS	484	0.4453130623635681	0.5546869376364313	0.9999999999999992	0.5546869376364316	17:38051348	ABF_AMBIGUOUS	PASS	484	0.4606298577507042	0.5393701422493061	1.0000000000000104	0.5393701422493005	17:38051348	ABF_AMBIGUOUS	PASS	484	0.4595552829070109	0.540444717092995	1.000000000000006	0.5404447170929918	17:38051348	ABF_AMBIGUOUS	PASS	484	0.4552809538555517	0.54471904614446	1.0000000000000118	0.5447190461444535	17:38051348	ABF_AMBIGUOUS	PASS	H3_H4_AMBIGUITY_TRIGGER	ABF_AMBIGUOUS	H4_SUPPORTED_STABLE	AMBIGUITY_TO_H4	MATCH		484	0.965800654495858	0.965800654495852	3	AMBIGUOUS	AMBIGUOUS	AMBIGUOUS	AMBIGUOUS	AMBIGUOUS	AMBIGUOUS	H4	False	False	True	False	False	False	AMBIGUOUS -> AMBIGUOUS -> AMBIGUOUS -> H4
R7B1_005200	50	ORMDL3	CD8_ET	PRIMARY_184_TRIGGER_VERIFICATION	ABF_H4_DOMINANT	H4_SUPPORTED_STABLE	513	55d3add5072d7aaa760157a8d4d2ccd6d53fd897e5d3590fe3fe3881060fd8e4	484	ebb244d76c018ba841e5039e719ed23ed57020a7027b65558a6183bf3f221c97	29	0.0565302144249512	980	1f5dfd615f9097fa9adb12ce485bf73ace9a17ba8548c812cf6015d620d70885	27140a4cc081763ed30130696ed4802c0f69df3877c28b1a840617c12ab058af	3aa343c398764a29d838b42e429d17dc52f77d434579b1dcce13df570941f3a8	0.719613232236216	0.7175276880270955	477	7	0	23288	24242.0	24510	0.0070902036857436	PASS	513	0.1251487214289945	0.874851278571012	1.0000000000000064	0.8748512785710063	17:38051348	ABF_H4_DOMINANT	PASS	484	0.1251487214289945	0.874851278571012	1.0000000000000064	0.8748512785710063	17:38051348	ABF_H4_DOMINANT	PASS	484	0.1250591093352078	0.874940890664775	0.9999999999999828	0.8749408906647901	17:38051348	ABF_H4_DOMINANT	PASS	484	0.1378870854010701	0.8621129145989105	0.9999999999999806	0.8621129145989272	17:38051348	ABF_H4_DOMINANT	PASS	484	0.1377833164611679	0.8622166835388231	0.999999999999991	0.8622166835388309	17:38051348	ABF_H4_DOMINANT	PASS	484	0.1367389916720001	0.8632610083279844	0.9999999999999843	0.8632610083279978	17:38051348	ABF_H4_DOMINANT	PASS	ROBUST_H4_TRIGGER	ABF_H4_DOMINANT	H4_SUPPORTED_STABLE	STABLE_H4	MATCH		484	0.940695319511834	0.940695319511846	1	H4	H4	H4	H4	H4	H4	H4	False	False	False	False	False	False	H4 -> H4 -> H4 -> H4
R7B1_005201	50	ORMDL3	CD8_NC	PRIMARY_184_TRIGGER_VERIFICATION	ABF_H4_DOMINANT	H4_SUPPORTED_STABLE	513	55d3add5072d7aaa760157a8d4d2ccd6d53fd897e5d3590fe3fe3881060fd8e4	484	ebb244d76c018ba841e5039e719ed23ed57020a7027b65558a6183bf3f221c97	29	0.0565302144249512	980	3f023493b0c38c9d0639cb02949db94dbaca46c5906558309dcf71309c88a076	684944dc87a0d5c02192ba5516a0d9eaa91317ef9c1a3ceb27ae916916105bc4	9a1e92fe4172a40b412c0c1c14dbf6e24381c4c6e37fa403bed4fa073c4c3fdd	0.765840283542925	0.7654469481636542	477	7	0	23288	24242.0	24510	0.0070902036857436	PASS	513	0.0146405687471341	0.9853594312528614	0.9999999999999956	0.9853594312528656	17:38051348	ABF_H4_DOMINANT	PASS	484	0.0146405687471341	0.9853594312528614	0.9999999999999956	0.9853594312528656	17:38051348	ABF_H4_DOMINANT	PASS	484	0.0146409115597779	0.985359088440215	0.999999999999993	0.985359088440222	17:38051348	ABF_H4_DOMINANT	PASS	484	0.0151991621131262	0.984800837886883	1.000000000000009	0.9848008378868738	17:38051348	ABF_H4_DOMINANT	PASS	484	0.0151995409310328	0.9848004590689752	1.000000000000008	0.9848004590689672	17:38051348	ABF_H4_DOMINANT	PASS	484	0.0147471998690054	0.9852528001309993	1.0000000000000049	0.9852528001309948	17:38051348	ABF_H4_DOMINANT	PASS	ROBUST_H4_TRIGGER	ABF_H4_DOMINANT	H4_SUPPORTED_STABLE	STABLE_H4	MATCH		484	0.981688268128266	0.9816882681304	3	H4	H4	H4	H4	H4	H4	H4	False	False	False	False	False	False	H4 -> H4 -> H4 -> H4
R7B1_005202	50	ORMDL3	CD8_S100B	PRIMARY_184_TRIGGER_VERIFICATION	ABF_H4_DOMINANT	MODEL_SENSITIVE	513	55d3add5072d7aaa760157a8d4d2ccd6d53fd897e5d3590fe3fe3881060fd8e4	484	ebb244d76c018ba841e5039e719ed23ed57020a7027b65558a6183bf3f221c97	29	0.0565302144249512	959	5b08689514348aa80c7b8bb5799ff24bbaaf9417e616a10bdcc7a362ec71ff70	4df4a265456122062cfa21a7e2dcc44827d6a8a18673400ebbf1a8ab4b168cef	8c184b18c717d6c7e3b1b60cb482aa12d6c4d8e7a8d3d66013ad8a280c93d3d0	0.8845522822150419	0.8845403720082893	477	7	0	23288	24242.0	24510	0.0070902036857436	PASS	513	0.1783120306341726	0.8216879693649667	0.9999999999991394	0.8216879693656739	17:37983492	ABF_H4_DOMINANT	PASS	484	0.1783120306341498	0.8216879693649785	0.9999999999991284	0.8216879693656948	17:37983492	ABF_H4_DOMINANT	PASS	484	0.1783112029504157	0.8216887970487208	0.9999999999991364	0.8216887970494303	17:37983492	ABF_H4_DOMINANT	PASS	484	0.2656485786260965	0.7343514213726156	0.999999999998712	0.7343514213735612	17:38051348	ABF_AMBIGUOUS	PASS	484	0.2656466295202098	0.7343533704785058	0.9999999999987156	0.734353370479449	17:38051348	ABF_AMBIGUOUS	PASS	484	0.2617499445553061	0.7382500554434253	0.9999999999987316	0.7382500554443617	17:38051348	ABF_AMBIGUOUS	PASS	ROBUST_H4_TRIGGER	ABF_H4_DOMINANT	MODEL_SENSITIVE	H4_TO_MODEL_SENSITIVE	NOT_COMPARABLE		484	0.775490233979017	0.77549023398108	1	H4	H4	H4	AMBIGUOUS	AMBIGUOUS	AMBIGUOUS	MODEL_SENSITIVE	False	True	True	False	False	False	H4 -> H4 -> AMBIGUOUS -> MODEL_SENSITIVE
R7B1_005206	50	ORMDL3	NK	H3_RESCUE_FALSIFICATION	ABF_H3_DOMINANT	H3_SUPPORTED_STABLE	513	55d3add5072d7aaa760157a8d4d2ccd6d53fd897e5d3590fe3fe3881060fd8e4	484	ebb244d76c018ba841e5039e719ed23ed57020a7027b65558a6183bf3f221c97	29	0.0565302144249512	980	2ac6467199da35a915024f1d1078f995b0628c622d506e6033c2db81cc743644	49bc567b8de88aa3f8ddb0bc8399147425cd2e83e53160f77e7478a67d2e6956	289c243cfa94bd12d9ffd71a020129fddeab1a53def8cdce4c8b27c037742631	0.8029521293357899	0.8013322744564576	477	7	0	23288	24242.0	24510	0.0070902036857436	PASS	513	0.9613075027532428	0.038692497246754	0.9999999999999968	0.0386924972467542	17:38076137	ABF_H3_DOMINANT	PASS	484	0.9613075027532428	0.038692497246754	0.9999999999999968	0.0386924972467542	17:38076137	ABF_H3_DOMINANT	PASS	484	0.9613053121186148	0.0386946878813734	0.999999999999988	0.0386946878813739	17:38076137	ABF_H3_DOMINANT	PASS	484	0.9322139159911784	0.0677860840087998	0.9999999999999782	0.0677860840088012	17:38076137	ABF_H3_DOMINANT	PASS	484	0.9322132950334752	0.0677867049665124	0.9999999999999878	0.0677867049665133	17:38076137	ABF_H3_DOMINANT	PASS	484	0.9288606043736264	0.0711393956263747	1.000000000000001	0.0711393956263746	17:38076137	ABF_H3_DOMINANT	PASS	H3_DISTINCT_SIGNAL	ABF_H3_DOMINANT	H3_SUPPORTED_STABLE	STABLE_H3	PF10_PF50_SENSITIVE		484	0.84598495213953	0.845984952139536	2	H3	H3	H3	H3	H3	H3	H3	False	False	False	False	False	False	H3 -> H3 -> H3 -> H3
R7B1_005207	50	ORMDL3	NK_R	PRIMARY_184_TRIGGER_VERIFICATION	ABF_AMBIGUOUS	MODEL_SENSITIVE	513	55d3add5072d7aaa760157a8d4d2ccd6d53fd897e5d3590fe3fe3881060fd8e4	484	ebb244d76c018ba841e5039e719ed23ed57020a7027b65558a6183bf3f221c97	29	0.0565302144249512	750	52ee2062390c2b3d6e7e984f05ed83dea4d69c025309576051b9faa5870f074b	5f27f5117d969c7bb6dec4ad6a199acfa5201e5d6d3fdba211491c85fc79c3ec	78945ee838b87b407989928a903df3925c3453907d79702314a92a9f41b541b1	0.9697358335504606	0.970037523168028	477	7	0	23288	24242.0	24510	0.0070902036857436	PASS	513	0.2420883796344658	0.6354791804058826	0.8775675600403484	0.7241370457867253	17:38051348	ABF_AMBIGUOUS	PASS	484	0.2408427326447958	0.6365236065722044	0.8773663392170002	0.7254935345938456	17:38051348	ABF_AMBIGUOUS	PASS	484	0.2408663357622475	0.6365104389402477	0.8773767747024953	0.72546989764583	17:38051348	ABF_AMBIGUOUS	PASS	484	0.2529781426716948	0.6182345958947216	0.8712127385664163	0.709625294175598	17:38051348	ABF_AMBIGUOUS	PASS	484	0.2530032301686452	0.6182203154243616	0.8712235455930069	0.7096001004008264	17:38051348	ABF_AMBIGUOUS	PASS	484	0.2522138694685066	0.6193864153011244	0.871600284769631	0.7106312677087201	17:38051348	ABF_AMBIGUOUS	PASS	H3_H4_AMBIGUITY_TRIGGER	ABF_AMBIGUOUS	MODEL_SENSITIVE	AMBIGUITY_REMAINS_MODEL_SENSITIVE	NOT_COMPARABLE		484	0.621726698155928	0.720766110828647	1	AMBIGUOUS	AMBIGUOUS	AMBIGUOUS	AMBIGUOUS	AMBIGUOUS	AMBIGUOUS	MODEL_SENSITIVE	False	False	True	False	False	False	AMBIGUOUS -> AMBIGUOUS -> AMBIGUOUS -> MODEL_SENSITIVE
R7B1_005237	50	PSMD3	CD4_NC	H3_RESCUE_FALSIFICATION	ABF_H3_DOMINANT	H3_SUPPORTED_STABLE	513	55d3add5072d7aaa760157a8d4d2ccd6d53fd897e5d3590fe3fe3881060fd8e4	484	ebb244d76c018ba841e5039e719ed23ed57020a7027b65558a6183bf3f221c97	29	0.0565302144249512	980	c2716212e8c8fb3d70fff98e12c7a2f1275c725cbf0d55995486344d4311b8db	41d9171e63c90e60c2d5c5ece556193a284df0cfd931fd1b75c9bc747d46d0d3	4a2c123d7571fdecdef2cc6c8b9393d3aca6613339788fb9d829de0ab0ab8545	0.518086954292441	0.5184693980794955	477	7	0	23288	24242.0	24510	0.0070902036857436	PASS	513	0.8792460190143414	0.0034748907421264	0.8827209097564678	0.003936567836696	17:38051348	ABF_H3_DOMINANT	PASS	484	0.8597395119671967	0.0040362219727495	0.8637757339399462	0.0046727661060111	17:38051348	ABF_H3_DOMINANT	PASS	484	0.8597861183943784	0.0040322434352494	0.8638183618296278	0.0046679297563307	17:38051348	ABF_H3_DOMINANT	PASS	484	0.8597385278660848	0.0040373618216762	0.8637758896877611	0.0046740848753438	17:38051348	ABF_H3_DOMINANT	PASS	484	0.8597851350924489	0.0040333823013906	0.8638185173938395	0.0046692473247267	17:38051348	ABF_H3_DOMINANT	PASS	484	0.8597389526607301	0.0040368697973157	0.8637758224580457	0.0046735156187029	17:38051348	ABF_H3_DOMINANT	PASS	H3_DISTINCT_SIGNAL	ABF_H3_DOMINANT	H3_SUPPORTED_STABLE	STABLE_H3	MATCH		484	0.0017538430728492	0.00185876990966	1	H3	H3	H3	H3	H3	H3	H3	False	False	False	False	False	False	H3 -> H3 -> H3 -> H3
R7B1_005294	50	STARD3	CD4_SOX4	H3_RESCUE_FALSIFICATION	ABF_H3_DOMINANT	H3_SUPPORTED_STABLE	513	55d3add5072d7aaa760157a8d4d2ccd6d53fd897e5d3590fe3fe3881060fd8e4	484	ebb244d76c018ba841e5039e719ed23ed57020a7027b65558a6183bf3f221c97	29	0.0565302144249512	295	5a78a2fd818a5584e4a83018022eaae49d2cc85a40e8645e70dc75f6d6567692	baf9f06e4df794cef027541916647e31ab820aedeed3d48334403540403cdf75	22dbaedff4167a344b065789271472cc822e3cff9af374dbdd92bad869d03c5f	0.9781133073837356	0.9781468048781854	477	7	0	23288	24242.0	24510	0.0070902036857436	PASS	513	0.8762268264567076	0.0198696342149419	0.8960964606716495	0.0221735439062543	17:38051348	ABF_H3_DOMINANT	PASS	484	0.8761447806548824	0.0198828052440463	0.8960275858989287	0.0221899476723131	17:38051348	ABF_H3_DOMINANT	PASS	484	0.8761608067890148	0.019880137829192	0.8960409446182068	0.0221866399617071	17:38051348	ABF_H3_DOMINANT	PASS	484	0.8752549986898944	0.0208780574522557	0.8961330561421502	0.0232979436582059	17:38051348	ABF_H3_DOMINANT	PASS	484	0.8752711126653826	0.0208752763073926	0.8961463889727753	0.0232944935830421	17:38051348	ABF_H3_DOMINANT	PASS	484	0.8753429234529762	0.0207797105335091	0.8961226339864853	0.0231884674545811	17:38051348	ABF_H3_DOMINANT	PASS	H3_DISTINCT_SIGNAL	ABF_H3_DOMINANT	H3_SUPPORTED_STABLE	STABLE_H3	PF50_UNINFORMATIVE		484	0.0065988481332395	0.0069077218624164	1	H3	H3	H3	H3	H3	H3	H3	False	False	False	False	False	False	H3 -> H3 -> H3 -> H3
R7B1_005347	51	ARL17A	B_MEM	H3_RESCUE_FALSIFICATION	ABF_H3_DOMINANT	UNINFORMATIVE	1717	7b91845933db83401e0ceb5e067b45d45aaf3abb19439a75eebe5bff26d05e85	1677	ea0d261eb43a0405a5371bfae0ab32f1b787b6121796bb0054d2c2ab566c2465	40	0.023296447291788	970	b5485ae34150dd51e2c0105bab97f3e0828728a69a7fbba3cae8a40b24c7e3e9	0c8aeaea08952253492ed1bd8398da65b6aca61a10bfc50f0d91dd4e91672929	c5f849667548ce625479f6b7368dcc25b0e18383e9f87d1fd8749c4881634021	1.033358040975944	1.0338216694123512	1677	0	0	23286	24452.0	24510	0.0039331662489558	PASS	1717	0.982268598212966	0.0033910607165896	0.9856596589295556	0.0034403971856496	17:44187492	ABF_H3_DOMINANT	PASS	1677	0.7103560508617901	0.0554089936612923	0.7657650445230825	0.0723576951671919	17:44187492	ABF_UNINFORMATIVE_OR_NO_TRIGGER	PASS	1677	0.7104149269556932	0.0553889441157726	0.7658038710714659	0.0723278455595632	17:44187492	ABF_UNINFORMATIVE_OR_NO_TRIGGER	PASS	1677	0.711112668604198	0.0544034308811726	0.7655160994853706	0.0710676508537783	17:44187492	ABF_UNINFORMATIVE_OR_NO_TRIGGER	PASS	1677	0.7111714209709923	0.0543836077093946	0.7655550286803869	0.0710381431405885	17:44187492	ABF_UNINFORMATIVE_OR_NO_TRIGGER	PASS	1677	0.7111152794754817	0.0543999603055328	0.7655152397810145	0.0710631970189054	17:44187492	ABF_UNINFORMATIVE_OR_NO_TRIGGER	PASS	H3_DISTINCT_SIGNAL	ABF_H3_DOMINANT	UNINFORMATIVE	H3_TO_UNINFORMATIVE	NOT_COMPARABLE		1677			0	H3	UNINFORMATIVE	UNINFORMATIVE	UNINFORMATIVE	UNINFORMATIVE	UNINFORMATIVE	UNINFORMATIVE	True	False	False	False	False	False	H3 -> UNINFORMATIVE -> UNINFORMATIVE -> UNINFORMATIVE
R7B1_005348	51	ARL17A	CD4_ET	PRIMARY_184_TRIGGER_VERIFICATION	ABF_AMBIGUOUS	MODEL_SENSITIVE	1717	7b91845933db83401e0ceb5e067b45d45aaf3abb19439a75eebe5bff26d05e85	1677	ea0d261eb43a0405a5371bfae0ab32f1b787b6121796bb0054d2c2ab566c2465	40	0.023296447291788	980	8625323a566536f854d5f742ca382b15375ab096e3b2bb9fd225dbe1e3b3a500	d1d487d0a352ea963b3a50ab57c1bdc8afe91e61d3221e96644be13c002866f2	044ff18f49e06cbc077691f4fe69fd8b337ea636a4e3f48fbfc001ef7873518c	1.0287897322242625	1.0291827275849037	1677	0	0	23286	24452.0	24510	0.0039331662489558	PASS	1717	0.7556782004190207	0.2326410067559111	0.9883192071749318	0.2353905550625749	17:44187492	ABF_AMBIGUOUS	PASS	1677	0.7540626107340845	0.2341830122488172	0.9882456229829018	0.2369684284985383	17:44187492	ABF_AMBIGUOUS	PASS	1677	0.7540837661359356	0.2341652866051936	0.9882490527411292	0.2369496696765698	17:44187492	ABF_AMBIGUOUS	PASS	1677	0.7529239898820037	0.2353395148789549	0.9882635047609588	0.238134377871091	17:44187492	ABF_AMBIGUOUS	PASS	1677	0.7529451059819134	0.2353218234840416	0.9882669294659552	0.2381156512150073	17:44187492	ABF_AMBIGUOUS	PASS	1677	0.7529194554473646	0.2353441199020752	0.98826357534944	0.238139020573393	17:44187492	ABF_AMBIGUOUS	PASS	H3_H4_AMBIGUITY_TRIGGER	ABF_AMBIGUOUS	MODEL_SENSITIVE	AMBIGUITY_REMAINS_MODEL_SENSITIVE	NOT_COMPARABLE		1677	0.247273262133364	0.250513131643245	1	AMBIGUOUS	AMBIGUOUS	AMBIGUOUS	AMBIGUOUS	AMBIGUOUS	AMBIGUOUS	MODEL_SENSITIVE	False	False	True	False	False	False	AMBIGUOUS -> AMBIGUOUS -> AMBIGUOUS -> MODEL_SENSITIVE
R7B1_005349	51	ARL17A	CD4_NC	H3_RESCUE_FALSIFICATION	ABF_H3_DOMINANT	H3_SUPPORTED_STABLE	1717	7b91845933db83401e0ceb5e067b45d45aaf3abb19439a75eebe5bff26d05e85	1677	ea0d261eb43a0405a5371bfae0ab32f1b787b6121796bb0054d2c2ab566c2465	40	0.023296447291788	980	5a31cbf0b58c2092cc0643d6bfdb0d555dcca25ca25dd77ab2d688bf529187c7	3753468442ef16949b33ed1b27c55c19c49e8dfccef8a2a284dfe8c4f01842e8	c9e25b3e3c1c3150e048ae64e08b52ef7cdc0b958ea9671887627876332a8e65	0.9534764386656768	0.953871156629839	1677	0	0	23286	24452.0	24510	0.0039331662489558	PASS	1717	0.9999992602013174	5.369660923487407e-07	0.9999997971674096	5.369662012629862e-07	17:44065263	ABF_H3_DOMINANT	PASS	1677	0.999999253485585	5.419032375141681e-07	0.9999997953888226	5.419033483936503e-07	17:44065263	ABF_H3_DOMINANT	PASS	1677	0.9999992535119108	5.418769149772024e-07	0.9999997953888256	5.41877025851297e-07	17:44065263	ABF_H3_DOMINANT	PASS	1677	0.9999999713568646	2.852320625329957e-08	0.9999999998800708	2.8523206256720337e-08	17:44065263	ABF_H3_DOMINANT	PASS	1677	0.9999999713806536	2.8499421951191544e-08	0.9999999998800756	2.849942195460932e-08	17:44065263	ABF_H3_DOMINANT	PASS	1677	0.9999999713650144	2.8515146159456306e-08	0.9999999998801606	2.8515146162873538e-08	17:44065263	ABF_H3_DOMINANT	PASS	H3_DISTINCT_SIGNAL	ABF_H3_DOMINANT	H3_SUPPORTED_STABLE	STABLE_H3	MATCH		1677	1.1675412878981e-08	1.16754128804422e-08	2	H3	H3	H3	H3	H3	H3	H3	False	False	False	False	False	False	H3 -> H3 -> H3 -> H3
R7B1_005351	51	ARL17A	CD8_ET	H3_RESCUE_FALSIFICATION	ABF_H3_DOMINANT	H3_SUPPORTED_STABLE	1717	7b91845933db83401e0ceb5e067b45d45aaf3abb19439a75eebe5bff26d05e85	1677	ea0d261eb43a0405a5371bfae0ab32f1b787b6121796bb0054d2c2ab566c2465	40	0.023296447291788	980	6b4b43d98b1464ec08c0678339fefa28e844dc86a3a4d06527bdc01ae50accd2	04b9d65c2387120007b3356ac2be69a97e425a2683382e25807e05a84958789e	e78c09a43d69dd48bac4dc5980f3c664e2e08e62330132c78b915124828ec20f	0.923148872654942	0.923572457415719	1677	0	0	23286	24452.0	24510	0.0039331662489558	PASS	1717	0.9998530633884316	0.0001461709697809	0.9999992343582124	0.0001461710816956	17:44187492	ABF_H3_DOMINANT	PASS	1677	0.9997068665480668	0.0002918057454974	0.9999986722935644	0.0002918061329303	17:44187492	ABF_H3_DOMINANT	PASS	1677	0.9997070702530922	0.0002916034126258	0.999998673665718	0.0002916037993899	17:44187492	ABF_H3_DOMINANT	PASS	1677	0.9997104155720744	0.0002884611492552	0.9999988767213296	0.0002884614732778	17:44187492	ABF_H3_DOMINANT	PASS	1677	0.999710617615023	0.0002882604785052	0.9999988780935284	0.0002882608019069	17:44187492	ABF_H3_DOMINANT	PASS	1677	0.9997104108037314	0.0002884659176894	0.9999988767214208	0.0002884662417173	17:44187492	ABF_H3_DOMINANT	PASS	H3_DISTINCT_SIGNAL	ABF_H3_DOMINANT	H3_SUPPORTED_STABLE	STABLE_H3	MATCH		1677	1.79171236123711e-07	1.79172656819918e-07	2	H3	H3	H3	H3	H3	H3	H3	False	False	False	False	False	False	H3 -> H3 -> H3 -> H3
R7B1_005352	51	ARL17A	CD8_NC	H3_RESCUE_FALSIFICATION	ABF_H3_DOMINANT	H3_SUPPORTED_STABLE	1717	7b91845933db83401e0ceb5e067b45d45aaf3abb19439a75eebe5bff26d05e85	1677	ea0d261eb43a0405a5371bfae0ab32f1b787b6121796bb0054d2c2ab566c2465	40	0.023296447291788	980	1e68fc4ca1d6ddbb300efde232e70b83094c39754c47b15c946c966a601df722	3d3008be6115b2fac4bbb27047a791f0eec83dcc20548a97d729b48fa9a1f942	6fc5284665b5578cb461ac5cfb6a56ecd39c690e425a047137c551281a67683c	0.9901489462157164	0.9905885629594808	1677	0	0	23286	24452.0	24510	0.0039331662489558	PASS	1717	0.9256756256057348	0.0739914139024688	0.9996670395082036	0.0740160583256497	17:44187492	ABF_H3_DOMINANT	PASS	1677	0.9244142854322134	0.075247068629033	0.9996613540612465	0.0752725593755651	17:44187492	ABF_H3_DOMINANT	PASS	1677	0.924432511418668	0.0752290914136356	0.9996616028323038	0.0752545573426966	17:44187492	ABF_H3_DOMINANT	PASS	1677	0.9230412847925998	0.0766207605424265	0.9996620453350265	0.0766466636399583	17:44187492	ABF_H3_DOMINANT	PASS	1677	0.9230597148919426	0.0766025787642412	0.999662293656184	0.076628456680179	17:44187492	ABF_H3_DOMINANT	PASS	1677	0.9230348886974288	0.0766271589769534	0.9996620476743822	0.0766530640582176	17:44187492	ABF_H3_DOMINANT	PASS	H3_DISTINCT_SIGNAL	ABF_H3_DOMINANT	H3_SUPPORTED_STABLE	STABLE_H3	MATCH		1677	0.0968539296920626	0.377864302761274	3	H3	H3	H3	H3	H3	H3	H3	False	False	False	False	False	False	H3 -> H3 -> H3 -> H3
R7B1_005357	51	ARL17A	NK	H3_RESCUE_FALSIFICATION	ABF_H3_DOMINANT	H3_SUPPORTED_STABLE	1717	7b91845933db83401e0ceb5e067b45d45aaf3abb19439a75eebe5bff26d05e85	1677	ea0d261eb43a0405a5371bfae0ab32f1b787b6121796bb0054d2c2ab566c2465	40	0.023296447291788	980	e6589a49045869ff1cc9bf06d05b0563acffb1bcf02efb9d43eaf9e7bd2c38e0	d87a2dfe1b00e8558261216976bc58746e3c1cf68a029df6ead339cbd3c9841d	852422874a7c91e959a026cd4c3e327af82f3f833b89d95a14251f3660b972bd	0.96168258122893	0.9621436249457628	1677	0	0	23286	24452.0	24510	0.0039331662489558	PASS	1717	0.9956787359428346	0.0031684486558965	0.9988471845987312	0.0031721055079805	17:43988205	ABF_H3_DOMINANT	PASS	1677	0.9893980553123196	0.0077737215896952	0.997171776902015	0.0077957697658134	17:43988205	ABF_H3_DOMINANT	PASS	1677	0.9894047480361796	0.0077689298588624	0.997173677895042	0.0077909495919127	17:43988205	ABF_H3_DOMINANT	PASS	1677	0.9893564396105428	0.0078156590251176	0.9971720986356606	0.0078378236172182	17:44187492	ABF_H3_DOMINANT	PASS	1677	0.9893631537753754	0.00781084571243	0.9971739994878056	0.0078329817227907	17:44187492	ABF_H3_DOMINANT	PASS	1677	0.9893567793060036	0.0078153183597636	0.9971720976657674	0.0078374819933872	17:44187492	ABF_H3_DOMINANT	PASS	H3_DISTINCT_SIGNAL	ABF_H3_DOMINANT	H3_SUPPORTED_STABLE	STABLE_H3	MATCH		1677	0.0001570612453233	0.000157767653361	2	H3	H3	H3	H3	H3	H3	H3	False	False	False	False	False	False	H3 -> H3 -> H3 -> H3
R7B1_005360	51	ARL17B	B_IN	PRIMARY_184_TRIGGER_VERIFICATION	ABF_AMBIGUOUS	MODEL_SENSITIVE	1724	896495f56a8f74b164ea60fb441f2dafc22a2b12ce02c218408e2831efb818d3	1684	aebeffc9aa9576b72772a948bd5bbfb4f654a2836eecb568b4dfb180a7891314	40	0.0232018561484918	975	565b8d969b41be760931a3bc1a294ec155bb077153ebbd41cf0b544e076c149a	214363daf8f73f41ca0b390043d64a1e27fc374d5c3eee40ed5291d4d73503bd	99cc934a28a7bb95a7415dde24cf5c1b303a242b7dfb99eb602ec9d40757c700	1.0204414406708	1.0207191688161767	1684	0	0	23286	24451.0	24510	0.0039331662489558	PASS	1724	0.6249161344123602	0.3750822561432795	0.9999983905556398	0.3750828598182729	17:43964539	ABF_AMBIGUOUS	PASS	1684	0.6219405726293789	0.3780578069977809	0.9999983796271598	0.378058419593376	17:43964539	ABF_AMBIGUOUS	PASS	1684	0.6219415150097725	0.3780568657377574	0.99999838074753	0.3780574779082624	17:43964539	ABF_AMBIGUOUS	PASS	1684	0.632583452425663	0.3674150289470406	0.9999984813727036	0.36741558691438	17:44187492	ABF_AMBIGUOUS	PASS	1684	0.6325852781325995	0.3674132043777323	0.999998482510332	0.36741376192432	17:44187492	ABF_AMBIGUOUS	PASS	1684	0.6326203501975536	0.3673781310867634	0.999998481284317	0.36737868903054	17:44187492	ABF_AMBIGUOUS	PASS	H3_H4_AMBIGUITY_TRIGGER	ABF_AMBIGUOUS	MODEL_SENSITIVE	AMBIGUITY_REMAINS_MODEL_SENSITIVE	NOT_COMPARABLE		1684	0.367086947807923	0.367087385131234	1	AMBIGUOUS	AMBIGUOUS	AMBIGUOUS	AMBIGUOUS	AMBIGUOUS	AMBIGUOUS	MODEL_SENSITIVE	False	False	True	False	False	False	AMBIGUOUS -> AMBIGUOUS -> AMBIGUOUS -> MODEL_SENSITIVE
R7B1_005361	51	ARL17B	B_MEM	PRIMARY_184_TRIGGER_VERIFICATION	ABF_AMBIGUOUS	MODEL_SENSITIVE	1724	896495f56a8f74b164ea60fb441f2dafc22a2b12ce02c218408e2831efb818d3	1684	aebeffc9aa9576b72772a948bd5bbfb4f654a2836eecb568b4dfb180a7891314	40	0.0232018561484918	970	3e9ff4b88e0855f07a20e2e0488565c68b0557e8019e3f208a15effe949496fe	0c8aeaea08952253492ed1bd8398da65b6aca61a10bfc50f0d91dd4e91672929	c5f849667548ce625479f6b7368dcc25b0e18383e9f87d1fd8749c4881634021	1.0250426566205006	1.0253817552710731	1684	0	0	23286	24451.0	24510	0.0039331662489558	PASS	1724	0.605095026243074	0.3876529635809981	0.992747989824072	0.3904847630562266	17:44073889	ABF_AMBIGUOUS	PASS	1684	0.602031948461827	0.3906600126027154	0.9926919610645424	0.3935359889323367	17:44073889	ABF_AMBIGUOUS	PASS	1684	0.6020328273101484	0.3906610547279988	0.9926938820381472	0.3935362771914277	17:44073889	ABF_AMBIGUOUS	PASS	1684	0.6003159893566604	0.3923968914068638	0.9927128807635244	0.3952773244012508	17:44187492	ABF_AMBIGUOUS	PASS	1684	0.6003167460069556	0.3923980517139192	0.9927147977208748	0.3952777299329139	17:44187492	ABF_AMBIGUOUS	PASS	1684	0.6003069896635258	0.392406000163719	0.9927129898272448	0.3952864565940723	17:44187492	ABF_AMBIGUOUS	PASS	H3_H4_AMBIGUITY_TRIGGER	ABF_AMBIGUOUS	MODEL_SENSITIVE	AMBIGUITY_REMAINS_MODEL_SENSITIVE	NOT_COMPARABLE		1684	0.392516058749468	0.395379603822055	1	AMBIGUOUS	AMBIGUOUS	AMBIGUOUS	AMBIGUOUS	AMBIGUOUS	AMBIGUOUS	MODEL_SENSITIVE	False	False	True	False	False	False	AMBIGUOUS -> AMBIGUOUS -> AMBIGUOUS -> MODEL_SENSITIVE
R7B1_005363	51	ARL17B	CD4_NC	H3_RESCUE_FALSIFICATION	ABF_H3_DOMINANT	H3_SUPPORTED_STABLE	1724	896495f56a8f74b164ea60fb441f2dafc22a2b12ce02c218408e2831efb818d3	1684	aebeffc9aa9576b72772a948bd5bbfb4f654a2836eecb568b4dfb180a7891314	40	0.0232018561484918	980	3085b08a31141dafdd14432c016cf46096169fc4e520197deebfd5bc77d52197	3753468442ef16949b33ed1b27c55c19c49e8dfccef8a2a284dfe8c4f01842e8	c9e25b3e3c1c3150e048ae64e08b52ef7cdc0b958ea9671887627876332a8e65	0.9819024962075584	0.982180852510479	1684	0	0	23286	24451.0	24510	0.0039331662489558	PASS	1724	0.9960458268705852	0.0039529414336595	0.9999987683042448	0.0039529463024867	17:43903842	ABF_H3_DOMINANT	PASS	1684	0.9960424417064512	0.0039563247587391	0.9999987664651904	0.0039563296390094	17:43903842	ABF_H3_DOMINANT	PASS	1684	0.9960464213734932	0.0039523466412684	0.9999987680147616	0.0039523515105071	17:43903842	ABF_H3_DOMINANT	PASS	1684	0.9961299994245004	0.0038689706272377	0.9999989700517384	0.0038689746120814	17:44187492	ABF_H3_DOMINANT	PASS	1684	0.996133900775091	0.0038650708272525	0.9999989716023436	0.0038650748020864	17:44187492	ABF_H3_DOMINANT	PASS	1684	0.996129756905014	0.0038692131470616	0.9999989700520756	0.0038692171321538	17:44187492	ABF_H3_DOMINANT	PASS	H3_DISTINCT_SIGNAL	ABF_H3_DOMINANT	H3_SUPPORTED_STABLE	STABLE_H3	MATCH		1684	1.86298547110788e-06	1.86299461100413e-06	2	H3	H3	H3	H3	H3	H3	H3	False	False	False	False	False	False	H3 -> H3 -> H3 -> H3
R7B1_005366	51	ARL17B	CD8_NC	H3_RESCUE_FALSIFICATION	ABF_H3_DOMINANT	H3_SUPPORTED_STABLE	1724	896495f56a8f74b164ea60fb441f2dafc22a2b12ce02c218408e2831efb818d3	1684	aebeffc9aa9576b72772a948bd5bbfb4f654a2836eecb568b4dfb180a7891314	40	0.0232018561484918	980	36fbaee1d992d59b701ca719a04a55207ebbca9709dc3cb0ef8f01f341deca76	3d3008be6115b2fac4bbb27047a791f0eec83dcc20548a97d729b48fa9a1f942	6fc5284665b5578cb461ac5cfb6a56ecd39c690e425a047137c551281a67683c	1.0303082305075195	1.0307419582944122	1684	0	0	23286	24451.0	24510	0.0039331662489558	PASS	1724	0.9285994251953266	0.057290458634418	0.9858898838297446	0.0581104031739022	17:44187492	ABF_H3_DOMINANT	PASS	1684	0.9284689301205908	0.0574002380071785	0.9858691681277696	0.0582229771077894	17:44187492	ABF_H3_DOMINANT	PASS	1684	0.9285366144213132	0.0573468999064238	0.9858835143277368	0.0581680280408462	17:44187492	ABF_H3_DOMINANT	PASS	1684	0.9286154575302912	0.0572516757123075	0.9858671332425988	0.0580724052783888	17:44187492	ABF_H3_DOMINANT	PASS	1684	0.9286830359896624	0.0571984474948152	0.9858814834844776	0.0580175695081058	17:44187492	ABF_H3_DOMINANT	PASS	1684	0.9286160260264243	0.057251098573464	0.9858671245998883	0.0580718203750827	17:44187492	ABF_H3_DOMINANT	PASS	H3_DISTINCT_SIGNAL	ABF_H3_DOMINANT	H3_SUPPORTED_STABLE	STABLE_H3	MATCH		1684	4.64829255467528e-05	4.64992297967908e-05	1	H3	H3	H3	H3	H3	H3	H3	False	False	False	False	False	False	H3 -> H3 -> H3 -> H3
R7B1_005370	51	ARL17B	Mono_NC	PRIMARY_184_TRIGGER_VERIFICATION	ABF_AMBIGUOUS	MODEL_SENSITIVE	1724	896495f56a8f74b164ea60fb441f2dafc22a2b12ce02c218408e2831efb818d3	1684	aebeffc9aa9576b72772a948bd5bbfb4f654a2836eecb568b4dfb180a7891314	40	0.0232018561484918	690	f5a9c029e6230f0a3b738a9b1889659a2cfe3f9e484edc6d4adb1cbbc34dbaa3	e28de2e2cc5f37894fb6e714b1397e358f08dabea1fca72b5ee45dffdefa8f92	9fd30a1e1401671e0f0c641d3dcaf860f657be5d5e2cc63217ca9f82feb49156	1.0344383216337074	1.0348655164364828	1684	0	0	23286	24451.0	24510	0.0039331662489558	PASS	1724	0.5170636206072698	0.3259684746896392	0.843032095296909	0.3866619984080627	17:44161470	ABF_AMBIGUOUS	PASS	1684	0.5132675045406325	0.3285278181712021	0.8417953227118347	0.3902704247783811	17:44161470	ABF_AMBIGUOUS	PASS	1684	0.5132797405095082	0.3285364660350797	0.841816206544588	0.3902710157881456	17:44161470	ABF_AMBIGUOUS	PASS	1684	0.51243385062211	0.3296180665695448	0.8420519171916548	0.3914462515195749	17:44187492	ABF_AMBIGUOUS	PASS	1684	0.5124459441815841	0.3296268606890614	0.8420728048706454	0.3914469850854485	17:44187492	ABF_AMBIGUOUS	PASS	1684	0.5124389509889089	0.3296113971757807	0.8420503481646897	0.3914390604958396	17:44187492	ABF_AMBIGUOUS	PASS	H3_H4_AMBIGUITY_TRIGGER	ABF_AMBIGUOUS	MODEL_SENSITIVE	AMBIGUITY_REMAINS_MODEL_SENSITIVE	NOT_COMPARABLE		1684	0.329161159283945	0.391591277028779	1	AMBIGUOUS	AMBIGUOUS	AMBIGUOUS	AMBIGUOUS	AMBIGUOUS	AMBIGUOUS	MODEL_SENSITIVE	False	False	True	False	False	False	AMBIGUOUS -> AMBIGUOUS -> AMBIGUOUS -> MODEL_SENSITIVE
R7B1_005371	51	ARL17B	NK	PRIMARY_184_TRIGGER_VERIFICATION	ABF_AMBIGUOUS	MODEL_SENSITIVE	1724	896495f56a8f74b164ea60fb441f2dafc22a2b12ce02c218408e2831efb818d3	1684	aebeffc9aa9576b72772a948bd5bbfb4f654a2836eecb568b4dfb180a7891314	40	0.0232018561484918	980	7b98d1fea4f1bdde6dcdf6b0aafef164f465e365e6bf813ab74a03c794bb0454	d87a2dfe1b00e8558261216976bc58746e3c1cf68a029df6ead339cbd3c9841d	852422874a7c91e959a026cd4c3e327af82f3f833b89d95a14251f3660b972bd	1.006702931904487	1.007133451737707	1684	0	0	23286	24451.0	24510	0.0039331662489558	PASS	1724	0.5594220600012145	0.3467844421364713	0.9062065021376858	0.3826770623676038	17:43849415	ABF_AMBIGUOUS	PASS	1684	0.555929596200991	0.3495610042244627	0.9054906004254536	0.3860459777939363	17:43849415	ABF_AMBIGUOUS	PASS	1684	0.5559336279735755	0.3495636810551762	0.9054973090287516	0.386046073875275	17:43849415	ABF_AMBIGUOUS	PASS	1684	0.5551198636592002	0.3505082787343899	0.90562814239359	0.3870333333590879	17:44187492	ABF_AMBIGUOUS	PASS	1684	0.5551238190184223	0.3505110341955669	0.9056348532139892	0.387033507987955	17:44187492	ABF_AMBIGUOUS	PASS	1684	0.55510899899264	0.3505209870987188	0.9056299860913588	0.3870465780528591	17:44187492	ABF_AMBIGUOUS	PASS	H3_H4_AMBIGUITY_TRIGGER	ABF_AMBIGUOUS	MODEL_SENSITIVE	AMBIGUITY_REMAINS_MODEL_SENSITIVE	NOT_COMPARABLE		1684			0	AMBIGUOUS	AMBIGUOUS	AMBIGUOUS	AMBIGUOUS	AMBIGUOUS	AMBIGUOUS	MODEL_SENSITIVE	False	False	True	False	False	False	AMBIGUOUS -> AMBIGUOUS -> AMBIGUOUS -> MODEL_SENSITIVE
R7B1_005377	51	CRHR1	CD4_NC	PRIMARY_184_TRIGGER_VERIFICATION	ABF_AMBIGUOUS	MODEL_SENSITIVE	1724	896495f56a8f74b164ea60fb441f2dafc22a2b12ce02c218408e2831efb818d3	1684	aebeffc9aa9576b72772a948bd5bbfb4f654a2836eecb568b4dfb180a7891314	40	0.0232018561484918	980	e0067c54bc29c04be4dfcb74ef9c64b066a11511275b9dcfa66ce9da7a379ab8	3753468442ef16949b33ed1b27c55c19c49e8dfccef8a2a284dfe8c4f01842e8	c9e25b3e3c1c3150e048ae64e08b52ef7cdc0b958ea9671887627876332a8e65	1.0134922280742609	1.0135578958323423	1684	0	0	23286	24451.0	24510	0.0039331662489558	PASS	1724	0.6144132588359528	0.385586616466598	0.9999998753025507	0.3855866645482715	17:43903842	ABF_AMBIGUOUS	PASS	1684	0.6117273489131149	0.3882725258450243	0.9999998747581392	0.388272574473004	17:43903842	ABF_AMBIGUOUS	PASS	1684	0.6117274042629731	0.3882724704951519	0.9999998747581252	0.3882725191231302	17:43903842	ABF_AMBIGUOUS	PASS	1684	0.6160059694202747	0.3839940305059581	0.9999999999262328	0.3839940305342842	17:44187492	ABF_AMBIGUOUS	PASS	1684	0.6160060904920652	0.3839939094341684	0.9999999999262336	0.3839939094624942	17:44187492	ABF_AMBIGUOUS	PASS	1684	0.6159791077037995	0.3840208922224857	0.9999999999262852	0.3840208922507938	17:44187492	ABF_AMBIGUOUS	PASS	H3_H4_AMBIGUITY_TRIGGER	ABF_AMBIGUOUS	MODEL_SENSITIVE	AMBIGUITY_REMAINS_MODEL_SENSITIVE	NOT_COMPARABLE		1684	0.384613293073617	0.384613293103261	1	AMBIGUOUS	AMBIGUOUS	AMBIGUOUS	AMBIGUOUS	AMBIGUOUS	AMBIGUOUS	MODEL_SENSITIVE	False	False	True	False	False	False	AMBIGUOUS -> AMBIGUOUS -> AMBIGUOUS -> MODEL_SENSITIVE
R7B1_005379	51	CRHR1	CD8_NC	PRIMARY_184_TRIGGER_VERIFICATION	ABF_AMBIGUOUS	MODEL_SENSITIVE	1724	896495f56a8f74b164ea60fb441f2dafc22a2b12ce02c218408e2831efb818d3	1684	aebeffc9aa9576b72772a948bd5bbfb4f654a2836eecb568b4dfb180a7891314	40	0.0232018561484918	980	c6889a68f33e36784251741037a3bb95e6ed4a148add4642481bf5f8a9403420	3d3008be6115b2fac4bbb27047a791f0eec83dcc20548a97d729b48fa9a1f942	6fc5284665b5578cb461ac5cfb6a56ecd39c690e425a047137c551281a67683c	1.0175836765340227	1.017854643120608	1684	0	0	23286	24451.0	24510	0.0039331662489558	PASS	1724	0.6002539093818969	0.3997459528364098	0.9999998622183068	0.3997460079140916	17:44098967	ABF_AMBIGUOUS	PASS	1684	0.5969780236032577	0.4030218380487044	0.999999861651962	0.4030218938059927	17:44098967	ABF_AMBIGUOUS	PASS	1684	0.5969774990199762	0.4030223626482354	0.9999998616682116	0.4030224183990473	17:44098967	ABF_AMBIGUOUS	PASS	1684	0.5849919862896152	0.4150079978425205	0.9999999841321358	0.4150080044278112	17:44187492	ABF_AMBIGUOUS	PASS	1684	0.5849909460531629	0.4150090380948028	0.9999999841479656	0.4150090446735404	17:44187492	ABF_AMBIGUOUS	PASS	1684	0.5849782271114548	0.4150217570211011	0.999999984132556	0.4150217636064358	17:44187492	ABF_AMBIGUOUS	PASS	H3_H4_AMBIGUITY_TRIGGER	ABF_AMBIGUOUS	MODEL_SENSITIVE	AMBIGUITY_REMAINS_MODEL_SENSITIVE	NOT_COMPARABLE		1684	0.414738093376038	0.414738098284468	1	AMBIGUOUS	AMBIGUOUS	AMBIGUOUS	AMBIGUOUS	AMBIGUOUS	AMBIGUOUS	MODEL_SENSITIVE	False	False	True	False	False	False	AMBIGUOUS -> AMBIGUOUS -> AMBIGUOUS -> MODEL_SENSITIVE
R7B1_005381	51	CRHR1	NK	PRIMARY_184_TRIGGER_VERIFICATION	ABF_AMBIGUOUS	MODEL_SENSITIVE	1724	896495f56a8f74b164ea60fb441f2dafc22a2b12ce02c218408e2831efb818d3	1684	aebeffc9aa9576b72772a948bd5bbfb4f654a2836eecb568b4dfb180a7891314	40	0.0232018561484918	980	a6e7bd30cee670410138630c6ff331fae7d3465f0c82890b3c117d38a25b961f	d87a2dfe1b00e8558261216976bc58746e3c1cf68a029df6ead339cbd3c9841d	852422874a7c91e959a026cd4c3e327af82f3f833b89d95a14251f3660b972bd	1.0466528189081052	1.047031891020085	1684	0	0	23286	24451.0	24510	0.0039331662489558	PASS	1724	0.612839480732774	0.3851302312371074	0.9979697119698814	0.3859137472989066	17:44187492	ABF_AMBIGUOUS	PASS	1684	0.6096558694957136	0.3882982473061649	0.9979541168018786	0.3890942887740528	17:44187492	ABF_AMBIGUOUS	PASS	1684	0.6096564079948554	0.3882985053737251	0.9979549133685806	0.3890942367957585	17:44187492	ABF_AMBIGUOUS	PASS	1684	0.6112416654149416	0.3867072639841714	0.9979489293991132	0.3875020580632481	17:44187492	ABF_AMBIGUOUS	PASS	1684	0.6112423518616504	0.3867073756819237	0.997949727543574	0.387501860072444	17:44187492	ABF_AMBIGUOUS	PASS	1684	0.6112361915554494	0.3867127561816618	0.9979489477371112	0.3875075544280579	17:44187492	ABF_AMBIGUOUS	PASS	H3_H4_AMBIGUITY_TRIGGER	ABF_AMBIGUOUS	MODEL_SENSITIVE	AMBIGUITY_REMAINS_MODEL_SENSITIVE	NOT_COMPARABLE		1684	0.386726224060645	0.387490917906705	1	AMBIGUOUS	AMBIGUOUS	AMBIGUOUS	AMBIGUOUS	AMBIGUOUS	AMBIGUOUS	MODEL_SENSITIVE	False	False	True	False	False	False	AMBIGUOUS -> AMBIGUOUS -> AMBIGUOUS -> MODEL_SENSITIVE
R7B1_005459	51	KANSL1	B_IN	PRIMARY_184_TRIGGER_VERIFICATION	ABF_AMBIGUOUS	MODEL_SENSITIVE	1724	896495f56a8f74b164ea60fb441f2dafc22a2b12ce02c218408e2831efb818d3	1684	aebeffc9aa9576b72772a948bd5bbfb4f654a2836eecb568b4dfb180a7891314	40	0.0232018561484918	975	e93c80cdb4564a7bcb6ec48a39653be57fc2ba8aa26598db7a4a202911185f3c	214363daf8f73f41ca0b390043d64a1e27fc374d5c3eee40ed5291d4d73503bd	99cc934a28a7bb95a7415dde24cf5c1b303a242b7dfb99eb602ec9d40757c700	1.0190504914679204	1.019457742265517	1684	0	0	23286	24451.0	24510	0.0039331662489558	PASS	1724	0.5545967842429442	0.3398100602367228	0.894406844479667	0.379927839700748	17:43793828	ABF_AMBIGUOUS	PASS	1684	0.5505569069076557	0.3428705502324362	0.893427457140092	0.3837698824815422	17:43793828	ABF_AMBIGUOUS	PASS	1684	0.5505606746660838	0.3428729378883865	0.8934336125544704	0.383769910903685	17:43793828	ABF_AMBIGUOUS	PASS	1684	0.5496631335123882	0.3439371535716144	0.8936002870840025	0.3848892603805562	17:44187492	ABF_AMBIGUOUS	PASS	1684	0.5496668906217507	0.3439395427794474	0.8936064334011982	0.3848892867415499	17:44187492	ABF_AMBIGUOUS	PASS	1684	0.5496551551706143	0.343946673494276	0.8936018286648904	0.384899249823782	17:44187492	ABF_AMBIGUOUS	PASS	H3_H4_AMBIGUITY_TRIGGER	ABF_AMBIGUOUS	MODEL_SENSITIVE	AMBIGUITY_REMAINS_MODEL_SENSITIVE	NOT_COMPARABLE		1684	0.342701251175302	0.385056354940063	1	AMBIGUOUS	AMBIGUOUS	AMBIGUOUS	AMBIGUOUS	AMBIGUOUS	AMBIGUOUS	MODEL_SENSITIVE	False	False	True	False	False	False	AMBIGUOUS -> AMBIGUOUS -> AMBIGUOUS -> MODEL_SENSITIVE
R7B1_005462	51	KANSL1	CD4_NC	PRIMARY_184_TRIGGER_VERIFICATION	ABF_AMBIGUOUS	MODEL_SENSITIVE	1724	896495f56a8f74b164ea60fb441f2dafc22a2b12ce02c218408e2831efb818d3	1684	aebeffc9aa9576b72772a948bd5bbfb4f654a2836eecb568b4dfb180a7891314	40	0.0232018561484918	980	3e101d560c9f9f25f1f95708c322e0612ea54e62e8f92df6e3cb1768cf2b176b	3753468442ef16949b33ed1b27c55c19c49e8dfccef8a2a284dfe8c4f01842e8	c9e25b3e3c1c3150e048ae64e08b52ef7cdc0b958ea9671887627876332a8e65	0.8174277103985649	0.8176914020148865	1684	0	0	23286	24451.0	24510	0.0039331662489558	PASS	1724	0.6468077828393703	0.3528582653200308	0.9996660481594012	0.3529761423524569	17:44081224	ABF_AMBIGUOUS	PASS	1684	0.6441263807015571	0.3555375760976855	0.9996639567992428	0.3556570922453356	17:44081224	ABF_AMBIGUOUS	PASS	1684	0.644129467032486	0.3555346544847587	0.9996641215172448	0.3556541110479632	17:44081224	ABF_AMBIGUOUS	PASS	1684	0.6607139161758837	0.3389415355159706	0.9996554516918544	0.3390583574994097	17:44187492	ABF_AMBIGUOUS	PASS	1684	0.6607185735822546	0.3389370462871114	0.999655619869366	0.3390538096823818	17:44187492	ABF_AMBIGUOUS	PASS	1684	0.6607640580791134	0.3388913675044144	0.9996554255835278	0.3390081810505791	17:44187492	ABF_AMBIGUOUS	PASS	H3_H4_AMBIGUITY_TRIGGER	ABF_AMBIGUOUS	MODEL_SENSITIVE	AMBIGUITY_REMAINS_MODEL_SENSITIVE	NOT_COMPARABLE		1684	0.338444587449687	0.338550960682061	1	AMBIGUOUS	AMBIGUOUS	AMBIGUOUS	AMBIGUOUS	AMBIGUOUS	AMBIGUOUS	MODEL_SENSITIVE	False	False	True	False	False	False	AMBIGUOUS -> AMBIGUOUS -> AMBIGUOUS -> MODEL_SENSITIVE
R7B1_005464	51	KANSL1	CD8_ET	PRIMARY_184_TRIGGER_VERIFICATION	ABF_AMBIGUOUS	MODEL_SENSITIVE	1724	896495f56a8f74b164ea60fb441f2dafc22a2b12ce02c218408e2831efb818d3	1684	aebeffc9aa9576b72772a948bd5bbfb4f654a2836eecb568b4dfb180a7891314	40	0.0232018561484918	980	31ca2afd6c4254e511e42477f559033d5595f84e8bc761eb0ddd73e201aa530c	04b9d65c2387120007b3356ac2be69a97e425a2683382e25807e05a84958789e	e78c09a43d69dd48bac4dc5980f3c664e2e08e62330132c78b915124828ec20f	0.9616902586631436	0.9620729177766326	1684	0	0	23286	24451.0	24510	0.0039331662489558	PASS	1724	0.5321234415635937	0.330145448146352	0.8622688897099458	0.3828799253761875	17:44187492	ABF_AMBIGUOUS	PASS	1684	0.5283552419939856	0.332785455353785	0.8611406973477707	0.386447251162013	17:44187492	ABF_AMBIGUOUS	PASS	1684	0.5283576923141342	0.3327871007308403	0.8611447930449745	0.3864473238630615	17:44187492	ABF_AMBIGUOUS	PASS	1684	0.5269034269728903	0.3346182426709101	0.8615216696438004	0.3884037447476619	17:44187492	ABF_AMBIGUOUS	PASS	1684	0.5269057521021723	0.3346200330814189	0.8615257851835912	0.3884039675145781	17:44187492	ABF_AMBIGUOUS	PASS	1684	0.5269096568781071	0.3346103785554141	0.8615200354335212	0.3883953533211058	17:44187492	ABF_AMBIGUOUS	PASS	H3_H4_AMBIGUITY_TRIGGER	ABF_AMBIGUOUS	MODEL_SENSITIVE	AMBIGUITY_REMAINS_MODEL_SENSITIVE	NOT_COMPARABLE		1684			0	AMBIGUOUS	AMBIGUOUS	AMBIGUOUS	AMBIGUOUS	AMBIGUOUS	AMBIGUOUS	MODEL_SENSITIVE	False	False	True	False	False	False	AMBIGUOUS -> AMBIGUOUS -> AMBIGUOUS -> MODEL_SENSITIVE
R7B1_005473	51	KANSL1-AS1	B_IN	PRIMARY_184_TRIGGER_VERIFICATION	ABF_AMBIGUOUS	MODEL_SENSITIVE	1724	896495f56a8f74b164ea60fb441f2dafc22a2b12ce02c218408e2831efb818d3	1684	aebeffc9aa9576b72772a948bd5bbfb4f654a2836eecb568b4dfb180a7891314	40	0.0232018561484918	975	f8f013f9eb9a0690611cbe26dbbe370b41f1e37b4d9ac5da783ac4204152d7b9	214363daf8f73f41ca0b390043d64a1e27fc374d5c3eee40ed5291d4d73503bd	99cc934a28a7bb95a7415dde24cf5c1b303a242b7dfb99eb602ec9d40757c700	0.8263461921516485	0.8253361446249685	1684	0	0	23286	24451.0	24510	0.0039331662489558	PASS	1724	0.6106541403168192	0.3893457357474503	0.9999998760642694	0.3893457840013045	17:43852605	ABF_AMBIGUOUS	PASS	1684	0.6063863574802432	0.3936135183695838	0.999999875849827	0.3936135672367762	17:43852605	ABF_AMBIGUOUS	PASS	1684	0.6063857279550903	0.3936141478948889	0.9999998758499792	0.3936141967620996	17:43852605	ABF_AMBIGUOUS	PASS	1684	0.6134241877515981	0.3865758121749434	0.9999999999265416	0.3865758122033407	17:43852605	ABF_AMBIGUOUS	PASS	1684	0.6134204039303889	0.3865795959961485	0.9999999999265374	0.3865795960245476	17:43852605	ABF_AMBIGUOUS	PASS	1684	0.613520607666866	0.3864793922597273	0.9999999999265932	0.3864793922880974	17:43852605	ABF_AMBIGUOUS	PASS	H3_H4_AMBIGUITY_TRIGGER	ABF_AMBIGUOUS	MODEL_SENSITIVE	AMBIGUITY_REMAINS_MODEL_SENSITIVE	NOT_COMPARABLE		1684	0.394910682485182	0.39491068251511	1	AMBIGUOUS	AMBIGUOUS	AMBIGUOUS	AMBIGUOUS	AMBIGUOUS	AMBIGUOUS	MODEL_SENSITIVE	False	False	True	False	False	False	AMBIGUOUS -> AMBIGUOUS -> AMBIGUOUS -> MODEL_SENSITIVE
R7B1_005474	51	KANSL1-AS1	B_MEM	PRIMARY_184_TRIGGER_VERIFICATION	ABF_AMBIGUOUS	MODEL_SENSITIVE	1724	896495f56a8f74b164ea60fb441f2dafc22a2b12ce02c218408e2831efb818d3	1684	aebeffc9aa9576b72772a948bd5bbfb4f654a2836eecb568b4dfb180a7891314	40	0.0232018561484918	970	1252edce1b75a78f1400ed639448b45f75fbf3526a3978e3af321d7b0cc99545	0c8aeaea08952253492ed1bd8398da65b6aca61a10bfc50f0d91dd4e91672929	c5f849667548ce625479f6b7368dcc25b0e18383e9f87d1fd8749c4881634021	0.851577818741633	0.8506623692161547	1684	0	0	23286	24451.0	24510	0.0039331662489558	PASS	1724	0.693727758577347	0.3062721006542387	0.9999998592315856	0.3062721437676827	17:43710371	ABF_AMBIGUOUS	PASS	1684	0.6917788842962106	0.3082209740993954	0.999999858395606	0.3082210177448458	17:43710371	ABF_AMBIGUOUS	PASS	1684	0.6917788030258755	0.3082210553697264	0.999999858395602	0.3082210990151896	17:43710371	ABF_AMBIGUOUS	PASS	1684	0.7744804938654049	0.225519506041898	0.9999999999073028	0.225519506062803	17:43735276	ABF_AMBIGUOUS	PASS	1684	0.7744801170871642	0.2255198828201356	0.9999999999072998	0.2255198828410413	17:43735276	ABF_AMBIGUOUS	PASS	1684	0.7746460114803738	0.2253539884269754	0.9999999999073492	0.2253539884478546	17:43735276	ABF_AMBIGUOUS	PASS	H3_H4_AMBIGUITY_TRIGGER	ABF_AMBIGUOUS	MODEL_SENSITIVE	AMBIGUITY_REMAINS_MODEL_SENSITIVE	NOT_COMPARABLE		1684	0.240537587203221	0.240537587226091	1	AMBIGUOUS	AMBIGUOUS	AMBIGUOUS	AMBIGUOUS	AMBIGUOUS	AMBIGUOUS	MODEL_SENSITIVE	False	False	True	False	False	False	AMBIGUOUS -> AMBIGUOUS -> AMBIGUOUS -> MODEL_SENSITIVE
R7B1_005475	51	KANSL1-AS1	CD4_ET	PRIMARY_184_TRIGGER_VERIFICATION	ABF_AMBIGUOUS	MODEL_SENSITIVE	1724	896495f56a8f74b164ea60fb441f2dafc22a2b12ce02c218408e2831efb818d3	1684	aebeffc9aa9576b72772a948bd5bbfb4f654a2836eecb568b4dfb180a7891314	40	0.0232018561484918	980	4a76c400d5e0af5b0cc4cba724551c7a3eb5565276604fc33afbe386fcf03ba4	d1d487d0a352ea963b3a50ab57c1bdc8afe91e61d3221e96644be13c002866f2	044ff18f49e06cbc077691f4fe69fd8b337ea636a4e3f48fbfc001ef7873518c	0.7337826359823513	0.7326198473292951	1684	0	0	23286	24451.0	24510	0.0039331662489558	PASS	1724	0.69344013446479	0.3065597248250546	0.9999998592898448	0.3065597679611271	17:43757450	ABF_AMBIGUOUS	PASS	1684	0.6915802877139742	0.3084195707222198	0.999999858436194	0.3084196143832743	17:43757450	ABF_AMBIGUOUS	PASS	1684	0.6915802877139742	0.3084195707222198	0.999999858436194	0.3084196143832743	17:43757450	ABF_AMBIGUOUS	PASS	1684	0.5111509062726836	0.4888490936661058	0.9999999999387894	0.4888490936960285	17:43757450	ABF_AMBIGUOUS	PASS	1684	0.5111509062730322	0.4888490936657723	0.9999999999388044	0.4888490936956877	17:43757450	ABF_AMBIGUOUS	PASS	1684	0.5146446193693887	0.4853553805689958	0.9999999999383844	0.4853553805989012	17:43757450	ABF_AMBIGUOUS	PASS	H3_H4_AMBIGUITY_TRIGGER	ABF_AMBIGUOUS	MODEL_SENSITIVE	AMBIGUITY_REMAINS_MODEL_SENSITIVE	NOT_COMPARABLE		1684	0.458198474465883	0.458198474496972	1	AMBIGUOUS	AMBIGUOUS	AMBIGUOUS	AMBIGUOUS	AMBIGUOUS	AMBIGUOUS	MODEL_SENSITIVE	False	False	True	False	False	False	AMBIGUOUS -> AMBIGUOUS -> AMBIGUOUS -> MODEL_SENSITIVE
R7B1_005476	51	KANSL1-AS1	CD4_NC	PRIMARY_184_TRIGGER_VERIFICATION	ABF_AMBIGUOUS	MODEL_SENSITIVE	1724	896495f56a8f74b164ea60fb441f2dafc22a2b12ce02c218408e2831efb818d3	1684	aebeffc9aa9576b72772a948bd5bbfb4f654a2836eecb568b4dfb180a7891314	40	0.0232018561484918	980	d9e78797be62aac72fc6c7e98898e34d7bbc7a65c55db3f26fae1d7ca6b87c1a	3753468442ef16949b33ed1b27c55c19c49e8dfccef8a2a284dfe8c4f01842e8	c9e25b3e3c1c3150e048ae64e08b52ef7cdc0b958ea9671887627876332a8e65	0.5464500536781178	0.5455259340432571	1684	0	0	23286	24451.0	24510	0.0039331662489558	PASS	1724	0.6934401344660513	0.3065597248238697	0.9999998592899212	0.3065597679599188	17:43757450	ABF_AMBIGUOUS	PASS	1684	0.6915802877152715	0.3084195707209926	0.9999998584362642	0.3084196143820255	17:43757450	ABF_AMBIGUOUS	PASS	1684	0.6915802877152715	0.3084195707209926	0.9999998584362642	0.3084196143820255	17:43757450	ABF_AMBIGUOUS	PASS	1684	0.5111509062304368	0.4888490937083989	0.9999999999388356	0.488849093738299	17:43757450	ABF_AMBIGUOUS	PASS	1684	0.5111509062304368	0.4888490937082877	0.9999999999387246	0.4888490937382421	17:43757450	ABF_AMBIGUOUS	PASS	1684	0.5146446193273505	0.4853553806110143	0.9999999999383647	0.4853553806409292	17:43757450	ABF_AMBIGUOUS	PASS	H3_H4_AMBIGUITY_TRIGGER	ABF_AMBIGUOUS	MODEL_SENSITIVE	AMBIGUITY_REMAINS_MODEL_SENSITIVE	NOT_COMPARABLE		1684	0.291785065338635	0.291785065364505	1	AMBIGUOUS	AMBIGUOUS	AMBIGUOUS	AMBIGUOUS	AMBIGUOUS	AMBIGUOUS	MODEL_SENSITIVE	False	False	True	False	False	False	AMBIGUOUS -> AMBIGUOUS -> AMBIGUOUS -> MODEL_SENSITIVE
R7B1_005477	51	KANSL1-AS1	CD4_SOX4	PRIMARY_184_TRIGGER_VERIFICATION	ABF_AMBIGUOUS	MODEL_SENSITIVE	1724	896495f56a8f74b164ea60fb441f2dafc22a2b12ce02c218408e2831efb818d3	1684	aebeffc9aa9576b72772a948bd5bbfb4f654a2836eecb568b4dfb180a7891314	40	0.0232018561484918	295	b33658a564bbbf3439cbf050b0699fe7e0f04645fe927b213d7c914856e54732	9058c26143723deb62a8af354e1768552b3fe73c0c3850df1ce4e670477e62d2	c30c318d2468b2653ba60a96f4e7464d08d5a7bdd4d80caf1b715bae19a8ddec	0.9632365012520128	0.9628528791225026	1684	0	0	23286	24451.0	24510	0.0039331662489558	PASS	1724	0.6330554032183817	0.36694444096057	0.9999998441789516	0.3669444981382463	17:43710371	ABF_AMBIGUOUS	PASS	1684	0.630349426601982	0.3696504168352988	0.9999998434372808	0.3696504747087823	17:43710371	ABF_AMBIGUOUS	PASS	1684	0.6303443840648227	0.3696554592544409	0.9999998433192636	0.3696555171723396	17:43710371	ABF_AMBIGUOUS	PASS	1684	0.6460631281814746	0.3539368435418597	0.9999999717233344	0.3539368535500138	17:44187492	ABF_AMBIGUOUS	PASS	1684	0.6460535427094334	0.3539464288920811	0.9999999716015144	0.3539464389436239	17:44187492	ABF_AMBIGUOUS	PASS	1684	0.646118419546178	0.3538815521747978	0.9999999717209758	0.3538815621822231	17:44187492	ABF_AMBIGUOUS	PASS	H3_H4_AMBIGUITY_TRIGGER	ABF_AMBIGUOUS	MODEL_SENSITIVE	AMBIGUITY_REMAINS_MODEL_SENSITIVE	NOT_COMPARABLE		1684	0.358026286642709	0.358026287979825	1	AMBIGUOUS	AMBIGUOUS	AMBIGUOUS	AMBIGUOUS	AMBIGUOUS	AMBIGUOUS	MODEL_SENSITIVE	False	False	True	False	False	False	AMBIGUOUS -> AMBIGUOUS -> AMBIGUOUS -> MODEL_SENSITIVE
R7B1_005478	51	KANSL1-AS1	CD8_ET	PRIMARY_184_TRIGGER_VERIFICATION	ABF_AMBIGUOUS	MODEL_SENSITIVE	1724	896495f56a8f74b164ea60fb441f2dafc22a2b12ce02c218408e2831efb818d3	1684	aebeffc9aa9576b72772a948bd5bbfb4f654a2836eecb568b4dfb180a7891314	40	0.0232018561484918	980	fdae0e54aa3751c9b2c5b938d33ee2c74b09bfe1f41d28e03ae49aff2b367ece	04b9d65c2387120007b3356ac2be69a97e425a2683382e25807e05a84958789e	e78c09a43d69dd48bac4dc5980f3c664e2e08e62330132c78b915124828ec20f	0.6339396399664912	0.6328529378515562	1684	0	0	23286	24451.0	24510	0.0039331662489558	PASS	1724	0.6927971990279383	0.3072026603922418	0.9999998594201802	0.3072027035787426	17:43710371	ABF_AMBIGUOUS	PASS	1684	0.6908393008131753	0.3091605577744525	0.999999858587628	0.3091606014935865	17:43710371	ABF_AMBIGUOUS	PASS	1684	0.6908391248131442	0.3091607337745202	0.9999998585876644	0.3091607774936678	17:43710371	ABF_AMBIGUOUS	PASS	1684	0.7741565469284586	0.2258434529789188	0.9999999999073774	0.225843452999837	17:43735276	ABF_AMBIGUOUS	PASS	1684	0.7741562787459462	0.2258437211613626	0.9999999999073088	0.2258437211822963	17:43735276	ABF_AMBIGUOUS	PASS	1684	0.7742830440136244	0.2257169558938082	0.9999999999074326	0.2257169559147022	17:43735276	ABF_AMBIGUOUS	PASS	H3_H4_AMBIGUITY_TRIGGER	ABF_AMBIGUOUS	MODEL_SENSITIVE	AMBIGUITY_REMAINS_MODEL_SENSITIVE	NOT_COMPARABLE		1684	0.300969861724182	0.300969861750522	1	AMBIGUOUS	AMBIGUOUS	AMBIGUOUS	AMBIGUOUS	AMBIGUOUS	AMBIGUOUS	MODEL_SENSITIVE	False	False	True	False	False	False	AMBIGUOUS -> AMBIGUOUS -> AMBIGUOUS -> MODEL_SENSITIVE
R7B1_005479	51	KANSL1-AS1	CD8_NC	PRIMARY_184_TRIGGER_VERIFICATION	ABF_AMBIGUOUS	MODEL_SENSITIVE	1724	896495f56a8f74b164ea60fb441f2dafc22a2b12ce02c218408e2831efb818d3	1684	aebeffc9aa9576b72772a948bd5bbfb4f654a2836eecb568b4dfb180a7891314	40	0.0232018561484918	980	f37d754a03f4e0aa0adab57761da8f1a1b06873d67e0fb9f246b34a8138138e5	3d3008be6115b2fac4bbb27047a791f0eec83dcc20548a97d729b48fa9a1f942	6fc5284665b5578cb461ac5cfb6a56ecd39c690e425a047137c551281a67683c	0.6478994891921362	0.6467739727187004	1684	0	0	23286	24451.0	24510	0.0039331662489558	PASS	1724	0.6936489779350525	0.3063508813124613	0.999999859247514	0.3063509244321155	17:43757450	ABF_AMBIGUOUS	PASS	1684	0.6917890182060501	0.3082108401874317	0.9999998583934818	0.3082108838321018	17:43757450	ABF_AMBIGUOUS	PASS	1684	0.6917902533673381	0.308209605025917	0.9999998583932552	0.308209648670482	17:43757450	ABF_AMBIGUOUS	PASS	1684	0.5132930133367803	0.486706986601751	0.9999999999385314	0.4867069866316682	17:43757450	ABF_AMBIGUOUS	PASS	1684	0.5133071282681255	0.4866928716703538	0.9999999999384792	0.4866928717002954	17:43757450	ABF_AMBIGUOUS	PASS	1684	0.516773544306736	0.4832264556314295	0.9999999999381656	0.4832264556613095	17:43757450	ABF_AMBIGUOUS	PASS	H3_H4_AMBIGUITY_TRIGGER	ABF_AMBIGUOUS	MODEL_SENSITIVE	AMBIGUITY_REMAINS_MODEL_SENSITIVE	NOT_COMPARABLE		1684	0.242449223467645	0.242449223490643	1	AMBIGUOUS	AMBIGUOUS	AMBIGUOUS	AMBIGUOUS	AMBIGUOUS	AMBIGUOUS	MODEL_SENSITIVE	False	False	True	False	False	False	AMBIGUOUS -> AMBIGUOUS -> AMBIGUOUS -> MODEL_SENSITIVE
R7B1_005480	51	KANSL1-AS1	CD8_S100B	PRIMARY_184_TRIGGER_VERIFICATION	ABF_AMBIGUOUS	MODEL_SENSITIVE	1724	896495f56a8f74b164ea60fb441f2dafc22a2b12ce02c218408e2831efb818d3	1684	aebeffc9aa9576b72772a948bd5bbfb4f654a2836eecb568b4dfb180a7891314	40	0.0232018561484918	959	71d2532cb69425a4a99801e52159bbe05900990c4ecd90d929e856ba487391bc	89705cd7d3675390e4c73098b69eb13296a79cf7114266d0e279176a93cd3bd4	bf24da1d096374291a49e62380b7edb20c711a003b66dfc4f5faf83be46a8021	0.8545321393538469	0.853590320801565	1684	0	0	23286	24451.0	24510	0.0039331662489558	PASS	1724	0.6922200433736465	0.3077798161634143	0.9999998595370608	0.307779859395078	17:43757450	ABF_AMBIGUOUS	PASS	1684	0.6899466784433574	0.3100531803267315	0.9999998587700888	0.3100532241155208	17:43757450	ABF_AMBIGUOUS	PASS	1684	0.6899416642181694	0.3100581945529624	0.9999998587711318	0.3100582383421365	17:43757450	ABF_AMBIGUOUS	PASS	1684	0.5128925316185937	0.487107468319988	0.9999999999385818	0.4871074683499053	17:43757450	ABF_AMBIGUOUS	PASS	1684	0.5128977796815616	0.4871022202570181	0.9999999999385798	0.487102220286936	17:43757450	ABF_AMBIGUOUS	PASS	1684	0.5163456349586896	0.4836543649795093	0.999999999938199	0.4836543650093997	17:43757450	ABF_AMBIGUOUS	PASS	H3_H4_AMBIGUITY_TRIGGER	ABF_AMBIGUOUS	MODEL_SENSITIVE	AMBIGUITY_REMAINS_MODEL_SENSITIVE	NOT_COMPARABLE		1684	0.401583420560591	0.401583420590689	1	AMBIGUOUS	AMBIGUOUS	AMBIGUOUS	AMBIGUOUS	AMBIGUOUS	AMBIGUOUS	MODEL_SENSITIVE	False	False	True	False	False	False	AMBIGUOUS -> AMBIGUOUS -> AMBIGUOUS -> MODEL_SENSITIVE
R7B1_005481	51	KANSL1-AS1	DC	PRIMARY_184_TRIGGER_VERIFICATION	ABF_AMBIGUOUS	MODEL_SENSITIVE	1724	896495f56a8f74b164ea60fb441f2dafc22a2b12ce02c218408e2831efb818d3	1684	aebeffc9aa9576b72772a948bd5bbfb4f654a2836eecb568b4dfb180a7891314	40	0.0232018561484918	726	cc80369e6e395c8837f64bdadb44668e45a32f2c299884c945c9834d8377597d	301d179996d3ef74a9834499544fa84ad777c3fcaee3e7b688a21cbdec0d6c4e	1d7f443f49949b535a1fa1ba312b4ff89dcb44cdfaa10f6e67891f2bc4673239	0.9450373112490412	0.9446104246940492	1684	0	0	23286	24451.0	24510	0.0039331662489558	PASS	1724	0.6289923059732694	0.3710075663752296	0.999999872348499	0.3710076137349083	17:43757450	ABF_AMBIGUOUS	PASS	1684	0.6246137573570609	0.3753861147671032	0.999999872124164	0.3753861627699225	17:43757450	ABF_AMBIGUOUS	PASS	1684	0.6246113139682967	0.3753885581563741	0.9999998721246708	0.3753886061593157	17:43757450	ABF_AMBIGUOUS	PASS	1684	0.6345347531933375	0.3654652467306957	0.9999999999240332	0.3654652467584589	17:43757450	ABF_AMBIGUOUS	PASS	1684	0.6345335219111251	0.3654664780128983	0.9999999999240234	0.3654664780406652	17:43757450	ABF_AMBIGUOUS	PASS	1684	0.6347120303649794	0.3652879695590789	0.9999999999240584	0.3652879695868194	17:43757450	ABF_AMBIGUOUS	PASS	H3_H4_AMBIGUITY_TRIGGER	ABF_AMBIGUOUS	MODEL_SENSITIVE	AMBIGUITY_REMAINS_MODEL_SENSITIVE	NOT_COMPARABLE		1684	0.372237752421537	0.372237752450799	1	AMBIGUOUS	AMBIGUOUS	AMBIGUOUS	AMBIGUOUS	AMBIGUOUS	AMBIGUOUS	MODEL_SENSITIVE	False	False	True	False	False	False	AMBIGUOUS -> AMBIGUOUS -> AMBIGUOUS -> MODEL_SENSITIVE
R7B1_005482	51	KANSL1-AS1	Mono_C	PRIMARY_184_TRIGGER_VERIFICATION	ABF_AMBIGUOUS	MODEL_SENSITIVE	1724	896495f56a8f74b164ea60fb441f2dafc22a2b12ce02c218408e2831efb818d3	1684	aebeffc9aa9576b72772a948bd5bbfb4f654a2836eecb568b4dfb180a7891314	40	0.0232018561484918	851	a685b00f3f11b01ca4712a2581369f5074334e8a850a676a45254e58ccfd9c2b	3d86d86805549a3e90ea19cc9ecbfce5b8f0381b04f004ed40de79e4b514f22b	517d6493a2ef6e734cf98a328248b3a6ebce1658e46b62bffa7be439381874dc	0.9080931090267708	0.9075070333024484	1684	0	0	23286	24451.0	24510	0.0039331662489558	PASS	1724	0.6123412107695464	0.3876586649528549	0.9999998757224012	0.3876587131301489	17:43780948	ABF_AMBIGUOUS	PASS	1684	0.6099013147190655	0.3900985604123273	0.9999998751313928	0.3900986091233973	17:43780948	ABF_AMBIGUOUS	PASS	1684	0.6099007695958024	0.3900991055356986	0.999999875131501	0.3900991542467944	17:43780948	ABF_AMBIGUOUS	PASS	1684	0.6140623422369094	0.3859376576895705	0.99999999992648	0.3859376577179447	17:44187492	ABF_AMBIGUOUS	PASS	1684	0.6140610808771224	0.3859389190493497	0.999999999926472	0.3859389190777269	17:44187492	ABF_AMBIGUOUS	PASS	1684	0.6141138667419265	0.3858861331845947	0.9999999999265212	0.3858861332129492	17:44187492	ABF_AMBIGUOUS	PASS	H3_H4_AMBIGUITY_TRIGGER	ABF_AMBIGUOUS	MODEL_SENSITIVE	AMBIGUITY_REMAINS_MODEL_SENSITIVE	NOT_COMPARABLE		1684	0.389294847304315	0.38929484733409	1	AMBIGUOUS	AMBIGUOUS	AMBIGUOUS	AMBIGUOUS	AMBIGUOUS	AMBIGUOUS	MODEL_SENSITIVE	False	False	True	False	False	False	AMBIGUOUS -> AMBIGUOUS -> AMBIGUOUS -> MODEL_SENSITIVE
R7B1_005483	51	KANSL1-AS1	Mono_NC	PRIMARY_184_TRIGGER_VERIFICATION	ABF_AMBIGUOUS	MODEL_SENSITIVE	1724	896495f56a8f74b164ea60fb441f2dafc22a2b12ce02c218408e2831efb818d3	1684	aebeffc9aa9576b72772a948bd5bbfb4f654a2836eecb568b4dfb180a7891314	40	0.0232018561484918	690	04ef8cdf3592e0fa3ea87ee79ab22df06ee884d47e054780d783276c56d02f86	e28de2e2cc5f37894fb6e714b1397e358f08dabea1fca72b5ee45dffdefa8f92	9fd30a1e1401671e0f0c641d3dcaf860f657be5d5e2cc63217ca9f82feb49156	0.8696810820594355	0.8688078739088879	1684	0	0	23286	24451.0	24510	0.0039331662489558	PASS	1724	0.6340332771265536	0.3659665942005287	0.9999998713270822	0.3659666412905242	17:43844559	ABF_AMBIGUOUS	PASS	1684	0.6315887738381212	0.368411096860338	0.9999998706984592	0.3684111444964667	17:43844559	ABF_AMBIGUOUS	PASS	1684	0.6315856912539747	0.3684141794451384	0.9999998706991132	0.3684142270814247	17:43844559	ABF_AMBIGUOUS	PASS	1684	0.6587983498829303	0.3412016500381938	0.999999999921124	0.3412016500651064	17:43844559	ABF_AMBIGUOUS	PASS	1684	0.6587910163808484	0.341208983540276	0.9999999999211244	0.341208983567189	17:43844559	ABF_AMBIGUOUS	PASS	1684	0.6588251229618066	0.3411748769593865	0.999999999921193	0.3411748769862734	17:43844559	ABF_AMBIGUOUS	PASS	H3_H4_AMBIGUITY_TRIGGER	ABF_AMBIGUOUS	MODEL_SENSITIVE	AMBIGUITY_REMAINS_MODEL_SENSITIVE	NOT_COMPARABLE		1684	0.363161714585638	0.363161714614597	1	AMBIGUOUS	AMBIGUOUS	AMBIGUOUS	AMBIGUOUS	AMBIGUOUS	AMBIGUOUS	MODEL_SENSITIVE	False	False	True	False	False	False	AMBIGUOUS -> AMBIGUOUS -> AMBIGUOUS -> MODEL_SENSITIVE
R7B1_005484	51	KANSL1-AS1	NK	PRIMARY_184_TRIGGER_VERIFICATION	ABF_AMBIGUOUS	MODEL_SENSITIVE	1724	896495f56a8f74b164ea60fb441f2dafc22a2b12ce02c218408e2831efb818d3	1684	aebeffc9aa9576b72772a948bd5bbfb4f654a2836eecb568b4dfb180a7891314	40	0.0232018561484918	980	5677c566a56afe595af96da7ac1b45d3b997f43eb18c535ec6cd8a471031e1bb	d87a2dfe1b00e8558261216976bc58746e3c1cf68a029df6ead339cbd3c9841d	852422874a7c91e959a026cd4c3e327af82f3f833b89d95a14251f3660b972bd	0.663956218270816	0.6628249504737234	1684	0	0	23286	24451.0	24510	0.0039331662489558	PASS	1724	0.6936427878480361	0.3063570714007894	0.9999998592488256	0.3063571145209131	17:43757450	ABF_AMBIGUOUS	PASS	1684	0.6917835895346968	0.3082162688599402	0.999999858394637	0.308216312505023	17:43757450	ABF_AMBIGUOUS	PASS	1684	0.6917847198390663	0.3082151385553799	0.9999998583944464	0.3082151822003615	17:43757450	ABF_AMBIGUOUS	PASS	1684	0.5117687433970999	0.4882312565416274	0.9999999999387272	0.4882312565715427	17:43757450	ABF_AMBIGUOUS	PASS	1684	0.5117722729433964	0.4882277269952794	0.999999999938676	0.4882277270252195	17:43757450	ABF_AMBIGUOUS	PASS	1684	0.5152588380416039	0.4847411618967508	0.9999999999383546	0.4847411619266328	17:43757450	ABF_AMBIGUOUS	PASS	H3_H4_AMBIGUITY_TRIGGER	ABF_AMBIGUOUS	MODEL_SENSITIVE	AMBIGUITY_REMAINS_MODEL_SENSITIVE	NOT_COMPARABLE		1684	0.275232295192799	0.275232295217772	1	AMBIGUOUS	AMBIGUOUS	AMBIGUOUS	AMBIGUOUS	AMBIGUOUS	AMBIGUOUS	MODEL_SENSITIVE	False	False	True	False	False	False	AMBIGUOUS -> AMBIGUOUS -> AMBIGUOUS -> MODEL_SENSITIVE
R7B1_005485	51	KANSL1-AS1	NK_R	PRIMARY_184_TRIGGER_VERIFICATION	ABF_AMBIGUOUS	MODEL_SENSITIVE	1724	896495f56a8f74b164ea60fb441f2dafc22a2b12ce02c218408e2831efb818d3	1684	aebeffc9aa9576b72772a948bd5bbfb4f654a2836eecb568b4dfb180a7891314	40	0.0232018561484918	750	43e51351db5416966f12448c572e0b891d3ecbc6f0ad12eb7ac3207d8fd247ae	b3c3b5c8d2b2131ce96dec87297ceba48076760bf8889267a40dbcca12a9fc87	534dcbe58925f7b090fc617a95be0057965e190ede006f88a6b8f04297b27fc1	0.9789929161960536	0.9786759706732516	1684	0	0	23286	24451.0	24510	0.0039331662489558	PASS	1724	0.614103064350101	0.3858968110153085	0.9999998753654096	0.3858968591114055	17:43987723	ABF_AMBIGUOUS	PASS	1684	0.6115757615396364	0.3884241132495001	0.9999998747891364	0.3884241618844248	17:43987723	ABF_AMBIGUOUS	PASS	1684	0.6115753599760938	0.3884245148131279	0.9999998747892218	0.3884245634480698	17:43987723	ABF_AMBIGUOUS	PASS	1684	0.6106504257119251	0.3893495742149627	0.9999999999268878	0.3893495742434288	17:44187492	ABF_AMBIGUOUS	PASS	1684	0.6106499798531647	0.3893500200737184	0.9999999999268832	0.3893500201021864	17:44187492	ABF_AMBIGUOUS	PASS	1684	0.6106721333295358	0.3893278665974016	0.9999999999269376	0.3893278666258469	17:44187492	ABF_AMBIGUOUS	PASS	H3_H4_AMBIGUITY_TRIGGER	ABF_AMBIGUOUS	MODEL_SENSITIVE	AMBIGUITY_REMAINS_MODEL_SENSITIVE	NOT_COMPARABLE		1684	0.390288156353666	0.390288156383469	1	AMBIGUOUS	AMBIGUOUS	AMBIGUOUS	AMBIGUOUS	AMBIGUOUS	AMBIGUOUS	MODEL_SENSITIVE	False	False	True	False	False	False	AMBIGUOUS -> AMBIGUOUS -> AMBIGUOUS -> MODEL_SENSITIVE
R7B1_005486	51	KANSL1-AS1	Plasma	PRIMARY_184_TRIGGER_VERIFICATION	ABF_AMBIGUOUS	MODEL_SENSITIVE	1724	896495f56a8f74b164ea60fb441f2dafc22a2b12ce02c218408e2831efb818d3	1684	aebeffc9aa9576b72772a948bd5bbfb4f654a2836eecb568b4dfb180a7891314	40	0.0232018561484918	253	37973cfe346dcef5f121e617bfa4ff26624677cf0e209732f7cc1a81d79dc9ea	44ffa0183d0343e5bc3b084e4041df7379cfdf3d2b4fad7e154c6f36fa1bda97	0bb766cf815ad78ccd115f3bc1781a2a1c8af9916725c9fc0ee1c207428205e3	0.9544071205550768	0.9537366764860352	1684	0	0	23286	24451.0	24510	0.0039331662489558	PASS	1724	0.6477096462218788	0.352289718032491	0.9999993642543696	0.3522899419992822	17:43780948	ABF_AMBIGUOUS	PASS	1684	0.6453024533740016	0.3546969078450111	0.9999993612190128	0.3546971344187968	17:43780948	ABF_AMBIGUOUS	PASS	1684	0.6452815958727177	0.3547177613823929	0.9999993572551108	0.3547179893755678	17:43780948	ABF_AMBIGUOUS	PASS	1684	0.6725761580495313	0.3274233138121731	0.9999994718617043	0.3274234867370553	17:43757450	ABF_AMBIGUOUS	PASS	1684	0.6725391242960607	0.3274603434421136	0.9999994677381744	0.3274605177368466	17:43757450	ABF_AMBIGUOUS	PASS	1684	0.6727261687572269	0.3272733029869136	0.9999994717441404	0.3272734758710449	17:43757450	ABF_AMBIGUOUS	PASS	H3_H4_AMBIGUITY_TRIGGER	ABF_AMBIGUOUS	MODEL_SENSITIVE	AMBIGUITY_REMAINS_MODEL_SENSITIVE	NOT_COMPARABLE		1684	0.329543877685485	0.32954388790987	1	AMBIGUOUS	AMBIGUOUS	AMBIGUOUS	AMBIGUOUS	AMBIGUOUS	AMBIGUOUS	MODEL_SENSITIVE	False	False	True	False	False	False	AMBIGUOUS -> AMBIGUOUS -> AMBIGUOUS -> MODEL_SENSITIVE
R7B1_005488	51	LRRC37A	CD4_NC	H3_RESCUE_FALSIFICATION	ABF_H3_DOMINANT	H3_SUPPORTED_STABLE	1724	896495f56a8f74b164ea60fb441f2dafc22a2b12ce02c218408e2831efb818d3	1684	aebeffc9aa9576b72772a948bd5bbfb4f654a2836eecb568b4dfb180a7891314	40	0.0232018561484918	980	f15450bb252b7329b07894776028b8f570be73713273ac4dc69177060450c3c4	3753468442ef16949b33ed1b27c55c19c49e8dfccef8a2a284dfe8c4f01842e8	c9e25b3e3c1c3150e048ae64e08b52ef7cdc0b958ea9671887627876332a8e65	1.0473256519481566	1.0477842521235028	1684	0	0	23286	24451.0	24510	0.0039331662489558	PASS	1724	0.999999676291611	3.4065956882885325e-08	0.999999710357568	3.406596674983478e-08	17:44090393	ABF_H3_DOMINANT	PASS	1684	0.9999993939109816	1.0557747417093992e-07	0.999999499488456	1.0557752701371101e-07	17:44147404	ABF_H3_DOMINANT	PASS	1684	0.9999993947807886	1.0534415086532973e-07	0.9999995001249394	1.0534420352426985e-07	17:44147404	ABF_H3_DOMINANT	PASS	1684	0.9999996026948502	1.01278712313706e-07	0.9999997039735624	1.0127874229489128e-07	17:44187492	ABF_H3_DOMINANT	PASS	1684	0.9999996035650304	1.010450125093758e-07	0.9999997046100428	1.0104504235706655e-07	17:44187492	ABF_H3_DOMINANT	PASS	1684	0.9999996026929602	1.0128069247785624e-07	0.9999997039736528	1.0128072245961857e-07	17:44187492	ABF_H3_DOMINANT	PASS	H3_DISTINCT_SIGNAL	ABF_H3_DOMINANT	H3_SUPPORTED_STABLE	STABLE_H3	MATCH		1684	3.04848203177628e-08	3.04848254523226e-08	1	H3	H3	H3	H3	H3	H3	H3	False	False	False	False	False	False	H3 -> H3 -> H3 -> H3
R7B1_005490	51	LRRC37A	CD8_NC	H3_RESCUE_FALSIFICATION	ABF_H3_DOMINANT	H3_SUPPORTED_STABLE	1724	896495f56a8f74b164ea60fb441f2dafc22a2b12ce02c218408e2831efb818d3	1684	aebeffc9aa9576b72772a948bd5bbfb4f654a2836eecb568b4dfb180a7891314	40	0.0232018561484918	980	28facc91811610b88579bc8ad6b15596f504d30347965281683a2969329d2cb5	3d3008be6115b2fac4bbb27047a791f0eec83dcc20548a97d729b48fa9a1f942	6fc5284665b5578cb461ac5cfb6a56ecd39c690e425a047137c551281a67683c	1.0527444225267868	1.0532876922878125	1684	0	0	23286	24451.0	24510	0.0039331662489558	PASS	1724	0.9646630485950036	0.0024270033021767	0.9670900518971802	0.0025095939074293	17:44081224	ABF_H3_DOMINANT	PASS	1684	0.9501988455232798	0.0034202976588082	0.953619143182088	0.0035866495374613	17:44081224	ABF_H3_DOMINANT	PASS	1684	0.9502388053720938	0.0034163921764827	0.9536551975485764	0.0035824186616554	17:44081224	ABF_H3_DOMINANT	PASS	1684	0.9502050983544528	0.0034139437151522	0.9536190420696052	0.0035799869387497	17:44187492	ABF_H3_DOMINANT	PASS	1684	0.9502450522874588	0.0034100446874672	0.953655096974926	0.003575763080682	17:44187492	ABF_H3_DOMINANT	PASS	1684	0.9502053020500572	0.0034137300874058	0.9536190321374632	0.003579762958122	17:44187492	ABF_H3_DOMINANT	PASS	H3_DISTINCT_SIGNAL	ABF_H3_DOMINANT	H3_SUPPORTED_STABLE	STABLE_H3	MATCH		1684	0.0019414029166694	0.0020234319403742	1	H3	H3	H3	H3	H3	H3	H3	False	False	False	False	False	False	H3 -> H3 -> H3 -> H3
R7B1_005492	51	LRRC37A2	B_IN	H3_RESCUE_FALSIFICATION	ABF_H3_DOMINANT	MODEL_SENSITIVE	1717	7b91845933db83401e0ceb5e067b45d45aaf3abb19439a75eebe5bff26d05e85	1677	ea0d261eb43a0405a5371bfae0ab32f1b787b6121796bb0054d2c2ab566c2465	40	0.023296447291788	975	9519c07616c42127db4057b1185ca4059f5a9b1a9d92cece6fb5323ccf2f6f5b	214363daf8f73f41ca0b390043d64a1e27fc374d5c3eee40ed5291d4d73503bd	99cc934a28a7bb95a7415dde24cf5c1b303a242b7dfb99eb602ec9d40757c700	1.0424394993448425	1.0428760910842516	1677	0	0	23286	24452.0	24510	0.0039331662489558	PASS	1717	0.8399341378333836	0.1587047877924596	0.9986389256258432	0.1589210912172284	17:44187492	ABF_H3_DOMINANT	PASS	1677	0.8330442162697251	0.1655366709970996	0.9985808872668248	0.1657719200396308	17:44187492	ABF_H3_DOMINANT	PASS	1677	0.8330620788971803	0.165519538359313	0.9985816172564934	0.165754641883016	17:44187492	ABF_H3_DOMINANT	PASS	1677	0.8328712675995064	0.1657100845750405	0.9985813521745468	0.1659455028017339	17:44187492	ABF_H3_DOMINANT	PASS	1677	0.8328891497236112	0.1656929322532821	0.9985820819768932	0.1659282048454742	17:44187492	ABF_H3_DOMINANT	PASS	1677	0.8328691949365032	0.1657121607642894	0.9985813557007928	0.1659475813545453	17:44187492	ABF_H3_DOMINANT	PASS	H3_DISTINCT_SIGNAL	ABF_H3_DOMINANT	MODEL_SENSITIVE	H3_TO_MODEL_SENSITIVE	NOT_COMPARABLE		1677	0.354303682669274	0.375241330970339	1	H3	H3	H3	H3	H3	H3	MODEL_SENSITIVE	False	False	True	False	False	False	H3 -> H3 -> H3 -> MODEL_SENSITIVE
R7B1_005493	51	LRRC37A2	B_MEM	PRIMARY_184_TRIGGER_VERIFICATION	ABF_AMBIGUOUS	MODEL_SENSITIVE	1717	7b91845933db83401e0ceb5e067b45d45aaf3abb19439a75eebe5bff26d05e85	1677	ea0d261eb43a0405a5371bfae0ab32f1b787b6121796bb0054d2c2ab566c2465	40	0.023296447291788	970	8a2eb90989612e1edd6411f8260b7d50bca71ca3454b0e78c4deff758069d545	0c8aeaea08952253492ed1bd8398da65b6aca61a10bfc50f0d91dd4e91672929	c5f849667548ce625479f6b7368dcc25b0e18383e9f87d1fd8749c4881634021	1.0400637971315667	1.0404031936523843	1677	0	0	23286	24452.0	24510	0.0039331662489558	PASS	1717	0.6197064707738998	0.3781382816861294	0.9978447524600292	0.3789550235684348	17:43828764	ABF_AMBIGUOUS	PASS	1677	0.6161799791172087	0.3816399659652172	0.997819945082426	0.3824737798097346	17:44187492	ABF_AMBIGUOUS	PASS	1677	0.6161810432007556	0.3816396712126959	0.9978207144134514	0.3824731895218621	17:44187492	ABF_AMBIGUOUS	PASS	1677	0.6232262573505144	0.3745689262883855	0.9977951836389	0.375396606869112	17:44187492	ABF_AMBIGUOUS	PASS	1677	0.6232279576777324	0.3745680018720392	0.9977959595497716	0.3753953884931072	17:44187492	ABF_AMBIGUOUS	PASS	1677	0.6232506956279439	0.3745444016932232	0.9977950973211672	0.3753720605551001	17:44187492	ABF_AMBIGUOUS	PASS	H3_H4_AMBIGUITY_TRIGGER	ABF_AMBIGUOUS	MODEL_SENSITIVE	AMBIGUITY_REMAINS_MODEL_SENSITIVE	NOT_COMPARABLE		1677	0.374295920399342	0.375090212009411	1	AMBIGUOUS	AMBIGUOUS	AMBIGUOUS	AMBIGUOUS	AMBIGUOUS	AMBIGUOUS	MODEL_SENSITIVE	False	False	True	False	False	False	AMBIGUOUS -> AMBIGUOUS -> AMBIGUOUS -> MODEL_SENSITIVE
R7B1_005494	51	LRRC37A2	CD4_ET	PRIMARY_184_TRIGGER_VERIFICATION	ABF_AMBIGUOUS	MODEL_SENSITIVE	1717	7b91845933db83401e0ceb5e067b45d45aaf3abb19439a75eebe5bff26d05e85	1677	ea0d261eb43a0405a5371bfae0ab32f1b787b6121796bb0054d2c2ab566c2465	40	0.023296447291788	980	1f87f049645624020e0f87f62a97a3f71b717610897f6f264fb67e760d8151cf	d1d487d0a352ea963b3a50ab57c1bdc8afe91e61d3221e96644be13c002866f2	044ff18f49e06cbc077691f4fe69fd8b337ea636a4e3f48fbfc001ef7873518c	1.0362771550357246	1.03663459227168	1677	0	0	23286	24452.0	24510	0.0039331662489558	PASS	1717	0.6113869030846698	0.3842675790031936	0.9956544820878634	0.3859447086477166	17:44161470	ABF_AMBIGUOUS	PASS	1677	0.6081397306900918	0.3874815567141186	0.9956212874042104	0.3891856889926116	17:44161470	ABF_AMBIGUOUS	PASS	1677	0.6081404843139618	0.3874821628062125	0.9956226471201745	0.389185766240854	17:44161470	ABF_AMBIGUOUS	PASS	1677	0.6094055519680863	0.3862067618719471	0.9956123138400336	0.3879087838742818	17:44187492	ABF_AMBIGUOUS	PASS	1677	0.609406403248353	0.386207272442574	0.9956136756909272	0.3879087660929902	17:44187492	ABF_AMBIGUOUS	PASS	1677	0.609411960088842	0.3862003076887931	0.9956122677776352	0.38790231919385	17:44187492	ABF_AMBIGUOUS	PASS	H3_H4_AMBIGUITY_TRIGGER	ABF_AMBIGUOUS	MODEL_SENSITIVE	AMBIGUITY_REMAINS_MODEL_SENSITIVE	NOT_COMPARABLE		1677	0.386327588554401	0.388001066554431	1	AMBIGUOUS	AMBIGUOUS	AMBIGUOUS	AMBIGUOUS	AMBIGUOUS	AMBIGUOUS	MODEL_SENSITIVE	False	False	True	False	False	False	AMBIGUOUS -> AMBIGUOUS -> AMBIGUOUS -> MODEL_SENSITIVE
R7B1_005495	51	LRRC37A2	CD4_NC	PRIMARY_184_TRIGGER_VERIFICATION	ABF_AMBIGUOUS	H3_SUPPORTED_STABLE	1717	7b91845933db83401e0ceb5e067b45d45aaf3abb19439a75eebe5bff26d05e85	1677	ea0d261eb43a0405a5371bfae0ab32f1b787b6121796bb0054d2c2ab566c2465	40	0.023296447291788	980	508e061dc4297f22b5b3be90554a95962ccb2ef1e481262509b17b2e44ffd9a0	3753468442ef16949b33ed1b27c55c19c49e8dfccef8a2a284dfe8c4f01842e8	c9e25b3e3c1c3150e048ae64e08b52ef7cdc0b958ea9671887627876332a8e65	0.946323950510204	0.946248181645862	1677	0	0	23286	24452.0	24510	0.0039331662489558	PASS	1717	0.6801247169387388	0.3198751450450037	0.9999998619837424	0.3198751891929802	17:43776741	ABF_AMBIGUOUS	PASS	1677	0.6776030407728025	0.322396820516148	0.9999998612889506	0.3223968652361555	17:43776741	ABF_AMBIGUOUS	PASS	1677	0.6776030982937982	0.3223967629951402	0.9999998612889384	0.3223968077151437	17:43776741	ABF_AMBIGUOUS	PASS	1677	0.7054515498161964	0.2945484500993617	0.9999999999155582	0.294548450124234	17:44187492	ABF_AMBIGUOUS	PASS	1677	0.7054510302929362	0.2945489696226183	0.9999999999155544	0.2945489696474916	17:44187492	ABF_AMBIGUOUS	PASS	1677	0.7055451441525641	0.2944548557630403	0.9999999999156044	0.294454855787891	17:44187492	ABF_AMBIGUOUS	PASS	H3_H4_AMBIGUITY_TRIGGER	ABF_AMBIGUOUS	H3_SUPPORTED_STABLE	AMBIGUITY_TO_H3	MATCH		1677	0.339891466823014	0.339891466851109	2	AMBIGUOUS	AMBIGUOUS	AMBIGUOUS	AMBIGUOUS	AMBIGUOUS	AMBIGUOUS	H3	False	False	True	False	False	False	AMBIGUOUS -> AMBIGUOUS -> AMBIGUOUS -> H3
R7B1_005496	51	LRRC37A2	CD8_ET	PRIMARY_184_TRIGGER_VERIFICATION	ABF_AMBIGUOUS	MODEL_SENSITIVE	1717	7b91845933db83401e0ceb5e067b45d45aaf3abb19439a75eebe5bff26d05e85	1677	ea0d261eb43a0405a5371bfae0ab32f1b787b6121796bb0054d2c2ab566c2465	40	0.023296447291788	980	d13608d43d16221fc5eb96015c8efde942a4bb92abf2ae559c2d4471dc6fc9be	04b9d65c2387120007b3356ac2be69a97e425a2683382e25807e05a84958789e	e78c09a43d69dd48bac4dc5980f3c664e2e08e62330132c78b915124828ec20f	1.013850081400704	1.013921757333992	1677	0	0	23286	24452.0	24510	0.0039331662489558	PASS	1717	0.6180921172405911	0.3819077573127414	0.9999998745533324	0.3819078052218028	17:43840016	ABF_AMBIGUOUS	PASS	1677	0.615395180074661	0.384604693929927	0.999999874004588	0.38460474238836	17:43840016	ABF_AMBIGUOUS	PASS	1677	0.6153953236951194	0.3846045503094449	0.9999998740045644	0.3846045987678689	17:43840016	ABF_AMBIGUOUS	PASS	1677	0.620288228197023	0.3797117717286538	0.9999999999256768	0.3797117717568752	17:44187492	ABF_AMBIGUOUS	PASS	1677	0.6202884600200853	0.3797115399055892	0.9999999999256746	0.3797115399338114	17:44187492	ABF_AMBIGUOUS	PASS	1677	0.620306391018499	0.3796936089072284	0.9999999999257274	0.3796936089354292	17:44187492	ABF_AMBIGUOUS	PASS	H3_H4_AMBIGUITY_TRIGGER	ABF_AMBIGUOUS	MODEL_SENSITIVE	AMBIGUITY_REMAINS_MODEL_SENSITIVE	NOT_COMPARABLE		1677	0.380537610988672	0.38053761101821	1	AMBIGUOUS	AMBIGUOUS	AMBIGUOUS	AMBIGUOUS	AMBIGUOUS	AMBIGUOUS	MODEL_SENSITIVE	False	False	True	False	False	False	AMBIGUOUS -> AMBIGUOUS -> AMBIGUOUS -> MODEL_SENSITIVE
R7B1_005497	51	LRRC37A2	CD8_NC	PRIMARY_184_TRIGGER_VERIFICATION	ABF_AMBIGUOUS	MODEL_SENSITIVE	1717	7b91845933db83401e0ceb5e067b45d45aaf3abb19439a75eebe5bff26d05e85	1677	ea0d261eb43a0405a5371bfae0ab32f1b787b6121796bb0054d2c2ab566c2465	40	0.023296447291788	980	bd4e186243ee8c9592ba6e340b064dbaa804c71528066946107099f07840a408	3d3008be6115b2fac4bbb27047a791f0eec83dcc20548a97d729b48fa9a1f942	6fc5284665b5578cb461ac5cfb6a56ecd39c690e425a047137c551281a67683c	1.0201732409093234	1.0203798632233705	1677	0	0	23286	24452.0	24510	0.0039331662489558	PASS	1717	0.6064594272691683	0.3935404493657604	0.9999998766349288	0.3935404979149119	17:44161470	ABF_AMBIGUOUS	PASS	1677	0.6032898954937248	0.3967099807076137	0.9999998762013383	0.3967100298197844	17:44161470	ABF_AMBIGUOUS	PASS	1677	0.6032896883893878	0.396710187812256	0.9999998762016438	0.3967102369243312	17:44161470	ABF_AMBIGUOUS	PASS	1677	0.600835540094455	0.399164459557028	0.999999999651483	0.3991644596961436	17:44187492	ABF_AMBIGUOUS	PASS	1677	0.6008352667603477	0.3991647328913947	0.9999999996517424	0.3991647330304069	17:44187492	ABF_AMBIGUOUS	PASS	1677	0.6008164562308163	0.3991835434207251	0.9999999996515414	0.399183543559824	17:44187492	ABF_AMBIGUOUS	PASS	H3_H4_AMBIGUITY_TRIGGER	ABF_AMBIGUOUS	MODEL_SENSITIVE	AMBIGUITY_REMAINS_MODEL_SENSITIVE	NOT_COMPARABLE		1677	0.399095433295229	0.399095433407631	1	AMBIGUOUS	AMBIGUOUS	AMBIGUOUS	AMBIGUOUS	AMBIGUOUS	AMBIGUOUS	MODEL_SENSITIVE	False	False	True	False	False	False	AMBIGUOUS -> AMBIGUOUS -> AMBIGUOUS -> MODEL_SENSITIVE
R7B1_005498	51	LRRC37A2	CD8_S100B	PRIMARY_184_TRIGGER_VERIFICATION	ABF_AMBIGUOUS	MODEL_SENSITIVE	1717	7b91845933db83401e0ceb5e067b45d45aaf3abb19439a75eebe5bff26d05e85	1677	ea0d261eb43a0405a5371bfae0ab32f1b787b6121796bb0054d2c2ab566c2465	40	0.023296447291788	959	c231a925d799e423cff21ab9406222bda534231cb2b0fd655fd5e256a896840b	89705cd7d3675390e4c73098b69eb13296a79cf7114266d0e279176a93cd3bd4	bf24da1d096374291a49e62380b7edb20c711a003b66dfc4f5faf83be46a8021	1.0487973417443734	1.0492555232030445	1677	0	0	23286	24452.0	24510	0.0039331662489558	PASS	1717	0.5466185453419525	0.3361340871108951	0.8827526324528476	0.3807794785917557	17:43903842	ABF_AMBIGUOUS	PASS	1677	0.5433802623325727	0.3385867019948592	0.8819669643274319	0.3838995287686969	17:43903842	ABF_AMBIGUOUS	PASS	1677	0.5433848469129355	0.338588799511464	0.8819736464243996	0.3838989984384833	17:43903842	ABF_AMBIGUOUS	PASS	1677	0.5450553062246396	0.3365486099027797	0.8816039161274194	0.3817458200289322	17:44187492	ABF_AMBIGUOUS	PASS	1677	0.545060092886969	0.3365504851433699	0.8816105780303389	0.3817450624234549	17:44187492	ABF_AMBIGUOUS	PASS	1677	0.5450627977263304	0.3365394940916204	0.8816022918179508	0.3817361833277938	17:44187492	ABF_AMBIGUOUS	PASS	H3_H4_AMBIGUITY_TRIGGER	ABF_AMBIGUOUS	MODEL_SENSITIVE	AMBIGUITY_REMAINS_MODEL_SENSITIVE	NOT_COMPARABLE		1677	0.335188669781032	0.381878133476796	1	AMBIGUOUS	AMBIGUOUS	AMBIGUOUS	AMBIGUOUS	AMBIGUOUS	AMBIGUOUS	MODEL_SENSITIVE	False	False	True	False	False	False	AMBIGUOUS -> AMBIGUOUS -> AMBIGUOUS -> MODEL_SENSITIVE
R7B1_005502	51	LRRC37A2	NK	PRIMARY_184_TRIGGER_VERIFICATION	ABF_AMBIGUOUS	MODEL_SENSITIVE	1717	7b91845933db83401e0ceb5e067b45d45aaf3abb19439a75eebe5bff26d05e85	1677	ea0d261eb43a0405a5371bfae0ab32f1b787b6121796bb0054d2c2ab566c2465	40	0.023296447291788	980	41441559a6fde42130d55ce9d1ca678808f59e26de3aba01a64dc8b48421c761	d87a2dfe1b00e8558261216976bc58746e3c1cf68a029df6ead339cbd3c9841d	852422874a7c91e959a026cd4c3e327af82f3f833b89d95a14251f3660b972bd	1.001454448760851	1.0016753670126886	1677	0	0	23286	24452.0	24510	0.0039331662489558	PASS	1717	0.6103978188462009	0.3896020545042157	0.9999998733504166	0.3896021038471598	17:43946318	ABF_AMBIGUOUS	PASS	1677	0.605084182717622	0.394915690594691	0.999999873312313	0.3949157406256528	17:43946318	ABF_AMBIGUOUS	PASS	1677	0.6050840260378029	0.3949158472770945	0.9999998733148974	0.3949158973070555	17:43946318	ABF_AMBIGUOUS	PASS	1677	0.6025909184762165	0.3974090786631797	0.9999999971393962	0.3974090798000096	17:44187492	ABF_AMBIGUOUS	PASS	1677	0.6025906881651082	0.3974093089768371	0.9999999971419452	0.3974093101126546	17:44187492	ABF_AMBIGUOUS	PASS	1677	0.602569851002727	0.3974301461368223	0.9999999971395492	0.3974301472736516	17:44187492	ABF_AMBIGUOUS	PASS	H3_H4_AMBIGUITY_TRIGGER	ABF_AMBIGUOUS	MODEL_SENSITIVE	AMBIGUITY_REMAINS_MODEL_SENSITIVE	NOT_COMPARABLE		1677	0.397356735270614	0.397356736120934	1	AMBIGUOUS	AMBIGUOUS	AMBIGUOUS	AMBIGUOUS	AMBIGUOUS	AMBIGUOUS	MODEL_SENSITIVE	False	False	True	False	False	False	AMBIGUOUS -> AMBIGUOUS -> AMBIGUOUS -> MODEL_SENSITIVE
R7B1_005503	51	LRRC37A2	NK_R	PRIMARY_184_TRIGGER_VERIFICATION	ABF_AMBIGUOUS	MODEL_SENSITIVE	1717	7b91845933db83401e0ceb5e067b45d45aaf3abb19439a75eebe5bff26d05e85	1677	ea0d261eb43a0405a5371bfae0ab32f1b787b6121796bb0054d2c2ab566c2465	40	0.023296447291788	750	52814a24beb4ad53040962df395cf8d9d772cd9c9133524c5ee56cfbe79d3846	b3c3b5c8d2b2131ce96dec87297ceba48076760bf8889267a40dbcca12a9fc87	534dcbe58925f7b090fc617a95be0057965e190ede006f88a6b8f04297b27fc1	1.0586305079732194	1.0591427115854652	1677	0	0	23286	24452.0	24510	0.0039331662489558	PASS	1717	0.5098770187374492	0.3202056246236084	0.8300826433610576	0.3857514997869073	17:44187492	ABF_AMBIGUOUS	PASS	1677	0.5063281895190272	0.3225685716286476	0.8288967611476749	0.3891540982522663	17:44187492	ABF_AMBIGUOUS	PASS	1677	0.5063403278212274	0.3225769960187013	0.8289173238399288	0.3891546077531295	17:44187492	ABF_AMBIGUOUS	PASS	1677	0.5069202092719861	0.3217770243744222	0.8286972336464082	0.3882926252312304	17:44187492	ABF_AMBIGUOUS	PASS	1677	0.5069324726090588	0.3217853103361997	0.8287177829452586	0.3882929954665344	17:44187492	ABF_AMBIGUOUS	PASS	1677	0.5069165418674029	0.3217819286570243	0.8286984705244271	0.3882979637375103	17:44187492	ABF_AMBIGUOUS	PASS	H3_H4_AMBIGUITY_TRIGGER	ABF_AMBIGUOUS	MODEL_SENSITIVE	AMBIGUITY_REMAINS_MODEL_SENSITIVE	NOT_COMPARABLE		1677	0.320837154065356	0.388391740426253	1	AMBIGUOUS	AMBIGUOUS	AMBIGUOUS	AMBIGUOUS	AMBIGUOUS	AMBIGUOUS	MODEL_SENSITIVE	False	False	True	False	False	False	AMBIGUOUS -> AMBIGUOUS -> AMBIGUOUS -> MODEL_SENSITIVE
R7B1_005507	51	NSF	CD4_NC	H3_RESCUE_FALSIFICATION	ABF_H3_DOMINANT	H3_SUPPORTED_STABLE	1627	b11e8a2c1e42105fe897573444a2f795c2b6743bdedd51a873098376eaaea27f	1587	e721a585b003248eefa7d342d3bffce4e24ad979210114bede71766877e8f802	40	0.0245851259987707	980	8b12ec7b6455766d3e575f24306c904541c975ae61af4c4b1de0596068164052	3753468442ef16949b33ed1b27c55c19c49e8dfccef8a2a284dfe8c4f01842e8	c9e25b3e3c1c3150e048ae64e08b52ef7cdc0b958ea9671887627876332a8e65	0.972981076097929	0.973440849972677	1587	0	0	23286	24455.0	24510	0.0039331662489558	PASS	1627	0.997042448801836	0.0005430599772662	0.997585508779102	0.0005443743643899	17:44187492	ABF_H3_DOMINANT	PASS	1587	0.9930172471163744	0.0012826031211317	0.9942998502375062	0.0012899560638829	17:44187492	ABF_H3_DOMINANT	PASS	1587	0.9930255460442784	0.0012808546080085	0.9943064006522868	0.001288189040288	17:44187492	ABF_H3_DOMINANT	PASS	1587	0.9930252140486642	0.0012748026768077	0.994300016725472	0.0012821106862756	17:44187492	ABF_H3_DOMINANT	PASS	1587	0.9930335033474308	0.0012730639012268	0.9943065672486576	0.0012803535078215	17:44187492	ABF_H3_DOMINANT	PASS	1587	0.9930252792216988	0.0012747371301419	0.9943000163518408	0.0012820447643348	17:44187492	ABF_H3_DOMINANT	PASS	H3_DISTINCT_SIGNAL	ABF_H3_DOMINANT	H3_SUPPORTED_STABLE	STABLE_H3	MATCH		1587	0.364429754274766	0.3970062909333	2	H3	H3	H3	H3	H3	H3	H3	False	False	False	False	False	False	H3 -> H3 -> H3 -> H3
R7B1_005523	51	RP11-669E14.6	B_IN	PRIMARY_184_TRIGGER_VERIFICATION	ABF_AMBIGUOUS	MODEL_SENSITIVE	1724	896495f56a8f74b164ea60fb441f2dafc22a2b12ce02c218408e2831efb818d3	1684	aebeffc9aa9576b72772a948bd5bbfb4f654a2836eecb568b4dfb180a7891314	40	0.0232018561484918	975	fe636ca099151e762243fecbc329f2597dfff405c1c40a7e921897244667382e	214363daf8f73f41ca0b390043d64a1e27fc374d5c3eee40ed5291d4d73503bd	99cc934a28a7bb95a7415dde24cf5c1b303a242b7dfb99eb602ec9d40757c700	1.040083697505217	1.040471324494382	1684	0	0	23286	24451.0	24510	0.0039331662489558	PASS	1724	0.6153820431828818	0.3758049237477773	0.9911869669306592	0.3791463530957299	17:43988205	ABF_AMBIGUOUS	PASS	1684	0.6117153848460268	0.3793906469255876	0.9911060317716144	0.382795215409417	17:43988205	ABF_AMBIGUOUS	PASS	1684	0.6117163306964141	0.3793921506217092	0.9911084813181232	0.3827957865087958	17:43988205	ABF_AMBIGUOUS	PASS	1684	0.6113744483297207	0.3797366592628761	0.9911111075925968	0.3831423705716045	17:44187492	ABF_AMBIGUOUS	PASS	1684	0.6113753721039588	0.3797381839845478	0.9911135560885064	0.3831429624302678	17:44187492	ABF_AMBIGUOUS	PASS	1684	0.6113814823877511	0.3797295231025284	0.9911110054902796	0.383135209879629	17:44187492	ABF_AMBIGUOUS	PASS	H3_H4_AMBIGUITY_TRIGGER	ABF_AMBIGUOUS	MODEL_SENSITIVE	AMBIGUITY_REMAINS_MODEL_SENSITIVE	NOT_COMPARABLE		1684	0.3805024700972	0.383918610568765	1	AMBIGUOUS	AMBIGUOUS	AMBIGUOUS	AMBIGUOUS	AMBIGUOUS	AMBIGUOUS	MODEL_SENSITIVE	False	False	True	False	False	False	AMBIGUOUS -> AMBIGUOUS -> AMBIGUOUS -> MODEL_SENSITIVE
R7B1_005524	51	RP11-669E14.6	CD4_NC	PRIMARY_184_TRIGGER_VERIFICATION	ABF_AMBIGUOUS	MODEL_SENSITIVE	1724	896495f56a8f74b164ea60fb441f2dafc22a2b12ce02c218408e2831efb818d3	1684	aebeffc9aa9576b72772a948bd5bbfb4f654a2836eecb568b4dfb180a7891314	40	0.0232018561484918	980	8d1ac59c098977bc1d907b1baef2d9ab85725bdc3833913b95156b04b9529f18	3753468442ef16949b33ed1b27c55c19c49e8dfccef8a2a284dfe8c4f01842e8	c9e25b3e3c1c3150e048ae64e08b52ef7cdc0b958ea9671887627876332a8e65	0.9426434945676924	0.9423231674256508	1684	0	0	23286	24451.0	24510	0.0039331662489558	PASS	1724	0.5997159625685937	0.4002839157119819	0.9999998782805756	0.4002839644343157	17:44165049	ABF_AMBIGUOUS	PASS	1684	0.5925779248629921	0.407421953809313	0.9999998786723052	0.4074220032408855	17:44165049	ABF_AMBIGUOUS	PASS	1684	0.5925786205719418	0.4074212581002117	0.9999998786721536	0.4074213075317615	17:44165049	ABF_AMBIGUOUS	PASS	1684	0.5838339512555066	0.4161660486745829	0.9999999999300896	0.4161660487036773	17:44165049	ABF_AMBIGUOUS	PASS	1684	0.5838346750018157	0.416165324928271	0.9999999999300868	0.4161653249573664	17:44165049	ABF_AMBIGUOUS	PASS	1684	0.583800048703481	0.41619995122667	0.999999999930151	0.4161999512557411	17:44165049	ABF_AMBIGUOUS	PASS	H3_H4_AMBIGUITY_TRIGGER	ABF_AMBIGUOUS	MODEL_SENSITIVE	AMBIGUITY_REMAINS_MODEL_SENSITIVE	NOT_COMPARABLE		1684	0.412466336615305	0.412466336645653	1	AMBIGUOUS	AMBIGUOUS	AMBIGUOUS	AMBIGUOUS	AMBIGUOUS	AMBIGUOUS	MODEL_SENSITIVE	False	False	True	False	False	False	AMBIGUOUS -> AMBIGUOUS -> AMBIGUOUS -> MODEL_SENSITIVE
R7B1_005525	51	RP11-669E14.6	CD8_ET	PRIMARY_184_TRIGGER_VERIFICATION	ABF_AMBIGUOUS	MODEL_SENSITIVE	1724	896495f56a8f74b164ea60fb441f2dafc22a2b12ce02c218408e2831efb818d3	1684	aebeffc9aa9576b72772a948bd5bbfb4f654a2836eecb568b4dfb180a7891314	40	0.0232018561484918	980	5e5bcad29a11446ad3ec2611ad079ffb2f149d919a4695742a388b599cafec87	04b9d65c2387120007b3356ac2be69a97e425a2683382e25807e05a84958789e	e78c09a43d69dd48bac4dc5980f3c664e2e08e62330132c78b915124828ec20f	1.0240448250644263	1.0242178053215925	1684	0	0	23286	24451.0	24510	0.0039331662489558	PASS	1724	0.6095653630416706	0.3904345125940883	0.9999998756357588	0.3904345611501862	17:43987723	ABF_AMBIGUOUS	PASS	1684	0.606666972964453	0.3933329021745289	0.999999875138982	0.3933329512864816	17:43987723	ABF_AMBIGUOUS	PASS	1684	0.6066669278137203	0.3933329473257679	0.9999998751394884	0.3933329964375271	17:43987723	ABF_AMBIGUOUS	PASS	1684	0.6068720045671616	0.3931279947064482	0.9999999992736098	0.3931279949920125	17:44187492	ABF_AMBIGUOUS	PASS	1684	0.606871980001046	0.3931280192730574	0.9999999992741035	0.3931280195584277	17:44187492	ABF_AMBIGUOUS	PASS	1684	0.6068660714894331	0.3931339277842344	0.9999999992736676	0.3931339280697803	17:44187492	ABF_AMBIGUOUS	PASS	H3_H4_AMBIGUITY_TRIGGER	ABF_AMBIGUOUS	MODEL_SENSITIVE	AMBIGUITY_REMAINS_MODEL_SENSITIVE	NOT_COMPARABLE		1684	0.393140910052688	0.393140910273515	1	AMBIGUOUS	AMBIGUOUS	AMBIGUOUS	AMBIGUOUS	AMBIGUOUS	AMBIGUOUS	MODEL_SENSITIVE	False	False	True	False	False	False	AMBIGUOUS -> AMBIGUOUS -> AMBIGUOUS -> MODEL_SENSITIVE
R7B1_005526	51	RP11-669E14.6	CD8_NC	PRIMARY_184_TRIGGER_VERIFICATION	ABF_AMBIGUOUS	MODEL_SENSITIVE	1724	896495f56a8f74b164ea60fb441f2dafc22a2b12ce02c218408e2831efb818d3	1684	aebeffc9aa9576b72772a948bd5bbfb4f654a2836eecb568b4dfb180a7891314	40	0.0232018561484918	980	b24e13e617cbf9aee553c8295191c583fc2ba0d8e53e7ab3bfdab0ff033ed8ca	3d3008be6115b2fac4bbb27047a791f0eec83dcc20548a97d729b48fa9a1f942	6fc5284665b5578cb461ac5cfb6a56ecd39c690e425a047137c551281a67683c	1.0143989769744746	1.0145605673520437	1684	0	0	23286	24451.0	24510	0.0039331662489558	PASS	1724	0.5972999734741319	0.4026999052940993	0.9999998787682312	0.402699954114127	17:43987723	ABF_AMBIGUOUS	PASS	1684	0.5942758231632178	0.4057240551601304	0.999999878323348	0.405724104527281	17:43987723	ABF_AMBIGUOUS	PASS	1684	0.5942755524690753	0.4057243258543281	0.9999998783234034	0.4057243752214892	17:43987723	ABF_AMBIGUOUS	PASS	1684	0.5782240579354526	0.421775941993454	0.9999999999289066	0.4217759420234395	17:44187492	ABF_AMBIGUOUS	PASS	1684	0.5782234747680164	0.4217765251608941	0.9999999999289104	0.421776525190878	17:44187492	ABF_AMBIGUOUS	PASS	1684	0.5781992770734127	0.4218007228555472	0.99999999992896	0.4218007228855119	17:44187492	ABF_AMBIGUOUS	PASS	H3_H4_AMBIGUITY_TRIGGER	ABF_AMBIGUOUS	MODEL_SENSITIVE	AMBIGUITY_REMAINS_MODEL_SENSITIVE	NOT_COMPARABLE		1684	0.420958341947633	0.4209583419788	1	AMBIGUOUS	AMBIGUOUS	AMBIGUOUS	AMBIGUOUS	AMBIGUOUS	AMBIGUOUS	MODEL_SENSITIVE	False	False	True	False	False	False	AMBIGUOUS -> AMBIGUOUS -> AMBIGUOUS -> MODEL_SENSITIVE
R7B1_005527	51	RP11-669E14.6	NK	PRIMARY_184_TRIGGER_VERIFICATION	ABF_AMBIGUOUS	MODEL_SENSITIVE	1724	896495f56a8f74b164ea60fb441f2dafc22a2b12ce02c218408e2831efb818d3	1684	aebeffc9aa9576b72772a948bd5bbfb4f654a2836eecb568b4dfb180a7891314	40	0.0232018561484918	980	caddefb6fef1eb976bd1be1a81d3c098e1acbcb8a5b27ee968357b5b472dad1f	d87a2dfe1b00e8558261216976bc58746e3c1cf68a029df6ead339cbd3c9841d	852422874a7c91e959a026cd4c3e327af82f3f833b89d95a14251f3660b972bd	1.0018293001265055	1.0018393895773845	1684	0	0	23286	24451.0	24510	0.0039331662489558	PASS	1724	0.6096913456141153	0.3903085306452183	0.9999998762593336	0.3903085789422619	17:44077850	ABF_AMBIGUOUS	PASS	1684	0.6065929188705275	0.3934069569371018	0.9999998758076292	0.3934070057952505	17:44077850	ABF_AMBIGUOUS	PASS	1684	0.6065929082218864	0.3934069675857454	0.9999998758076318	0.3934070164438945	17:44077850	ABF_AMBIGUOUS	PASS	1684	0.607706046306324	0.3922939536209106	0.9999999999272348	0.392293953649456	17:44187492	ABF_AMBIGUOUS	PASS	1684	0.6077060413437763	0.3922939585834564	0.9999999999272328	0.3922939586120026	17:44187492	ABF_AMBIGUOUS	PASS	1684	0.6076936959951789	0.3923063039321102	0.999999999927289	0.3923063039606352	17:44187492	ABF_AMBIGUOUS	PASS	H3_H4_AMBIGUITY_TRIGGER	ABF_AMBIGUOUS	MODEL_SENSITIVE	AMBIGUITY_REMAINS_MODEL_SENSITIVE	NOT_COMPARABLE		1684	0.392687071422943	0.392687071452809	1	AMBIGUOUS	AMBIGUOUS	AMBIGUOUS	AMBIGUOUS	AMBIGUOUS	AMBIGUOUS	MODEL_SENSITIVE	False	False	True	False	False	False	AMBIGUOUS -> AMBIGUOUS -> AMBIGUOUS -> MODEL_SENSITIVE
R7B1_005528	51	RP11-798G7.5	CD4_NC	PRIMARY_184_TRIGGER_VERIFICATION	ABF_AMBIGUOUS	MODEL_SENSITIVE	1724	896495f56a8f74b164ea60fb441f2dafc22a2b12ce02c218408e2831efb818d3	1684	aebeffc9aa9576b72772a948bd5bbfb4f654a2836eecb568b4dfb180a7891314	40	0.0232018561484918	980	28d448806e34160c97eca113cf9024fa134f7f33df73d1d14bb63b114b519377	3753468442ef16949b33ed1b27c55c19c49e8dfccef8a2a284dfe8c4f01842e8	c9e25b3e3c1c3150e048ae64e08b52ef7cdc0b958ea9671887627876332a8e65	1.0295629513391014	1.0298651290689669	1684	0	0	23286	24451.0	24510	0.0039331662489558	PASS	1724	0.6094151134792717	0.3905258963775354	0.9999410098568072	0.3905489349151298	17:44187492	ABF_AMBIGUOUS	PASS	1684	0.6060372415203913	0.3939032746278942	0.9999405161482856	0.3939267069057142	17:44187492	ABF_AMBIGUOUS	PASS	1684	0.6060370627779567	0.3939034861625272	0.9999405489404838	0.3939269055344331	17:44187492	ABF_AMBIGUOUS	PASS	1684	0.6044372385976289	0.3955035580268626	0.9999407966244916	0.3955269745588612	17:44187492	ABF_AMBIGUOUS	PASS	1684	0.6044369895739237	0.3955038397632064	0.99994082933713	0.3955272433723798	17:44187492	ABF_AMBIGUOUS	PASS	1684	0.6044307786326584	0.3955100186235746	0.9999407972562332	0.3955334352881953	17:44187492	ABF_AMBIGUOUS	PASS	H3_H4_AMBIGUITY_TRIGGER	ABF_AMBIGUOUS	MODEL_SENSITIVE	AMBIGUITY_REMAINS_MODEL_SENSITIVE	NOT_COMPARABLE		1684	0.39562832919821	0.39564862850095	1	AMBIGUOUS	AMBIGUOUS	AMBIGUOUS	AMBIGUOUS	AMBIGUOUS	AMBIGUOUS	MODEL_SENSITIVE	False	False	True	False	False	False	AMBIGUOUS -> AMBIGUOUS -> AMBIGUOUS -> MODEL_SENSITIVE
R7B1_005534	51	RP11-798G7.6	CD4_NC	H3_RESCUE_FALSIFICATION	ABF_H3_DOMINANT	UNINFORMATIVE	1724	896495f56a8f74b164ea60fb441f2dafc22a2b12ce02c218408e2831efb818d3	1684	aebeffc9aa9576b72772a948bd5bbfb4f654a2836eecb568b4dfb180a7891314	40	0.0232018561484918	980	6055c294d8c70cec59ce93e4ecbbbf7c67d5128db421b54a7acec584a1b45b23	3753468442ef16949b33ed1b27c55c19c49e8dfccef8a2a284dfe8c4f01842e8	c9e25b3e3c1c3150e048ae64e08b52ef7cdc0b958ea9671887627876332a8e65	1.033682571933474	1.0341119955639024	1684	0	0	23286	24451.0	24510	0.0039331662489558	PASS	1724	0.9888567429690276	0.0080436817205928	0.9969004246896204	0.0080686912367372	17:44081224	ABF_H3_DOMINANT	PASS	1684	0.9884441881696864	0.0083422065620978	0.9967863947317844	0.0083691015509321	17:44081224	ABF_H3_DOMINANT	PASS	1684	0.9884503844589404	0.0083378326867151	0.9967882171456554	0.0083646982812365	17:44081224	ABF_H3_DOMINANT	PASS	1684	0.9884834011536926	0.0083030690072045	0.9967864701608972	0.0083298371875616	17:44187492	ABF_H3_DOMINANT	PASS	1684	0.9884895811237964	0.0082987115778563	0.9967882927016526	0.0083254504879505	17:44187492	ABF_H3_DOMINANT	PASS	1684	0.9884835614269706	0.0083029082134954	0.996786469640466	0.0083296758798203	17:44187492	ABF_H3_DOMINANT	PASS	H3_DISTINCT_SIGNAL	ABF_H3_DOMINANT	UNINFORMATIVE	H3_TO_UNINFORMATIVE	NOT_COMPARABLE		1684			0	H3	H3	H3	H3	H3	H3	UNINFORMATIVE	False	False	True	False	False	False	H3 -> H3 -> H3 -> UNINFORMATIVE
R7B1_005574	53	C19orf38	DC	PRIMARY_184_TRIGGER_VERIFICATION	ABF_H4_DOMINANT	UNINFORMATIVE	492	de8d3a7f545b4a9a1a1cd606062e0cd88c3645daa95e4792fe39433bc974a06a	415	e26883d3b8c6afacf03766da602c74375dd4104bcac95f1163c34381bdf8fbb0	77	0.1565040650406504	726	82d4096d4119c3f27f46c08af477dc295b1d67bb9c9f2829bc91a10fcc428628	5594ca970aead142c6d635bf40af4956e6d5599ecd6e6622b1c732500d623582	a5e1c3dd38e9d303ff30dec63d197df4cc65ae80ca849b8c355c2a2fbd00e301	0.8587593377629871	0.8591469537715725	415	0	0	23290	24035.0	24509	0.0027187378262558	PASS	492	0.0076367910224006	0.945308656132798	0.9529454471551986	0.9919861194098796	19:10475652	ABF_H4_DOMINANT	PASS	415	0.0059530655389141	0.9465687441360976	0.9525218096750118	0.9937502055297346	19:10475652	ABF_H4_DOMINANT	PASS	415	0.0059516075233643	0.9465842646179936	0.952535872141358	0.9937518284639668	19:10475652	ABF_H4_DOMINANT	PASS	415	0.0059530653223917	0.9465687458327048	0.9525218111550968	0.9937502057667608	19:10477067	ABF_H4_DOMINANT	PASS	415	0.0059516073068815	0.9465842663141578	0.9525358736210394	0.9937518287009426	19:10477067	ABF_H4_DOMINANT	PASS	415	0.0059530653224331	0.9465687458323752	0.9525218111548084	0.9937502057667152	19:10477067	ABF_H4_DOMINANT	PASS	ROBUST_H4_TRIGGER	ABF_H4_DOMINANT	UNINFORMATIVE	H4_TO_UNINFORMATIVE	NOT_COMPARABLE		415			0	H4	H4	H4	H4	H4	H4	UNINFORMATIVE	False	False	True	False	False	False	H4 -> H4 -> H4 -> UNINFORMATIVE
R7B1_005591	53	C19orf66	NK	H3_RESCUE_FALSIFICATION	ABF_H3_DOMINANT	H3_SUPPORTED_STABLE	528	ca6d474e2e5387b1fdb3a0091598b3765a888e45eaf05d6706ef44cc5084b5ae	450	f806e1c7e3881e7adb896c392513cbcb4710e453cdb06e82b3b91f92d4130839	78	0.1477272727272727	980	ae2d5066988cbcdf48da5738cdebaaced4c56ca0ea9e411b7ad20fabab3cf9ff	8d935f080f33888d809c2ac02e9ba378c3ecabdd11491f71d4ab9ed76c6aa762	4db9dcc5a2124edfd0ca5b1aa491d4ed6a76e1e29d7a3bdc62fc6310ddc56df2	0.8121618642175853	0.8122222719299528	450	0	0	23290	24095.5	24510	0.0027187378262558	PASS	528	0.9953870820015764	0.0004683378268325	0.9958554198284087	0.0004702869688787	19:10475652	ABF_H3_DOMINANT	PASS	450	0.9953920860727076	0.0004632125566517	0.9958552986293592	0.0004651404248079	19:10475652	ABF_H3_DOMINANT	PASS	450	0.9953925897996888	0.0004631415116247	0.9958557313113136	0.0004650688820306	19:10475652	ABF_H3_DOMINANT	PASS	450	0.9953920861051534	0.0004632125573171	0.9958552986624706	0.0004651404254607	19:10477067	ABF_H3_DOMINANT	PASS	450	0.9953925898321314	0.0004631415122889	0.9958557313444204	0.0004650688826821	19:10477067	ABF_H3_DOMINANT	PASS	450	0.9953920861051534	0.0004632125573155	0.9958552986624688	0.000465140425459	19:10477067	ABF_H3_DOMINANT	PASS	H3_DISTINCT_SIGNAL	ABF_H3_DOMINANT	H3_SUPPORTED_STABLE	STABLE_H3	MATCH		450	0.000353189502542	0.0003549700333884	1	H3	H3	H3	H3	H3	H3	H3	False	False	False	False	False	False	H3 -> H3 -> H3 -> H3
R7B1_005596	53	COL5A3	CD8_ET	H3_RESCUE_FALSIFICATION	ABF_H3_DOMINANT	H3_SUPPORTED_STABLE	528	ca6d474e2e5387b1fdb3a0091598b3765a888e45eaf05d6706ef44cc5084b5ae	450	f806e1c7e3881e7adb896c392513cbcb4710e453cdb06e82b3b91f92d4130839	78	0.1477272727272727	980	1b2b6ee5b728a5b83bed1643a9b4014a4af1aea17024e13d4adc024a811d02a6	c365699c086654532a7f7c63e78f902da49ca784868ebf646fd65b014c50c644	4bdf32216c5785499449ea2e36986e25de9cce6ab367853a058a0e276fb3ac07	1.0012393294569657	1.0015421796003685	450	0	0	23290	24095.5	24510	0.0027187378262558	PASS	528	0.999244261873412	4.078707187546249e-05	0.9992850489452876	4.081625349895098e-05	19:10475652	ABF_H3_DOMINANT	PASS	450	0.998992242336046	5.4500061587788766e-05	0.999046742397634	5.455206375729016e-05	19:10475652	ABF_H3_DOMINANT	PASS	450	0.9989930786296032	5.444257955282147e-05	0.999047521209156	5.4494484393424186e-05	19:10475652	ABF_H3_DOMINANT	PASS	450	0.9989922423698055	5.450006105870799e-05	0.9990467424308642	5.455206322589005e-05	19:10477067	ABF_H3_DOMINANT	PASS	450	0.9989930786633556	5.444257902332428e-05	0.9990475212423788	5.449448386161e-05	19:10477067	ABF_H3_DOMINANT	PASS	450	0.9989922423697984	5.450006105869096e-05	0.9990467424308572	5.4552063225873385e-05	19:10477067	ABF_H3_DOMINANT	PASS	H3_DISTINCT_SIGNAL	ABF_H3_DOMINANT	H3_SUPPORTED_STABLE	STABLE_H3	MATCH		450	2.42124456287685e-05	2.42300295547585e-05	1	H3	H3	H3	H3	H3	H3	H3	False	False	False	False	False	False	H3 -> H3 -> H3 -> H3
R7B1_005597	53	COL5A3	CD8_S100B	H3_RESCUE_FALSIFICATION	ABF_H3_DOMINANT	H3_SUPPORTED_STABLE	528	ca6d474e2e5387b1fdb3a0091598b3765a888e45eaf05d6706ef44cc5084b5ae	450	f806e1c7e3881e7adb896c392513cbcb4710e453cdb06e82b3b91f92d4130839	78	0.1477272727272727	959	faf34d9fe858c5e1072af7902b605e5aa7f7cf1dd61568a0b7e79ce71a8d39fa	3a1007491814eb33935f98af04b66fef26f73309850fe630c5ff84f334ec278c	d1c5a0a2896924e344c9fe0b68c0cff3a15f94a92374a238fb645057391cd803	0.982076802341962	0.9825321402822093	450	0	0	23290	24095.5	24510	0.0027187378262558	PASS	528	0.999999999966036	7.229434759021875e-13	0.999999999966759	7.22943475926219e-13	19:10120244	ABF_H3_DOMINANT	PASS	450	0.999999999964416	7.538077559023421e-13	0.99999999996517	7.538077559285973e-13	19:10120244	ABF_H3_DOMINANT	PASS	450	0.999999999964416	7.536248299006696e-13	0.9999999999651696	7.536248299269187e-13	19:10120244	ABF_H3_DOMINANT	PASS	450	0.9999999999983727	5.4952693472273836e-14	0.9999999999984278	5.495269347236023e-14	19:10477067	ABF_H3_DOMINANT	PASS	450	0.9999999999983727	5.4770543123092063e-14	0.9999999999984276	5.4770543123178194e-14	19:10477067	ABF_H3_DOMINANT	PASS	450	0.9999999999983727	5.4980390622123454e-14	0.9999999999984278	5.4980390622209895e-14	19:10477067	ABF_H3_DOMINANT	PASS	H3_DISTINCT_SIGNAL	ABF_H3_DOMINANT	H3_SUPPORTED_STABLE	STABLE_H3	MATCH		450	3.98372150379303e-14	3.9837215038034304e-14	1	H3	H3	H3	H3	H3	H3	H3	False	False	False	False	False	False	H3 -> H3 -> H3 -> H3
R7B1_005598	53	COL5A3	NK	H3_RESCUE_FALSIFICATION	ABF_H3_DOMINANT	H3_SUPPORTED_STABLE	528	ca6d474e2e5387b1fdb3a0091598b3765a888e45eaf05d6706ef44cc5084b5ae	450	f806e1c7e3881e7adb896c392513cbcb4710e453cdb06e82b3b91f92d4130839	78	0.1477272727272727	980	6b77527b520de6b2005f564fb699497cd390a1d6777f5ced228d3e9b8441c39a	8d935f080f33888d809c2ac02e9ba378c3ecabdd11491f71d4ab9ed76c6aa762	4db9dcc5a2124edfd0ca5b1aa491d4ed6a76e1e29d7a3bdc62fc6310ddc56df2	0.9972658394685574	0.998142279602584	450	0	0	23290	24095.5	24510	0.0027187378262558	PASS	528	0.9999999999662492	1.4303758944392326e-12	0.9999999999676796	1.4303758944854626e-12	19:10117412	ABF_H3_DOMINANT	PASS	450	0.9999999999653396	1.188165761701408e-12	0.999999999966528	1.1881657617411785e-12	19:10119450	ABF_H3_DOMINANT	PASS	450	0.9999999999653396	1.1882819422312572e-12	0.999999999966528	1.1882819422710313e-12	19:10119450	ABF_H3_DOMINANT	PASS	450	0.9999999999997726	1.291741094515419e-14	0.9999999999997856	1.291741094515696e-14	19:10119450	ABF_H3_DOMINANT	PASS	450	0.9999999999997726	1.291925655359702e-14	0.9999999999997856	1.2919256553599791e-14	19:10119450	ABF_H3_DOMINANT	PASS	450	0.9999999999997726	1.2993455706059644e-14	0.9999999999997856	1.2993455706062432e-14	19:10119450	ABF_H3_DOMINANT	PASS	H3_DISTINCT_SIGNAL	ABF_H3_DOMINANT	H3_SUPPORTED_STABLE	STABLE_H3	MATCH		450	2.4969352142002905e-14	2.49693521420176e-14	1	H3	H3	H3	H3	H3	H3	H3	False	False	False	False	False	False	H3 -> H3 -> H3 -> H3
R7B1_005602	53	DNMT1	CD4_NC	H3_RESCUE_FALSIFICATION	ABF_H3_DOMINANT	H3_SUPPORTED_STABLE	528	ca6d474e2e5387b1fdb3a0091598b3765a888e45eaf05d6706ef44cc5084b5ae	450	f806e1c7e3881e7adb896c392513cbcb4710e453cdb06e82b3b91f92d4130839	78	0.1477272727272727	980	5c1fca9f1ead4940c23fe408fea61d878dee8831aa63c89ada9c5983b7476ad2	24c43c64d2daad747b6a50f6dbb0047fa04e2ef4759b1c149d521432368f32be	0efa6991d0d5c8b87a5d300fa9682e030a527c4b71ce05a114ad88b7ba93246a	0.5363248198017092	0.5363019948279476	450	0	0	23290	24095.5	24510	0.0027187378262558	PASS	528	0.99999999995984	8.728048867371645e-13	0.999999999960713	8.728048867714544e-13	19:10475652	ABF_H3_DOMINANT	PASS	450	0.9999999999586606	8.946664573623999e-13	0.9999999999595552	8.946664573985846e-13	19:10475652	ABF_H3_DOMINANT	PASS	450	0.9999999999586606	8.947553074013549e-13	0.9999999999595554	8.947553074375428e-13	19:10475652	ABF_H3_DOMINANT	PASS	450	0.9999999999924184	3.9896998551023865e-13	0.9999999999928176	3.9896998551310425e-13	19:10477067	ABF_H3_DOMINANT	PASS	450	0.9999999999924184	3.9905883554355377e-13	0.9999999999928176	3.9905883554641997e-13	19:10477067	ABF_H3_DOMINANT	PASS	450	0.9999999999924184	3.989865925776342e-13	0.9999999999928176	3.9898659258049995e-13	19:10477067	ABF_H3_DOMINANT	PASS	H3_DISTINCT_SIGNAL	ABF_H3_DOMINANT	H3_SUPPORTED_STABLE	STABLE_H3	MATCH		450	4.61058243483632e-13	4.61058243492832e-13	1	H3	H3	H3	H3	H3	H3	H3	False	False	False	False	False	False	H3 -> H3 -> H3 -> H3
R7B1_005616	53	EIF3G	CD4_NC	H3_RESCUE_FALSIFICATION	ABF_H3_DOMINANT	H3_SUPPORTED_STABLE	528	ca6d474e2e5387b1fdb3a0091598b3765a888e45eaf05d6706ef44cc5084b5ae	450	f806e1c7e3881e7adb896c392513cbcb4710e453cdb06e82b3b91f92d4130839	78	0.1477272727272727	980	b153b93f770522a9864aa57717cf6c4b0cce6b2cbf20b9a0b2af3566baddddcf	24c43c64d2daad747b6a50f6dbb0047fa04e2ef4759b1c149d521432368f32be	0efa6991d0d5c8b87a5d300fa9682e030a527c4b71ce05a114ad88b7ba93246a	0.5677523756222095	0.5675924853086305	450	0	0	23290	24095.5	24510	0.0027187378262558	PASS	528	0.999999999967386	2.951729865905142e-13	0.9999999999676812	2.951729866000538e-13	19:10226256	ABF_H3_DOMINANT	PASS	450	0.9999999999662208	3.0575769443800897e-13	0.9999999999665266	3.057576944482437e-13	19:10226256	ABF_H3_DOMINANT	PASS	450	0.9999999999662208	3.0575810196044897e-13	0.9999999999665266	3.057581019706838e-13	19:10226256	ABF_H3_DOMINANT	PASS	450	0.9999999999997868	2.313951139572646e-15	0.9999999999997892	2.313951139573134e-15	19:10226256	ABF_H3_DOMINANT	PASS	450	0.9999999999997868	2.3139471164630094e-15	0.9999999999997892	2.3139471164634973e-15	19:10226256	ABF_H3_DOMINANT	PASS	450	0.9999999999997868	2.324604713341427e-15	0.9999999999997892	2.324604713341917e-15	19:10226256	ABF_H3_DOMINANT	PASS	H3_DISTINCT_SIGNAL	ABF_H3_DOMINANT	H3_SUPPORTED_STABLE	STABLE_H3	MATCH		450	7.15884606968773e-15	7.15884606969195e-15	1	H3	H3	H3	H3	H3	H3	H3	False	False	False	False	False	False	H3 -> H3 -> H3 -> H3
R7B1_005618	53	EIF3G	CD8_ET	H3_RESCUE_FALSIFICATION	ABF_H3_DOMINANT	H3_SUPPORTED_STABLE	528	ca6d474e2e5387b1fdb3a0091598b3765a888e45eaf05d6706ef44cc5084b5ae	450	f806e1c7e3881e7adb896c392513cbcb4710e453cdb06e82b3b91f92d4130839	78	0.1477272727272727	980	f8af18ff8ed14506ed98697d5f1015cdced780ef7a67fe60451ccd75ae160651	c365699c086654532a7f7c63e78f902da49ca784868ebf646fd65b014c50c644	4bdf32216c5785499449ea2e36986e25de9cce6ab367853a058a0e276fb3ac07	0.706051790469245	0.7059813199706705	450	0	0	23290	24095.5	24510	0.0027187378262558	PASS	528	0.9999999999673506	3.234822320562987e-13	0.999999999967674	3.234822320667556e-13	19:10226256	ABF_H3_DOMINANT	PASS	450	0.9999999999661852	3.347614378453169e-13	0.99999999996652	3.347614378565248e-13	19:10226256	ABF_H3_DOMINANT	PASS	450	0.9999999999661852	3.3477209879962537e-13	0.99999999996652	3.347720988108336e-13	19:10226256	ABF_H3_DOMINANT	PASS	450	0.9999999999997584	2.0181387633709013e-14	0.9999999999997786	2.018138763371348e-14	19:10477067	ABF_H3_DOMINANT	PASS	450	0.9999999999997584	2.019096339578208e-14	0.9999999999997786	2.0190963395786552e-14	19:10477067	ABF_H3_DOMINANT	PASS	450	0.9999999999997584	2.019215871492416e-14	0.9999999999997786	2.0192158714928628e-14	19:10477067	ABF_H3_DOMINANT	PASS	H3_DISTINCT_SIGNAL	ABF_H3_DOMINANT	H3_SUPPORTED_STABLE	STABLE_H3	MATCH		450	5.82146754743732e-14	5.82146754744099e-14	1	H3	H3	H3	H3	H3	H3	H3	False	False	False	False	False	False	H3 -> H3 -> H3 -> H3
R7B1_005619	53	EIF3G	CD8_NC	H3_RESCUE_FALSIFICATION	ABF_H3_DOMINANT	H3_SUPPORTED_STABLE	528	ca6d474e2e5387b1fdb3a0091598b3765a888e45eaf05d6706ef44cc5084b5ae	450	f806e1c7e3881e7adb896c392513cbcb4710e453cdb06e82b3b91f92d4130839	78	0.1477272727272727	980	f85f92c59cdedd89e9adfbc14bc696f974778f3c30dcbcba09bf495029ddfb76	81f87eed57eea812095a94f950cfb80fb449a282207bdf4c770a09bafa2852ba	40a9fa6fa95a999be911d7269b7a01301a475dce8f2fdb0c8dfe6a9f01363382	0.770489031771885	0.7705548498763871	450	0	0	23290	24095.5	24510	0.0027187378262558	PASS	528	0.9999074552972818	3.106570712864358e-06	0.9999105618679948	3.1068485835980982e-06	19:10475652	ABF_H3_DOMINANT	PASS	450	0.9999074485217684	3.113304852276858e-06	0.9999105618266206	3.1135833254821537e-06	19:10475652	ABF_H3_DOMINANT	PASS	450	0.9999074638341104	3.1125632313498303e-06	0.9999105763973416	3.1128415928595684e-06	19:10475652	ABF_H3_DOMINANT	PASS	450	0.9999074485553456	3.113304533302172e-06	0.9999105618598788	3.113583006375375e-06	19:10477067	ABF_H3_DOMINANT	PASS	450	0.9999074638676804	3.112562912377658e-06	0.9999105764305928	3.112841273755356e-06	19:10477067	ABF_H3_DOMINANT	PASS	450	0.9999074485553456	3.1133045333150905e-06	0.9999105618598788	3.113583006388295e-06	19:10477067	ABF_H3_DOMINANT	PASS	H3_DISTINCT_SIGNAL	ABF_H3_DOMINANT	H3_SUPPORTED_STABLE	STABLE_H3	MATCH		450	2.12534512506694e-06	2.12559082170209e-06	1	H3	H3	H3	H3	H3	H3	H3	False	False	False	False	False	False	H3 -> H3 -> H3 -> H3
R7B1_005624	53	EIF3G	NK	H3_RESCUE_FALSIFICATION	ABF_H3_DOMINANT	H3_SUPPORTED_STABLE	528	ca6d474e2e5387b1fdb3a0091598b3765a888e45eaf05d6706ef44cc5084b5ae	450	f806e1c7e3881e7adb896c392513cbcb4710e453cdb06e82b3b91f92d4130839	78	0.1477272727272727	980	57132eed4940a7479c6a8f41bd865ddd15acca538a752fe34067039c905dbe18	8d935f080f33888d809c2ac02e9ba378c3ecabdd11491f71d4ab9ed76c6aa762	4db9dcc5a2124edfd0ca5b1aa491d4ed6a76e1e29d7a3bdc62fc6310ddc56df2	0.8621428798443518	0.8600539458113712	450	0	0	23290	24095.5	24510	0.0027187378262558	PASS	528	0.9999999999639612	3.7024351556727975e-12	0.9999999999676638	3.702435155792521e-12	19:10222195	ABF_H3_DOMINANT	PASS	450	0.9999999999627108	3.835202029043264e-12	0.999999999966546	3.835202029171567e-12	19:10222195	ABF_H3_DOMINANT	PASS	450	0.9999999999627108	3.835860890378764e-12	0.9999999999665464	3.835860890507087e-12	19:10222195	ABF_H3_DOMINANT	PASS	450	0.9999999999997726	7.50187312460605e-15	0.9999999999997802	7.501873124607699e-15	19:10222558	ABF_H3_DOMINANT	PASS	450	0.9999999999997726	7.501774892621516e-15	0.9999999999997802	7.501774892623165e-15	19:10222558	ABF_H3_DOMINANT	PASS	450	0.9999999999997726	7.531125172386923e-15	0.9999999999997802	7.531125172388578e-15	19:10222558	ABF_H3_DOMINANT	PASS	H3_DISTINCT_SIGNAL	ABF_H3_DOMINANT	H3_SUPPORTED_STABLE	STABLE_H3	MATCH		450	0.001514190253186	0.0016269957617227	2	H3	H3	H3	H3	H3	H3	H3	False	False	False	False	False	False	H3 -> H3 -> H3 -> H3
R7B1_005625	53	EIF3G	NK_R	H3_RESCUE_FALSIFICATION	ABF_H3_DOMINANT	H3_SUPPORTED_STABLE	528	ca6d474e2e5387b1fdb3a0091598b3765a888e45eaf05d6706ef44cc5084b5ae	450	f806e1c7e3881e7adb896c392513cbcb4710e453cdb06e82b3b91f92d4130839	78	0.1477272727272727	750	859af2e9b5698bdf3c89ee95a20f14c53de2418fb8e9e72c395e1e1194ea4319	0e2cfad046871f4ed5764069bb737247c6978109995f19881ccd715f3da182a0	8ec935d2b57094ca0d99e075573306feabc77cb2af052a587297b77bfe1e7dfd	0.8956532794866864	0.8953072309398604	450	0	0	23290	24095.5	24510	0.0027187378262558	PASS	528	0.9999999999621708	5.467273711746267e-12	0.999999999967638	5.467273711923199e-12	19:10222195	ABF_H3_DOMINANT	PASS	450	0.9999999999608208	5.6607827960880375e-12	0.9999999999664816	5.6607827962777786e-12	19:10222195	ABF_H3_DOMINANT	PASS	450	0.9999999999608208	5.660901747564112e-12	0.9999999999664816	5.660901747753857e-12	19:10222195	ABF_H3_DOMINANT	PASS	450	0.9999999999996944	4.3369819630038924e-14	0.999999999999738	4.336981963005029e-14	19:10477067	ABF_H3_DOMINANT	PASS	450	0.9999999999996944	4.346263906775212e-14	0.999999999999738	4.346263906776352e-14	19:10477067	ABF_H3_DOMINANT	PASS	450	0.9999999999996944	4.3396543761294073e-14	0.999999999999738	4.3396543761305446e-14	19:10477067	ABF_H3_DOMINANT	PASS	H3_DISTINCT_SIGNAL	ABF_H3_DOMINANT	H3_SUPPORTED_STABLE	STABLE_H3	MATCH		450	1.1056764119509001e-13	1.10567641195194e-13	1	H3	H3	H3	H3	H3	H3	H3	False	False	False	False	False	False	H3 -> H3 -> H3 -> H3
R7B1_005636	53	ICAM3	Mono_C	H3_RESCUE_FALSIFICATION	ABF_H3_DOMINANT	H3_SUPPORTED_STABLE	528	ca6d474e2e5387b1fdb3a0091598b3765a888e45eaf05d6706ef44cc5084b5ae	450	f806e1c7e3881e7adb896c392513cbcb4710e453cdb06e82b3b91f92d4130839	78	0.1477272727272727	851	ee80fd0456fc10a3c1c1d8e97be732b7208a2279249ff07be0a07a2d9bbac832	3100a357df9066372e9da0a8d0700661ce464a02fbd9dfb44f681aef49815d36	b97da0c1d15b8a9e52304340b221ad572404e0a77ac2669299e9c4aa3ba0d546	0.9331923225744392	0.933474199422115	450	0	0	23290	24095.5	24510	0.0027187378262558	PASS	528	0.9248515249079844	0.0120757898889811	0.9369273147969656	0.0128887158035284	19:10475652	ABF_H3_DOMINANT	PASS	450	0.924789387862456	0.0121212430260863	0.9369106308885424	0.0129374591625573	19:10475652	ABF_H3_DOMINANT	PASS	450	0.924850774328278	0.0121097908677306	0.9369605651960086	0.0129245470060923	19:10475652	ABF_H3_DOMINANT	PASS	450	0.9247893876910902	0.0121212432419851	0.9369106309330754	0.0129374593923792	19:10477067	ABF_H3_DOMINANT	PASS	450	0.9248507741570914	0.0121097910834312	0.9369605652405226	0.0129245472356913	19:10477067	ABF_H3_DOMINANT	PASS	450	0.924789387691133	0.012121243241939	0.936910630933072	0.0129374593923301	19:10477067	ABF_H3_DOMINANT	PASS	H3_DISTINCT_SIGNAL	ABF_H3_DOMINANT	H3_SUPPORTED_STABLE	STABLE_H3	MATCH		450	0.0048171551016938	0.0050031500599972	1	H3	H3	H3	H3	H3	H3	H3	False	False	False	False	False	False	H3 -> H3 -> H3 -> H3
R7B1_005637	53	ICAM3	Mono_NC	H3_RESCUE_FALSIFICATION	ABF_H3_DOMINANT	H3_SUPPORTED_STABLE	528	ca6d474e2e5387b1fdb3a0091598b3765a888e45eaf05d6706ef44cc5084b5ae	450	f806e1c7e3881e7adb896c392513cbcb4710e453cdb06e82b3b91f92d4130839	78	0.1477272727272727	690	4374992afa007c565154e9a5e18a6e43c2570d08b5a5e260ca58922105187441	02a9a64f6d4fcec45b39ad65552083690b8e3fd15853c40f59d6cb51f6b4a5f6	92f2e1fbfc14b237bc1f0cf3103005d28c50a33562d675a2cfd3404905db9744	0.8980114766648949	0.8983590382798116	450	0	0	23290	24095.5	24510	0.0027187378262558	PASS	528	0.9999960794368024	5.138207698138688e-07	0.9999965932575722	5.13822520274849e-07	19:10475652	ABF_H3_DOMINANT	PASS	450	0.9999960741350232	5.191211151731338e-07	0.9999965932561384	5.191228836918311e-07	19:10475652	ABF_H3_DOMINANT	PASS	450	0.9999960821900878	5.179955198408879e-07	0.9999966001856077	5.179972809354989e-07	19:10475652	ABF_H3_DOMINANT	PASS	450	0.999996087204553	5.060848003976315e-07	0.9999965932893534	5.060865244879826e-07	19:10477067	ABF_H3_DOMINANT	PASS	450	0.9999960952598522	5.049589705352742e-07	0.9999966002188228	5.04960687291114e-07	19:10477067	ABF_H3_DOMINANT	PASS	450	0.9999960872022722	5.060870841038286e-07	0.9999965932893564	5.060888082019581e-07	19:10477067	ABF_H3_DOMINANT	PASS	H3_DISTINCT_SIGNAL	ABF_H3_DOMINANT	H3_SUPPORTED_STABLE	STABLE_H3	MATCH		450	0.0038669366988204	0.0047188433846486	2	H3	H3	H3	H3	H3	H3	H3	False	False	False	False	False	False	H3 -> H3 -> H3 -> H3
R7B1_005648	53	ICAM4	Mono_C	H3_RESCUE_FALSIFICATION	ABF_H3_DOMINANT	H3_SUPPORTED_STABLE	528	ca6d474e2e5387b1fdb3a0091598b3765a888e45eaf05d6706ef44cc5084b5ae	450	f806e1c7e3881e7adb896c392513cbcb4710e453cdb06e82b3b91f92d4130839	78	0.1477272727272727	851	978ae00a4f036c837bc5d7926e91cf47ff8042da68ec94e13f0f39c2661f6669	3100a357df9066372e9da0a8d0700661ce464a02fbd9dfb44f681aef49815d36	b97da0c1d15b8a9e52304340b221ad572404e0a77ac2669299e9c4aa3ba0d546	0.9743599431284709	0.974550643233893	450	0	0	23290	24095.5	24510	0.0027187378262558	PASS	528	0.999999999961176	6.513218236896457e-12	0.9999999999676892	6.513218237106904e-12	19:10399375	ABF_H3_DOMINANT	PASS	450	0.9999999999597832	6.746777928280158e-12	0.99999999996653	6.746777928505972e-12	19:10399375	ABF_H3_DOMINANT	PASS	450	0.9999999999597832	6.746817997284478e-12	0.99999999996653	6.746817997510293e-12	19:10399375	ABF_H3_DOMINANT	PASS	450	0.9999999999997442	3.6113790547019984e-14	0.9999999999997804	3.6113790547027923e-14	19:10399375	ABF_H3_DOMINANT	PASS	450	0.9999999999997442	3.6113956151982716e-14	0.9999999999997804	3.6113956151990655e-14	19:10399375	ABF_H3_DOMINANT	PASS	450	0.9999999999997442	3.6264917604641e-14	0.9999999999997804	3.6264917604648965e-14	19:10399375	ABF_H3_DOMINANT	PASS	H3_DISTINCT_SIGNAL	ABF_H3_DOMINANT	H3_SUPPORTED_STABLE	STABLE_H3	MATCH		450	7.583610004721522e-14	7.583610004725999e-14	1	H3	H3	H3	H3	H3	H3	H3	False	False	False	False	False	False	H3 -> H3 -> H3 -> H3
R7B1_005649	53	ICAM4	Mono_NC	H3_RESCUE_FALSIFICATION	ABF_H3_DOMINANT	H3_SUPPORTED_STABLE	528	ca6d474e2e5387b1fdb3a0091598b3765a888e45eaf05d6706ef44cc5084b5ae	450	f806e1c7e3881e7adb896c392513cbcb4710e453cdb06e82b3b91f92d4130839	78	0.1477272727272727	690	df57254e0d84c9fde7c1b13c6c298c85cd8344142c3183ef71ca79c9d6fc99c8	02a9a64f6d4fcec45b39ad65552083690b8e3fd15853c40f59d6cb51f6b4a5f6	92f2e1fbfc14b237bc1f0cf3103005d28c50a33562d675a2cfd3404905db9744	0.8507698501656006	0.8512006525398068	450	0	0	23290	24095.5	24510	0.0027187378262558	PASS	528	0.9999969502685352	1.7091314164294073e-06	0.9999986593999516	1.7091337076941385e-06	19:10475652	ABF_H3_DOMINANT	PASS	450	0.9999970336935616	1.6256746120436245e-06	0.9999986593681736	1.6256767914776704e-06	19:10475652	ABF_H3_DOMINANT	PASS	450	0.999997040798492	1.621799187454036e-06	0.9999986625976794	1.6218013564549337e-06	19:10475652	ABF_H3_DOMINANT	PASS	450	0.999997033731874	1.6256695627030234e-06	0.9999986594014368	1.6256717420762253e-06	19:10477067	ABF_H3_DOMINANT	PASS	450	0.9999970408367972	1.6217941381982648e-06	0.9999986626309354	1.621796307138475e-06	19:10477067	ABF_H3_DOMINANT	PASS	450	0.999997033731874	1.6256695630059968e-06	0.999998659401437	1.6256717423791986e-06	19:10477067	ABF_H3_DOMINANT	PASS	H3_DISTINCT_SIGNAL	ABF_H3_DOMINANT	H3_SUPPORTED_STABLE	STABLE_H3	MATCH		450	9.37331085336547e-07	9.37332301395446e-07	1	H3	H3	H3	H3	H3	H3	H3	False	False	False	False	False	False	H3 -> H3 -> H3 -> H3
R7B1_005655	53	ILF3-AS1	CD4_NC	H3_RESCUE_FALSIFICATION	ABF_H3_DOMINANT	H3_SUPPORTED_STABLE	528	ca6d474e2e5387b1fdb3a0091598b3765a888e45eaf05d6706ef44cc5084b5ae	450	f806e1c7e3881e7adb896c392513cbcb4710e453cdb06e82b3b91f92d4130839	78	0.1477272727272727	980	8fccbda37c8d7ef3238b6043c8e0d70df21ab11e22c8c654a770a66891a6bdc7	24c43c64d2daad747b6a50f6dbb0047fa04e2ef4759b1c149d521432368f32be	0efa6991d0d5c8b87a5d300fa9682e030a527c4b71ce05a114ad88b7ba93246a	0.6070827920691855	0.6073294290930134	450	0	0	23290	24095.5	24510	0.0027187378262558	PASS	528	0.9999997687872534	2.3504296743219373e-08	0.99999979229155	2.3504301625261428e-08	19:10475652	ABF_H3_DOMINANT	PASS	450	0.9999997690742272	2.3216042674116205e-08	0.99999979229027	2.3216047496315163e-08	19:10475652	ABF_H3_DOMINANT	PASS	450	0.9999997704473864	2.3072421027423256e-08	0.9999997935198072	2.3072425791422183e-08	19:10475652	ABF_H3_DOMINANT	PASS	450	0.9999997691085324	2.3214994381411546e-08	0.9999997923235266	2.3214999202620703e-08	19:10477067	ABF_H3_DOMINANT	PASS	450	0.9999997704816912	2.3071372731808595e-08	0.999999793553064	2.3071377494823783e-08	19:10477067	ABF_H3_DOMINANT	PASS	450	0.9999997691085324	2.321499440870408e-08	0.9999997923235266	2.3214999229913253e-08	19:10477067	ABF_H3_DOMINANT	PASS	H3_DISTINCT_SIGNAL	ABF_H3_DOMINANT	H3_SUPPORTED_STABLE	STABLE_H3	MATCH		450	1.48847151928384e-11	1.48847151973418e-11	1	H3	H3	H3	H3	H3	H3	H3	False	False	False	False	False	False	H3 -> H3 -> H3 -> H3
R7B1_005669	53	KRI1	CD4_NC	H3_RESCUE_FALSIFICATION	ABF_H3_DOMINANT	UNINFORMATIVE	528	ca6d474e2e5387b1fdb3a0091598b3765a888e45eaf05d6706ef44cc5084b5ae	450	f806e1c7e3881e7adb896c392513cbcb4710e453cdb06e82b3b91f92d4130839	78	0.1477272727272727	980	b627a66f696a009d0e6c389c88aa83081ba26c08fa18341f0b8e6bdfd55ae94a	24c43c64d2daad747b6a50f6dbb0047fa04e2ef4759b1c149d521432368f32be	0efa6991d0d5c8b87a5d300fa9682e030a527c4b71ce05a114ad88b7ba93246a	0.742376888561089	0.7425706188938586	450	0	0	23290	24095.5	24510	0.0027187378262558	PASS	528	0.8078380864169505	0.0058954271069135	0.813733513523864	0.0072449112749251	19:10475652	ABF_H3_DOMINANT	PASS	450	0.714085162250322	0.0087778410539639	0.722863003304286	0.0121431599263477	19:10475652	ABF_UNINFORMATIVE_OR_NO_TRIGGER	PASS	450	0.7141167730942334	0.0087748733824478	0.7228916464766812	0.0121385734988306	19:10475652	ABF_UNINFORMATIVE_OR_NO_TRIGGER	PASS	450	0.7140851623581902	0.0087778409372467	0.722863003295437	0.0121431597650312	19:10477067	ABF_UNINFORMATIVE_OR_NO_TRIGGER	PASS	450	0.714116773202086	0.0087748732657597	0.7228916464678458	0.0121385733375604	19:10477067	ABF_UNINFORMATIVE_OR_NO_TRIGGER	PASS	450	0.7140851623581673	0.008777840937275	0.7228630032954424	0.0121431597650702	19:10477067	ABF_UNINFORMATIVE_OR_NO_TRIGGER	PASS	H3_DISTINCT_SIGNAL	ABF_H3_DOMINANT	UNINFORMATIVE	H3_TO_UNINFORMATIVE	NOT_COMPARABLE		450	0.0070827142809756	0.0102765360204439	1	H3	UNINFORMATIVE	UNINFORMATIVE	UNINFORMATIVE	UNINFORMATIVE	UNINFORMATIVE	UNINFORMATIVE	True	False	False	False	False	False	H3 -> UNINFORMATIVE -> UNINFORMATIVE -> UNINFORMATIVE
R7B1_005705	53	P2RY11	NK	H3_RESCUE_FALSIFICATION	ABF_H3_DOMINANT	H3_SUPPORTED_STABLE	528	ca6d474e2e5387b1fdb3a0091598b3765a888e45eaf05d6706ef44cc5084b5ae	450	f806e1c7e3881e7adb896c392513cbcb4710e453cdb06e82b3b91f92d4130839	78	0.1477272727272727	980	992ead4be194b36b9564414cd99368c2512ec360a9418a628a6570193f7e1a33	8d935f080f33888d809c2ac02e9ba378c3ecabdd11491f71d4ab9ed76c6aa762	4db9dcc5a2124edfd0ca5b1aa491d4ed6a76e1e29d7a3bdc62fc6310ddc56df2	0.890326395458363	0.8903808365465787	450	0	0	23290	24095.5	24510	0.0027187378262558	PASS	528	0.9978538743265768	6.733741955594953e-05	0.9979212117461328	6.747769138820543e-05	19:10475652	ABF_H3_DOMINANT	PASS	450	0.9978538517095146	6.733576674413882e-05	0.9979211874762588	6.747603677443795e-05	19:10475652	ABF_H3_DOMINANT	PASS	450	0.9978540537845976	6.732585575037992e-05	0.997921379640348	6.746609214309472e-05	19:10475652	ABF_H3_DOMINANT	PASS	450	0.9978538517488404	6.733576059228505e-05	0.9979211875094326	6.747603060752589e-05	19:10477067	ABF_H3_DOMINANT	PASS	450	0.9978540538239268	6.732584959858179e-05	0.9979213796735256	6.746608597623969e-05	19:10477067	ABF_H3_DOMINANT	PASS	450	0.9978538517488404	6.73357605924128e-05	0.9979211875094328	6.747603060765389e-05	19:10477067	ABF_H3_DOMINANT	PASS	H3_DISTINCT_SIGNAL	ABF_H3_DOMINANT	H3_SUPPORTED_STABLE	STABLE_H3	MATCH		450	6.93044120856638e-05	6.95664271004415e-05	1	H3	H3	H3	H3	H3	H3	H3	False	False	False	False	False	False	H3 -> H3 -> H3 -> H3
R7B1_005752	53	SLC44A2	CD8_ET	H3_RESCUE_FALSIFICATION	ABF_H3_DOMINANT	H3_SUPPORTED_STABLE	528	ca6d474e2e5387b1fdb3a0091598b3765a888e45eaf05d6706ef44cc5084b5ae	450	f806e1c7e3881e7adb896c392513cbcb4710e453cdb06e82b3b91f92d4130839	78	0.1477272727272727	980	d773539d74d1528d2d3b348aa498b5e7335f75a78641baabe758762c295c7db9	c365699c086654532a7f7c63e78f902da49ca784868ebf646fd65b014c50c644	4bdf32216c5785499449ea2e36986e25de9cce6ab367853a058a0e276fb3ac07	0.8066118819416432	0.8068573711934	450	0	0	23290	24095.5	24510	0.0027187378262558	PASS	528	0.999995187879005	2.455986966150665e-07	0.9999954334777016	2.455998181521126e-07	19:10475652	ABF_H3_DOMINANT	PASS	450	0.9999951888626328	2.4284409810109774e-07	0.999995431706731	2.4284520748922454e-07	19:10475652	ABF_H3_DOMINANT	PASS	450	0.9999951939933166	2.425290361627552e-07	0.9999954365223528	2.425301429436413e-07	19:10475652	ABF_H3_DOMINANT	PASS	450	0.999995188898565	2.42841424979675e-07	0.99999543173999	2.428425343475135e-07	19:10477067	ABF_H3_DOMINANT	PASS	450	0.9999951940292486	2.42526363043744e-07	0.9999954365556116	2.4252746980436506e-07	19:10477067	ABF_H3_DOMINANT	PASS	450	0.999995188898565	2.428414253080448e-07	0.9999954317399904	2.428425346758846e-07	19:10477067	ABF_H3_DOMINANT	PASS	H3_DISTINCT_SIGNAL	ABF_H3_DOMINANT	H3_SUPPORTED_STABLE	STABLE_H3	MATCH		450	1.00468799905561e-07	1.00469168651882e-07	1	H3	H3	H3	H3	H3	H3	H3	False	False	False	False	False	False	H3 -> H3 -> H3 -> H3
R7B1_005758	53	SLC44A2	NK	H3_RESCUE_FALSIFICATION	ABF_H3_DOMINANT	H3_SUPPORTED_STABLE	528	ca6d474e2e5387b1fdb3a0091598b3765a888e45eaf05d6706ef44cc5084b5ae	450	f806e1c7e3881e7adb896c392513cbcb4710e453cdb06e82b3b91f92d4130839	78	0.1477272727272727	980	5e05c815ff7733a02cd4c7eca8e43e9119b01fffb14259f0ecfec8ef7daf11bf	8d935f080f33888d809c2ac02e9ba378c3ecabdd11491f71d4ab9ed76c6aa762	4db9dcc5a2124edfd0ca5b1aa491d4ed6a76e1e29d7a3bdc62fc6310ddc56df2	0.8039578385387449	0.8041415591558149	450	0	0	23290	24095.5	24510	0.0027187378262558	PASS	528	0.9993050127850232	2.0976379681579315e-05	0.9993259891647048	2.099052752456944e-05	19:10475652	ABF_H3_DOMINANT	PASS	450	0.9990744086628888	2.792744292693864e-05	0.9991023361058158	2.795253490827673e-05	19:10475652	ABF_H3_DOMINANT	PASS	450	0.9990755176168736	2.7888400354419543e-05	0.999103406017228	2.791342736543393e-05	19:10475652	ABF_H3_DOMINANT	PASS	450	0.9990744086974142	2.7927441631698936e-05	0.999102336139046	2.7952533610943585e-05	19:10477067	ABF_H3_DOMINANT	PASS	450	0.999075517651399	2.7888399059727715e-05	0.9991034060504588	2.7913426068651835e-05	19:10477067	ABF_H3_DOMINANT	PASS	450	0.9990744086974142	2.792744163182296e-05	0.999102336139046	2.795253361106772e-05	19:10477067	ABF_H3_DOMINANT	PASS	H3_DISTINCT_SIGNAL	ABF_H3_DOMINANT	H3_SUPPORTED_STABLE	STABLE_H3	MATCH		450	6.89281697506494e-06	6.89554436228642e-06	1	H3	H3	H3	H3	H3	H3	H3	False	False	False	False	False	False	H3 -> H3 -> H3 -> H3
R7B1_005847	53	ZNF846	B_IN	H3_RESCUE_FALSIFICATION	ABF_H3_DOMINANT	H3_SUPPORTED_STABLE	486	2c4d8c418b2d62b339c5248275b41163d8b388e25a91cf85d1281e0368ebf1f6	410	0d91531452f370be73e466b3262c7a959e7f08c65dbdfca8fbccaa88ed3ad2c8	76	0.1563786008230452	975	d70870b5969d488eb4fa9d2df22c373ec75f8cb05a4ebd19613af922409dbcc5	6fa9e92bd06967547e2d3b2fbf3dd0a5bfaace7b2a1b800f0d449023982e2d6d	ea51c9f8503b9f093a68e32ea0332933ed475c6790489bdb8ebe0597ccdc3e45	0.9809498259760576	0.9812957458128382	410	0	0	23290	24149.5	24510	0.0027187378262558	PASS	486	0.9944142605074764	0.0009052748433194	0.9953195353507958	0.0009095318751082	19:10475652	ABF_H3_DOMINANT	PASS	410	0.9929128355182432	0.0011617872031591	0.9940746227214023	0.001168712264255	19:10475652	ABF_H3_DOMINANT	PASS	410	0.9929221082446444	0.0011600789838972	0.9940821872285416	0.0011669849825309	19:10475652	ABF_H3_DOMINANT	PASS	410	0.9929128355460684	0.0011617872083849	0.9940746227544532	0.001168712269473	19:10477067	ABF_H3_DOMINANT	PASS	410	0.992922108272484	0.001160078989113	0.9940821872615972	0.001166984987739	19:10477067	ABF_H3_DOMINANT	PASS	410	0.9929128355460684	0.0011617872083848	0.9940746227544532	0.001168712269473	19:10477067	ABF_H3_DOMINANT	PASS	H3_DISTINCT_SIGNAL	ABF_H3_DOMINANT	H3_SUPPORTED_STABLE	STABLE_H3	MATCH		410	0.000335618293929	0.0003365149308172	1	H3	H3	H3	H3	H3	H3	H3	False	False	False	False	False	False	H3 -> H3 -> H3 -> H3
R7B1_005852	53	ZNF846	CD8_ET	H3_RESCUE_FALSIFICATION	ABF_H3_DOMINANT	H3_SUPPORTED_STABLE	486	2c4d8c418b2d62b339c5248275b41163d8b388e25a91cf85d1281e0368ebf1f6	410	0d91531452f370be73e466b3262c7a959e7f08c65dbdfca8fbccaa88ed3ad2c8	76	0.1563786008230452	980	99d02ea8e04d3ecdb4d3f63a2e5583cdf30422ce78b2c0e1d73744faee4ecb40	c365699c086654532a7f7c63e78f902da49ca784868ebf646fd65b014c50c644	4bdf32216c5785499449ea2e36986e25de9cce6ab367853a058a0e276fb3ac07	0.96931791263527	0.9695010230983324	410	0	0	23290	24149.5	24510	0.0027187378262558	PASS	486	0.9903463210787602	0.0003054745826027	0.990651795661363	0.0003083571684224	19:10475652	ABF_H3_DOMINANT	PASS	410	0.9882793040575312	0.0003714075481547	0.988650711605686	0.0003756711483589	19:10475652	ABF_H3_DOMINANT	PASS	410	0.9882868124158184	0.0003711089671553	0.9886579213829738	0.0003753664024015	19:10475652	ABF_H3_DOMINANT	PASS	410	0.9882793040925786	0.000371407545949	0.9886507116385276	0.0003756711461153	19:10477067	ABF_H3_DOMINANT	PASS	410	0.9882868124508662	0.0003711089649507	0.988657921415817	0.0003753664001592	19:10477067	ABF_H3_DOMINANT	PASS	410	0.9882793040925786	0.0003714075459493	0.988650711638528	0.0003756711461157	19:10477067	ABF_H3_DOMINANT	PASS	H3_DISTINCT_SIGNAL	ABF_H3_DOMINANT	H3_SUPPORTED_STABLE	STABLE_H3	MATCH		410	0.0001041805152083	0.000104754023263	1	H3	H3	H3	H3	H3	H3	H3	False	False	False	False	False	False	H3 -> H3 -> H3 -> H3
R7B1_005874	54	AC005253.2	B_IN	H3_RESCUE_FALSIFICATION	ABF_H3_DOMINANT	H3_SUPPORTED_STABLE	462	94cad5fc41cd7d0a893cba78293a29a0035a26aec3ec39976192edcf7a5b1816	419	9c6ec27f0942cfb96820752ae72c08f71f74d364ce3592dc7a6d3313c55dd692	43	0.093073593073593	975	b716925a816363882bd5b693df69b9f5c8c78ba0f3adcfd27388df5d23745886	824272211762c136d4b49b252f39ed2bd5065161feec0a6aa32a733274b4e8a3	6a82b893ce4056cf4d9d1df36e1912d2db727851f47ab8466e9fd69648c4f231	0.7499980655222889	0.7500461222634326	416	3	0	23289	24119.0	24510	0.0031282051282053	PASS	462	0.9593190076788538	0.0014212260067729	0.9607402336856268	0.0014793031008191	19:18235882	ABF_H3_DOMINANT	PASS	419	0.9592720120380284	0.0014223905241413	0.9606944025621696	0.0014805858349417	19:18235882	ABF_H3_DOMINANT	PASS	419	0.959274295426859	0.0014222390922396	0.9606965345190986	0.0014804249220609	19:18235882	ABF_H3_DOMINANT	PASS	419	0.9658078276186152	0.0013211891617737	0.9671290167803888	0.0013660940152245	19:18235882	ABF_H3_DOMINANT	PASS	419	0.9658101313252035	0.0013210327910519	0.9671311641162555	0.0013659292969419	19:18235882	ABF_H3_DOMINANT	PASS	419	0.9658068290095652	0.0013213619305443	0.9671281909401096	0.0013662738227699	19:18235882	ABF_H3_DOMINANT	PASS	H3_DISTINCT_SIGNAL	ABF_H3_DOMINANT	H3_SUPPORTED_STABLE	STABLE_H3	MATCH		419	0.0446202427205089	0.0677957626448776	2	H3	H3	H3	H3	H3	H3	H3	False	False	False	False	False	False	H3 -> H3 -> H3 -> H3
R7B1_005875	54	AC005253.2	B_MEM	H3_RESCUE_FALSIFICATION	ABF_H3_DOMINANT	H3_SUPPORTED_STABLE	462	94cad5fc41cd7d0a893cba78293a29a0035a26aec3ec39976192edcf7a5b1816	419	9c6ec27f0942cfb96820752ae72c08f71f74d364ce3592dc7a6d3313c55dd692	43	0.093073593073593	970	d73b192b23d15c055386f8617c09565cd6377625eefe5e46311da5eb3e6be072	6ec64b20de5f40161c2f80a47034265b8cb8350d169cf0a3d1f3c1b6d240dfff	6b76d1ec2f5670cd3c5348473f493476f8617fe4e20c3ecad7f3e07695ecab68	1.0074255577898514	1.0074677272278405	416	3	0	23289	24119.0	24510	0.0031282051282053	PASS	462	0.9546802111854747	0.0018256915231457	0.9565059027086206	0.0019087091025531	19:18235882	ABF_H3_DOMINANT	PASS	419	0.9546404057149837	0.0018244488188328	0.9564648545338164	0.0019074917496285	19:18235882	ABF_H3_DOMINANT	PASS	419	0.9546420658308966	0.0018243223599032	0.9564663881908	0.0019073564763253	19:18235882	ABF_H3_DOMINANT	PASS	419	0.9611524253964006	0.0017152313536657	0.9628676567500664	0.0017813780966068	19:18235882	ABF_H3_DOMINANT	PASS	419	0.9611540994849906	0.0017151021293093	0.9628692016143	0.0017812410309041	19:18235882	ABF_H3_DOMINANT	PASS	419	0.9611517109746112	0.0017151138972536	0.9628668248718648	0.0017812576495008	19:18235882	ABF_H3_DOMINANT	PASS	H3_DISTINCT_SIGNAL	ABF_H3_DOMINANT	H3_SUPPORTED_STABLE	STABLE_H3	MATCH		419	0.0445544200855662	0.0680043731669409	2	H3	H3	H3	H3	H3	H3	H3	False	False	False	False	False	False	H3 -> H3 -> H3 -> H3
R7B1_005876	54	AC005253.2	CD4_ET	H3_RESCUE_FALSIFICATION	ABF_H3_DOMINANT	UNINFORMATIVE	462	94cad5fc41cd7d0a893cba78293a29a0035a26aec3ec39976192edcf7a5b1816	419	9c6ec27f0942cfb96820752ae72c08f71f74d364ce3592dc7a6d3313c55dd692	43	0.093073593073593	980	c3ccb8295a505c760e75f0e6acc3e251c932a04138682cb67ca316ed1eb16dca	acfc37461a03c202862eb173a7ba192f36fb981021e66c95775a3b4953ebb109	2e66c5356ff50a7998c80beedd7dd4e6f9be144f652f2bd0d5e9d928acdbc2da	0.9900089572719792	0.9900146251468434	416	3	0	23289	24119.0	24510	0.0031282051282053	PASS	462	0.7989575367523154	0.0067502794491438	0.8057078162014593	0.0083780736805661	19:18235882	ABF_H3_DOMINANT	PASS	419	0.7987647405907078	0.006752370270073	0.8055171108607808	0.0083826528065398	19:18235882	ABF_H3_DOMINANT	PASS	419	0.7987654048542864	0.0067523157440175	0.805517720598304	0.0083825787705852	19:18235882	ABF_H3_DOMINANT	PASS	419	0.8042850207477911	0.0065553918395236	0.8108404125873147	0.0080846881060182	19:18235882	ABF_H3_DOMINANT	PASS	419	0.8042856893291659	0.0065553376390207	0.8108410269681866	0.0080846151353882	19:18235882	ABF_H3_DOMINANT	PASS	419	0.8042835599670872	0.0065563406357945	0.8108399006028818	0.0080858633509768	19:18235882	ABF_H3_DOMINANT	PASS	H3_DISTINCT_SIGNAL	ABF_H3_DOMINANT	UNINFORMATIVE	H3_TO_UNINFORMATIVE	NOT_COMPARABLE		419	0.0408767258904194	0.0751992407195318	2	H3	H3	H3	H3	H3	H3	UNINFORMATIVE	False	False	True	False	False	False	H3 -> H3 -> H3 -> UNINFORMATIVE
R7B1_005877	54	AC005253.2	CD4_NC	H3_RESCUE_FALSIFICATION	ABF_H3_DOMINANT	H3_SUPPORTED_STABLE	462	94cad5fc41cd7d0a893cba78293a29a0035a26aec3ec39976192edcf7a5b1816	419	9c6ec27f0942cfb96820752ae72c08f71f74d364ce3592dc7a6d3313c55dd692	43	0.093073593073593	980	a7bb942c56181188663e893fad4e2147a20f7b6c49d9bf520da46da4c168fa34	1c0f8fbd0a7d5d87c0219be6c5eeb1883b8fc1f9e0721ebc07b6e7c4f52c700f	99bc63a9973f3adeaf2e19a0a3c02dda494fcabcdc6a289e37583b34965d1738	0.9876683199456666	0.9875892757253504	416	3	0	23289	24119.0	24510	0.0031282051282053	PASS	462	0.9927920736454696	0.0001771762947646	0.9929692499402344	0.000178430797102	19:18681122	ABF_H3_DOMINANT	PASS	419	0.9927547240212627	0.0001780943768455	0.9929328183981084	0.0001793619603921	19:18681122	ABF_H3_DOMINANT	PASS	419	0.9927547240361184	0.0001780943618819	0.9929328183980004	0.000179361945322	19:18681122	ABF_H3_DOMINANT	PASS	419	0.9995667281556108	2.8674848007376342e-05	0.9995954030036184	2.8686454460687977e-05	19:18681122	ABF_H3_DOMINANT	PASS	419	0.9995667281639208	2.8674839700692243e-05	0.9995954030036214	2.868644615064157e-05	19:18681122	ABF_H3_DOMINANT	PASS	419	0.9995658207164484	2.8721720939144607e-05	0.9995945424373875	2.8733371101757164e-05	19:18681122	ABF_H3_DOMINANT	PASS	H3_DISTINCT_SIGNAL	ABF_H3_DOMINANT	H3_SUPPORTED_STABLE	STABLE_H3	MATCH		419	0.0478852984732907	0.0702103741429544	2	H3	H3	H3	H3	H3	H3	H3	False	False	False	False	False	False	H3 -> H3 -> H3 -> H3
R7B1_005879	54	AC005253.2	CD8_ET	H3_RESCUE_FALSIFICATION	ABF_H3_DOMINANT	H3_SUPPORTED_STABLE	462	94cad5fc41cd7d0a893cba78293a29a0035a26aec3ec39976192edcf7a5b1816	419	9c6ec27f0942cfb96820752ae72c08f71f74d364ce3592dc7a6d3313c55dd692	43	0.093073593073593	980	3826582e96c3c5f1d8a9b094e3f60562b975588bd5097bc06f1455895f5537d0	ba8e1c29a7be7668c5617b0f0f51747a4d59a41c14dd293d5e9ef97b50021d99	be044a387cd336ea905fc31d713bed2fb9553dec4484908a657843e76b9cafa3	0.9845499368133536	0.984561668016668	416	3	0	23289	24119.0	24510	0.0031282051282053	PASS	462	0.9927933316455564	0.0001759093840533	0.9929692410296096	0.0001771549175792	19:18679155	ABF_H3_DOMINANT	PASS	419	0.9927559884925296	0.0001768209024871	0.9929328093950168	0.0001780794237174	19:18679155	ABF_H3_DOMINANT	PASS	419	0.9927559884940532	0.0001768209009505	0.9929328093950038	0.0001780794221698	19:18679155	ABF_H3_DOMINANT	PASS	419	0.999567473735804	2.792895562852984e-05	0.9995954026914328	2.7940260182600396e-05	19:18681122	ABF_H3_DOMINANT	PASS	419	0.9995674737365996	2.7928954829481748e-05	0.9995954026914292	2.7940259383228976e-05	19:18681122	ABF_H3_DOMINANT	PASS	419	0.9995665682352324	2.797388854692325e-05	0.9995945421237792	2.798523538102638e-05	19:18681122	ABF_H3_DOMINANT	PASS	H3_DISTINCT_SIGNAL	ABF_H3_DOMINANT	H3_SUPPORTED_STABLE	STABLE_H3	MATCH		419	0.0470066970393596	0.0689517847721313	2	H3	H3	H3	H3	H3	H3	H3	False	False	False	False	False	False	H3 -> H3 -> H3 -> H3
R7B1_005880	54	AC005253.2	CD8_NC	H3_RESCUE_FALSIFICATION	ABF_H3_DOMINANT	H3_SUPPORTED_STABLE	462	94cad5fc41cd7d0a893cba78293a29a0035a26aec3ec39976192edcf7a5b1816	419	9c6ec27f0942cfb96820752ae72c08f71f74d364ce3592dc7a6d3313c55dd692	43	0.093073593073593	980	98c2a4b3df77fe02ca7ef8722ee008ccf18bde49796d0a25ad5086748667a028	7b85a4841cd56d15f2045820998c065b1c2f42dc0bedb0f31eab1417d234805f	1b9845315dea7ad9f90ea4d66314de38eeb25090c3392ff8b700fa43c02bce25	0.99706453527618	0.99709511383148	416	3	0	23289	24119.0	24510	0.0031282051282053	PASS	462	0.9927913301632624	0.0001777978193219	0.9929691279825842	0.0001790567443755	19:18681122	ABF_H3_DOMINANT	PASS	419	0.9927539773967904	0.0001787190935954	0.9929326964903858	0.0001799911456508	19:18681122	ABF_H3_DOMINANT	PASS	419	0.9927539774068388	0.0001787190955023	0.9929326965023412	0.0001799911475691	19:18681122	ABF_H3_DOMINANT	PASS	419	0.9995666299414782	2.8645864513025103e-05	0.9995952758059912	2.86574628815922e-05	19:18681122	ABF_H3_DOMINANT	PASS	419	0.9995666299537156	2.8645864301967023e-05	0.9995952758180174	2.865746267010388e-05	19:18681122	ABF_H3_DOMINANT	PASS	419	0.9995657242998476	2.8690939278852103e-05	0.9995944152391264	2.870258060814451e-05	19:18681122	ABF_H3_DOMINANT	PASS	H3_DISTINCT_SIGNAL	ABF_H3_DOMINANT	H3_SUPPORTED_STABLE	STABLE_H3	MATCH		419	0.0479379365047691	0.070285755012413	2	H3	H3	H3	H3	H3	H3	H3	False	False	False	False	False	False	H3 -> H3 -> H3 -> H3
R7B1_005884	54	AC005253.2	NK	H3_RESCUE_FALSIFICATION	ABF_H3_DOMINANT	H3_SUPPORTED_STABLE	462	94cad5fc41cd7d0a893cba78293a29a0035a26aec3ec39976192edcf7a5b1816	419	9c6ec27f0942cfb96820752ae72c08f71f74d364ce3592dc7a6d3313c55dd692	43	0.093073593073593	980	4e7eb58bfecc69944b232f79bffffa0ab487bd908744a066aad53e5046fc201a	62baa805a6582e33e527b4803696faeaf9ed9453f0dba26de95b01b4f9b2181b	e8a83b605355508c3c059c32709e55cdd191baee7360c344ef0814fb99713436	0.9920416098146408	0.9920222962268672	416	3	0	23289	24119.0	24510	0.0031282051282053	PASS	462	0.9927871197003642	0.00018216493794	0.992969284638304	0.0001834547561119	19:18681122	ABF_H3_DOMINANT	PASS	419	0.9927497445952922	0.0001831088650315	0.9929328534603238	0.0001844121325963	19:18681122	ABF_H3_DOMINANT	PASS	419	0.992749744611876	0.0001831088483029	0.9929328534601788	0.0001844121157486	19:18681122	ABF_H3_DOMINANT	PASS	419	0.9995649009414768	3.050245153786627e-05	0.9995954033930146	3.051479772148723e-05	19:18681122	ABF_H3_DOMINANT	PASS	419	0.9995649009481848	3.0502444798506943e-05	0.9995954033929833	3.051479097940104e-05	19:18681122	ABF_H3_DOMINANT	PASS	419	0.9995639935304896	3.054929785908511e-05	0.9995945428283486	3.056168931519574e-05	19:18681122	ABF_H3_DOMINANT	PASS	H3_DISTINCT_SIGNAL	ABF_H3_DOMINANT	H3_SUPPORTED_STABLE	STABLE_H3	MATCH		419	0.0504129797442643	0.0738252313015994	2	H3	H3	H3	H3	H3	H3	H3	False	False	False	False	False	False	H3 -> H3 -> H3 -> H3
R7B1_005929	54	C19orf60	B_IN	H3_RESCUE_FALSIFICATION	ABF_H3_DOMINANT	H3_SUPPORTED_STABLE	459	8c1044c3fd8bbcde87d7ba141902a3635322931e822661fc5eb34b5e3d9db4de	416	007c4e5b67357f21eb6a60cd2798b54a70fc51f7bc224b2d55f81349ce21b79c	43	0.0936819172113289	975	79ff63c95435dfde0400d5c732ba5e5305ab318346d08d4e6f284010db76bd93	824272211762c136d4b49b252f39ed2bd5065161feec0a6aa32a733274b4e8a3	6a82b893ce4056cf4d9d1df36e1912d2db727851f47ab8466e9fd69648c4f231	0.9419598842060488	0.9419943316716528	413	3	0	23289	24120.0	24510	0.0031282051282053	PASS	459	0.9608067253379792	0.0022080367984894	0.9630147621364687	0.0022928379556621	19:18235882	ABF_H3_DOMINANT	PASS	416	0.9607656920931428	0.002211603757793	0.9629772958509358	0.0022966312573743	19:18235882	ABF_H3_DOMINANT	PASS	416	0.9607669588130467	0.0022114755146866	0.9629784343277336	0.0022964953687986	19:18235882	ABF_H3_DOMINANT	PASS	416	0.9679120391305648	0.0014911823922582	0.9694032215228232	0.0015382478200513	19:18235882	ABF_H3_DOMINANT	PASS	416	0.9679132857385024	0.0014910845214194	0.969404370259922	0.0015381450374725	19:18235882	ABF_H3_DOMINANT	PASS	416	0.9679109825955652	0.0014914126426525	0.9694023952382176	0.0015384866490721	19:18235882	ABF_H3_DOMINANT	PASS	H3_DISTINCT_SIGNAL	ABF_H3_DOMINANT	H3_SUPPORTED_STABLE	STABLE_H3	MATCH		416	0.0485426431488328	0.0734821055510569	2	H3	H3	H3	H3	H3	H3	H3	False	False	False	False	False	False	H3 -> H3 -> H3 -> H3
R7B1_005930	54	C19orf60	B_MEM	H3_RESCUE_FALSIFICATION	ABF_H3_DOMINANT	H3_SUPPORTED_STABLE	459	8c1044c3fd8bbcde87d7ba141902a3635322931e822661fc5eb34b5e3d9db4de	416	007c4e5b67357f21eb6a60cd2798b54a70fc51f7bc224b2d55f81349ce21b79c	43	0.0936819172113289	970	ebe06688296b08b2136e3f406f7f820f5345d1aa3aafaba415b84de85a3ed63c	6ec64b20de5f40161c2f80a47034265b8cb8350d169cf0a3d1f3c1b6d240dfff	6b76d1ec2f5670cd3c5348473f493476f8617fe4e20c3ecad7f3e07695ecab68	0.9744566867596826	0.9744891300302596	413	3	0	23289	24120.0	24510	0.0031282051282053	PASS	459	0.8792404819110037	0.0055076149414984	0.8847480968525021	0.0062250655990013	19:18235882	ABF_H3_DOMINANT	PASS	416	0.8791522957797168	0.0055063638347683	0.8846586596144851	0.0062242807154206	19:18235882	ABF_H3_DOMINANT	PASS	416	0.879155252181977	0.0055060955269387	0.8846613477089157	0.0062239585138407	19:18235882	ABF_H3_DOMINANT	PASS	416	0.886282891691208	0.0041240752260149	0.8904069669172229	0.0046316744805954	19:18235882	ABF_H3_DOMINANT	PASS	416	0.8862858265171373	0.004123857719797	0.8904096842369343	0.004631416069257	19:18235882	ABF_H3_DOMINANT	PASS	416	0.8862788654671719	0.0041277414478367	0.8904066069150086	0.0046357938224853	19:18235882	ABF_H3_DOMINANT	PASS	H3_DISTINCT_SIGNAL	ABF_H3_DOMINANT	H3_SUPPORTED_STABLE	STABLE_H3	MATCH		416	0.0474033771247767	0.078273120234942	2	H3	H3	H3	H3	H3	H3	H3	False	False	False	False	False	False	H3 -> H3 -> H3 -> H3
R7B1_005937	54	C19orf60	DC	H3_RESCUE_FALSIFICATION	ABF_H3_DOMINANT	H3_SUPPORTED_STABLE	459	8c1044c3fd8bbcde87d7ba141902a3635322931e822661fc5eb34b5e3d9db4de	416	007c4e5b67357f21eb6a60cd2798b54a70fc51f7bc224b2d55f81349ce21b79c	43	0.0936819172113289	726	9b3bdbba365eac1c8738c8b28396ccb0c48a6549f1cbef0fbaaeed75b4dc2298	277465833440d09e2e3987d27755ee388162c59b7de41667fdd2258ddbf16882	8fb8bf6a7adcc7ccffb28ab1eb3debd65dc7d85e7248d25258e0a33f4097ea13	0.9974364903689612	0.997279318172954	413	3	0	23289	24120.0	24510	0.0031282051282053	PASS	459	0.8789108822455244	0.0083998614655689	0.8873107437110933	0.0094666513677466	19:18237882	ABF_H3_DOMINANT	PASS	416	0.878780175877162	0.008422161260548	0.88720233713771	0.0094929430503075	19:18237882	ABF_H3_DOMINANT	PASS	416	0.8787588568890131	0.0084243628561382	0.8871832197451514	0.009495629165031	19:18237882	ABF_H3_DOMINANT	PASS	416	0.8830976567724689	0.0101932145129546	0.8932908712854235	0.0114108571358026	19:18236947	ABF_H3_DOMINANT	PASS	416	0.8830758726309926	0.0101958160720842	0.8932716887030768	0.0114140145725286	19:18236947	ABF_H3_DOMINANT	PASS	416	0.8830597425136908	0.0102348529026833	0.8932945954163741	0.0114574217231357	19:18236947	ABF_H3_DOMINANT	PASS	H3_DISTINCT_SIGNAL	ABF_H3_DOMINANT	H3_SUPPORTED_STABLE	STABLE_H3	MATCH		416	0.046705640449687	0.0778302978490889	2	H3	H3	H3	H3	H3	H3	H3	False	False	False	False	False	False	H3 -> H3 -> H3 -> H3
R7B1_005938	54	C19orf60	Mono_C	H3_RESCUE_FALSIFICATION	ABF_H3_DOMINANT	H3_SUPPORTED_STABLE	459	8c1044c3fd8bbcde87d7ba141902a3635322931e822661fc5eb34b5e3d9db4de	416	007c4e5b67357f21eb6a60cd2798b54a70fc51f7bc224b2d55f81349ce21b79c	43	0.0936819172113289	851	4982fee8894ac350027d62ba197f91a4e3fde9ae94865a9008d13169cbf8cdac	95a37f04cee9d27f08eacc01c2e0994314993a9d198b3569528fe5e1a1f7286a	5f6f0aa2d04ffe81b0900927d278469cc3df11ac962670428542a2cf50522654	1.004804014745294	1.0048003405943202	413	3	0	23289	24120.0	24510	0.0031282051282053	PASS	459	0.8812957653898055	0.0062635661370409	0.8875593315268464	0.007057067527267	19:18235882	ABF_H3_DOMINANT	PASS	416	0.8811939943570297	0.0062761718234718	0.8874701661805016	0.0070719806283553	19:18235882	ABF_H3_DOMINANT	PASS	416	0.8811935996163555	0.0062762092062176	0.8874698088225732	0.0070720255988702	19:18235882	ABF_H3_DOMINANT	PASS	416	0.8869649937355034	0.0064363155150307	0.8934013092505342	0.007204282608932	19:18235882	ABF_H3_DOMINANT	PASS	416	0.8869645949267808	0.0064363545528599	0.8934009494796408	0.0072043292058383	19:18235882	ABF_H3_DOMINANT	PASS	416	0.8869584545478277	0.006442784406136	0.8934012389539637	0.0072115239214124	19:18235882	ABF_H3_DOMINANT	PASS	H3_DISTINCT_SIGNAL	ABF_H3_DOMINANT	H3_SUPPORTED_STABLE	STABLE_H3	PF50_UNINFORMATIVE		416	0.0435495714284596	0.0716803966530051	2	H3	H3	H3	H3	H3	H3	H3	False	False	False	False	False	False	H3 -> H3 -> H3 -> H3
R7B1_006019	54	IFI30	Mono_NC	H3_RESCUE_FALSIFICATION	ABF_H3_DOMINANT	H4_SUPPORTED_STABLE	478	9f55ed19add222a65a2094e05e2e79384e7f9221757107b03695fa7e541071e0	435	a9b8c866b98fdc9248d738e385c89ebab9b438170ad96ba0c4e444dc4a0fdd60	43	0.0899581589958159	690	8bdfb601b2748b6293ff9af051d75eba2c5c7c4d07841865a0ce216e61b31c1e	a4ec4a463490228fa7790ba92fa44933a73cd757f72b33d36f13d21ad8d28e6e	745e523a011b3317fb66bd0b25858df83441cf6e573ecbd18671352772ed90ce	0.9455265246200693	0.9455553026445416	432	3	0	23289	24121.0	24510	0.0031282051282053	PASS	478	0.9849296596065312	0.0029895421107817	0.9879192017173132	0.0030260998121961	19:18290143	ABF_H3_DOMINANT	PASS	435	0.9848792428364462	0.0030038999609592	0.9878831427974056	0.0030407442245173	19:18290143	ABF_H3_DOMINANT	PASS	435	0.9848806292781423	0.0030038146101505	0.987884443888293	0.003040653822149	19:18290143	ABF_H3_DOMINANT	PASS	435	0.990660018690058	0.0038374982398221	0.99449751692988	0.0038587308409466	19:18290143	ABF_H3_DOMINANT	PASS	435	0.9906614283923209	0.0038373977541829	0.994498826146504	0.0038586247196008	19:18290143	ABF_H3_DOMINANT	PASS	435	0.9906483040593744	0.0038484202290848	0.9944967242884594	0.0038697163450571	19:18290143	ABF_H3_DOMINANT	PASS	H3_DISTINCT_SIGNAL	ABF_H3_DOMINANT	H4_SUPPORTED_STABLE	H3_TO_H4	MATCH		435	0.984312484779668	0.989842877717356	2	H3	H3	H3	H3	H3	H3	H4	False	False	True	False	False	False	H3 -> H3 -> H3 -> H4
R7B1_006024	54	IL12RB1	CD4_ET	BORDERLINE_HIGH_INFORMATION_CALIBRATION	ABF_H4_BORDERLINE	UNINFORMATIVE	478	9f55ed19add222a65a2094e05e2e79384e7f9221757107b03695fa7e541071e0	435	a9b8c866b98fdc9248d738e385c89ebab9b438170ad96ba0c4e444dc4a0fdd60	43	0.0899581589958159	980	5c3f32c226c3325c85237abdebee181646842a3b069f627ac0424c0b03e5d819	acfc37461a03c202862eb173a7ba192f36fb981021e66c95775a3b4953ebb109	2e66c5356ff50a7998c80beedd7dd4e6f9be144f652f2bd0d5e9d928acdbc2da	0.886363766475548	0.8863581176330143	432	3	0	23289	24121.0	24510	0.0031282051282053	PASS	478	0.0451436211615428	0.7562585190075561	0.8014021401690989	0.943669203139366	19:18194543	ABF_H4_BORDERLINE	PASS	435	0.0429461284680678	0.7569226290702666	0.7998687575383344	0.9463085311642396	19:18194543	ABF_UNINFORMATIVE_OR_NO_TRIGGER	PASS	435	0.0429461844418127	0.7569220310003751	0.7998682154421879	0.9463084247971136	19:18194543	ABF_UNINFORMATIVE_OR_NO_TRIGGER	PASS	435	0.0878278057459924	0.5109246132734577	0.5987524190194502	0.8533153220661319	19:18194543	ABF_UNINFORMATIVE_OR_NO_TRIGGER	PASS	435	0.0878278222741604	0.510923945413027	0.5987517676871874	0.8533151348956931	19:18194543	ABF_UNINFORMATIVE_OR_NO_TRIGGER	PASS	435	0.0875503504172132	0.5124549405787819	0.6000052909959952	0.8540840360392795	19:18194543	ABF_UNINFORMATIVE_OR_NO_TRIGGER	PASS	NO_TRIGGER_OR_UNINFORMATIVE	ABF_H4_BORDERLINE	UNINFORMATIVE	BORDERLINE_UNINFORMATIVE	NOT_COMPARABLE		435			0	H4_BORDERLINE	UNINFORMATIVE	UNINFORMATIVE	UNINFORMATIVE	UNINFORMATIVE	UNINFORMATIVE	UNINFORMATIVE	True	False	False	False	False	False	H4_BORDERLINE -> UNINFORMATIVE -> UNINFORMATIVE -> UNINFORMATIVE
R7B1_006025	54	IL12RB1	CD4_NC	PRIMARY_184_TRIGGER_VERIFICATION	ABF_H4_DOMINANT	H3_SUPPORTED_STABLE	478	9f55ed19add222a65a2094e05e2e79384e7f9221757107b03695fa7e541071e0	435	a9b8c866b98fdc9248d738e385c89ebab9b438170ad96ba0c4e444dc4a0fdd60	43	0.0899581589958159	980	5f53bef3981460791cba83433fe8af7d3d8f45bcc5d31011c5f5916e05b83257	1c0f8fbd0a7d5d87c0219be6c5eeb1883b8fc1f9e0721ebc07b6e7c4f52c700f	99bc63a9973f3adeaf2e19a0a3c02dda494fcabcdc6a289e37583b34965d1738	0.614144094259738	0.6141696428865454	432	3	0	23289	24121.0	24510	0.0031282051282053	PASS	478	0.0486956139859096	0.9508195614040093	0.9995151753899189	0.951280765730332	19:18194543	ABF_H4_DOMINANT	PASS	435	0.0466766355206036	0.9528496226006752	0.9995262581212788	0.953301241321726	19:18194543	ABF_H4_DOMINANT	PASS	435	0.0466765824205537	0.9528496893092728	0.9995262717298266	0.9533012950827464	19:18194543	ABF_H4_DOMINANT	PASS	435	0.1745543455624847	0.8248820559059037	0.9994364014683884	0.8253472203873837	19:18194543	ABF_H4_DOMINANT	PASS	435	0.1745541032178671	0.8248823468737707	0.9994364500916378	0.8253474713656257	19:18194543	ABF_H4_DOMINANT	PASS	435	0.1738963335959404	0.8255420294265265	0.999438363022467	0.8260059449088494	19:18194543	ABF_H4_DOMINANT	PASS	ROBUST_H4_TRIGGER	ABF_H4_DOMINANT	H3_SUPPORTED_STABLE	H4_TO_H3	MATCH		435	0.123371142550595	0.12357148130746	2	H4	H4	H4	H4	H4	H4	H3	False	False	True	False	False	False	H4 -> H4 -> H4 -> H3
R7B1_006027	54	IL12RB1	CD8_ET	PRIMARY_184_TRIGGER_VERIFICATION	ABF_H4_DOMINANT	MODEL_SENSITIVE	478	9f55ed19add222a65a2094e05e2e79384e7f9221757107b03695fa7e541071e0	435	a9b8c866b98fdc9248d738e385c89ebab9b438170ad96ba0c4e444dc4a0fdd60	43	0.0899581589958159	980	f7b285e39bf48717eb1b0553548dcc309bbfdaf3c9d4e4f884c1833a2fb117df	ba8e1c29a7be7668c5617b0f0f51747a4d59a41c14dd293d5e9ef97b50021d99	be044a387cd336ea905fc31d713bed2fb9553dec4484908a657843e76b9cafa3	0.7402182602978917	0.7402373701381543	432	3	0	23289	24121.0	24510	0.0031282051282053	PASS	478	0.0637090307788623	0.9217094924184088	0.9854185231972712	0.9353482512464316	19:18194543	ABF_H4_DOMINANT	PASS	435	0.0488835869082171	0.9346142632491836	0.9834978501574008	0.950296193427984	19:18194543	ABF_H4_DOMINANT	PASS	435	0.0488835161910677	0.9346148254037446	0.9834983415948124	0.9502962901678108	19:18194543	ABF_H4_DOMINANT	PASS	435	0.1699812361649408	0.7749716319956578	0.9449528681605986	0.820116704343341	19:18194543	ABF_H4_BORDERLINE	PASS	435	0.1699814111110341	0.7749729943099661	0.9449544054210002	0.8201168118420452	19:18194543	ABF_H4_BORDERLINE	PASS	435	0.1694058564777399	0.7757320594653674	0.9451379159431073	0.8207607020942568	19:18194543	ABF_H4_BORDERLINE	PASS	ROBUST_H4_TRIGGER	ABF_H4_DOMINANT	MODEL_SENSITIVE	H4_TO_MODEL_SENSITIVE	NOT_COMPARABLE		435	0.270265069096036	0.325269679115085	2	H4	H4	H4	H4_BORDERLINE	H4_BORDERLINE	H4_BORDERLINE	MODEL_SENSITIVE	False	True	True	False	False	False	H4 -> H4 -> H4_BORDERLINE -> MODEL_SENSITIVE
R7B1_006029	54	IL12RB1	CD8_S100B	PRIMARY_184_TRIGGER_VERIFICATION	ABF_H4_DOMINANT	UNINFORMATIVE	478	9f55ed19add222a65a2094e05e2e79384e7f9221757107b03695fa7e541071e0	435	a9b8c866b98fdc9248d738e385c89ebab9b438170ad96ba0c4e444dc4a0fdd60	43	0.0899581589958159	959	7e6d6bb13e59e2863939dfef8eaf9e08863eac031fb73137d2bb08cbb0bd7430	284bd34dd95e9c85b22b948bb49ab5fa31cb5ea51b8cdf343812879442a8b414	0d5ba4610fe788d2ebf98979ed130ad849acd1945633b049548b8635694d7592	0.9057912981714928	0.9058249444278416	432	3	0	23289	24121.0	24510	0.0031282051282053	PASS	478	0.0521729810349842	0.925570690982048	0.9777436720170324	0.9466394081310144	19:18193191	ABF_H4_DOMINANT	PASS	435	0.0510371776430092	0.92666650582391	0.9777036834669194	0.9477989307946224	19:18193191	ABF_H4_DOMINANT	PASS	435	0.0510370716904872	0.9266675221881578	0.9777045938786452	0.9477990877714726	19:18193191	ABF_H4_DOMINANT	PASS	435	0.1773879034130422	0.7478758100716849	0.9252637134847272	0.808283951020878	19:18194543	ABF_H4_BORDERLINE	PASS	435	0.1773886235766047	0.7478777338062848	0.9252663573828896	0.8082837205079546	19:18194543	ABF_H4_BORDERLINE	PASS	435	0.1769505602471143	0.748496161694633	0.9254467219417472	0.8087944383488209	19:18194543	ABF_H4_BORDERLINE	PASS	ROBUST_H4_TRIGGER	ABF_H4_DOMINANT	UNINFORMATIVE	H4_TO_UNINFORMATIVE	NOT_COMPARABLE		435			0	H4	H4	H4	H4_BORDERLINE	H4_BORDERLINE	H4_BORDERLINE	UNINFORMATIVE	False	True	True	False	False	False	H4 -> H4 -> H4_BORDERLINE -> UNINFORMATIVE
R7B1_006033	54	IL12RB1	NK	PRIMARY_184_TRIGGER_VERIFICATION	ABF_H4_DOMINANT	H3_SUPPORTED_STABLE	478	9f55ed19add222a65a2094e05e2e79384e7f9221757107b03695fa7e541071e0	435	a9b8c866b98fdc9248d738e385c89ebab9b438170ad96ba0c4e444dc4a0fdd60	43	0.0899581589958159	980	e90133ff6be2e13baa1f711d9563ab862f1a0966d002212249794471b2a2939e	62baa805a6582e33e527b4803696faeaf9ed9453f0dba26de95b01b4f9b2181b	e8a83b605355508c3c059c32709e55cdd191baee7360c344ef0814fb99713436	0.7568769179063473	0.7568450590524158	432	3	0	23289	24121.0	24510	0.0031282051282053	PASS	478	0.0795446389276207	0.9198819168217568	0.9994265557493776	0.9204097204841856	19:18185192	ABF_H4_DOMINANT	PASS	435	0.078515978570709	0.9209149070702402	0.9994308856409492	0.9214393114133594	19:18185192	ABF_H4_DOMINANT	PASS	435	0.0785170145549569	0.920913863226296	0.9994308777812532	0.9214382742213592	19:18185192	ABF_H4_DOMINANT	PASS	435	0.3020591376497938	0.697804590102095	0.9998637277518888	0.6978996944624155	19:18181779	ABF_AMBIGUOUS	PASS	435	0.3020618014226053	0.6978019234467472	0.9998637248693524	0.6978970294556147	19:18181779	ABF_AMBIGUOUS	PASS	435	0.3016633497953925	0.6982002954863339	0.9998636452817264	0.698295511374059	19:18181779	ABF_AMBIGUOUS	PASS	ROBUST_H4_TRIGGER	ABF_H4_DOMINANT	H3_SUPPORTED_STABLE	H4_TO_H3	MATCH		435	0.117980432926383	0.117992296160033	2	H4	H4	H4	AMBIGUOUS	AMBIGUOUS	AMBIGUOUS	H3	False	True	True	False	False	False	H4 -> H4 -> AMBIGUOUS -> H3
R7B1_006041	54	ISYNA1	CD8_ET	H3_RESCUE_FALSIFICATION	ABF_H3_DOMINANT	H3_SUPPORTED_STABLE	478	9f55ed19add222a65a2094e05e2e79384e7f9221757107b03695fa7e541071e0	435	a9b8c866b98fdc9248d738e385c89ebab9b438170ad96ba0c4e444dc4a0fdd60	43	0.0899581589958159	980	110d40f8eff55b34867b0bc1040174a0da852f540f1ac3f64c8685d1a5a78cf7	ba8e1c29a7be7668c5617b0f0f51747a4d59a41c14dd293d5e9ef97b50021d99	be044a387cd336ea905fc31d713bed2fb9553dec4484908a657843e76b9cafa3	0.8868946571663917	0.8869562591460111	432	3	0	23289	24121.0	24510	0.0031282051282053	PASS	478	0.9625427737835884	0.0015152588049346	0.964058032588523	0.0015717506142925	19:18235882	ABF_H3_DOMINANT	PASS	435	0.9600555299967924	0.0016319130480966	0.961687443044889	0.0016969266469048	19:18235882	ABF_H3_DOMINANT	PASS	435	0.9600578173749948	0.0016317237141491	0.9616895410891438	0.0016967260684785	19:18235882	ABF_H3_DOMINANT	PASS	435	0.9664163507882316	0.0017169720424274	0.968133322830659	0.0017734871860492	19:18235882	ABF_H3_DOMINANT	PASS	435	0.9664186718016926	0.0017167636344672	0.96813543543616	0.0017732680486938	19:18235882	ABF_H3_DOMINANT	PASS	435	0.9664150273461368	0.0017174796263702	0.968132506972507	0.0017740129723989	19:18235882	ABF_H3_DOMINANT	PASS	H3_DISTINCT_SIGNAL	ABF_H3_DOMINANT	H3_SUPPORTED_STABLE	STABLE_H3	MATCH		435	0.0100398592152845	0.0155569304319846	2	H3	H3	H3	H3	H3	H3	H3	False	False	False	False	False	False	H3 -> H3 -> H3 -> H3
R7B1_006053	54	KCNN1	CD4_NC	H3_RESCUE_FALSIFICATION	ABF_H3_DOMINANT	H3_SUPPORTED_STABLE	478	9f55ed19add222a65a2094e05e2e79384e7f9221757107b03695fa7e541071e0	435	a9b8c866b98fdc9248d738e385c89ebab9b438170ad96ba0c4e444dc4a0fdd60	43	0.0899581589958159	980	0517135e5528266839da855e6fb1b3a8e70231302d0285656987b26da9669b77	1c0f8fbd0a7d5d87c0219be6c5eeb1883b8fc1f9e0721ebc07b6e7c4f52c700f	99bc63a9973f3adeaf2e19a0a3c02dda494fcabcdc6a289e37583b34965d1738	0.9123592348441364	0.9124699409438548	432	3	0	23289	24121.0	24510	0.0031282051282053	PASS	478	0.992510745665956	0.0002097854436623	0.9927205311096184	0.0002113237684606	19:18119678	ABF_H3_DOMINANT	PASS	435	0.9923293301619124	0.0001936241853866	0.992522954347299	0.0001950828286021	19:18089981	ABF_H3_DOMINANT	PASS	435	0.9923296037808476	0.0001935705597787	0.9925231743406264	0.0001950287557843	19:18089981	ABF_H3_DOMINANT	PASS	435	0.999072333946468	0.0001103069972195	0.9991826409436876	0.0001103972313964	19:18235882	ABF_H3_DOMINANT	PASS	435	0.9990726153002928	0.0001102474863494	0.9991828627866424	0.0001103376473471	19:18235882	ABF_H3_DOMINANT	PASS	435	0.9990714654527252	0.0001103153385647	0.9991817807912898	0.0001104056746084	19:18235882	ABF_H3_DOMINANT	PASS	H3_DISTINCT_SIGNAL	ABF_H3_DOMINANT	H3_SUPPORTED_STABLE	STABLE_H3	MATCH		435	0.0113536977160363	0.0188801112978855	4	H3	H3	H3	H3	H3	H3	H3	False	False	False	False	False	False	H3 -> H3 -> H3 -> H3
R7B1_006058	54	KCNN1	NK	H3_RESCUE_FALSIFICATION	ABF_H3_DOMINANT	UNINFORMATIVE	478	9f55ed19add222a65a2094e05e2e79384e7f9221757107b03695fa7e541071e0	435	a9b8c866b98fdc9248d738e385c89ebab9b438170ad96ba0c4e444dc4a0fdd60	43	0.0899581589958159	980	65ccaaf563e44c4dc39fb89c172c2bde0e36fd80454ab46b7c4efb708b467d73	62baa805a6582e33e527b4803696faeaf9ed9453f0dba26de95b01b4f9b2181b	e8a83b605355508c3c059c32709e55cdd191baee7360c344ef0814fb99713436	0.997890792262658	0.9979609126282342	432	3	0	23289	24121.0	24510	0.0031282051282053	PASS	478	0.9727157180615812	0.0010363582266997	0.973752076288281	0.0010642937272597	19:18119678	ABF_H3_DOMINANT	PASS	435	0.0462070016254015	0.0368816247506052	0.0830886263760067	0.4438829519662804	19:18235882	ABF_UNINFORMATIVE_OR_NO_TRIGGER	PASS	435	0.0462060854213266	0.0368795580174273	0.0830856434387539	0.4438740135004537	19:18235882	ABF_UNINFORMATIVE_OR_NO_TRIGGER	PASS	435	0.0465526155051234	0.0361662119630465	0.0827188274681699	0.4372186244656723	19:18235882	ABF_UNINFORMATIVE_OR_NO_TRIGGER	PASS	435	0.0465516916848562	0.0361641592998145	0.0827158509846708	0.437209541693727	19:18235882	ABF_UNINFORMATIVE_OR_NO_TRIGGER	PASS	435	0.0465521534042754	0.0361747738955178	0.0827269272997933	0.4372793125075763	19:18235882	ABF_UNINFORMATIVE_OR_NO_TRIGGER	PASS	H3_DISTINCT_SIGNAL	ABF_H3_DOMINANT	UNINFORMATIVE	H3_TO_UNINFORMATIVE	NOT_COMPARABLE		435			0	H3	UNINFORMATIVE	UNINFORMATIVE	UNINFORMATIVE	UNINFORMATIVE	UNINFORMATIVE	UNINFORMATIVE	True	False	False	False	False	False	H3 -> UNINFORMATIVE -> UNINFORMATIVE -> UNINFORMATIVE
R7B1_006076	54	LSM4	CD4_NC	H3_RESCUE_FALSIFICATION	ABF_H3_DOMINANT	UNINFORMATIVE	478	9f55ed19add222a65a2094e05e2e79384e7f9221757107b03695fa7e541071e0	435	a9b8c866b98fdc9248d738e385c89ebab9b438170ad96ba0c4e444dc4a0fdd60	43	0.0899581589958159	980	1d6189671c1222dfe35854072acedc8d1c98b9564d4f961d973937db8640af50	1c0f8fbd0a7d5d87c0219be6c5eeb1883b8fc1f9e0721ebc07b6e7c4f52c700f	99bc63a9973f3adeaf2e19a0a3c02dda494fcabcdc6a289e37583b34965d1738	0.563551440221045	0.5636447421683211	432	3	0	23289	24121.0	24510	0.0031282051282053	PASS	478	0.9928594225324038	0.0001093790759773	0.9929688016083812	0.000110153587706	19:18423402	ABF_H3_DOMINANT	PASS	435	0.0285596222304726	0.0399188615615971	0.0684784837920697	0.5829402076542468	19:18235882	ABF_UNINFORMATIVE_OR_NO_TRIGGER	PASS	435	0.028557358827604	0.0399138159716219	0.0684711747992259	0.5829287446675021	19:18235882	ABF_UNINFORMATIVE_OR_NO_TRIGGER	PASS	435	0.028901829531583	0.0350647932717297	0.0639666228033128	0.5481732774848598	19:18235882	ABF_UNINFORMATIVE_OR_NO_TRIGGER	PASS	435	0.0288995286275141	0.0350600700801032	0.0639595987076174	0.5481596318384614	19:18235882	ABF_UNINFORMATIVE_OR_NO_TRIGGER	PASS	435	0.0289016771731441	0.0350689100671816	0.0639705872403258	0.5482036601514094	19:18235882	ABF_UNINFORMATIVE_OR_NO_TRIGGER	PASS	H3_DISTINCT_SIGNAL	ABF_H3_DOMINANT	UNINFORMATIVE	H3_TO_UNINFORMATIVE	NOT_COMPARABLE		435			0	H3	UNINFORMATIVE	UNINFORMATIVE	UNINFORMATIVE	UNINFORMATIVE	UNINFORMATIVE	UNINFORMATIVE	True	False	False	False	False	False	H3 -> UNINFORMATIVE -> UNINFORMATIVE -> UNINFORMATIVE
R7B1_006100	54	MAST3	B_IN	PRIMARY_184_TRIGGER_VERIFICATION	ABF_AMBIGUOUS	UNINFORMATIVE	478	9f55ed19add222a65a2094e05e2e79384e7f9221757107b03695fa7e541071e0	435	a9b8c866b98fdc9248d738e385c89ebab9b438170ad96ba0c4e444dc4a0fdd60	43	0.0899581589958159	975	1c062298dbefd0afa6bb2b458494fb120a6302cb50d74ae4e840b428612a3cdc	824272211762c136d4b49b252f39ed2bd5065161feec0a6aa32a733274b4e8a3	6a82b893ce4056cf4d9d1df36e1912d2db727851f47ab8466e9fd69648c4f231	0.9549970290945548	0.955002378252998	432	3	0	23289	24121.0	24510	0.0031282051282053	PASS	478	0.3374796552296482	0.5699776603487263	0.9074573155783744	0.6281040998445717	19:18238035	ABF_AMBIGUOUS	PASS	435	0.33630803711651	0.5713777654711494	0.9076858025876592	0.6294884902267367	19:18238035	ABF_AMBIGUOUS	PASS	435	0.3363086059732231	0.5713773652031764	0.9076859711763996	0.6294879323326404	19:18238035	ABF_AMBIGUOUS	PASS	435	0.3004000925493286	0.619668887856034	0.9200689804053626	0.6735026406205122	19:18238035	ABF_AMBIGUOUS	PASS	435	0.300400617679164	0.6196685112883767	0.9200691289675408	0.6735021225891367	19:18238035	ABF_AMBIGUOUS	PASS	435	0.3007285890272069	0.6192529464589843	0.9199815354861912	0.673114538251816	19:18238035	ABF_AMBIGUOUS	PASS	H3_H4_AMBIGUITY_TRIGGER	ABF_AMBIGUOUS	UNINFORMATIVE	AMBIGUITY_TO_UNINFORMATIVE	NOT_COMPARABLE		435			0	AMBIGUOUS	AMBIGUOUS	AMBIGUOUS	AMBIGUOUS	AMBIGUOUS	AMBIGUOUS	UNINFORMATIVE	False	False	True	False	False	False	AMBIGUOUS -> AMBIGUOUS -> AMBIGUOUS -> UNINFORMATIVE
R7B1_006103	54	MAST3	CD4_NC	H3_RESCUE_FALSIFICATION	ABF_H3_DOMINANT	H3_SUPPORTED_STABLE	478	9f55ed19add222a65a2094e05e2e79384e7f9221757107b03695fa7e541071e0	435	a9b8c866b98fdc9248d738e385c89ebab9b438170ad96ba0c4e444dc4a0fdd60	43	0.0899581589958159	980	5c5452485a0a81595b6e45cdd460d9dbe787717919e618f8857353b0286ad0de	1c0f8fbd0a7d5d87c0219be6c5eeb1883b8fc1f9e0721ebc07b6e7c4f52c700f	99bc63a9973f3adeaf2e19a0a3c02dda494fcabcdc6a289e37583b34965d1738	0.8467994852397059	0.8466715539670526	432	3	0	23289	24121.0	24510	0.0031282051282053	PASS	478	0.9914096223332216	0.0015694432326349	0.9929790655658568	0.0015805401010549	19:18258512	ABF_H3_DOMINANT	PASS	435	0.9913651716674972	0.0015775642721532	0.9929427359396504	0.0015887766887789	19:18258512	ABF_H3_DOMINANT	PASS	435	0.9913651686602556	0.0015775673007841	0.9929427359610398	0.0015887797389013	19:18258512	ABF_H3_DOMINANT	PASS	435	0.9994065506940102	0.0001889171805976	0.9995954678746078	0.0001889936345943	19:18258512	ABF_H3_DOMINANT	PASS	435	0.9994065501544034	0.0001889177204212	0.9995954678748246	0.0001889941746363	19:18258512	ABF_H3_DOMINANT	PASS	435	0.9994054323790468	0.0001891751530259	0.9995946075320729	0.0001892518743103	19:18258512	ABF_H3_DOMINANT	PASS	H3_DISTINCT_SIGNAL	ABF_H3_DOMINANT	H3_SUPPORTED_STABLE	STABLE_H3	MATCH		435	0.0097821158757748	0.0146402953247599	2	H3	H3	H3	H3	H3	H3	H3	False	False	False	False	False	False	H3 -> H3 -> H3 -> H3
R7B1_006105	54	MAST3	CD8_ET	H3_RESCUE_FALSIFICATION	ABF_H3_DOMINANT	H3_SUPPORTED_STABLE	478	9f55ed19add222a65a2094e05e2e79384e7f9221757107b03695fa7e541071e0	435	a9b8c866b98fdc9248d738e385c89ebab9b438170ad96ba0c4e444dc4a0fdd60	43	0.0899581589958159	980	2b5a07a94aad21eb8c69109be15534c3364d0b32fcd162d1a35df3c119cc6a52	ba8e1c29a7be7668c5617b0f0f51747a4d59a41c14dd293d5e9ef97b50021d99	be044a387cd336ea905fc31d713bed2fb9553dec4484908a657843e76b9cafa3	0.8748131786863769	0.8746875745362924	432	3	0	23289	24121.0	24510	0.0031282051282053	PASS	478	0.9913829059394864	0.0015963486348791	0.9929792545743654	0.0016076354339984	19:18258512	ABF_H3_DOMINANT	PASS	435	0.991338318237116	0.0016046086721159	0.992942926909232	0.0016160129939297	19:18258512	ABF_H3_DOMINANT	PASS	435	0.991338314869619	0.0016046120635578	0.9929429269331768	0.0016160164094364	19:18258512	ABF_H3_DOMINANT	PASS	435	0.9994012090810036	0.0001942609535768	0.9995954700345804	0.0001943395697562	19:18258512	ABF_H3_DOMINANT	PASS	435	0.9994012083896262	0.0001942616452304	0.9995954700348566	0.0001943402616897	19:18258512	ABF_H3_DOMINANT	PASS	435	0.9994000606060852	0.0001945491027774	0.9995946097088628	0.0001946280030803	19:18258512	ABF_H3_DOMINANT	PASS	H3_DISTINCT_SIGNAL	ABF_H3_DOMINANT	H3_SUPPORTED_STABLE	STABLE_H3	MATCH		435	0.0097785260038278	0.0146349489060532	2	H3	H3	H3	H3	H3	H3	H3	False	False	False	False	False	False	H3 -> H3 -> H3 -> H3
R7B1_006106	54	MAST3	CD8_NC	H3_RESCUE_FALSIFICATION	ABF_H3_DOMINANT	H3_SUPPORTED_STABLE	478	9f55ed19add222a65a2094e05e2e79384e7f9221757107b03695fa7e541071e0	435	a9b8c866b98fdc9248d738e385c89ebab9b438170ad96ba0c4e444dc4a0fdd60	43	0.0899581589958159	980	255143108888eb6d434f135cba43b62f37db4a6a5562c3eb26a677a92b3ab804	7b85a4841cd56d15f2045820998c065b1c2f42dc0bedb0f31eab1417d234805f	1b9845315dea7ad9f90ea4d66314de38eeb25090c3392ff8b700fa43c02bce25	0.94552280898145	0.9455176318247598	432	3	0	23289	24121.0	24510	0.0031282051282053	PASS	478	0.8568790183501005	0.1360225759579621	0.9929015943080628	0.1369950222033374	19:18238035	ABF_H3_DOMINANT	PASS	435	0.8562430894131104	0.136632062320531	0.9928751517336416	0.1376125307214711	19:18238035	ABF_H3_DOMINANT	PASS	435	0.8562426283071982	0.1366325186183085	0.9928751469255068	0.1376129909600404	19:18238035	ABF_H3_DOMINANT	PASS	435	0.8329317194099064	0.1657371789537857	0.9986688983636922	0.1659580860336637	19:18238035	ABF_H3_DOMINANT	PASS	435	0.8329311713017092	0.1657377195872063	0.9986688908889156	0.1659586286298386	19:18238035	ABF_H3_DOMINANT	PASS	435	0.8332998313006594	0.1653677607680788	0.9986675920687385	0.1655883920549778	19:18238035	ABF_H3_DOMINANT	PASS	H3_DISTINCT_SIGNAL	ABF_H3_DOMINANT	H3_SUPPORTED_STABLE	STABLE_H3	MATCH		435	0.0109874311875952	0.0148388398320262	2	H3	H3	H3	H3	H3	H3	H3	False	False	False	False	False	False	H3 -> H3 -> H3 -> H3
R7B1_006110	54	MAST3	Mono_NC	PRIMARY_184_TRIGGER_VERIFICATION	ABF_H4_DOMINANT	UNINFORMATIVE	478	9f55ed19add222a65a2094e05e2e79384e7f9221757107b03695fa7e541071e0	435	a9b8c866b98fdc9248d738e385c89ebab9b438170ad96ba0c4e444dc4a0fdd60	43	0.0899581589958159	690	5693580c1a077664985136d7466543a76777a531d64a65cd873cc5ee7d4eba24	a4ec4a463490228fa7790ba92fa44933a73cd757f72b33d36f13d21ad8d28e6e	745e523a011b3317fb66bd0b25858df83441cf6e573ecbd18671352772ed90ce	0.9889589360337347	0.988979198921806	432	3	0	23289	24121.0	24510	0.0031282051282053	PASS	478	0.0270885866394705	0.8015937824825559	0.8286823691220264	0.9673112550129788	19:18235882	ABF_H4_DOMINANT	PASS	435	0.0248073853422538	0.8025797098684071	0.827387095210661	0.9700171957166704	19:18235882	ABF_H4_DOMINANT	PASS	435	0.024807245526527	0.8025815074507352	0.8273887529772622	0.9700174247749186	19:18235882	ABF_H4_DOMINANT	PASS	435	0.0233795402222329	0.814797386343098	0.8381769265653309	0.9721066764292388	19:18235882	ABF_H4_DOMINANT	PASS	435	0.0233794114687935	0.814799047865574	0.8381784593343675	0.972106881048506	19:18235882	ABF_H4_DOMINANT	PASS	435	0.0234328552451099	0.8143900394738325	0.8378228947189424	0.97203125458517	19:18235882	ABF_H4_DOMINANT	PASS	ROBUST_H4_TRIGGER	ABF_H4_DOMINANT	UNINFORMATIVE	H4_TO_UNINFORMATIVE	NOT_COMPARABLE		435			0	H4	H4	H4	H4	H4	H4	UNINFORMATIVE	False	False	True	False	False	False	H4 -> H4 -> H4 -> UNINFORMATIVE
R7B1_006111	54	MAST3	NK	H3_RESCUE_FALSIFICATION	ABF_H3_DOMINANT	H3_SUPPORTED_STABLE	478	9f55ed19add222a65a2094e05e2e79384e7f9221757107b03695fa7e541071e0	435	a9b8c866b98fdc9248d738e385c89ebab9b438170ad96ba0c4e444dc4a0fdd60	43	0.0899581589958159	980	d129316104e9f6c4052cfad7fa43377c8fd9a4f6e69811131e0dd33fb86dc8c4	62baa805a6582e33e527b4803696faeaf9ed9453f0dba26de95b01b4f9b2181b	e8a83b605355508c3c059c32709e55cdd191baee7360c344ef0814fb99713436	0.9450015122789062	0.9448387114108516	432	3	0	23289	24121.0	24510	0.0031282051282053	PASS	478	0.9912462093388614	0.0017340123128913	0.9929802216517528	0.0017462707464675	19:18258512	ABF_H3_DOMINANT	PASS	435	0.9912009205944128	0.0017429834253546	0.9929439040197676	0.0017553694808926	19:18258512	ABF_H3_DOMINANT	PASS	435	0.99120091743524	0.001742986606993	0.9929439040422328	0.0017553726851007	19:18258512	ABF_H3_DOMINANT	PASS	435	0.9993766123834792	0.0002188675972031	0.9995954799806822	0.0002189561693569	19:18258512	ABF_H3_DOMINANT	PASS	435	0.9993766118204837	0.0002188681604276	0.9995954799809113	0.0002189567328093	19:18258512	ABF_H3_DOMINANT	PASS	435	0.9993752400480268	0.0002193797188184	0.9995946197668454	0.0002194686870859	19:18258512	ABF_H3_DOMINANT	PASS	H3_DISTINCT_SIGNAL	ABF_H3_DOMINANT	H3_SUPPORTED_STABLE	STABLE_H3	MATCH		435	0.0098613058522068	0.0147582285597445	2	H3	H3	H3	H3	H3	H3	H3	False	False	False	False	False	False	H3 -> H3 -> H3 -> H3
R7B1_006128	54	MPV17L2	B_IN	BORDERLINE_HIGH_INFORMATION_CALIBRATION	ABF_H4_BORDERLINE	UNINFORMATIVE	478	9f55ed19add222a65a2094e05e2e79384e7f9221757107b03695fa7e541071e0	435	a9b8c866b98fdc9248d738e385c89ebab9b438170ad96ba0c4e444dc4a0fdd60	43	0.0899581589958159	975	1c45876783b65852661a1c60dbfd977d0c92ead2877894880b88beedd5769c4c	824272211762c136d4b49b252f39ed2bd5065161feec0a6aa32a733274b4e8a3	6a82b893ce4056cf4d9d1df36e1912d2db727851f47ab8466e9fd69648c4f231	0.9728593760502716	0.9729410305903694	432	3	0	23289	24121.0	24510	0.0031282051282053	PASS	478	0.0591342462421139	0.7431662123091345	0.8023004585512484	0.9262941387957132	19:18194543	ABF_H4_BORDERLINE	PASS	435	0.0526538754468575	0.746933923003338	0.7995877984501957	0.9341487256947716	19:18194543	ABF_UNINFORMATIVE_OR_NO_TRIGGER	PASS	435	0.0526531070627665	0.7469389135751279	0.7995920206378944	0.9341500343878356	19:18194543	ABF_UNINFORMATIVE_OR_NO_TRIGGER	PASS	435	0.0647241656024592	0.6918435737750231	0.7565677393774823	0.914450270301354	19:18194543	ABF_UNINFORMATIVE_OR_NO_TRIGGER	PASS	435	0.0647239247840633	0.6918463518997313	0.7565702766837946	0.9144508755118405	19:18194543	ABF_UNINFORMATIVE_OR_NO_TRIGGER	PASS	435	0.0645503434281322	0.6926609326824661	0.7572112761105982	0.9147525327941578	19:18194543	ABF_UNINFORMATIVE_OR_NO_TRIGGER	PASS	NO_TRIGGER_OR_UNINFORMATIVE	ABF_H4_BORDERLINE	UNINFORMATIVE	BORDERLINE_UNINFORMATIVE	NOT_COMPARABLE		435			0	H4_BORDERLINE	UNINFORMATIVE	UNINFORMATIVE	UNINFORMATIVE	UNINFORMATIVE	UNINFORMATIVE	UNINFORMATIVE	True	False	False	False	False	False	H4_BORDERLINE -> UNINFORMATIVE -> UNINFORMATIVE -> UNINFORMATIVE
R7B1_006129	54	MPV17L2	B_MEM	PRIMARY_184_TRIGGER_VERIFICATION	ABF_H4_DOMINANT	UNINFORMATIVE	478	9f55ed19add222a65a2094e05e2e79384e7f9221757107b03695fa7e541071e0	435	a9b8c866b98fdc9248d738e385c89ebab9b438170ad96ba0c4e444dc4a0fdd60	43	0.0899581589958159	970	aafb6cb5ec5449a00dea7a5db1de26ad794fb78d5f88250dce7bfb970fb132aa	6ec64b20de5f40161c2f80a47034265b8cb8350d169cf0a3d1f3c1b6d240dfff	6b76d1ec2f5670cd3c5348473f493476f8617fe4e20c3ecad7f3e07695ecab68	0.9712850688226417	0.9712995923238772	432	3	0	23289	24121.0	24510	0.0031282051282053	PASS	478	0.0395846211848761	0.921227164940082	0.9608117861249582	0.9588008580280593	19:18235882	ABF_H4_DOMINANT	PASS	435	0.0392602462419988	0.9217312923142548	0.9609915385562536	0.959146106217562	19:18235882	ABF_H4_DOMINANT	PASS	435	0.0392602036834717	0.9217316029406124	0.9609918066240842	0.959146161899766	19:18235882	ABF_H4_DOMINANT	PASS	435	0.0305203369690354	0.939352081843354	0.9698724188123896	0.9685315961387916	19:18235882	ABF_H4_DOMINANT	PASS	435	0.0305203012208953	0.9393523281722336	0.969872629393129	0.9685316398298688	19:18235882	ABF_H4_DOMINANT	PASS	435	0.0305995015194756	0.9391971999992028	0.9697967015186784	0.9684475091825352	19:18235882	ABF_H4_DOMINANT	PASS	ROBUST_H4_TRIGGER	ABF_H4_DOMINANT	UNINFORMATIVE	H4_TO_UNINFORMATIVE	NOT_COMPARABLE		435			0	H4	H4	H4	H4	H4	H4	UNINFORMATIVE	False	False	True	False	False	False	H4 -> H4 -> H4 -> UNINFORMATIVE
R7B1_006131	54	MPV17L2	CD4_NC	PRIMARY_184_TRIGGER_VERIFICATION	ABF_H4_DOMINANT	H4_SUPPORTED_STABLE	478	9f55ed19add222a65a2094e05e2e79384e7f9221757107b03695fa7e541071e0	435	a9b8c866b98fdc9248d738e385c89ebab9b438170ad96ba0c4e444dc4a0fdd60	43	0.0899581589958159	980	ffb57893208bf875b154e6bc608d07752bc2e9057dde458e86fe504396b5bf4a	1c0f8fbd0a7d5d87c0219be6c5eeb1883b8fc1f9e0721ebc07b6e7c4f52c700f	99bc63a9973f3adeaf2e19a0a3c02dda494fcabcdc6a289e37583b34965d1738	0.8717849291678068	0.8717668641629175	432	3	0	23289	24121.0	24510	0.0031282051282053	PASS	478	0.1949756513689677	0.803095791782173	0.9980714431511408	0.8046476004228867	19:18237882	ABF_H4_DOMINANT	PASS	435	0.1941578228906056	0.8039144002432947	0.9980722231339004	0.8054671612030649	19:18237882	ABF_H4_DOMINANT	PASS	435	0.1941572927456533	0.8039149170863721	0.9980722098320254	0.8054676897793499	19:18237882	ABF_H4_DOMINANT	PASS	435	0.1185405323054774	0.8810826250619281	0.9996231573674056	0.8814147797279285	19:18294923	ABF_H4_DOMINANT	PASS	435	0.1185403169773204	0.8810828297888659	0.9996231467661864	0.8814149938796413	19:18294923	ABF_H4_DOMINANT	PASS	435	0.1181122976773869	0.8815121068848153	0.9996244045622024	0.8818433232138668	19:18294923	ABF_H4_DOMINANT	PASS	ROBUST_H4_TRIGGER	ABF_H4_DOMINANT	H4_SUPPORTED_STABLE	STABLE_H4	MATCH		435	0.956507258172463	0.95667924807287	2	H4	H4	H4	H4	H4	H4	H4	False	False	False	False	False	False	H4 -> H4 -> H4 -> H4
R7B1_006237	54	PGPEP1	CD4_NC	H3_RESCUE_FALSIFICATION	ABF_H3_DOMINANT	H3_SUPPORTED_STABLE	478	9f55ed19add222a65a2094e05e2e79384e7f9221757107b03695fa7e541071e0	435	a9b8c866b98fdc9248d738e385c89ebab9b438170ad96ba0c4e444dc4a0fdd60	43	0.0899581589958159	980	64fe280ab37c6ccb302157a6cd84834f42280a8edce6d16b8cf9f5b0a84a3a6e	1c0f8fbd0a7d5d87c0219be6c5eeb1883b8fc1f9e0721ebc07b6e7c4f52c700f	99bc63a9973f3adeaf2e19a0a3c02dda494fcabcdc6a289e37583b34965d1738	0.8620782886602463	0.8621194787734514	432	3	0	23289	24121.0	24510	0.0031282051282053	PASS	478	0.9927796578202308	9.537135232197789e-05	0.9928750291725528	9.605574671513188e-05	19:18420704	ABF_H3_DOMINANT	PASS	435	0.9927428180024538	9.577683758204648e-05	0.9928385948400358	9.646768173579902e-05	19:18420704	ABF_H3_DOMINANT	PASS	435	0.992742828864613	9.577523202282962e-05	0.9928386040966358	9.646606369619724e-05	19:18420704	ABF_H3_DOMINANT	PASS	435	0.9994848965041212	1.6187659082904643e-05	0.999501084163204	1.619573939377682e-05	19:18235882	ABF_H3_DOMINANT	PASS	435	0.9994849072684084	1.618622511342995e-05	0.9995010934935218	1.6194304557341495e-05	19:18235882	ABF_H3_DOMINANT	PASS	435	0.9994840231150348	1.620054026611658e-05	0.999500223655301	1.6208640961448832e-05	19:18235882	ABF_H3_DOMINANT	PASS	H3_DISTINCT_SIGNAL	ABF_H3_DOMINANT	H3_SUPPORTED_STABLE	STABLE_H3	MATCH		435	0.0105768071166623	0.0158252114378231	2	H3	H3	H3	H3	H3	H3	H3	False	False	False	False	False	False	H3 -> H3 -> H3 -> H3
R7B1_006274	54	SSBP4	B_IN	H3_RESCUE_FALSIFICATION	ABF_H3_DOMINANT	H3_SUPPORTED_STABLE	478	9f55ed19add222a65a2094e05e2e79384e7f9221757107b03695fa7e541071e0	435	a9b8c866b98fdc9248d738e385c89ebab9b438170ad96ba0c4e444dc4a0fdd60	43	0.0899581589958159	975	65e5085f1e4c7eaf04e59872ec2db803ff54bda20ca5de6ffbd4910349f1eeff	824272211762c136d4b49b252f39ed2bd5065161feec0a6aa32a733274b4e8a3	6a82b893ce4056cf4d9d1df36e1912d2db727851f47ab8466e9fd69648c4f231	0.9069088375650344	0.9069830587765908	432	3	0	23289	24121.0	24510	0.0031282051282053	PASS	478	0.9863047043880808	0.0003859418925311	0.986690646280612	0.0003911478171866	19:18235882	ABF_H3_DOMINANT	PASS	435	0.9857949170267332	0.0004066605752697	0.9862015776020028	0.000412350359709	19:18235882	ABF_H3_DOMINANT	PASS	435	0.9857956621260268	0.0004066081136283	0.9862022702396552	0.0004122968744834	19:18235882	ABF_H3_DOMINANT	PASS	435	0.9925447030787096	0.0002718086182833	0.992816511696993	0.0002737752798034	19:18235882	ABF_H3_DOMINANT	PASS	435	0.9925454466869384	0.0002717627895693	0.992817209476508	0.000273728927113	19:18235882	ABF_H3_DOMINANT	PASS	435	0.9925438891528434	0.0002717677111318	0.9928156568639752	0.0002737343123599	19:18235882	ABF_H3_DOMINANT	PASS	H3_DISTINCT_SIGNAL	ABF_H3_DOMINANT	H3_SUPPORTED_STABLE	STABLE_H3	MATCH		435	0.0098919078137956	0.0149144258577122	2	H3	H3	H3	H3	H3	H3	H3	False	False	False	False	False	False	H3 -> H3 -> H3 -> H3
R7B1_006277	54	SSBP4	CD4_NC	H3_RESCUE_FALSIFICATION	ABF_H3_DOMINANT	H3_SUPPORTED_STABLE	478	9f55ed19add222a65a2094e05e2e79384e7f9221757107b03695fa7e541071e0	435	a9b8c866b98fdc9248d738e385c89ebab9b438170ad96ba0c4e444dc4a0fdd60	43	0.0899581589958159	980	dc8a682fd2943bc53ddd11676a2d6c6528901be0946816ea7f3e354795008194	1c0f8fbd0a7d5d87c0219be6c5eeb1883b8fc1f9e0721ebc07b6e7c4f52c700f	99bc63a9973f3adeaf2e19a0a3c02dda494fcabcdc6a289e37583b34965d1738	0.5643409804742181	0.5643902751105725	432	3	0	23289	24121.0	24510	0.0031282051282053	PASS	478	0.9928763311655768	9.235798318129594e-05	0.992968689148758	9.301197932078969e-05	19:18593553	ABF_H3_DOMINANT	PASS	435	0.9928395099869476	9.274111844172092e-05	0.9929322511053894	9.340125505891885e-05	19:18593553	ABF_H3_DOMINANT	PASS	435	0.9928395100088308	9.274109640170588e-05	0.9929322511052324	9.340123286203644e-05	19:18593553	ABF_H3_DOMINANT	PASS	435	0.9995893917819544	6.002157674016396e-06	0.9995953939396284	6.00458716637394e-06	19:18593553	ABF_H3_DOMINANT	PASS	435	0.9995893917844972	6.002155134750882e-06	0.999595393939632	6.004584626080587e-06	19:18593553	ABF_H3_DOMINANT	PASS	435	0.9995885186890155	6.0146513832367175e-06	0.9995945333403988	6.01709111307085e-06	19:18593553	ABF_H3_DOMINANT	PASS	H3_DISTINCT_SIGNAL	ABF_H3_DOMINANT	H3_SUPPORTED_STABLE	STABLE_H3	MATCH		435	0.0095788789137064	0.0143375829674511	2	H3	H3	H3	H3	H3	H3	H3	False	False	False	False	False	False	H3 -> H3 -> H3 -> H3
R7B1_006280	54	SSBP4	CD8_NC	H3_RESCUE_FALSIFICATION	ABF_H3_DOMINANT	H3_SUPPORTED_STABLE	478	9f55ed19add222a65a2094e05e2e79384e7f9221757107b03695fa7e541071e0	435	a9b8c866b98fdc9248d738e385c89ebab9b438170ad96ba0c4e444dc4a0fdd60	43	0.0899581589958159	980	55b0ebd9542438418e8feac47a5d35cdaa04de3bdbff7945fd12a28639256948	7b85a4841cd56d15f2045820998c065b1c2f42dc0bedb0f31eab1417d234805f	1b9845315dea7ad9f90ea4d66314de38eeb25090c3392ff8b700fa43c02bce25	0.7564653366267453	0.7565195687002708	432	3	0	23289	24121.0	24510	0.0031282051282053	PASS	478	0.9704791418618458	0.0009348217264969	0.9714139635883428	0.0009623309541935	19:18235882	ABF_H3_DOMINANT	PASS	435	0.9691746645302796	0.000983034823597	0.9701576993538767	0.0010132732279007	19:18235882	ABF_H3_DOMINANT	PASS	435	0.9691764929147696	0.0009829137353191	0.9701594066500888	0.0010131466319675	19:18235882	ABF_H3_DOMINANT	PASS	435	0.9757245741586034	0.0009364004425059	0.9766609746011092	0.0009587773719415	19:18235882	ABF_H3_DOMINANT	PASS	435	0.975726419718816	0.0009362744134304	0.9766626941322464	0.0009586466433657	19:18235882	ABF_H3_DOMINANT	PASS	435	0.9757230197622098	0.0009371318502646	0.9766601516124744	0.0009595270665209	19:18235882	ABF_H3_DOMINANT	PASS	H3_DISTINCT_SIGNAL	ABF_H3_DOMINANT	H3_SUPPORTED_STABLE	STABLE_H3	MATCH		435	0.0099593492149443	0.0152853894852587	2	H3	H3	H3	H3	H3	H3	H3	False	False	False	False	False	False	H3 -> H3 -> H3 -> H3
R7B1_006288	54	UBA52	B_IN	H3_RESCUE_FALSIFICATION	ABF_H3_DOMINANT	H3_SUPPORTED_STABLE	459	8c1044c3fd8bbcde87d7ba141902a3635322931e822661fc5eb34b5e3d9db4de	416	007c4e5b67357f21eb6a60cd2798b54a70fc51f7bc224b2d55f81349ce21b79c	43	0.0936819172113289	975	49f6aa300ff069595f5fc50cedbd5668bf83547bffbe55f48dc10c54f4b85631	824272211762c136d4b49b252f39ed2bd5065161feec0a6aa32a733274b4e8a3	6a82b893ce4056cf4d9d1df36e1912d2db727851f47ab8466e9fd69648c4f231	0.7954845757611431	0.7955122051950518	413	3	0	23289	24120.0	24510	0.0031282051282053	PASS	459	0.9927766707679128	0.000176226297409	0.992952897065322	0.0001774769960689	19:18676196	ABF_H3_DOMINANT	PASS	416	0.9927393363114546	0.0001771296071142	0.9929164659185687	0.0001783932618645	19:18676196	ABF_H3_DOMINANT	PASS	416	0.9927393377711176	0.0001771294671849	0.9929164672383024	0.0001783931206999	19:18676196	ABF_H3_DOMINANT	PASS	416	0.999550018094436	2.8934855916599048e-05	0.9995789529503528	2.894704398406455e-05	19:18681122	ABF_H3_DOMINANT	PASS	416	0.999550019541576	2.8934738511140927e-05	0.999578954280087	2.8946926490644448e-05	19:18681122	ABF_H3_DOMINANT	PASS	416	0.9995491082479248	2.8984152313999896e-05	0.9995780924002388	2.8996386109665174e-05	19:18681122	ABF_H3_DOMINANT	PASS	H3_DISTINCT_SIGNAL	ABF_H3_DOMINANT	H3_SUPPORTED_STABLE	STABLE_H3	MATCH		416	0.046853146644979	0.0687892420913786	2	H3	H3	H3	H3	H3	H3	H3	False	False	False	False	False	False	H3 -> H3 -> H3 -> H3
R7B1_006291	54	UBA52	CD4_NC	H3_RESCUE_FALSIFICATION	ABF_H3_DOMINANT	H3_SUPPORTED_STABLE	459	8c1044c3fd8bbcde87d7ba141902a3635322931e822661fc5eb34b5e3d9db4de	416	007c4e5b67357f21eb6a60cd2798b54a70fc51f7bc224b2d55f81349ce21b79c	43	0.0936819172113289	980	45598fcc582ecd5bc22d78008eaf8ff325c0c376deed90670bac7b1ada9293d9	1c0f8fbd0a7d5d87c0219be6c5eeb1883b8fc1f9e0721ebc07b6e7c4f52c700f	99bc63a9973f3adeaf2e19a0a3c02dda494fcabcdc6a289e37583b34965d1738	0.6010520414575522	0.6010654496078575	413	3	0	23289	24120.0	24510	0.0031282051282053	PASS	459	0.9927518880552056	0.0001832065202792	0.9929350945754848	0.0001845100664485	19:18681122	ABF_H3_DOMINANT	PASS	416	0.9927145167135778	0.000184147885842	0.9928986645994198	0.0001854649345472	19:18681122	ABF_H3_DOMINANT	PASS	416	0.9927145185169292	0.0001841477412093	0.9928986662581384	0.0001854647885703	19:18681122	ABF_H3_DOMINANT	PASS	416	0.9995283552934344	3.262569328415976e-05	0.9995609809867184	3.264002287479573e-05	19:18681122	ABF_H3_DOMINANT	PASS	416	0.9995283571321228	3.26255256624487e-05	0.9995609826577851	3.263985512489591e-05	19:18681122	ABF_H3_DOMINANT	PASS	416	0.9995274454527112	3.26750034314172e-05	0.9995601204561424	3.268938282222202e-05	19:18681122	ABF_H3_DOMINANT	PASS	H3_DISTINCT_SIGNAL	ABF_H3_DOMINANT	H3_SUPPORTED_STABLE	STABLE_H3	MATCH		416	0.0497410411461272	0.0729272646316926	2	H3	H3	H3	H3	H3	H3	H3	False	False	False	False	False	False	H3 -> H3 -> H3 -> H3
R7B1_006293	54	UBA52	CD8_ET	H3_RESCUE_FALSIFICATION	ABF_H3_DOMINANT	H3_SUPPORTED_STABLE	459	8c1044c3fd8bbcde87d7ba141902a3635322931e822661fc5eb34b5e3d9db4de	416	007c4e5b67357f21eb6a60cd2798b54a70fc51f7bc224b2d55f81349ce21b79c	43	0.0936819172113289	980	7c2efaa342a53d9267d6b445bfbb9bfb7170670a52316197f5e6109ff82633eb	ba8e1c29a7be7668c5617b0f0f51747a4d59a41c14dd293d5e9ef97b50021d99	be044a387cd336ea905fc31d713bed2fb9553dec4484908a657843e76b9cafa3	0.722258676221924	0.7222218802855167	413	3	0	23289	24120.0	24510	0.0031282051282053	PASS	459	0.9927898251701972	0.0001794330942401	0.9929692582644372	0.0001807035744025	19:18681122	ABF_H3_DOMINANT	PASS	416	0.9927524639394372	0.0001803628693702	0.9929328268088076	0.0001816465973331	19:18681122	ABF_H3_DOMINANT	PASS	416	0.9927524639673144	0.0001803628412977	0.992932826808612	0.0001816465690609	19:18681122	ABF_H3_DOMINANT	PASS	416	0.9995658294414628	2.9573910832446138e-05	0.9995954033522954	2.9585881180791277e-05	19:18681122	ABF_H3_DOMINANT	PASS	416	0.99956582945375	2.9573898543211204e-05	0.9995954033522932	2.958586888658221e-05	19:18681122	ABF_H3_DOMINANT	PASS	416	0.9995649215153278	2.962127165161617e-05	0.9995945427869796	2.9633286681446664e-05	19:18681122	ABF_H3_DOMINANT	PASS	H3_DISTINCT_SIGNAL	ABF_H3_DOMINANT	H3_SUPPORTED_STABLE	STABLE_H3	MATCH		416	0.0490984240346426	0.0720050267409955	2	H3	H3	H3	H3	H3	H3	H3	False	False	False	False	False	False	H3 -> H3 -> H3 -> H3
R7B1_006294	54	UBA52	CD8_NC	H3_RESCUE_FALSIFICATION	ABF_H3_DOMINANT	H3_SUPPORTED_STABLE	459	8c1044c3fd8bbcde87d7ba141902a3635322931e822661fc5eb34b5e3d9db4de	416	007c4e5b67357f21eb6a60cd2798b54a70fc51f7bc224b2d55f81349ce21b79c	43	0.0936819172113289	980	a26426971424904304d8ebed9e4108a0cb25c6037e1833978d3f6dc8dda1fece	7b85a4841cd56d15f2045820998c065b1c2f42dc0bedb0f31eab1417d234805f	1b9845315dea7ad9f90ea4d66314de38eeb25090c3392ff8b700fa43c02bce25	0.6472309886011605	0.6472561355389187	413	3	0	23289	24120.0	24510	0.0031282051282053	PASS	459	0.9926858018838536	0.0001843672541268	0.9928701691379804	0.0001856912009824	19:18681122	ABF_H3_DOMINANT	PASS	416	0.9926484383240396	0.0001853032645545	0.992833741588594	0.0001866407806185	19:18681122	ABF_H3_DOMINANT	PASS	416	0.9926484465103032	0.00018530281472	0.9928337493250232	0.0001866403260827	19:18681122	ABF_H3_DOMINANT	PASS	416	0.9994617358886574	3.386877236590544e-05	0.9994956046610232	3.3885864237884224e-05	19:18681122	ABF_H3_DOMINANT	PASS	416	0.9994617441313848	3.38683221820036e-05	0.9994956124535668	3.388541356261032e-05	19:18681122	ABF_H3_DOMINANT	PASS	416	0.9994608224376506	3.3921755226775055e-05	0.9994947441928772	3.393890305463078e-05	19:18681122	ABF_H3_DOMINANT	PASS	H3_DISTINCT_SIGNAL	ABF_H3_DOMINANT	H3_SUPPORTED_STABLE	STABLE_H3	MATCH		416	0.0494414210637871	0.0725036928343432	2	H3	H3	H3	H3	H3	H3	H3	False	False	False	False	False	False	H3 -> H3 -> H3 -> H3
R7B1_006295	54	UBA52	CD8_S100B	H3_RESCUE_FALSIFICATION	ABF_H3_DOMINANT	H3_SUPPORTED_STABLE	459	8c1044c3fd8bbcde87d7ba141902a3635322931e822661fc5eb34b5e3d9db4de	416	007c4e5b67357f21eb6a60cd2798b54a70fc51f7bc224b2d55f81349ce21b79c	43	0.0936819172113289	959	b864a6dc6a4ec8c268d03ea77ef9bd6c75067bfdf441bbca3cb2292d7bac2548	284bd34dd95e9c85b22b948bb49ab5fa31cb5ea51b8cdf343812879442a8b414	0d5ba4610fe788d2ebf98979ed130ad849acd1945633b049548b8635694d7592	0.8672167426949878	0.8672418487510577	413	3	0	23289	24120.0	24510	0.0031282051282053	PASS	459	0.9830060461893448	0.0005313122353095	0.9835373584246544	0.0005402054439096	19:18235882	ABF_H3_DOMINANT	PASS	416	0.9829684342383508	0.0005322036106879	0.9835006378490389	0.00054113194258	19:18235882	ABF_H3_DOMINANT	PASS	416	0.982968809160613	0.0005321815679125	0.9835009907285256	0.0005411093358618	19:18235882	ABF_H3_DOMINANT	PASS	416	0.9897159070437608	0.0003802028662552	0.9900961099100158	0.0003840060196679	19:18235882	ABF_H3_DOMINANT	PASS	416	0.9897162844553222	0.0003801809050751	0.9900964653603974	0.0003839837009586	19:18235882	ABF_H3_DOMINANT	PASS	416	0.9897151014667872	0.0003801558736311	0.9900952573404184	0.0003839588876046	19:18235882	ABF_H3_DOMINANT	PASS	H3_DISTINCT_SIGNAL	ABF_H3_DOMINANT	H3_SUPPORTED_STABLE	STABLE_H3	MATCH		416	0.0482158303717878	0.0714504218695701	2	H3	H3	H3	H3	H3	H3	H3	False	False	False	False	False	False	H3 -> H3 -> H3 -> H3
R7B1_006297	54	UBA52	Mono_C	H3_RESCUE_FALSIFICATION	ABF_H3_DOMINANT	H3_SUPPORTED_STABLE	459	8c1044c3fd8bbcde87d7ba141902a3635322931e822661fc5eb34b5e3d9db4de	416	007c4e5b67357f21eb6a60cd2798b54a70fc51f7bc224b2d55f81349ce21b79c	43	0.0936819172113289	851	07f20035f72e8cf02289cf1c60aedad2f159e3c3bf27ab84a64ec8bb82e7d74d	95a37f04cee9d27f08eacc01c2e0994314993a9d198b3569528fe5e1a1f7286a	5f6f0aa2d04ffe81b0900927d278469cc3df11ac962670428542a2cf50522654	0.7885342827150364	0.7885275843395542	413	3	0	23289	24120.0	24510	0.0031282051282053	PASS	459	0.9859584979771218	0.0004792138618956	0.9864377118390174	0.0004858024547766	19:18235882	ABF_H3_DOMINANT	PASS	416	0.9859210452002368	0.0004802944448873	0.9864013396451244	0.0004869158481274	19:18235882	ABF_H3_DOMINANT	PASS	416	0.9859209509946188	0.0004803005718848	0.9864012515665036	0.0004869221030712	19:18235882	ABF_H3_DOMINANT	PASS	416	0.9926752389014224	0.0003419271500974	0.9930171660515198	0.0003443315602055	19:18235882	ABF_H3_DOMINANT	PASS	416	0.9926751438392744	0.0003419334906401	0.9930170773299146	0.0003443379760996	19:18235882	ABF_H3_DOMINANT	PASS	416	0.992674053483215	0.0003422602407092	0.9930163137239242	0.0003446672889246	19:18235882	ABF_H3_DOMINANT	PASS	H3_DISTINCT_SIGNAL	ABF_H3_DOMINANT	H3_SUPPORTED_STABLE	STABLE_H3	MATCH		416	0.0482314151200878	0.0712625236154468	2	H3	H3	H3	H3	H3	H3	H3	False	False	False	False	False	False	H3 -> H3 -> H3 -> H3
R7B1_006299	54	UBA52	NK	H3_RESCUE_FALSIFICATION	ABF_H3_DOMINANT	H3_SUPPORTED_STABLE	459	8c1044c3fd8bbcde87d7ba141902a3635322931e822661fc5eb34b5e3d9db4de	416	007c4e5b67357f21eb6a60cd2798b54a70fc51f7bc224b2d55f81349ce21b79c	43	0.0936819172113289	980	808e28abd0fc2d2cf417d1b407fa56b27575ed300a0e19415c943e5563f815cf	62baa805a6582e33e527b4803696faeaf9ed9453f0dba26de95b01b4f9b2181b	e8a83b605355508c3c059c32709e55cdd191baee7360c344ef0814fb99713436	0.6460354032770268	0.6460229961519182	413	3	0	23289	24120.0	24510	0.0031282051282053	PASS	459	0.9927926614055188	0.0001758315332457	0.9929684929387648	0.0001770766489532	19:18676196	ABF_H3_DOMINANT	PASS	416	0.9927553189707252	0.0001767422746882	0.9929320612454136	0.0001780003704046	19:18676196	ABF_H3_DOMINANT	PASS	416	0.9927553189235626	0.0001767422821407	0.9929320612057034	0.0001780003779172	19:18676196	ABF_H3_DOMINANT	PASS	416	0.999566441342052	2.821638764731844e-05	0.9995946577296992	2.8227829579846e-05	19:18681122	ABF_H3_DOMINANT	PASS	416	0.999566441298788	2.8216390877723315e-05	0.9995946576896656	2.8227832812691343e-05	19:18681122	ABF_H3_DOMINANT	PASS	416	0.9995655337413868	2.826342236931348e-05	0.999593797163756	2.8274907717022672e-05	19:18681122	ABF_H3_DOMINANT	PASS	H3_DISTINCT_SIGNAL	ABF_H3_DOMINANT	H3_SUPPORTED_STABLE	STABLE_H3	MATCH		416	0.0473089678613268	0.0694416695353454	2	H3	H3	H3	H3	H3	H3	H3	False	False	False	False	False	False	H3 -> H3 -> H3 -> H3
R7B1_006335	55	AP2A1	NK	H3_RESCUE_FALSIFICATION	ABF_H3_DOMINANT	H3_SUPPORTED_STABLE	306	57b68564445df8f0187d7837e98f743a2db5d5595298649598c05f558ef0e78b	277	ad80355bca68820e7bcd9f013f64e8ad6019271d665b2d8f3d864e9fefa364be	29	0.0947712418300653	980	88476865a3ec9d3f0efc8ebbf99e1b46959d4d3951b549845b2e0881d444298d	bbaca39f26efaf5c9b99f02514545eb57d3b0bf104ab844e6ff73ce75d5a93fd	a4090c17b6f574b37251cf32facb194c11f2cd7e69ee41500f5fc5b7dfb67bcc	0.8539657175060162	0.8542444923450706	277	0	0	23285	24241.0	24510	0.0074879860200951	PASS	306	0.9994511498502284	3.504783035300271e-05	0.9994861976805812	3.5065847266660704e-05	19:50926742	ABF_H3_DOMINANT	PASS	277	0.9984188916455088	0.0001009645663779	0.9985198562118868	0.0001011142299773	19:50926742	ABF_H3_DOMINANT	PASS	277	0.9984197949377168	0.000100884524532	0.9985206794622488	0.0001010339861827	19:50926742	ABF_H3_DOMINANT	PASS	277	0.9984188837394068	0.0001009724841967	0.9985198562236036	0.0001011221595318	19:50926742	ABF_H3_DOMINANT	PASS	277	0.99841978703712	0.0001008924368213	0.9985206794739412	0.000101041910193	19:50926742	ABF_H3_DOMINANT	PASS	277	0.9984188824219584	0.0001009738035836	0.998519856225542	0.0001011234808743	19:50926742	ABF_H3_DOMINANT	PASS	H3_DISTINCT_SIGNAL	ABF_H3_DOMINANT	H3_SUPPORTED_STABLE	STABLE_H3	MATCH		277	6.35060884006138e-05	6.36135188317275e-05	2	H3	H3	H3	H3	H3	H3	H3	False	False	False	False	False	False	H3 -> H3 -> H3 -> H3
R7B1_006341	55	ATF5	CD4_NC	H3_RESCUE_FALSIFICATION	ABF_H3_DOMINANT	H3_SUPPORTED_STABLE	473	ad5c16600363ade9b64372bc4a3bf0bdbcab3c25e887f34f055b3538e24ddca7	427	41463ed3d7fc96e372f1eb643fde275f817558a8980aa319aebd06f456a4fa46	46	0.0972515856236786	980	7879c032eab4aa7118cf5d853cb79af999330ecf53d994ef4bb2b55468938bef	09d0835fb5eb5f29cde40d209085115e7a4c9f44c6aed71c48da2187c95cd96c	127dcbffb70022e15278e03661ed1c2535a0858298b3b18df803a494212bb5b7	0.8127305987979154	0.8122608003177976	426	1	0	23285	24214.0	24510	0.0074879860200951	PASS	473	0.9999535738890468	1.573919082157054e-06	0.999955147808129	1.5739896790441417e-06	19:50926742	ABF_H3_DOMINANT	PASS	427	0.9999535736391536	1.5739275538877955e-06	0.9999551475667072	1.57399815153489e-06	19:50926742	ABF_H3_DOMINANT	PASS	427	0.999953508463464	1.5769095310777376e-06	0.9999550853729952	1.576980360562426e-06	19:50926742	ABF_H3_DOMINANT	PASS	427	0.9999535736152022	1.5739515002660549e-06	0.9999551475667025	1.5740220989872584e-06	19:50926742	ABF_H3_DOMINANT	PASS	427	0.9999535084394772	1.5769335193500334e-06	0.9999550853729966	1.5770043499121923e-06	19:50926742	ABF_H3_DOMINANT	PASS	427	0.999953573609504	1.5739572069195469e-06	0.9999551475667108	1.5740278058967062e-06	19:50926742	ABF_H3_DOMINANT	PASS	H3_DISTINCT_SIGNAL	ABF_H3_DOMINANT	H3_SUPPORTED_STABLE	STABLE_H3	MATCH		427	8.45689178977447e-07	8.45732500042382e-07	2	H3	H3	H3	H3	H3	H3	H3	False	False	False	False	False	False	H3 -> H3 -> H3 -> H3
R7B1_006352	55	C19orf48	B_IN	H3_RESCUE_FALSIFICATION	ABF_H3_DOMINANT	H3_SUPPORTED_STABLE	526	0f543f1eff590663a6f33d94ef97c29fe1973234e9483772dd483f308b197d31	473	a2c6c73c173230db137f31a50f0622a37790e57ab4407fd7aa8f914cdfead151	53	0.1007604562737642	975	685b5b7e6884727f28093ef18df0bd862bd3325858e79c38101b199f1bf28bf6	c805f5c15e61b250fffd28c4d25f03304ce8fc668e1c12e0d50687afa398c0eb	889bb7d94b54fd181fd1a677188c772d5377467549c0def9aa8054a053f525bf	0.8577896075477942	0.8574372658307013	472	1	0	23285	24238.0	24510	0.0074879860200951	PASS	526	0.998800264277628	8.562304504323504e-05	0.9988858873226714	8.571854516108116e-05	19:50926742	ABF_H3_DOMINANT	PASS	473	0.9988002572458466	8.562354688894882e-05	0.9988858807927355	8.571904812689541e-05	19:50926742	ABF_H3_DOMINANT	PASS	473	0.9987992422251784	8.57187491319231e-05	0.9988849609743105	8.58144355765585e-05	19:50926742	ABF_H3_DOMINANT	PASS	473	0.998800262123782	8.561866352331614e-05	0.9988858807873052	8.571415931500897e-05	19:50926742	ABF_H3_DOMINANT	PASS	473	0.99879924710824	8.571386062123076e-05	0.9988849609688611	8.580954160936932e-05	19:50926742	ABF_H3_DOMINANT	PASS	473	0.99880026293246	8.56178539438157e-05	0.9988858807864036	8.57133488326118e-05	19:50926742	ABF_H3_DOMINANT	PASS	H3_DISTINCT_SIGNAL	ABF_H3_DOMINANT	H3_SUPPORTED_STABLE	STABLE_H3	MATCH		473	7.20128935350581e-05	7.20958824555456e-05	2	H3	H3	H3	H3	H3	H3	H3	False	False	False	False	False	False	H3 -> H3 -> H3 -> H3
R7B1_006354	55	C19orf48	CD4_ET	H3_RESCUE_FALSIFICATION	ABF_H3_DOMINANT	H3_SUPPORTED_STABLE	526	0f543f1eff590663a6f33d94ef97c29fe1973234e9483772dd483f308b197d31	473	a2c6c73c173230db137f31a50f0622a37790e57ab4407fd7aa8f914cdfead151	53	0.1007604562737642	980	ec1c489274b6ae3e7db5310d27e282863e3374a0d32d625a4c2e6a7f49454a29	3a8da0751b4f2245b6d7c61f8374709ef7a445a2429fb6d93dbc03e9cd53b2a7	a89cfe10add8e323227e70dcea5151783af86ab32b0dc86276eb222a5f732227	0.8983267412022996	0.8980145727418581	472	1	0	23285	24238.0	24510	0.0074879860200951	PASS	526	0.9944866499820728	0.000437332738803	0.9949239827208758	0.0004395639731259	19:50926742	ABF_H3_DOMINANT	PASS	473	0.9944863081546964	0.0004373598534068	0.9949236680081032	0.0004395913651169	19:50926742	ABF_H3_DOMINANT	PASS	473	0.9944829189565624	0.0004377225585208	0.9949206415150832	0.0004399572591582	19:50926742	ABF_H3_DOMINANT	PASS	473	0.9944863408419408	0.0004373269994735	0.9949236678414144	0.0004395583436289	19:50926742	ABF_H3_DOMINANT	PASS	473	0.9944829516690774	0.0004376896791006	0.994920641348178	0.0004399242119528	19:50926742	ABF_H3_DOMINANT	PASS	473	0.9944863486247656	0.000437319176964	0.9949236678017296	0.0004395504812246	19:50926742	ABF_H3_DOMINANT	PASS	H3_DISTINCT_SIGNAL	ABF_H3_DOMINANT	H3_SUPPORTED_STABLE	STABLE_H3	MATCH		473	0.0003094461565607	0.0003117433400368	2	H3	H3	H3	H3	H3	H3	H3	False	False	False	False	False	False	H3 -> H3 -> H3 -> H3
R7B1_006355	55	C19orf48	CD4_NC	H3_RESCUE_FALSIFICATION	ABF_H3_DOMINANT	H3_SUPPORTED_STABLE	526	0f543f1eff590663a6f33d94ef97c29fe1973234e9483772dd483f308b197d31	473	a2c6c73c173230db137f31a50f0622a37790e57ab4407fd7aa8f914cdfead151	53	0.1007604562737642	980	ac4a485bd56f768aef2cccd23c745c4bd78d73eb9e70defa6a96de3d1dfef4d3	09d0835fb5eb5f29cde40d209085115e7a4c9f44c6aed71c48da2187c95cd96c	127dcbffb70022e15278e03661ed1c2535a0858298b3b18df803a494212bb5b7	0.6369394881543071	0.6365533964295922	472	1	0	23285	24238.0	24510	0.0074879860200951	PASS	526	1.0	1.6381502315840705e-23	1.0	1.6381502315840705e-23	19:50926742	ABF_H3_DOMINANT	PASS	473	1.0	1.6381502315840705e-23	1.0	1.6381502315840705e-23	19:50926742	ABF_H3_DOMINANT	PASS	473	1.0	1.6486386883738064e-23	1.0	1.6486386883738064e-23	19:50926742	ABF_H3_DOMINANT	PASS	473	1.0	1.6284076388333328e-23	1.0	1.6284076388333328e-23	19:50926742	ABF_H3_DOMINANT	PASS	473	1.0	1.6388959230366266e-23	1.0	1.6388959230366266e-23	19:50926742	ABF_H3_DOMINANT	PASS	473	1.0	1.628402348956504e-23	1.0	1.628402348956504e-23	19:50926742	ABF_H3_DOMINANT	PASS	H3_DISTINCT_SIGNAL	ABF_H3_DOMINANT	H3_SUPPORTED_STABLE	STABLE_H3	MATCH		473	1.63946771848366e-09	1.63946784806393e-09	2	H3	H3	H3	H3	H3	H3	H3	False	False	False	False	False	False	H3 -> H3 -> H3 -> H3
R7B1_006358	55	C19orf48	CD8_NC	H3_RESCUE_FALSIFICATION	ABF_H3_DOMINANT	H3_SUPPORTED_STABLE	526	0f543f1eff590663a6f33d94ef97c29fe1973234e9483772dd483f308b197d31	473	a2c6c73c173230db137f31a50f0622a37790e57ab4407fd7aa8f914cdfead151	53	0.1007604562737642	980	07b1464985ce6b2aadf05e925ed4d0d641a2877f584d7f1fa12c96d1d5afa479	a5c1bfa9a8aceea00be4a13a54b36a97c24b2f280e75e1994af97a2cab8b77b8	b8979512b8b9da7218e87c83eec6febfcf852c54a88af5bd85ffdf6da24fb681	0.8257939081378303	0.8255378120996426	472	1	0	23285	24238.0	24510	0.0074879860200951	PASS	526	0.9999452653863008	3.0424189343856754e-06	0.999948307805235	3.0425762118278045e-06	19:50926742	ABF_H3_DOMINANT	PASS	473	0.9999452653694546	3.0424198707450465e-06	0.9999483077893252	3.04257714828399e-06	19:50926742	ABF_H3_DOMINANT	PASS	473	0.9999452199968436	3.0456182958719007e-06	0.9999482656151396	3.045775867212814e-06	19:50926742	ABF_H3_DOMINANT	PASS	473	0.9999452658345718	3.041954728706295e-06	0.9999483077893004	3.0421119821998503e-06	19:50926742	ABF_H3_DOMINANT	PASS	473	0.9999452204624224	3.045152693436438e-06	0.999948265615116	3.045310240688521e-06	19:50926742	ABF_H3_DOMINANT	PASS	473	0.9999452659397404	3.041849554921724e-06	0.9999483077892954	3.042006802978348e-06	19:50926742	ABF_H3_DOMINANT	PASS	H3_DISTINCT_SIGNAL	ABF_H3_DOMINANT	H3_SUPPORTED_STABLE	STABLE_H3	MATCH		473	1.45519093288795e-06	1.45526195486793e-06	2	H3	H3	H3	H3	H3	H3	H3	False	False	False	False	False	False	H3 -> H3 -> H3 -> H3
R7B1_006384	55	CLEC11A	CD4_NC	H3_RESCUE_FALSIFICATION	ABF_H3_DOMINANT	H3_SUPPORTED_STABLE	526	0f543f1eff590663a6f33d94ef97c29fe1973234e9483772dd483f308b197d31	473	a2c6c73c173230db137f31a50f0622a37790e57ab4407fd7aa8f914cdfead151	53	0.1007604562737642	980	1da2c52b8bc266db44f76f4d1caf07b3e82b9d83828657895b797404ef03cf3c	09d0835fb5eb5f29cde40d209085115e7a4c9f44c6aed71c48da2187c95cd96c	127dcbffb70022e15278e03661ed1c2535a0858298b3b18df803a494212bb5b7	0.8652396189690558	0.8649920334924395	472	1	0	23285	24238.0	24510	0.0074879860200951	PASS	526	0.999711143973502	1.0643758560915495e-05	0.9997217877320632	1.0646720609202271e-05	19:50926742	ABF_H3_DOMINANT	PASS	473	0.9993954399504597	2.227681132703161e-05	0.9994177167617866	2.228979029830561e-05	19:50926742	ABF_H3_DOMINANT	PASS	473	0.9993949773822938	2.2299124915121877e-05	0.9994172765072088	2.2312126715533143e-05	19:50926742	ABF_H3_DOMINANT	PASS	473	0.9993954402087988	2.227655283729696e-05	0.999417716761636	2.2289531657972377e-05	19:50926742	ABF_H3_DOMINANT	PASS	473	0.9993949776408884	2.2298866177476192e-05	0.999417276507066	2.2311867827030243e-05	19:50926742	ABF_H3_DOMINANT	PASS	473	0.9993954402236545	2.227653797598204e-05	0.9994177167616304	2.228951678799905e-05	19:50926742	ABF_H3_DOMINANT	PASS	H3_DISTINCT_SIGNAL	ABF_H3_DOMINANT	H3_SUPPORTED_STABLE	STABLE_H3	MATCH		473	1.83759352749977e-05	1.83859008147727e-05	2	H3	H3	H3	H3	H3	H3	H3	False	False	False	False	False	False	H3 -> H3 -> H3 -> H3
R7B1_006471	55	KLK1	B_IN	H3_RESCUE_FALSIFICATION	ABF_H3_DOMINANT	H3_SUPPORTED_STABLE	526	0f543f1eff590663a6f33d94ef97c29fe1973234e9483772dd483f308b197d31	473	a2c6c73c173230db137f31a50f0622a37790e57ab4407fd7aa8f914cdfead151	53	0.1007604562737642	975	9af05c365d54174037b444bc81e16fa6d6346470322d108cd021478a394f1aaf	c805f5c15e61b250fffd28c4d25f03304ce8fc668e1c12e0d50687afa398c0eb	889bb7d94b54fd181fd1a677188c772d5377467549c0def9aa8054a053f525bf	0.924592448125237	0.924269301601815	472	1	0	23285	24238.0	24510	0.0074879860200951	PASS	526	0.9834712915186998	0.0037137936576485	0.9871850851763484	0.0037620034109258	19:50926742	ABF_H3_DOMINANT	PASS	473	0.9834690708884924	0.0037142926054285	0.9871833634939208	0.0037625153976285	19:50926742	ABF_H3_DOMINANT	PASS	473	0.983446466386395	0.003719766002636	0.9871662323890312	0.0037681252463771	19:50926742	ABF_H3_DOMINANT	PASS	473	0.9834689142080448	0.0037144513256658	0.9871833655337108	0.0037626761707615	19:50926742	ABF_H3_DOMINANT	PASS	473	0.9834463095097464	0.0037199249244125	0.987166234434159	0.0037682862264275	19:50926742	ABF_H3_DOMINANT	PASS	473	0.9834689157804772	0.0037144497327581	0.9871833655132354	0.0037626745572511	19:50926742	ABF_H3_DOMINANT	PASS	H3_DISTINCT_SIGNAL	ABF_H3_DOMINANT	H3_SUPPORTED_STABLE	STABLE_H3	MATCH		473	0.0007830057307438	0.0007862227448482	2	H3	H3	H3	H3	H3	H3	H3	False	False	False	False	False	False	H3 -> H3 -> H3 -> H3
R7B1_006472	55	KLK1	B_MEM	H3_RESCUE_FALSIFICATION	ABF_H3_DOMINANT	H3_SUPPORTED_STABLE	526	0f543f1eff590663a6f33d94ef97c29fe1973234e9483772dd483f308b197d31	473	a2c6c73c173230db137f31a50f0622a37790e57ab4407fd7aa8f914cdfead151	53	0.1007604562737642	970	2859eb7eca7c67cad3022964adf3021f3c6fe3a468d08c357b5c019e5043507f	67f576e56925daf728e418cb89443712efd639933791a44a01f6b9897da48456	c428ac5190dc3ed7816e668c0694f81d14b94b8b30b03b93a1179c68362b6285	0.9559493372194204	0.9556746807436416	472	1	0	23285	24238.0	24510	0.0074879860200951	PASS	526	0.992088773635374	0.0016181102343714	0.9937068838697456	0.0016283576783428	19:50926742	ABF_H3_DOMINANT	PASS	473	0.9875399230641732	0.0025485022272987	0.990088425291472	0.0025740147669623	19:50926742	ABF_H3_DOMINANT	PASS	473	0.9875270436529684	0.002551379362925	0.9900784230158935	0.0025769467383737	19:50926742	ABF_H3_DOMINANT	PASS	473	0.9875412891802144	0.002547122413936	0.9900884115941504	0.0025726211761582	19:50926742	ABF_H3_DOMINANT	PASS	473	0.9875284112246951	0.0025499980652697	0.9900784092899648	0.0025755516344391	19:50926742	ABF_H3_DOMINANT	PASS	473	0.9875415794173098	0.0025468292667855	0.9900884086840952	0.0025723251019275	19:50926742	ABF_H3_DOMINANT	PASS	H3_DISTINCT_SIGNAL	ABF_H3_DOMINANT	H3_SUPPORTED_STABLE	STABLE_H3	MATCH		473	0.0005702693815387	0.0005722220432708	2	H3	H3	H3	H3	H3	H3	H3	False	False	False	False	False	False	H3 -> H3 -> H3 -> H3
R7B1_006586	55	VRK3	B_IN	H3_RESCUE_FALSIFICATION	ABF_H3_DOMINANT	H3_SUPPORTED_STABLE	502	f411ad2e46e4a7630f28d09e6ab1838eb566ee951a6c3552976639b7927f9a10	456	2866f732635b0726045e9906ac9054385de704ee03664bbdf7ad31afdc41546b	46	0.0916334661354581	975	fa3b05facf944b08fbc5fc142a6f7b631e955b61b1379cdad6bfc9bc9f5e7815	c805f5c15e61b250fffd28c4d25f03304ce8fc668e1c12e0d50687afa398c0eb	889bb7d94b54fd181fd1a677188c772d5377467549c0def9aa8054a053f525bf	0.8965793669677214	0.8960469592927135	455	1	0	23285	24242.0	24510	0.0074879860200951	PASS	502	0.953189730190506	0.0040973113369514	0.9572870415274576	0.0042801282783623	19:50926742	ABF_H3_DOMINANT	PASS	456	0.9523848967629348	0.0041677585516453	0.9565526553145804	0.0043570612955694	19:50926742	ABF_H3_DOMINANT	PASS	456	0.9523384852779496	0.0041732797838781	0.9565117650618278	0.004363019814616	19:50926742	ABF_H3_DOMINANT	PASS	456	0.952384429788958	0.0041682468063853	0.9565526765953432	0.0043575716302644	19:50926742	ABF_H3_DOMINANT	PASS	456	0.9523380178097818	0.0041737685764117	0.9565117863861936	0.0043635307330406	19:50926742	ABF_H3_DOMINANT	PASS	456	0.952384297587312	0.004168385032678	0.95655268261999	0.0043577161074504	19:50926742	ABF_H3_DOMINANT	PASS	H3_DISTINCT_SIGNAL	ABF_H3_DOMINANT	H3_SUPPORTED_STABLE	STABLE_H3	MATCH		456	0.0020605898122954	0.0021193353084878	2	H3	H3	H3	H3	H3	H3	H3	False	False	False	False	False	False	H3 -> H3 -> H3 -> H3
R7B1_006589	55	VRK3	CD4_NC	H3_RESCUE_FALSIFICATION	ABF_H3_DOMINANT	H3_SUPPORTED_STABLE	502	f411ad2e46e4a7630f28d09e6ab1838eb566ee951a6c3552976639b7927f9a10	456	2866f732635b0726045e9906ac9054385de704ee03664bbdf7ad31afdc41546b	46	0.0916334661354581	980	32c3eec25afada6d7df5678d5806766380440cb1e2130a10291f4d63b0b0738e	09d0835fb5eb5f29cde40d209085115e7a4c9f44c6aed71c48da2187c95cd96c	127dcbffb70022e15278e03661ed1c2535a0858298b3b18df803a494212bb5b7	0.5636106067612112	0.5631862111406657	455	1	0	23285	24242.0	24510	0.0074879860200951	PASS	502	1.0	1.0153228323648303e-16	1.0	1.0153228323648303e-16	19:50926742	ABF_H3_DOMINANT	PASS	456	1.0	1.0190143053241915e-16	1.0	1.0190143053241915e-16	19:50926742	ABF_H3_DOMINANT	PASS	456	1.0	1.0268227893772859e-16	1.0	1.0268227893772859e-16	19:50926742	ABF_H3_DOMINANT	PASS	456	1.0	1.0191447294708259e-16	1.0	1.0191447294708259e-16	19:50926742	ABF_H3_DOMINANT	PASS	456	1.0	1.0269541876335515e-16	1.0	1.0269541876335515e-16	19:50926742	ABF_H3_DOMINANT	PASS	456	1.0	1.0191727168408475e-16	1.0	1.0191727168408475e-16	19:50926742	ABF_H3_DOMINANT	PASS	H3_DISTINCT_SIGNAL	ABF_H3_DOMINANT	H3_SUPPORTED_STABLE	STABLE_H3	MATCH		456	1.12388366673335e-09	1.12388375556288e-09	2	H3	H3	H3	H3	H3	H3	H3	False	False	False	False	False	False	H3 -> H3 -> H3 -> H3
R7B1_006592	55	VRK3	CD8_NC	H3_RESCUE_FALSIFICATION	ABF_H3_DOMINANT	H3_SUPPORTED_STABLE	502	f411ad2e46e4a7630f28d09e6ab1838eb566ee951a6c3552976639b7927f9a10	456	2866f732635b0726045e9906ac9054385de704ee03664bbdf7ad31afdc41546b	46	0.0916334661354581	980	d6b85bc7b65d2b21f133e6b359945d010d27e2e8d87ab35c3dc25e580b107301	a5c1bfa9a8aceea00be4a13a54b36a97c24b2f280e75e1994af97a2cab8b77b8	b8979512b8b9da7218e87c83eec6febfcf852c54a88af5bd85ffdf6da24fb681	0.8608032260762962	0.8603287967592271	455	1	0	23285	24242.0	24510	0.0074879860200951	PASS	502	0.9920083492141596	0.0003676128109884	0.992375962025148	0.000370437037026	19:50926742	ABF_H3_DOMINANT	PASS	456	0.9919168527941538	0.0003718216105285	0.9922886744046824	0.0003747111300565	19:50926742	ABF_H3_DOMINANT	PASS	456	0.991907930429662	0.0003723894735327	0.9922803199031948	0.0003752865657651	19:50926742	ABF_H3_DOMINANT	PASS	456	0.9919168352517272	0.0003718392892009	0.9922886745409284	0.000374728946063	19:50926742	ABF_H3_DOMINANT	PASS	456	0.9919079128633738	0.0003724071763985	0.9922803200397724	0.0003753044063028	19:50926742	ABF_H3_DOMINANT	PASS	456	0.9919168336542432	0.000371840899092	0.9922886745533352	0.0003747305684602	19:50926742	ABF_H3_DOMINANT	PASS	H3_DISTINCT_SIGNAL	ABF_H3_DOMINANT	H3_SUPPORTED_STABLE	STABLE_H3	MATCH		456	0.0002992030070393	0.0003010206636879	2	H3	H3	H3	H3	H3	H3	H3	False	False	False	False	False	False	H3 -> H3 -> H3 -> H3
R7B1_006652	56	APOBEC3C	CD4_NC	H3_RESCUE_FALSIFICATION	ABF_H3_DOMINANT	H3_SUPPORTED_STABLE	574	acbf2c764cc0f3baa919c865bc72348288e6a9097462af0a4edf9f22e5540b64	536	ea41cb77885c3834d3a3d8c9d17f1315b855791d5396c3449b00d36be015216a	38	0.0662020905923344	980	b19a5171b115b6d15fa261298d6bb765d564b517acd9ca2d8be730d0482ea6df	817f773d7e8e8e826670a965d648da9c5378cff0a0e7cb3288d4ae87580c5983	61f5a02b7c3ea607cad04f2c7a013c381b4b8fc921806f3ed22a813adfd4f9c5	0.641435271379699	0.6411681037592769	533	3	0	23286	24148.5	24510	0.0032019704433494	PASS	574	0.9590538678449836	0.0012296721720656	0.9602835400170492	0.0012805303025852	22:39740078	ABF_H3_DOMINANT	PASS	536	0.9590504325571928	0.0012291688582581	0.960279601415451	0.0012800114221382	22:39740078	ABF_H3_DOMINANT	PASS	536	0.9589859281000112	0.0012315553743822	0.9602174834743936	0.0012825796192817	22:39740078	ABF_H3_DOMINANT	PASS	536	0.9590494916714144	0.0012301486714899	0.9602796403429044	0.0012810317118153	22:39740078	ABF_H3_DOMINANT	PASS	536	0.9589849855237492	0.0012325370116474	0.9602175225353966	0.0012836018742847	22:39740078	ABF_H3_DOMINANT	PASS	536	0.9590493329999016	0.0012303139077521	0.960279646907654	0.0012812037740403	22:39740078	ABF_H3_DOMINANT	PASS	H3_DISTINCT_SIGNAL	ABF_H3_DOMINANT	H3_SUPPORTED_STABLE	STABLE_H3	MATCH		536	0.0004852176004513	0.0004911960666125	3	H3	H3	H3	H3	H3	H3	H3	False	False	False	False	False	False	H3 -> H3 -> H3 -> H3
R7B1_006666	56	APOBEC3G	CD4_NC	H3_RESCUE_FALSIFICATION	ABF_H3_DOMINANT	H3_SUPPORTED_STABLE	574	acbf2c764cc0f3baa919c865bc72348288e6a9097462af0a4edf9f22e5540b64	536	ea41cb77885c3834d3a3d8c9d17f1315b855791d5396c3449b00d36be015216a	38	0.0662020905923344	980	9fc5664aac9baed6b9a94f57ee5098e00042107e6b9b09c5ce9b2c42cb34711b	817f773d7e8e8e826670a965d648da9c5378cff0a0e7cb3288d4ae87580c5983	61f5a02b7c3ea607cad04f2c7a013c381b4b8fc921806f3ed22a813adfd4f9c5	0.5191696901304684	0.5189766235413734	533	3	0	23286	24148.5	24510	0.0032019704433494	PASS	574	0.9999999999684944	9.309452271336329e-13	0.9999999999694256	9.309452271620959e-13	22:39740078	ABF_H3_DOMINANT	PASS	536	0.9999999999684944	9.300321843940522e-13	0.9999999999694246	9.300321844224883e-13	22:39740078	ABF_H3_DOMINANT	PASS	536	0.9999999999683524	9.345738303396517e-13	0.999999999969287	9.34573830368355e-13	22:39740078	ABF_H3_DOMINANT	PASS	536	0.9999999999684944	9.30174865096632e-13	0.9999999999694248	9.301748651250725e-13	22:39740078	ABF_H3_DOMINANT	PASS	536	0.9999999999683524	9.347171880423395e-13	0.9999999999692872	9.347171880710473e-13	22:39740078	ABF_H3_DOMINANT	PASS	536	0.9999999999684944	9.301607378037534e-13	0.9999999999694248	9.301607378321934e-13	22:39740078	ABF_H3_DOMINANT	PASS	H3_DISTINCT_SIGNAL	ABF_H3_DOMINANT	H3_SUPPORTED_STABLE	STABLE_H3	MATCH		536	3.54749783365589e-05	3.5487622723448e-05	6	H3	H3	H3	H3	H3	H3	H3	False	False	False	False	False	False	H3 -> H3 -> H3 -> H3
R7B1_006668	56	APOBEC3G	CD8_ET	H3_RESCUE_FALSIFICATION	ABF_H3_DOMINANT	H3_SUPPORTED_STABLE	574	acbf2c764cc0f3baa919c865bc72348288e6a9097462af0a4edf9f22e5540b64	536	ea41cb77885c3834d3a3d8c9d17f1315b855791d5396c3449b00d36be015216a	38	0.0662020905923344	980	f01d65780b35d84c80a44cbafc0a64acc7cd3d16c4972fc55399a1cfd34fabfc	968b34985a81173a428c4eb39cd8b24990abd125a86f232de93c6b2ef879d49b	727ba64e37dfaf5c7ca25e6da9d75d287d0ae295f2f5f11ca241a03f57890ec3	0.497668139930792	0.4974377262614314	533	3	0	23286	24148.5	24510	0.0032019704433494	PASS	574	0.9999999999928946	2.0048837290265585e-13	0.9999999999930952	2.004883729040402e-13	22:39740078	ABF_H3_DOMINANT	PASS	536	0.9999999999928946	2.000225973022553e-13	0.9999999999930946	2.000225973036365e-13	22:39740078	ABF_H3_DOMINANT	PASS	536	0.999999999992852	2.0129274463861045e-13	0.9999999999930532	2.0129274464000881e-13	22:39740078	ABF_H3_DOMINANT	PASS	536	0.9999999999928946	2.003127727910717e-13	0.9999999999930947	2.003127727924549e-13	22:39740078	ABF_H3_DOMINANT	PASS	536	0.999999999992852	2.0158472179077087e-13	0.9999999999930536	2.0158472179217118e-13	22:39740078	ABF_H3_DOMINANT	PASS	536	0.9999999999928946	2.0033382573214577e-13	0.9999999999930947	2.0033382573352912e-13	22:39740078	ABF_H3_DOMINANT	PASS	H3_DISTINCT_SIGNAL	ABF_H3_DOMINANT	H3_SUPPORTED_STABLE	STABLE_H3	MATCH		536	5.35004217254423e-05	5.35194905981188e-05	3	H3	H3	H3	H3	H3	H3	H3	False	False	False	False	False	False	H3 -> H3 -> H3 -> H3
R7B1_006669	56	APOBEC3G	CD8_NC	H3_RESCUE_FALSIFICATION	ABF_H3_DOMINANT	H3_SUPPORTED_STABLE	574	acbf2c764cc0f3baa919c865bc72348288e6a9097462af0a4edf9f22e5540b64	536	ea41cb77885c3834d3a3d8c9d17f1315b855791d5396c3449b00d36be015216a	38	0.0662020905923344	980	7b470a4226f170a82dfe7dc819dccf59c26d68f64fd41553e74d8935dc8ad322	cc782c57eee2f15a4aebd646b73660bec46e867ed475b2ed88737fb5227c4425	55cd67de741e76001033376b9f379a20c9e07f1620ad8f4a70fdf24ae3ee5cae	0.6377869126739462	0.6374806276513852	533	3	0	23286	24148.5	24510	0.0032019704433494	PASS	574	0.9923739456914392	0.0002139246873264	0.9925878703787656	0.0002155221655537	22:39740078	ABF_H3_DOMINANT	PASS	536	0.9923739604482552	0.0002137713673784	0.9925877318156338	0.000215367730757	22:39740078	ABF_H3_DOMINANT	PASS	536	0.9923578755120054	0.000214313966496	0.9925721894785016	0.0002159177627257	22:39740078	ABF_H3_DOMINANT	PASS	536	0.9923738954144704	0.0002138368864211	0.9925877323008916	0.0002154337389658	22:39740078	ABF_H3_DOMINANT	PASS	536	0.9923578103216326	0.0002143796443255	0.9925721899659582	0.0002159839319424	22:39740078	ABF_H3_DOMINANT	PASS	536	0.9923738912251664	0.000213841106985	0.9925877323321514	0.0002154379910404	22:39740078	ABF_H3_DOMINANT	PASS	H3_DISTINCT_SIGNAL	ABF_H3_DOMINANT	H3_SUPPORTED_STABLE	STABLE_H3	MATCH		536	0.0001520007054938	0.0001530088310202	3	H3	H3	H3	H3	H3	H3	H3	False	False	False	False	False	False	H3 -> H3 -> H3 -> H3
R7B1_006674	56	APOBEC3G	NK	H3_RESCUE_FALSIFICATION	ABF_H3_DOMINANT	H3_SUPPORTED_STABLE	574	acbf2c764cc0f3baa919c865bc72348288e6a9097462af0a4edf9f22e5540b64	536	ea41cb77885c3834d3a3d8c9d17f1315b855791d5396c3449b00d36be015216a	38	0.0662020905923344	980	6d7b25d03aa9503d07d1ffbfa9b8e0154e8ebc97aad1ba101b67655f74c61771	35b56f27034dae355861a8a9a1f1b18c70c21c0bd0a02ac695880b28de0873c4	ff4dfa26033c06a709e254bb8a3868e1100bbdf8e50fa97a7274b470d35123de	0.5372419195546174	0.5370144879614497	533	3	0	23286	24148.5	24510	0.0032019704433494	PASS	574	1.0	5.44107898440207e-19	1.0	5.44107898440207e-19	22:39498699	ABF_H3_DOMINANT	PASS	536	1.0	5.453009348117604e-19	1.0	5.453009348117604e-19	22:39498699	ABF_H3_DOMINANT	PASS	536	1.0	5.453026852434164e-19	1.0	5.453026852434164e-19	22:39498699	ABF_H3_DOMINANT	PASS	536	1.0	2.187300071792446e-21	1.0	2.187300071792446e-21	22:39498699	ABF_H3_DOMINANT	PASS	536	1.0	2.1879342687241448e-21	1.0	2.1879342687241448e-21	22:39498699	ABF_H3_DOMINANT	PASS	536	1.0	2.228479360114694e-21	1.0	2.228479360114694e-21	22:39498699	ABF_H3_DOMINANT	PASS	H3_DISTINCT_SIGNAL	ABF_H3_DOMINANT	H3_SUPPORTED_STABLE	STABLE_H3	MATCH		536	5.10653817465858e-05	5.10835827551069e-05	3	H3	H3	H3	H3	H3	H3	H3	False	False	False	False	False	False	H3 -> H3 -> H3 -> H3
R7B1_006681	56	APOBEC3H	CD8_ET	H3_RESCUE_FALSIFICATION	ABF_H3_DOMINANT	H3_SUPPORTED_STABLE	574	acbf2c764cc0f3baa919c865bc72348288e6a9097462af0a4edf9f22e5540b64	536	ea41cb77885c3834d3a3d8c9d17f1315b855791d5396c3449b00d36be015216a	38	0.0662020905923344	980	ea35d930e4132495c0684e406e40d4d38d68eba3abf25d67e4b0f0093eec9fa2	968b34985a81173a428c4eb39cd8b24990abd125a86f232de93c6b2ef879d49b	727ba64e37dfaf5c7ca25e6da9d75d287d0ae295f2f5f11ca241a03f57890ec3	0.8758267872036869	0.8755642628181147	533	3	0	23286	24148.5	24510	0.0032019704433494	PASS	574	0.999998796006544	3.517240157333668e-08	0.9999988311789456	3.5172442683628236e-08	22:39739628	ABF_H3_DOMINANT	PASS	536	0.9999987953152508	3.517224198703867e-08	0.9999988304874928	3.517228312146369e-08	22:39739628	ABF_H3_DOMINANT	PASS	536	0.9999987923742326	3.5267446073966064e-08	0.9999988276416788	3.526748742009841e-08	22:39739628	ABF_H3_DOMINANT	PASS	536	0.9999987953058928	3.5181596976451343e-08	0.9999988304874898	3.5181638121817255e-08	22:39739628	ABF_H3_DOMINANT	PASS	536	0.9999987923648463	3.527682575853373e-08	0.999998827641672	3.5276867115662686e-08	22:39739628	ABF_H3_DOMINANT	PASS	536	0.9999987953052392	3.518225231324382e-08	0.9999988304874916	3.51822934593761e-08	22:39739628	ABF_H3_DOMINANT	PASS	H3_DISTINCT_SIGNAL	ABF_H3_DOMINANT	H3_SUPPORTED_STABLE	STABLE_H3	MATCH		536	4.93392762694889e-05	4.93587505966166e-05	3	H3	H3	H3	H3	H3	H3	H3	False	False	False	False	False	False	H3 -> H3 -> H3 -> H3
R7B1_006686	56	APOBEC3H	NK	H3_RESCUE_FALSIFICATION	ABF_H3_DOMINANT	H3_SUPPORTED_STABLE	574	acbf2c764cc0f3baa919c865bc72348288e6a9097462af0a4edf9f22e5540b64	536	ea41cb77885c3834d3a3d8c9d17f1315b855791d5396c3449b00d36be015216a	38	0.0662020905923344	980	50ca967d50af1135a4e2a4fb11b81d159fbca30523b40a161a1dc3bb754133ec	35b56f27034dae355861a8a9a1f1b18c70c21c0bd0a02ac695880b28de0873c4	ff4dfa26033c06a709e254bb8a3868e1100bbdf8e50fa97a7274b470d35123de	0.8811524238401012	0.880831529594131	533	3	0	23286	24148.5	24510	0.0032019704433494	PASS	574	0.998787675077343	3.563375830792721e-05	0.998823308835651	3.567573763318181e-05	22:39739628	ABF_H3_DOMINANT	PASS	536	0.9987869654456548	3.532539143277398e-05	0.9988222908370876	3.536704352399732e-05	22:39739628	ABF_H3_DOMINANT	PASS	536	0.9987846225616084	3.540499357280011e-05	0.9988200275551812	3.5446819843471864e-05	22:39739628	ABF_H3_DOMINANT	PASS	536	0.9987868339476405	3.545704434201919e-05	0.9988222909919824	3.549885165939273e-05	22:39739628	ABF_H3_DOMINANT	PASS	536	0.9987844907915704	3.5536919133698215e-05	0.998820027710704	3.557890125125829e-05	22:39739628	ABF_H3_DOMINANT	PASS	536	0.9987868276905204	3.5463308837160594e-05	0.9988222909993576	3.550512354072343e-05	22:39739628	ABF_H3_DOMINANT	PASS	H3_DISTINCT_SIGNAL	ABF_H3_DOMINANT	H3_SUPPORTED_STABLE	STABLE_H3	MATCH		536	0.0001848461672609	0.0001854039681893	3	H3	H3	H3	H3	H3	H3	H3	False	False	False	False	False	False	H3 -> H3 -> H3 -> H3
R7B1_006691	56	ATF4	CD4_ET	H3_RESCUE_FALSIFICATION	ABF_H3_DOMINANT	H3_SUPPORTED_STABLE	574	acbf2c764cc0f3baa919c865bc72348288e6a9097462af0a4edf9f22e5540b64	536	ea41cb77885c3834d3a3d8c9d17f1315b855791d5396c3449b00d36be015216a	38	0.0662020905923344	980	e1e0b1dc967f8533650f4b8d7732b1adf1cd6a89e5fb34f0186af5619016aa7e	2f0d33dd764f6925315f7e77f217c74284e14bff5ba3d9b988d6df83d7f2f795	bf03ea1c6ff514f0cf0022afa96a336371562416ca3060a35e1d128f554aa531	0.8147068090422137	0.814327352744926	533	3	0	23286	24148.5	24510	0.0032019704433494	PASS	574	0.8522858491168831	0.0062475480689227	0.8585333971858059	0.0072770006261861	22:39740078	ABF_H3_DOMINANT	PASS	536	0.8467605222015939	0.0064826064025495	0.8532431286041434	0.0075976075109502	22:39740078	ABF_H3_DOMINANT	PASS	536	0.8466963809115109	0.0064877679993734	0.8531841489108843	0.0076041825292409	22:39740078	ABF_H3_DOMINANT	PASS	536	0.8467557558093127	0.0064881979099124	0.8532439537192252	0.0076041533979009	22:39740078	ABF_H3_DOMINANT	PASS	536	0.846691611491407	0.0064933634530249	0.853184974944432	0.0076107334795105	22:39740078	ABF_H3_DOMINANT	PASS	536	0.8467544789884607	0.0064896957625383	0.853244174750999	0.0076059069075182	22:39740078	ABF_H3_DOMINANT	PASS	H3_DISTINCT_SIGNAL	ABF_H3_DOMINANT	H3_SUPPORTED_STABLE	STABLE_H3	MATCH		536	0.005466165633692	0.0064642931572928	3	H3	H3	H3	H3	H3	H3	H3	False	False	False	False	False	False	H3 -> H3 -> H3 -> H3
R7B1_006692	56	ATF4	CD4_NC	H3_RESCUE_FALSIFICATION	ABF_H3_DOMINANT	H3_SUPPORTED_STABLE	574	acbf2c764cc0f3baa919c865bc72348288e6a9097462af0a4edf9f22e5540b64	536	ea41cb77885c3834d3a3d8c9d17f1315b855791d5396c3449b00d36be015216a	38	0.0662020905923344	980	b1feca5a26dd30b2d9102e7379ff72aadf2069ac3bb65075bd1b6c62dc664276	817f773d7e8e8e826670a965d648da9c5378cff0a0e7cb3288d4ae87580c5983	61f5a02b7c3ea607cad04f2c7a013c381b4b8fc921806f3ed22a813adfd4f9c5	0.531789461743873	0.5315825918001664	533	3	0	23286	24148.5	24510	0.0032019704433494	PASS	574	0.9999999999941592	4.397657813973741e-13	0.9999999999945992	4.397657813997492e-13	22:39739628	ABF_H3_DOMINANT	PASS	536	0.9999999999940314	4.504119733698822e-13	0.999999999994482	4.5041197337236763e-13	22:39739628	ABF_H3_DOMINANT	PASS	536	0.9999999999940172	4.5146115273989995e-13	0.9999999999944686	4.51461152742397e-13	22:39739628	ABF_H3_DOMINANT	PASS	536	0.9999999999940314	4.4981833789295794e-13	0.9999999999944812	4.4981833789544034e-13	22:39739628	ABF_H3_DOMINANT	PASS	536	0.9999999999940172	4.508664161509069e-13	0.999999999994468	4.5086641615340107e-13	22:39739628	ABF_H3_DOMINANT	PASS	536	0.9999999999940314	4.497354301235306e-13	0.9999999999944812	4.497354301260126e-13	22:39739628	ABF_H3_DOMINANT	PASS	H3_DISTINCT_SIGNAL	ABF_H3_DOMINANT	H3_SUPPORTED_STABLE	STABLE_H3	MATCH		536	1.16451836339138e-05	1.1649334438954e-05	3	H3	H3	H3	H3	H3	H3	H3	False	False	False	False	False	False	H3 -> H3 -> H3 -> H3
R7B1_006694	56	ATF4	CD8_ET	H3_RESCUE_FALSIFICATION	ABF_H3_DOMINANT	H3_SUPPORTED_STABLE	574	acbf2c764cc0f3baa919c865bc72348288e6a9097462af0a4edf9f22e5540b64	536	ea41cb77885c3834d3a3d8c9d17f1315b855791d5396c3449b00d36be015216a	38	0.0662020905923344	980	464f080af4267267ba8122bcef9666a57ddf4406bb89806dbbf8a890556d1316	968b34985a81173a428c4eb39cd8b24990abd125a86f232de93c6b2ef879d49b	727ba64e37dfaf5c7ca25e6da9d75d287d0ae295f2f5f11ca241a03f57890ec3	0.6957459653904774	0.6954330937096787	533	3	0	23286	24148.5	24510	0.0032019704433494	PASS	574	0.9938830316632868	0.0002357854103025	0.9941188170735892	0.0002371803110986	22:39740078	ABF_H3_DOMINANT	PASS	536	0.9938576873474716	0.0002362733357318	0.9940939606832032	0.0002376770658272	22:39740078	ABF_H3_DOMINANT	PASS	536	0.9938533269773931	0.0002365292723377	0.994089856249731	0.0002379355053778	22:39740078	ABF_H3_DOMINANT	PASS	536	0.9938573348004518	0.0002366279756674	0.9940939627761192	0.0002380338122229	22:39739628	ABF_H3_DOMINANT	PASS	536	0.9938529740913816	0.0002368842547446	0.9940898583461262	0.0002382925977524	22:39739628	ABF_H3_DOMINANT	PASS	536	0.9938572896476152	0.0002366733965585	0.9940939630441736	0.000238079502901	22:39739628	ABF_H3_DOMINANT	PASS	H3_DISTINCT_SIGNAL	ABF_H3_DOMINANT	H3_SUPPORTED_STABLE	STABLE_H3	MATCH		536	0.0004451646145171	0.0004480460463368	3	H3	H3	H3	H3	H3	H3	H3	False	False	False	False	False	False	H3 -> H3 -> H3 -> H3
R7B1_006695	56	ATF4	CD8_NC	H3_RESCUE_FALSIFICATION	ABF_H3_DOMINANT	H3_SUPPORTED_STABLE	574	acbf2c764cc0f3baa919c865bc72348288e6a9097462af0a4edf9f22e5540b64	536	ea41cb77885c3834d3a3d8c9d17f1315b855791d5396c3449b00d36be015216a	38	0.0662020905923344	980	1fb54fab289668d108d8eab146a20273f688341a3058d6300525c5b0a4bda1f5	cc782c57eee2f15a4aebd646b73660bec46e867ed475b2ed88737fb5227c4425	55cd67de741e76001033376b9f379a20c9e07f1620ad8f4a70fdf24ae3ee5cae	0.7344669107877942	0.7341569849624755	533	3	0	23286	24148.5	24510	0.0032019704433494	PASS	574	0.9685124854801634	0.0020496208971302	0.9705621063772936	0.0021117874720873	22:39739628	ABF_H3_DOMINANT	PASS	536	0.9673449996110536	0.0021276018824199	0.9694726014934736	0.002194597226515	22:39739628	ABF_H3_DOMINANT	PASS	536	0.9673287028855628	0.0021293109031776	0.9694580137887404	0.0021963931112973	22:39739628	ABF_H3_DOMINANT	PASS	536	0.9673501524766508	0.0021222865711889	0.96947243904784	0.0021891149100363	22:39739628	ABF_H3_DOMINANT	PASS	536	0.9673338594795728	0.0021239916655742	0.9694578511451468	0.0021909066630027	22:39739628	ABF_H3_DOMINANT	PASS	536	0.9673510572160554	0.0021213533095992	0.9694724105256548	0.0021881523254994	22:39739628	ABF_H3_DOMINANT	PASS	H3_DISTINCT_SIGNAL	ABF_H3_DOMINANT	H3_SUPPORTED_STABLE	STABLE_H3	MATCH		536	0.0021959142052069	0.0022704897923815	3	H3	H3	H3	H3	H3	H3	H3	False	False	False	False	False	False	H3 -> H3 -> H3 -> H3
R7B1_006792	56	MGAT3	B_IN	H3_RESCUE_FALSIFICATION	ABF_H3_DOMINANT	H3_SUPPORTED_STABLE	574	acbf2c764cc0f3baa919c865bc72348288e6a9097462af0a4edf9f22e5540b64	536	ea41cb77885c3834d3a3d8c9d17f1315b855791d5396c3449b00d36be015216a	38	0.0662020905923344	975	cbbf3888db697d353e6dd1b0ad0c25e9793941d980d41ceddbf984e29d82cb18	a1c5464b76b42c147e13e44b45895b5d13e19ebddf0957613ac5b61f82b90323	9a76b0f0c074493fdcb563fab1a3b65e5e529762a661907d92b3c6cb16388e60	1.0008094002611678	1.000346829723413	533	3	0	23286	24148.5	24510	0.0032019704433494	PASS	574	0.9637780465064592	0.0011029974782866	0.9648810439847458	0.0011431434840211	22:39740078	ABF_H3_DOMINANT	PASS	536	0.9637793218428776	0.0010966315260311	0.9648759533689087	0.0011365518253431	22:39740078	ABF_H3_DOMINANT	PASS	536	0.9637522017156128	0.0010978965628222	0.9648500982784348	0.0011378934041476	22:39740078	ABF_H3_DOMINANT	PASS	536	0.9637759777477126	0.0011000973672071	0.9648760751149198	0.0011401436884794	22:39740078	ABF_H3_DOMINANT	PASS	536	0.9637488546748916	0.0011013655499166	0.9648502202248084	0.0011414886236539	22:39740078	ABF_H3_DOMINANT	PASS	536	0.9637758641883464	0.001100215060841	0.9648760792491876	0.0011402656615729	22:39740078	ABF_H3_DOMINANT	PASS	H3_DISTINCT_SIGNAL	ABF_H3_DOMINANT	H3_SUPPORTED_STABLE	STABLE_H3	MATCH		536	0.0065618300627119	0.0067567058001774	3	H3	H3	H3	H3	H3	H3	H3	False	False	False	False	False	False	H3 -> H3 -> H3 -> H3
R7B1_006841	56	RPL3	B_IN	PRIMARY_184_TRIGGER_VERIFICATION	ABF_H4_DOMINANT	H4_SUPPORTED_STABLE	574	acbf2c764cc0f3baa919c865bc72348288e6a9097462af0a4edf9f22e5540b64	536	ea41cb77885c3834d3a3d8c9d17f1315b855791d5396c3449b00d36be015216a	38	0.0662020905923344	975	8fba709eb837ed4b702867e142397ae83591890393f18d1050b5ff820604b26a	a1c5464b76b42c147e13e44b45895b5d13e19ebddf0957613ac5b61f82b90323	9a76b0f0c074493fdcb563fab1a3b65e5e529762a661907d92b3c6cb16388e60	0.8748110126306239	0.8744438895485535	533	3	0	23286	24148.5	24510	0.0032019704433494	PASS	574	0.0030995654087325	0.9968908226233684	0.9999903880321008	0.996900404798058	22:39740078	ABF_H4_DOMINANT	PASS	536	0.0030905592267971	0.9968998497537808	0.9999904089805778	0.996909411131305	22:39740078	ABF_H4_DOMINANT	PASS	536	0.0030905527043124	0.9968998500938688	0.9999904027981812	0.9969094176347448	22:39740078	ABF_H4_DOMINANT	PASS	536	0.0030613396927354	0.996929137781298	0.9999904774740334	0.9969386311553002	22:39742406	ABF_H4_DOMINANT	PASS	536	0.0030613357853785	0.9969291355443938	0.9999904713297724	0.9969386350438842	22:39742406	ABF_H4_DOMINANT	PASS	536	0.0030548863082919	0.9969356062931082	0.9999904926014002	0.99694508464741	22:39742406	ABF_H4_DOMINANT	PASS	ROBUST_H4_TRIGGER	ABF_H4_DOMINANT	H4_SUPPORTED_STABLE	STABLE_H4	MATCH		536	0.996806445790874	0.996817938997823	3	H4	H4	H4	H4	H4	H4	H4	False	False	False	False	False	False	H4 -> H4 -> H4 -> H4
R7B1_006842	56	RPL3	B_MEM	PRIMARY_184_TRIGGER_VERIFICATION	ABF_H4_DOMINANT	H4_SUPPORTED_STABLE	574	acbf2c764cc0f3baa919c865bc72348288e6a9097462af0a4edf9f22e5540b64	536	ea41cb77885c3834d3a3d8c9d17f1315b855791d5396c3449b00d36be015216a	38	0.0662020905923344	970	83667790f41ca1bbf94142551fe2acf7c3d05f0291ba885105dbba6c8eaecce6	ca0450054dcd73f4343dbfb809082f3308d8a40a86b3d975078f01f1c96c63a3	02f26a34c908a03e3b75aa1acd1bc528c5eed37551cff466a7ccaf2cdc34e7e3	0.8269128026740484	0.8264889212957518	533	3	0	23286	24148.5	24510	0.0032019704433494	PASS	574	0.0030128602487569	0.9965194655290732	0.9995323257778302	0.9969857300548912	22:39740078	ABF_H4_DOMINANT	PASS	536	0.0030018802482032	0.9965314633306188	0.9995333435788222	0.996996718251084	22:39740078	ABF_H4_DOMINANT	PASS	536	0.0030018975906964	0.9965312256353266	0.9995331232260232	0.9969967002383996	22:39740078	ABF_H4_DOMINANT	PASS	536	0.0030168019660177	0.996514802036985	0.9995316040030028	0.9969817843138368	22:39740078	ABF_H4_DOMINANT	PASS	536	0.0030168187926197	0.9965145641038692	0.9995313828964888	0.9969817668116858	22:39740078	ABF_H4_DOMINANT	PASS	536	0.0030188097080052	0.9965125602321748	0.9995313699401802	0.9969797749237366	22:39740078	ABF_H4_DOMINANT	PASS	ROBUST_H4_TRIGGER	ABF_H4_DOMINANT	H4_SUPPORTED_STABLE	STABLE_H4	MATCH		536	0.996504477304841	0.99702689284061	3	H4	H4	H4	H4	H4	H4	H4	False	False	False	False	False	False	H4 -> H4 -> H4 -> H4
R7B1_006843	56	RPL3	CD4_ET	PRIMARY_184_TRIGGER_VERIFICATION	ABF_H4_DOMINANT	H4_SUPPORTED_STABLE	574	acbf2c764cc0f3baa919c865bc72348288e6a9097462af0a4edf9f22e5540b64	536	ea41cb77885c3834d3a3d8c9d17f1315b855791d5396c3449b00d36be015216a	38	0.0662020905923344	980	cfe98711d48a24746f445766370448d41c1bb2e41ee79140445b42c9b4d33604	2f0d33dd764f6925315f7e77f217c74284e14bff5ba3d9b988d6df83d7f2f795	bf03ea1c6ff514f0cf0022afa96a336371562416ca3060a35e1d128f554aa531	0.7213465904980308	0.7210230270779439	533	3	0	23286	24148.5	24510	0.0032019704433494	PASS	574	0.0050046725012964	0.9943108999993154	0.999315572500612	0.9949918998172188	22:39740078	ABF_H4_DOMINANT	PASS	536	0.0048426727502126	0.9944742853163911	0.9993169580666038	0.995154017240354	22:39740078	ABF_H4_DOMINANT	PASS	536	0.0048415575347845	0.994475141177896	0.9993166987126808	0.9951551319606472	22:39740078	ABF_H4_DOMINANT	PASS	536	0.004835101974731	0.9944827410073108	0.9993178429820418	0.9951615974750307	22:39740078	ABF_H4_DOMINANT	PASS	536	0.0048339895443453	0.994483594263036	0.9993175838073812	0.9951627094102278	22:39740078	ABF_H4_DOMINANT	PASS	536	0.0048323912870547	0.9944857685356346	0.9993181598226896	0.9951643115462724	22:39740078	ABF_H4_DOMINANT	PASS	ROBUST_H4_TRIGGER	ABF_H4_DOMINANT	H4_SUPPORTED_STABLE	STABLE_H4	MATCH		536	0.979988448598001	0.980336628193198	6	H4	H4	H4	H4	H4	H4	H4	False	False	False	False	False	False	H4 -> H4 -> H4 -> H4
R7B1_006844	56	RPL3	CD4_NC	PRIMARY_184_TRIGGER_VERIFICATION	ABF_H4_DOMINANT	H4_SUPPORTED_STABLE	574	acbf2c764cc0f3baa919c865bc72348288e6a9097462af0a4edf9f22e5540b64	536	ea41cb77885c3834d3a3d8c9d17f1315b855791d5396c3449b00d36be015216a	38	0.0662020905923344	980	c61bbf97c86b1f1d2c18bce2624cf8467690e53989987afd1a8b38551ee77670	817f773d7e8e8e826670a965d648da9c5378cff0a0e7cb3288d4ae87580c5983	61f5a02b7c3ea607cad04f2c7a013c381b4b8fc921806f3ed22a813adfd4f9c5	0.5892702939804755	0.5889975413082833	533	3	0	23286	24148.5	24510	0.0032019704433494	PASS	574	0.0029847866892909	0.9970151874404964	0.9999999741297874	0.997015213233492	22:39740078	ABF_H4_DOMINANT	PASS	536	0.0029759430687937	0.9970240311173768	0.9999999741861706	0.997024056854386	22:39740078	ABF_H4_DOMINANT	PASS	536	0.0029759405333839	0.9970240336235052	0.9999999741568892	0.9970240593897084	22:39740078	ABF_H4_DOMINANT	PASS	536	0.0029893624451805	0.9970106116538872	0.9999999740990678	0.9970106374773922	22:39740078	ABF_H4_DOMINANT	PASS	536	0.0029893598974145	0.9970106141722732	0.9999999740696875	0.9970106400250704	22:39740078	ABF_H4_DOMINANT	PASS	536	0.0029912663739104	0.9970087077128011	0.9999999740867116	0.997008733548576	22:39740078	ABF_H4_DOMINANT	PASS	ROBUST_H4_TRIGGER	ABF_H4_DOMINANT	H4_SUPPORTED_STABLE	STABLE_H4	MATCH		536	0.997057547805657	0.997057756985094	3	H4	H4	H4	H4	H4	H4	H4	False	False	False	False	False	False	H4 -> H4 -> H4 -> H4
R7B1_006846	56	RPL3	CD8_ET	PRIMARY_184_TRIGGER_VERIFICATION	ABF_H4_DOMINANT	H4_SUPPORTED_STABLE	574	acbf2c764cc0f3baa919c865bc72348288e6a9097462af0a4edf9f22e5540b64	536	ea41cb77885c3834d3a3d8c9d17f1315b855791d5396c3449b00d36be015216a	38	0.0662020905923344	980	eeb378741baf7f6e790bdea323f9e39c7925bbb2d0a2ac8130e075f77ab66c6d	968b34985a81173a428c4eb39cd8b24990abd125a86f232de93c6b2ef879d49b	727ba64e37dfaf5c7ca25e6da9d75d287d0ae295f2f5f11ca241a03f57890ec3	0.8829350746016251	0.8824091646734901	533	3	0	23286	24148.5	24510	0.0032019704433494	PASS	574	0.0195468692856815	0.9804524736605028	0.9999993429461844	0.980453117870965	22:39739628	ABF_H4_DOMINANT	PASS	536	0.0195027072103257	0.9804966371442658	0.9999993443545916	0.9804972800028054	22:39739628	ABF_H4_DOMINANT	PASS	536	0.0195040783368408	0.9804952652596044	0.9999993435964454	0.9804959088606044	22:39739628	ABF_H4_DOMINANT	PASS	536	0.0195495989451206	0.9804497439100182	0.9999993428551388	0.9804503882079524	22:39739628	ABF_H4_DOMINANT	PASS	536	0.0195509738274395	0.9804483682677996	0.9999993420952392	0.9804490133098732	22:39739628	ABF_H4_DOMINANT	PASS	536	0.0195563257189984	0.9804430169210334	0.999999342640032	0.9804436614254476	22:39739628	ABF_H4_DOMINANT	PASS	ROBUST_H4_TRIGGER	ABF_H4_DOMINANT	H4_SUPPORTED_STABLE	STABLE_H4	MATCH		536	0.99697542975574	0.996976033424479	6	H4	H4	H4	H4	H4	H4	H4	False	False	False	False	False	False	H4 -> H4 -> H4 -> H4
R7B1_006847	56	RPL3	CD8_NC	PRIMARY_184_TRIGGER_VERIFICATION	ABF_H4_DOMINANT	H4_SUPPORTED_STABLE	574	acbf2c764cc0f3baa919c865bc72348288e6a9097462af0a4edf9f22e5540b64	536	ea41cb77885c3834d3a3d8c9d17f1315b855791d5396c3449b00d36be015216a	38	0.0662020905923344	980	db3ca002dd82d35b176984b4de48d459836efc88dbae51a58fd5f8618337f759	cc782c57eee2f15a4aebd646b73660bec46e867ed475b2ed88737fb5227c4425	55cd67de741e76001033376b9f379a20c9e07f1620ad8f4a70fdf24ae3ee5cae	0.6146782241996943	0.6143895629427394	533	3	0	23286	24148.5	24510	0.0032019704433494	PASS	574	0.0029599207610384	0.9970395793767678	0.9999995001378064	0.9970400777594084	22:39739628	ABF_H4_DOMINANT	PASS	536	0.0029512213293798	0.9970482798980036	0.9999995012273836	0.997048777198631	22:39739628	ABF_H4_DOMINANT	PASS	536	0.0029512239256505	0.9970482768387804	0.999999500764431	0.9970487746009928	22:39739628	ABF_H4_DOMINANT	PASS	536	0.0029717110888334	0.9970277875527356	0.9999994986415688	0.9970282874212734	22:39739628	ABF_H4_DOMINANT	PASS	536	0.0029717129963738	0.9970277851799242	0.999999498176298	0.9970282855123492	22:39739628	ABF_H4_DOMINANT	PASS	536	0.0029751653202678	0.9970243328853712	0.999999498205639	0.9970248331868105	22:39739628	ABF_H4_DOMINANT	PASS	ROBUST_H4_TRIGGER	ABF_H4_DOMINANT	H4_SUPPORTED_STABLE	STABLE_H4	MATCH		536	0.997093292705899	0.997094342331959	3	H4	H4	H4	H4	H4	H4	H4	False	False	False	False	False	False	H4 -> H4 -> H4 -> H4
R7B1_006848	56	RPL3	CD8_S100B	PRIMARY_184_TRIGGER_VERIFICATION	ABF_H4_DOMINANT	H4_SUPPORTED_STABLE	574	acbf2c764cc0f3baa919c865bc72348288e6a9097462af0a4edf9f22e5540b64	536	ea41cb77885c3834d3a3d8c9d17f1315b855791d5396c3449b00d36be015216a	38	0.0662020905923344	959	dc15286d4660836ce5e187b3ef0b76d5f170299011c1f8820a9b422337003284	b1acd0103d42fa7a80ee3fb30af703fb8b5c2dca17f39e5b4ebd2ad2afd04a81	23f425f31d00b798b2a2f4fefc78fabf2d950d438f8444bc78a7f0e201b2e170	0.8177516745068416	0.8173731028425161	533	3	0	23286	24148.5	24510	0.0032019704433494	PASS	574	0.0029055039621542	0.9970926489372888	0.9999981528994428	0.9970944906710778	22:39739628	ABF_H4_DOMINANT	PASS	536	0.002896967740983	0.9971011891849724	0.9999981569259556	0.9971030269196812	22:39739628	ABF_H4_DOMINANT	PASS	536	0.0028969733489458	0.99710118204131	0.9999981553902558	0.997103021307259	22:39739628	ABF_H4_DOMINANT	PASS	536	0.002934329445708	0.9970638098145348	0.9999981392602428	0.9970656650942584	22:39739628	ABF_H4_DOMINANT	PASS	536	0.002934333224951	0.9970638044857592	0.9999981377107104	0.9970656613104614	22:39739628	ABF_H4_DOMINANT	PASS	536	0.0029413121355995	0.9970568238230252	0.9999981359586247	0.9970586823816628	22:39739628	ABF_H4_DOMINANT	PASS	ROBUST_H4_TRIGGER	ABF_H4_DOMINANT	H4_SUPPORTED_STABLE	STABLE_H4	MATCH		536	0.997185900758424	0.997188359115729	3	H4	H4	H4	H4	H4	H4	H4	False	False	False	False	False	False	H4 -> H4 -> H4 -> H4
R7B1_006852	56	RPL3	NK	H3_RESCUE_FALSIFICATION	ABF_H3_DOMINANT	H4_SUPPORTED_STABLE	574	acbf2c764cc0f3baa919c865bc72348288e6a9097462af0a4edf9f22e5540b64	536	ea41cb77885c3834d3a3d8c9d17f1315b855791d5396c3449b00d36be015216a	38	0.0662020905923344	980	d8d7c3712ecfe1498fbeecc4627a82b73d49c13236b633451531d10d0362aeda	35b56f27034dae355861a8a9a1f1b18c70c21c0bd0a02ac695880b28de0873c4	ff4dfa26033c06a709e254bb8a3868e1100bbdf8e50fa97a7274b470d35123de	0.8250311303092023	0.8245959341514378	533	3	0	23286	24148.5	24510	0.0032019704433494	PASS	574	0.9852318136369986	0.0144870946237921	0.9997189082607908	0.0144911679714004	22:39739628	ABF_H3_DOMINANT	PASS	536	0.9852002154044914	0.014518691619075	0.9997189070235664	0.0145227738688078	22:39739628	ABF_H3_DOMINANT	PASS	536	0.9851910740157976	0.0145276136139606	0.999718687629758	0.0145317015613705	22:39739628	ABF_H3_DOMINANT	PASS	536	0.9852593943598856	0.0144594957961424	0.999718890156028	0.0144635616456999	22:39739628	ABF_H3_DOMINANT	PASS	536	0.985250285639622	0.0144683850999575	0.9997186707395797	0.0144724566254764	22:39739628	ABF_H3_DOMINANT	PASS	536	0.9852699355497552	0.0144489516017557	0.9997188871515108	0.0144530145298394	22:39739628	ABF_H3_DOMINANT	PASS	H3_DISTINCT_SIGNAL	ABF_H3_DOMINANT	H4_SUPPORTED_STABLE	H3_TO_H4	MATCH		536	0.979013137886756	0.979325546306448	6	H3	H3	H3	H3	H3	H3	H4	False	False	True	False	False	False	H3 -> H3 -> H3 -> H4
R7B1_006897	56	SYNGR1	B_IN	PRIMARY_184_TRIGGER_VERIFICATION	ABF_AMBIGUOUS	H3_SUPPORTED_STABLE	574	acbf2c764cc0f3baa919c865bc72348288e6a9097462af0a4edf9f22e5540b64	536	ea41cb77885c3834d3a3d8c9d17f1315b855791d5396c3449b00d36be015216a	38	0.0662020905923344	975	e818b89e496b7f6e57e36014ebcee5d256304a51ae72dcdf308fe3e9ea84db68	a1c5464b76b42c147e13e44b45895b5d13e19ebddf0957613ac5b61f82b90323	9a76b0f0c074493fdcb563fab1a3b65e5e529762a661907d92b3c6cb16388e60	0.9482643679763876	0.9479265233295674	533	3	0	23286	24148.5	24510	0.0032019704433494	PASS	574	0.6694273721954653	0.3304284640639219	0.9998558362593872	0.3304761067356521	22:39731680	ABF_AMBIGUOUS	PASS	536	0.6708144616356145	0.3288371748627984	0.9996516364984128	0.328951769653128	22:39739628	ABF_AMBIGUOUS	PASS	536	0.6706357707534445	0.3290155588502943	0.9996513296037388	0.3291303168482913	22:39739628	ABF_AMBIGUOUS	PASS	536	0.66545689764783	0.3341975169643	0.99965441461213	0.3343130506695856	22:39739628	ABF_AMBIGUOUS	PASS	536	0.6652842304704497	0.3343698773070702	0.9996541077775198	0.3344855732653945	22:39739628	ABF_AMBIGUOUS	PASS	536	0.6658714766582673	0.3337827229778695	0.9996541996361368	0.3338981850917675	22:39739628	ABF_AMBIGUOUS	PASS	H3_H4_AMBIGUITY_TRIGGER	ABF_AMBIGUOUS	H3_SUPPORTED_STABLE	AMBIGUITY_TO_H3	MATCH		536	0.196023957160365	0.19607217964318	3	AMBIGUOUS	AMBIGUOUS	AMBIGUOUS	AMBIGUOUS	AMBIGUOUS	AMBIGUOUS	H3	False	False	True	False	False	False	AMBIGUOUS -> AMBIGUOUS -> AMBIGUOUS -> H3
R7B1_006898	56	SYNGR1	B_MEM	H3_RESCUE_FALSIFICATION	ABF_H3_DOMINANT	H3_SUPPORTED_STABLE	574	acbf2c764cc0f3baa919c865bc72348288e6a9097462af0a4edf9f22e5540b64	536	ea41cb77885c3834d3a3d8c9d17f1315b855791d5396c3449b00d36be015216a	38	0.0662020905923344	970	096890e54bc362d04c1305f6a64ee0e1e46191fecdcf33b04296f4746fd956cf	ca0450054dcd73f4343dbfb809082f3308d8a40a86b3d975078f01f1c96c63a3	02f26a34c908a03e3b75aa1acd1bc528c5eed37551cff466a7ccaf2cdc34e7e3	0.9899330521569418	0.9895665314624996	533	3	0	23286	24148.5	24510	0.0032019704433494	PASS	574	0.9027031826722758	0.0972968173277258	1.0000000000000018	0.0972968173277257	22:39724558	ABF_H3_DOMINANT	PASS	536	0.902632668295539	0.0973673317044529	0.999999999999992	0.0973673317044537	22:39724558	ABF_H3_DOMINANT	PASS	536	0.902633339436845	0.0973666605631542	0.9999999999999992	0.0973666605631543	22:39724558	ABF_H3_DOMINANT	PASS	536	0.8316907268219293	0.1683092731780649	0.9999999999999942	0.1683092731780659	22:39724558	ABF_H3_DOMINANT	PASS	536	0.8316921164751321	0.1683078835248585	0.9999999999999906	0.1683078835248601	22:39724558	ABF_H3_DOMINANT	PASS	536	0.829296809360651	0.1707031906393464	0.9999999999999974	0.1707031906393468	22:39724558	ABF_H3_DOMINANT	PASS	H3_DISTINCT_SIGNAL	ABF_H3_DOMINANT	H3_SUPPORTED_STABLE	STABLE_H3	MATCH		536	4.0853857044551e-05	4.08684185530204e-05	3	H3	H3	H3	H3	H3	H3	H3	False	False	False	False	False	False	H3 -> H3 -> H3 -> H3
R7B1_006901	56	SYNGR1	CD8_ET	H3_RESCUE_FALSIFICATION	ABF_H3_DOMINANT	H3_SUPPORTED_STABLE	574	acbf2c764cc0f3baa919c865bc72348288e6a9097462af0a4edf9f22e5540b64	536	ea41cb77885c3834d3a3d8c9d17f1315b855791d5396c3449b00d36be015216a	38	0.0662020905923344	980	5247d0654385c34f9dc72ec33488a60047e1b0ae4dc9f5d9f9fa67c3d8733ba5	968b34985a81173a428c4eb39cd8b24990abd125a86f232de93c6b2ef879d49b	727ba64e37dfaf5c7ca25e6da9d75d287d0ae295f2f5f11ca241a03f57890ec3	0.8867940847715591	0.8867267007142463	533	3	0	23286	24148.5	24510	0.0032019704433494	PASS	574	0.893355671478462	0.1066443285215382	1.0000000000000002	0.1066443285215382	22:39724558	ABF_H3_DOMINANT	PASS	536	0.8931467499028624	0.1068532500971252	0.9999999999999876	0.1068532500971265	22:39724558	ABF_H3_DOMINANT	PASS	536	0.8931470989000385	0.1068529010999572	0.9999999999999958	0.1068529010999577	22:39724558	ABF_H3_DOMINANT	PASS	536	0.8129885767738241	0.1870114232261694	0.9999999999999934	0.1870114232261706	22:39724558	ABF_H3_DOMINANT	PASS	536	0.812989336652614	0.1870106633473869	1.0000000000000009	0.1870106633473867	22:39724558	ABF_H3_DOMINANT	PASS	536	0.8103625156956668	0.1896374843043426	1.000000000000009	0.1896374843043409	22:39724558	ABF_H3_DOMINANT	PASS	H3_DISTINCT_SIGNAL	ABF_H3_DOMINANT	H3_SUPPORTED_STABLE	STABLE_H3	MATCH		536	4.12607401838439e-05	4.12754467113739e-05	6	H3	H3	H3	H3	H3	H3	H3	False	False	False	False	False	False	H3 -> H3 -> H3 -> H3
R7B1_006902	56	SYNGR1	CD8_NC	H3_RESCUE_FALSIFICATION	ABF_H3_DOMINANT	H3_SUPPORTED_STABLE	574	acbf2c764cc0f3baa919c865bc72348288e6a9097462af0a4edf9f22e5540b64	536	ea41cb77885c3834d3a3d8c9d17f1315b855791d5396c3449b00d36be015216a	38	0.0662020905923344	980	5c5e671260615d1c65e8201b4400fe1460ce7b460cd4385acb5b3f28f23a0540	cc782c57eee2f15a4aebd646b73660bec46e867ed475b2ed88737fb5227c4425	55cd67de741e76001033376b9f379a20c9e07f1620ad8f4a70fdf24ae3ee5cae	0.9476355129227412	0.9472998941787651	533	3	0	23286	24148.5	24510	0.0032019704433494	PASS	574	0.8706700797457242	0.1293299202454466	0.9999999999911708	0.1293299202465885	22:39724558	ABF_H3_DOMINANT	PASS	536	0.8841769961165955	0.1158230038740916	0.9999999999906872	0.1158230038751703	22:39724558	ABF_H3_DOMINANT	PASS	536	0.8841488334732311	0.1158511665174326	0.9999999999906636	0.1158511665185142	22:39724558	ABF_H3_DOMINANT	PASS	536	0.8180040005085768	0.1819959994828134	0.9999999999913902	0.1819959994843803	22:39724558	ABF_H3_DOMINANT	PASS	536	0.8179807201557346	0.1820192798356285	0.9999999999913632	0.1820192798372006	22:39724558	ABF_H3_DOMINANT	PASS	536	0.8157504452588624	0.1842495547325455	0.999999999991408	0.1842495547341286	22:39724558	ABF_H3_DOMINANT	PASS	H3_DISTINCT_SIGNAL	ABF_H3_DOMINANT	H3_SUPPORTED_STABLE	STABLE_H3	MATCH		536	4.08876684429036e-05	4.09022420022512e-05	6	H3	H3	H3	H3	H3	H3	H3	False	False	False	False	False	False	H3 -> H3 -> H3 -> H3
R7B1_006903	56	SYNGR1	CD8_S100B	H3_RESCUE_FALSIFICATION	ABF_H3_DOMINANT	H3_SUPPORTED_STABLE	574	acbf2c764cc0f3baa919c865bc72348288e6a9097462af0a4edf9f22e5540b64	536	ea41cb77885c3834d3a3d8c9d17f1315b855791d5396c3449b00d36be015216a	38	0.0662020905923344	959	309bb0bf78f2b86da1c69bac90dbf307d012bba62c429a48b6600f74a3d4a13e	b1acd0103d42fa7a80ee3fb30af703fb8b5c2dca17f39e5b4ebd2ad2afd04a81	23f425f31d00b798b2a2f4fefc78fabf2d950d438f8444bc78a7f0e201b2e170	0.9600910586147164	0.9597280932949912	533	3	0	23286	24148.5	24510	0.0032019704433494	PASS	574	0.9224333609368688	0.0775666390616708	0.9999999999985396	0.0775666390617841	22:39708357	ABF_H3_DOMINANT	PASS	536	0.9222841022916326	0.0777158977069065	0.9999999999985392	0.07771589770702	22:39708357	ABF_H3_DOMINANT	PASS	536	0.9222821364816024	0.0777178635169344	0.9999999999985368	0.0777178635170481	22:39708357	ABF_H3_DOMINANT	PASS	536	0.8474373405644402	0.152562659434221	0.9999999999986612	0.1525626594344252	22:39708357	ABF_H3_DOMINANT	PASS	536	0.8474367830012849	0.1525632169973747	0.9999999999986596	0.1525632169975792	22:39708357	ABF_H3_DOMINANT	PASS	536	0.8452373686614013	0.1547626313372596	0.999999999998661	0.1547626313374668	22:39708357	ABF_H3_DOMINANT	PASS	H3_DISTINCT_SIGNAL	ABF_H3_DOMINANT	H3_SUPPORTED_STABLE	STABLE_H3	MATCH		536	4.33393880128484e-05	4.33548353988146e-05	6	H3	H3	H3	H3	H3	H3	H3	False	False	False	False	False	False	H3 -> H3 -> H3 -> H3
R7B1_006904	56	SYNGR1	DC	PRIMARY_184_TRIGGER_VERIFICATION	ABF_AMBIGUOUS	H3_SUPPORTED_STABLE	574	acbf2c764cc0f3baa919c865bc72348288e6a9097462af0a4edf9f22e5540b64	536	ea41cb77885c3834d3a3d8c9d17f1315b855791d5396c3449b00d36be015216a	38	0.0662020905923344	726	1cf055847c49c633ce46c1dba937226d836ef39460e935e7c3b4f0c62486ab7c	9b0bb17ae785eb234c14bdb1fbcace18da3d71c2f44be4f809bbdff0955a7789	44514530022f4228a0fb0e645e846ad0f3e08c9eace568e4e2cc2e0438e00909	0.977027240834378	0.9763819095236548	533	3	0	23286	24148.5	24510	0.0032019704433494	PASS	574	0.6759425699196976	0.3222837506936228	0.9982263206133204	0.3228563944252726	22:39740078	ABF_AMBIGUOUS	PASS	536	0.6722546126898672	0.3257504480605128	0.99800506075038	0.3264015994223391	22:39740078	ABF_AMBIGUOUS	PASS	536	0.6719548268855927	0.3260466903388333	0.998001517224426	0.3266995938499294	22:39740078	ABF_AMBIGUOUS	PASS	536	0.6412609249404363	0.3568359739215366	0.998096898861973	0.3575163637201958	22:39740078	ABF_AMBIGUOUS	PASS	536	0.6409893905830824	0.3571040849668775	0.99809347554996	0.3577862131300973	22:39740078	ABF_AMBIGUOUS	PASS	536	0.6402026089979075	0.3578974257844703	0.998100034782378	0.3585787128666968	22:39740078	ABF_AMBIGUOUS	PASS	H3_H4_AMBIGUITY_TRIGGER	ABF_AMBIGUOUS	H3_SUPPORTED_STABLE	AMBIGUITY_TO_H3	MATCH		536	0.0065179603021371	0.0065208393507261	3	AMBIGUOUS	AMBIGUOUS	AMBIGUOUS	AMBIGUOUS	AMBIGUOUS	AMBIGUOUS	H3	False	False	True	False	False	False	AMBIGUOUS -> AMBIGUOUS -> AMBIGUOUS -> H3
R7B1_006907	56	SYNGR1	NK	H3_RESCUE_FALSIFICATION	ABF_H3_DOMINANT	H4_SUPPORTED_STABLE	574	acbf2c764cc0f3baa919c865bc72348288e6a9097462af0a4edf9f22e5540b64	536	ea41cb77885c3834d3a3d8c9d17f1315b855791d5396c3449b00d36be015216a	38	0.0662020905923344	980	07ae7fa99bc1633b69c9f3a112118da897e4f2a666dea6fe784e0451c89d3207	35b56f27034dae355861a8a9a1f1b18c70c21c0bd0a02ac695880b28de0873c4	ff4dfa26033c06a709e254bb8a3868e1100bbdf8e50fa97a7274b470d35123de	0.928042874840276	0.9280871364014096	533	3	0	23286	24148.5	24510	0.0032019704433494	PASS	574	0.8828975987026363	0.117102401297374	1.0000000000000102	0.1171024012973728	22:39724558	ABF_H3_DOMINANT	PASS	536	0.8826708664299678	0.1173291335700323	1.0000000000000002	0.1173291335700323	22:39724558	ABF_H3_DOMINANT	PASS	536	0.8826705643645485	0.1173294356354395	0.999999999999988	0.1173294356354409	22:39724558	ABF_H3_DOMINANT	PASS	536	0.7948370730577592	0.2051629269422342	0.9999999999999934	0.2051629269422356	22:39724558	ABF_AMBIGUOUS	PASS	536	0.7948364188848029	0.2051635811152094	1.0000000000000124	0.2051635811152068	22:39724558	ABF_AMBIGUOUS	PASS	536	0.7919997603404727	0.2080002396595262	0.999999999999999	0.2080002396595264	22:39724558	ABF_AMBIGUOUS	PASS	H3_DISTINCT_SIGNAL	ABF_H3_DOMINANT	H4_SUPPORTED_STABLE	H3_TO_H4	MATCH		536	0.997024638797552	0.997122303013952	9	H3	H3	H3	AMBIGUOUS	AMBIGUOUS	AMBIGUOUS	H4	False	True	True	False	False	False	H3 -> H3 -> AMBIGUOUS -> H4
R7B1_006908	56	SYNGR1	NK_R	PRIMARY_184_TRIGGER_VERIFICATION	ABF_AMBIGUOUS	H3_SUPPORTED_STABLE	574	acbf2c764cc0f3baa919c865bc72348288e6a9097462af0a4edf9f22e5540b64	536	ea41cb77885c3834d3a3d8c9d17f1315b855791d5396c3449b00d36be015216a	38	0.0662020905923344	750	ec4a966f0ecf3a6ba523c3aab7948d651edc4779f68cbefbad8d6862bffe2422	f9ca3bc2811fb955e654133104a419f33e85a2b90f17cd92ff27679c38bedc2d	109ea14721d8a959eea428af9212d878b3c746d30d582fe0538fd7290e45d617	0.97184786555226	0.9716282179561616	533	3	0	23286	24148.5	24510	0.0032019704433494	PASS	574	0.4489069790453341	0.5510873397048178	0.999994318750152	0.5510904705874701	22:39740078	ABF_AMBIGUOUS	PASS	536	0.3758771289784693	0.6241155769375913	0.9999927059160608	0.6241201293222028	22:39740078	ABF_AMBIGUOUS	PASS	536	0.375726389056276	0.62426631149738	0.999992700553656	0.6242708683290875	22:39740078	ABF_AMBIGUOUS	PASS	536	0.3698604813815964	0.6301323409804153	0.9999928223620116	0.6301368638747074	22:39740078	ABF_AMBIGUOUS	PASS	536	0.3697130998322274	0.6302797172345457	0.9999928170667732	0.6302842445241881	22:39740078	ABF_AMBIGUOUS	PASS	536	0.369219071108922	0.6307737636669215	0.9999928347758436	0.6307782833347146	22:39740078	ABF_AMBIGUOUS	PASS	H3_H4_AMBIGUITY_TRIGGER	ABF_AMBIGUOUS	H3_SUPPORTED_STABLE	AMBIGUITY_TO_H3	MATCH		536	0.001962599142453	0.0019626014129502	3	AMBIGUOUS	AMBIGUOUS	AMBIGUOUS	AMBIGUOUS	AMBIGUOUS	AMBIGUOUS	H3	False	False	True	False	False	False	AMBIGUOUS -> AMBIGUOUS -> AMBIGUOUS -> H3
